Order_ID,Order_Date,Category,City,Price,Quantity,Revenue
1,2025-12-28,Clothing,Delhi,1925,6,11550
2,2025-03-30,Sports,Bangalore,4956,2,9912
3,2025-11-18,Clothing,Bangalore,2852,6,17112
4,2026-04-25,Sports,Hyderabad,4696,9,42264
5,2026-05-10,Electronics,Bangalore,2063,1,2063
6,2025-03-12,Furniture,Hyderabad,4837,3,14511
7,2026-04-04,Sports,Bangalore,2806,4,11224
8,2024-07-13,Sports,Delhi,558,6,3348
9,2025-09-26,Groceries,Mumbai,4723,9,42507
10,2026-01-16,Sports,Hyderabad,2784,8,22272
11,2025-10-28,Groceries,Delhi,149,8,1192
12,2024-07-31,Electronics,Mumbai,283,6,1698
13,2026-03-23,Clothing,Mumbai,675,2,1350
14,2025-10-22,Electronics,Hyderabad,3512,6,21072
15,2025-08-06,Furniture,Bangalore,1432,9,12888
16,2026-03-05,Furniture,Chennai,713,9,6417
17,2024-11-12,Electronics,Chennai,3498,10,34980
18,2024-10-03,Clothing,Chennai,4845,7,33915
19,2025-07-02,Clothing,Hyderabad,2243,7,15701
20,2024-07-20,Clothing,Chennai,4045,6,24270
21,2026-06-12,Clothing,Bangalore,1887,4,7548
22,2025-07-03,Clothing,Mumbai,897,10,8970
23,2024-10-24,Furniture,Delhi,167,2,334
24,2026-04-08,Sports,Hyderabad,550,7,3850
25,2025-07-06,Furniture,Chennai,1424,4,5696
26,2026-02-13,Furniture,Chennai,4998,2,9996
27,2024-07-26,Furniture,Delhi,4662,2,9324
28,2025-02-07,Clothing,Hyderabad,1679,6,10074
29,2025-08-18,Furniture,Bangalore,1486,8,11888
30,2025-11-20,Groceries,Delhi,289,7,2023
31,2026-01-10,Furniture,Chennai,3698,6,22188
32,2024-08-21,Sports,Hyderabad,1345,8,10760
33,2025-01-13,Electronics,Hyderabad,4132,4,16528
34,2024-07-26,Electronics,Mumbai,2560,2,5120
35,2025-12-26,Clothing,Chennai,1547,4,6188
36,2024-08-21,Groceries,Hyderabad,1299,6,7794
37,2026-06-21,Sports,Chennai,2343,1,2343
38,2026-06-21,Furniture,Chennai,2904,7,20328
39,2024-08-14,Furniture,Hyderabad,2094,5,10470
40,2024-09-26,Sports,Chennai,1644,8,13152
41,2024-09-15,Sports,Mumbai,590,2,1180
42,2025-11-15,Sports,Delhi,2050,1,2050
43,2025-12-08,Electronics,Bangalore,289,10,2890
44,2025-02-08,Clothing,Chennai,2512,5,12560
45,2025-02-24,Sports,Bangalore,2896,7,20272
46,2025-10-13,Furniture,Chennai,4233,8,33864
47,2024-08-13,Sports,Hyderabad,3940,3,11820
48,2025-05-20,Groceries,Bangalore,3824,7,26768
49,2025-07-11,Groceries,Mumbai,2503,6,15018
50,2025-11-14,Sports,Delhi,479,8,3832
51,2025-09-21,Groceries,Delhi,1926,8,15408
52,2025-06-21,Sports,Hyderabad,3780,7,26460
53,2025-01-22,Groceries,Delhi,2265,5,11325
54,2024-11-03,Furniture,Bangalore,4794,8,38352
55,2025-12-28,Electronics,Mumbai,4071,6,24426
56,2025-06-08,Electronics,Bangalore,1534,3,4602
57,2025-01-14,Furniture,Bangalore,4437,1,4437
58,2024-07-21,Groceries,Chennai,2649,8,21192
59,2026-02-27,Furniture,Mumbai,4968,10,49680
60,2025-03-10,Groceries,Hyderabad,4895,10,48950
61,2024-06-28,Sports,Bangalore,2022,4,8088
62,2024-12-11,Electronics,Delhi,3457,10,34570
63,2024-10-04,Electronics,Chennai,2651,1,2651
64,2024-12-08,Electronics,Bangalore,1861,2,3722
65,2026-03-03,Electronics,Mumbai,4447,3,13341
66,2025-06-12,Furniture,Chennai,137,9,1233
67,2024-08-15,Furniture,Hyderabad,4786,6,28716
68,2025-06-25,Groceries,Bangalore,4871,9,43839
69,2025-12-27,Sports,Mumbai,103,8,824
70,2026-04-06,Electronics,Bangalore,2825,1,2825
71,2025-04-26,Furniture,Mumbai,4434,4,17736
72,2025-08-17,Furniture,Mumbai,4611,10,46110
73,2025-09-05,Sports,Delhi,417,3,1251
74,2025-03-21,Electronics,Mumbai,3179,8,25432
75,2024-12-22,Groceries,Chennai,2615,5,13075
76,2026-06-26,Groceries,Mumbai,3992,4,15968
77,2026-06-16,Sports,Chennai,1837,10,18370
78,2024-09-05,Sports,Chennai,2776,10,27760
79,2024-08-29,Electronics,Chennai,2642,3,7926
80,2025-03-27,Groceries,Mumbai,2838,1,2838
81,2025-11-16,Clothing,Hyderabad,1136,3,3408
82,2024-08-18,Sports,Delhi,4779,3,14337
83,2024-08-16,Sports,Bangalore,2557,10,25570
84,2026-05-17,Sports,Mumbai,347,4,1388
85,2025-04-28,Groceries,Hyderabad,772,4,3088
86,2024-08-05,Sports,Bangalore,1433,6,8598
87,2024-09-04,Sports,Chennai,2976,8,23808
88,2024-12-10,Clothing,Mumbai,2058,6,12348
89,2024-10-27,Groceries,Hyderabad,2381,1,2381
90,2026-03-14,Furniture,Hyderabad,3153,2,6306
91,2025-05-16,Sports,Bangalore,712,10,7120
92,2024-09-26,Electronics,Delhi,3793,3,11379
93,2025-12-17,Sports,Hyderabad,3963,3,11889
94,2024-12-06,Clothing,Delhi,3525,7,24675
95,2025-04-04,Electronics,Mumbai,1534,10,15340
96,2024-12-11,Furniture,Bangalore,510,7,3570
97,2025-01-22,Furniture,Mumbai,3555,10,35550
98,2026-06-28,Sports,Hyderabad,2052,6,12312
99,2025-03-07,Furniture,Delhi,1588,2,3176
100,2024-10-15,Groceries,Delhi,4723,7,33061
101,2025-06-07,Furniture,Delhi,1693,5,8465
102,2025-02-02,Groceries,Delhi,3711,8,29688
103,2026-06-06,Sports,Chennai,455,7,3185
104,2024-07-11,Electronics,Bangalore,696,8,5568
105,2026-05-23,Furniture,Chennai,1046,3,3138
106,2025-10-01,Electronics,Delhi,4260,1,4260
107,2025-12-17,Groceries,Bangalore,2891,5,14455
108,2026-04-27,Groceries,Mumbai,4508,2,9016
109,2024-08-02,Furniture,Chennai,2502,3,7506
110,2026-01-06,Groceries,Chennai,4558,9,41022
111,2025-01-14,Clothing,Mumbai,2735,9,24615
112,2025-04-09,Furniture,Hyderabad,3356,6,20136
113,2026-02-15,Furniture,Chennai,1225,9,11025
114,2026-06-20,Groceries,Hyderabad,1441,5,7205
115,2025-06-04,Furniture,Mumbai,142,2,284
116,2026-05-20,Groceries,Bangalore,3069,8,24552
117,2024-07-09,Electronics,Bangalore,321,2,642
118,2025-09-29,Groceries,Delhi,4147,10,41470
119,2026-01-26,Clothing,Chennai,2965,6,17790
120,2024-11-30,Sports,Bangalore,1665,5,8325
121,2024-10-16,Sports,Mumbai,2688,7,18816
122,2026-04-20,Groceries,Delhi,361,2,722
123,2024-12-29,Clothing,Hyderabad,3992,10,39920
124,2026-06-24,Groceries,Bangalore,1748,7,12236
125,2025-09-23,Clothing,Hyderabad,1253,9,11277
126,2026-06-24,Clothing,Delhi,2658,7,18606
127,2026-03-25,Furniture,Chennai,726,5,3630
128,2026-04-18,Groceries,Chennai,1258,9,11322
129,2025-09-05,Sports,Hyderabad,2864,4,11456
130,2024-12-30,Sports,Chennai,4692,2,9384
131,2025-04-22,Furniture,Bangalore,331,10,3310
132,2025-02-24,Clothing,Bangalore,2464,3,7392
133,2025-08-19,Furniture,Hyderabad,4393,8,35144
134,2024-09-29,Clothing,Mumbai,890,8,7120
135,2025-01-24,Electronics,Hyderabad,1701,4,6804
136,2025-10-24,Sports,Chennai,626,4,2504
137,2025-02-06,Groceries,Mumbai,3363,6,20178
138,2026-04-10,Furniture,Chennai,1889,7,13223
139,2025-09-08,Clothing,Mumbai,1291,10,12910
140,2025-02-11,Sports,Chennai,3508,1,3508
141,2024-11-27,Sports,Mumbai,2952,6,17712
142,2025-02-23,Groceries,Bangalore,3930,3,11790
143,2026-05-21,Furniture,Bangalore,4243,1,4243
144,2025-10-31,Sports,Bangalore,2445,10,24450
145,2024-08-17,Clothing,Delhi,3626,8,29008
146,2025-03-03,Electronics,Mumbai,2581,2,5162
147,2026-05-22,Electronics,Mumbai,236,10,2360
148,2025-02-18,Sports,Hyderabad,1532,1,1532
149,2026-01-18,Electronics,Mumbai,4334,1,4334
150,2025-03-06,Sports,Mumbai,1324,9,11916
151,2025-08-02,Sports,Mumbai,955,10,9550
152,2026-05-02,Groceries,Chennai,1834,2,3668
153,2026-02-28,Furniture,Chennai,5000,9,45000
154,2025-12-05,Furniture,Delhi,4980,6,29880
155,2025-01-21,Electronics,Mumbai,4088,6,24528
156,2026-02-01,Groceries,Delhi,3864,6,23184
157,2025-03-16,Electronics,Mumbai,1730,7,12110
158,2024-11-12,Sports,Delhi,3042,3,9126
159,2025-06-23,Electronics,Mumbai,3502,3,10506
160,2026-01-08,Groceries,Delhi,843,4,3372
161,2026-02-19,Furniture,Delhi,2315,4,9260
162,2025-03-02,Sports,Bangalore,2097,5,10485
163,2024-11-24,Electronics,Hyderabad,736,9,6624
164,2026-04-29,Electronics,Mumbai,3741,9,33669
165,2024-08-23,Furniture,Hyderabad,487,4,1948
166,2025-07-13,Furniture,Hyderabad,4728,9,42552
167,2025-02-17,Clothing,Bangalore,3228,7,22596
168,2025-10-05,Clothing,Mumbai,3482,4,13928
169,2025-03-23,Groceries,Hyderabad,1213,3,3639
170,2025-06-15,Electronics,Hyderabad,2687,6,16122
171,2025-05-09,Electronics,Mumbai,369,1,369
172,2025-06-07,Groceries,Bangalore,1741,5,8705
173,2025-07-05,Sports,Hyderabad,4299,3,12897
174,2025-03-21,Groceries,Mumbai,429,1,429
175,2025-12-12,Groceries,Delhi,1571,2,3142
176,2025-09-29,Groceries,Mumbai,4974,1,4974
177,2025-03-23,Electronics,Hyderabad,4612,5,23060
178,2024-10-06,Clothing,Mumbai,1025,7,7175
179,2025-06-09,Furniture,Mumbai,983,7,6881
180,2024-08-27,Sports,Bangalore,1589,4,6356
181,2024-11-20,Groceries,Chennai,1597,1,1597
182,2025-03-18,Sports,Bangalore,1958,6,11748
183,2025-08-13,Groceries,Hyderabad,3572,5,17860
184,2025-01-05,Sports,Chennai,4470,1,4470
185,2024-09-10,Electronics,Hyderabad,600,10,6000
186,2025-07-30,Groceries,Bangalore,2219,9,19971
187,2025-12-22,Furniture,Bangalore,1566,6,9396
188,2025-08-17,Groceries,Hyderabad,3814,7,26698
189,2025-01-10,Electronics,Chennai,4725,10,47250
190,2025-04-25,Furniture,Chennai,1999,4,7996
191,2026-05-18,Groceries,Chennai,2246,4,8984
192,2025-08-06,Groceries,Hyderabad,2440,1,2440
193,2024-11-15,Sports,Hyderabad,1543,6,9258
194,2024-07-09,Furniture,Delhi,2345,1,2345
195,2026-02-01,Electronics,Bangalore,2761,8,22088
196,2026-02-09,Electronics,Delhi,712,1,712
197,2026-01-05,Electronics,Bangalore,2303,6,13818
198,2025-03-07,Sports,Hyderabad,4634,3,13902
199,2025-04-23,Sports,Mumbai,3306,7,23142
200,2026-01-29,Electronics,Hyderabad,490,3,1470
201,2025-09-09,Electronics,Chennai,2784,8,22272
202,2025-06-07,Groceries,Mumbai,651,3,1953
203,2025-05-08,Sports,Delhi,794,9,7146
204,2025-09-10,Furniture,Bangalore,4448,2,8896
205,2025-10-18,Electronics,Chennai,247,9,2223
206,2024-11-05,Electronics,Bangalore,817,6,4902
207,2024-06-28,Furniture,Mumbai,381,5,1905
208,2025-02-05,Furniture,Bangalore,109,2,218
209,2025-09-10,Sports,Bangalore,1951,7,13657
210,2025-12-17,Sports,Bangalore,3364,9,30276
211,2026-02-27,Electronics,Chennai,1578,9,14202
212,2026-04-09,Furniture,Chennai,1797,7,12579
213,2024-07-28,Furniture,Hyderabad,2943,1,2943
214,2026-03-24,Groceries,Bangalore,3309,5,16545
215,2026-02-27,Groceries,Bangalore,1047,7,7329
216,2024-11-14,Groceries,Hyderabad,3174,2,6348
217,2025-06-06,Sports,Delhi,1227,6,7362
218,2024-07-06,Furniture,Mumbai,3664,8,29312
219,2025-12-18,Electronics,Bangalore,2570,4,10280
220,2026-04-02,Clothing,Bangalore,2814,8,22512
221,2025-04-17,Clothing,Hyderabad,590,7,4130
222,2026-02-07,Electronics,Delhi,331,5,1655
223,2025-04-26,Sports,Delhi,3717,2,7434
224,2025-10-12,Furniture,Delhi,2167,3,6501
225,2026-04-21,Electronics,Delhi,4913,2,9826
226,2025-07-16,Clothing,Mumbai,1021,7,7147
227,2024-12-27,Electronics,Chennai,2873,8,22984
228,2025-08-09,Sports,Chennai,517,7,3619
229,2025-08-27,Clothing,Hyderabad,831,4,3324
230,2025-11-28,Electronics,Delhi,2187,2,4374
231,2026-01-16,Clothing,Mumbai,4877,10,48770
232,2026-05-15,Sports,Chennai,479,7,3353
233,2026-06-22,Furniture,Mumbai,2787,6,16722
234,2025-08-28,Electronics,Chennai,4923,3,14769
235,2025-12-29,Electronics,Hyderabad,517,6,3102
236,2025-08-13,Furniture,Delhi,2634,8,21072
237,2026-06-19,Groceries,Bangalore,507,8,4056
238,2026-06-25,Furniture,Bangalore,3687,6,22122
239,2025-03-19,Clothing,Chennai,3212,10,32120
240,2026-06-08,Furniture,Hyderabad,4619,7,32333
241,2024-08-14,Clothing,Bangalore,4624,5,23120
242,2025-04-15,Groceries,Hyderabad,3017,3,9051
243,2025-07-18,Sports,Delhi,3708,7,25956
244,2025-09-29,Electronics,Bangalore,3622,3,10866
245,2024-09-04,Clothing,Mumbai,2841,3,8523
246,2024-11-26,Groceries,Hyderabad,4549,3,13647
247,2025-01-15,Sports,Hyderabad,311,3,933
248,2026-06-06,Groceries,Bangalore,3342,2,6684
249,2025-12-16,Clothing,Hyderabad,3169,5,15845
250,2025-05-07,Sports,Mumbai,4678,6,28068
251,2024-11-06,Groceries,Mumbai,751,8,6008
252,2025-10-24,Sports,Hyderabad,4944,9,44496
253,2024-12-15,Furniture,Chennai,2720,10,27200
254,2025-02-21,Electronics,Delhi,4992,6,29952
255,2024-08-02,Electronics,Delhi,4665,8,37320
256,2025-06-20,Electronics,Hyderabad,480,5,2400
257,2024-08-27,Clothing,Hyderabad,942,9,8478
258,2025-12-28,Electronics,Chennai,2176,10,21760
259,2026-06-05,Groceries,Chennai,3286,4,13144
260,2026-05-01,Sports,Mumbai,4003,2,8006
261,2026-04-25,Sports,Chennai,3390,7,23730
262,2025-01-10,Groceries,Bangalore,1726,2,3452
263,2025-03-09,Electronics,Delhi,4126,5,20630
264,2026-03-06,Clothing,Hyderabad,3788,1,3788
265,2024-07-29,Sports,Chennai,2468,1,2468
266,2025-05-07,Sports,Chennai,3225,10,32250
267,2025-07-27,Groceries,Hyderabad,196,7,1372
268,2024-11-15,Clothing,Bangalore,3731,7,26117
269,2025-10-23,Electronics,Delhi,375,1,375
270,2024-07-04,Clothing,Hyderabad,288,1,288
271,2025-01-24,Electronics,Chennai,528,2,1056
272,2026-02-18,Furniture,Hyderabad,242,4,968
273,2025-03-24,Electronics,Bangalore,978,6,5868
274,2025-01-06,Groceries,Bangalore,3544,2,7088
275,2024-08-16,Clothing,Chennai,3748,7,26236
276,2026-04-04,Clothing,Chennai,4851,7,33957
277,2024-12-12,Groceries,Chennai,1426,1,1426
278,2025-10-14,Electronics,Hyderabad,169,4,676
279,2024-08-27,Furniture,Mumbai,1714,9,15426
280,2024-06-30,Clothing,Delhi,557,1,557
281,2024-08-16,Clothing,Delhi,3491,10,34910
282,2025-11-15,Electronics,Hyderabad,1620,10,16200
283,2026-03-02,Electronics,Mumbai,3692,3,11076
284,2024-08-12,Groceries,Chennai,1683,8,13464
285,2025-02-17,Groceries,Hyderabad,1830,7,12810
286,2024-09-12,Electronics,Chennai,4107,7,28749
287,2025-09-07,Clothing,Delhi,937,3,2811
288,2025-10-23,Sports,Chennai,1260,5,6300
289,2026-06-16,Clothing,Chennai,4429,1,4429
290,2025-06-23,Clothing,Delhi,2300,10,23000
291,2026-06-22,Groceries,Bangalore,2499,1,2499
292,2024-10-27,Electronics,Bangalore,3489,10,34890
293,2025-05-30,Groceries,Bangalore,1320,7,9240
294,2025-08-10,Groceries,Mumbai,1877,9,16893
295,2025-06-10,Electronics,Chennai,3132,9,28188
296,2025-11-15,Electronics,Hyderabad,3890,1,3890
297,2024-12-17,Electronics,Chennai,578,5,2890
298,2026-04-17,Clothing,Mumbai,581,10,5810
299,2024-08-06,Furniture,Bangalore,2222,7,15554
300,2026-02-06,Furniture,Mumbai,4077,10,40770
301,2024-07-31,Clothing,Bangalore,886,8,7088
302,2026-03-08,Electronics,Mumbai,2856,4,11424
303,2024-08-30,Clothing,Hyderabad,2180,1,2180
304,2025-12-03,Clothing,Mumbai,3483,1,3483
305,2025-07-17,Sports,Hyderabad,3144,7,22008
306,2026-03-06,Sports,Delhi,4396,4,17584
307,2025-08-05,Groceries,Mumbai,1150,7,8050
308,2025-07-14,Furniture,Hyderabad,2771,2,5542
309,2026-06-19,Clothing,Mumbai,830,10,8300
310,2026-04-06,Clothing,Delhi,3940,6,23640
311,2026-04-08,Clothing,Chennai,1061,1,1061
312,2025-08-12,Clothing,Bangalore,2996,2,5992
313,2024-09-06,Furniture,Hyderabad,3177,1,3177
314,2024-07-11,Sports,Bangalore,4460,1,4460
315,2024-12-31,Electronics,Chennai,3481,10,34810
316,2026-05-20,Furniture,Mumbai,2758,6,16548
317,2024-11-03,Groceries,Hyderabad,421,6,2526
318,2025-10-12,Sports,Bangalore,4581,8,36648
319,2025-08-19,Electronics,Delhi,530,5,2650
320,2025-09-27,Electronics,Bangalore,2022,7,14154
321,2025-10-23,Electronics,Hyderabad,3099,9,27891
322,2024-11-22,Furniture,Chennai,1578,4,6312
323,2024-08-05,Electronics,Hyderabad,2915,10,29150
324,2026-01-07,Sports,Hyderabad,1455,1,1455
325,2025-01-09,Groceries,Hyderabad,844,7,5908
326,2025-12-06,Sports,Mumbai,4723,5,23615
327,2025-06-06,Groceries,Hyderabad,2829,5,14145
328,2024-10-30,Sports,Chennai,1560,1,1560
329,2026-03-31,Groceries,Hyderabad,1402,10,14020
330,2025-08-17,Groceries,Delhi,2865,8,22920
331,2024-09-27,Electronics,Hyderabad,621,6,3726
332,2026-06-19,Sports,Delhi,827,8,6616
333,2026-03-28,Clothing,Delhi,725,9,6525
334,2026-05-22,Furniture,Hyderabad,2797,4,11188
335,2025-11-03,Electronics,Chennai,111,6,666
336,2025-07-13,Clothing,Mumbai,3027,6,18162
337,2024-10-18,Groceries,Mumbai,651,10,6510
338,2025-01-20,Groceries,Delhi,506,10,5060
339,2025-09-11,Electronics,Hyderabad,2471,2,4942
340,2025-07-31,Electronics,Chennai,3765,5,18825
341,2024-08-22,Groceries,Bangalore,953,5,4765
342,2026-05-31,Electronics,Chennai,665,4,2660
343,2025-03-18,Furniture,Chennai,2420,2,4840
344,2026-04-08,Electronics,Bangalore,4738,10,47380
345,2025-04-18,Clothing,Chennai,3234,2,6468
346,2026-03-22,Furniture,Chennai,3386,9,30474
347,2025-10-26,Sports,Chennai,3619,4,14476
348,2025-01-21,Clothing,Hyderabad,568,4,2272
349,2025-04-21,Electronics,Mumbai,3403,1,3403
350,2024-10-17,Groceries,Chennai,2152,9,19368
351,2024-10-28,Sports,Bangalore,2656,6,15936
352,2026-01-29,Sports,Hyderabad,1734,3,5202
353,2024-12-05,Electronics,Mumbai,4806,4,19224
354,2025-01-15,Sports,Hyderabad,3867,3,11601
355,2024-12-27,Furniture,Hyderabad,584,1,584
356,2025-11-10,Clothing,Delhi,3407,2,6814
357,2025-12-23,Clothing,Hyderabad,3540,3,10620
358,2026-06-06,Furniture,Delhi,2607,5,13035
359,2025-07-31,Sports,Hyderabad,1815,10,18150
360,2025-04-14,Groceries,Delhi,2453,8,19624
361,2025-08-17,Clothing,Chennai,974,6,5844
362,2024-09-02,Furniture,Mumbai,3447,3,10341
363,2025-01-31,Furniture,Delhi,497,4,1988
364,2025-09-14,Furniture,Delhi,4064,10,40640
365,2026-03-11,Sports,Chennai,3260,9,29340
366,2025-11-06,Electronics,Chennai,752,6,4512
367,2026-05-23,Clothing,Delhi,3940,3,11820
368,2025-11-14,Groceries,Hyderabad,314,1,314
369,2025-03-09,Furniture,Delhi,1639,1,1639
370,2024-10-12,Clothing,Chennai,1585,6,9510
371,2024-09-14,Groceries,Bangalore,3298,6,19788
372,2025-01-05,Furniture,Mumbai,4487,10,44870
373,2025-09-18,Furniture,Chennai,675,4,2700
374,2024-07-26,Electronics,Hyderabad,3155,2,6310
375,2025-03-09,Electronics,Hyderabad,3017,3,9051
376,2024-12-08,Sports,Chennai,866,10,8660
377,2026-01-01,Electronics,Bangalore,2618,5,13090
378,2026-04-02,Furniture,Chennai,4738,8,37904
379,2025-10-19,Electronics,Delhi,3126,4,12504
380,2024-11-14,Electronics,Bangalore,3878,1,3878
381,2026-06-13,Sports,Hyderabad,3291,8,26328
382,2025-11-02,Furniture,Mumbai,4294,1,4294
383,2025-01-25,Sports,Bangalore,1809,2,3618
384,2024-10-13,Sports,Chennai,3305,5,16525
385,2025-05-28,Furniture,Bangalore,4449,9,40041
386,2025-12-21,Furniture,Chennai,4047,1,4047
387,2025-10-19,Sports,Bangalore,2445,7,17115
388,2025-03-04,Groceries,Chennai,1201,4,4804
389,2024-12-09,Clothing,Chennai,1350,1,1350
390,2026-05-09,Sports,Bangalore,4270,3,12810
391,2026-03-12,Electronics,Hyderabad,4086,3,12258
392,2025-12-19,Groceries,Hyderabad,1456,2,2912
393,2025-01-15,Clothing,Delhi,4376,2,8752
394,2025-12-17,Furniture,Delhi,2728,7,19096
395,2024-09-16,Clothing,Bangalore,3687,4,14748
396,2026-06-17,Clothing,Delhi,3165,4,12660
397,2025-03-26,Electronics,Mumbai,1135,8,9080
398,2025-11-14,Sports,Delhi,3990,1,3990
399,2025-10-12,Furniture,Chennai,3695,1,3695
400,2025-01-10,Electronics,Bangalore,1536,3,4608
401,2026-06-01,Groceries,Mumbai,1597,8,12776
402,2026-04-16,Electronics,Bangalore,4546,5,22730
403,2025-04-23,Clothing,Delhi,4125,7,28875
404,2024-10-02,Clothing,Delhi,4012,9,36108
405,2024-11-11,Clothing,Mumbai,2960,4,11840
406,2024-07-15,Groceries,Bangalore,2264,8,18112
407,2025-02-18,Groceries,Delhi,3826,10,38260
408,2025-05-18,Furniture,Hyderabad,1479,7,10353
409,2026-01-10,Sports,Mumbai,4349,8,34792
410,2025-02-27,Clothing,Delhi,992,3,2976
411,2025-07-31,Furniture,Hyderabad,3828,1,3828
412,2026-01-15,Groceries,Bangalore,4080,3,12240
413,2025-02-20,Groceries,Bangalore,559,8,4472
414,2026-01-16,Groceries,Hyderabad,765,6,4590
415,2025-06-02,Electronics,Mumbai,397,7,2779
416,2026-06-11,Clothing,Chennai,2217,10,22170
417,2026-06-12,Furniture,Bangalore,2649,2,5298
418,2025-09-09,Clothing,Hyderabad,1047,7,7329
419,2025-10-09,Furniture,Hyderabad,3074,2,6148
420,2025-07-23,Sports,Bangalore,4757,1,4757
421,2024-08-05,Furniture,Hyderabad,423,10,4230
422,2024-07-08,Sports,Delhi,1809,3,5427
423,2026-01-04,Sports,Mumbai,310,5,1550
424,2025-04-25,Sports,Mumbai,4107,2,8214
425,2025-02-05,Sports,Bangalore,4326,8,34608
426,2025-03-03,Groceries,Bangalore,4704,6,28224
427,2024-10-21,Electronics,Hyderabad,4326,6,25956
428,2025-04-23,Furniture,Chennai,3537,10,35370
429,2025-07-08,Clothing,Delhi,1862,1,1862
430,2024-09-21,Electronics,Hyderabad,2056,3,6168
431,2025-06-05,Sports,Bangalore,2562,2,5124
432,2025-01-18,Sports,Chennai,3882,2,7764
433,2025-06-23,Groceries,Chennai,3009,10,30090
434,2025-03-20,Sports,Chennai,2525,2,5050
435,2025-11-23,Electronics,Mumbai,1272,6,7632
436,2025-06-10,Electronics,Delhi,4353,4,17412
437,2025-08-30,Groceries,Mumbai,2434,7,17038
438,2026-01-06,Furniture,Bangalore,259,4,1036
439,2024-11-23,Furniture,Mumbai,2325,10,23250
440,2024-10-20,Furniture,Hyderabad,4446,8,35568
441,2026-01-01,Sports,Bangalore,1835,7,12845
442,2025-08-02,Sports,Mumbai,306,4,1224
443,2025-02-27,Sports,Chennai,2100,5,10500
444,2024-07-25,Clothing,Bangalore,1584,4,6336
445,2025-03-10,Clothing,Delhi,3664,7,25648
446,2025-11-07,Sports,Delhi,4531,7,31717
447,2025-02-16,Furniture,Chennai,2476,2,4952
448,2026-06-16,Clothing,Hyderabad,577,4,2308
449,2024-11-12,Sports,Mumbai,1887,6,11322
450,2026-03-26,Furniture,Delhi,525,1,525
451,2024-08-15,Sports,Delhi,2307,2,4614
452,2026-05-05,Sports,Bangalore,4307,1,4307
453,2025-10-18,Electronics,Delhi,1640,1,1640
454,2025-12-26,Clothing,Bangalore,2214,8,17712
455,2026-04-20,Furniture,Delhi,4484,5,22420
456,2025-01-07,Furniture,Mumbai,3659,2,7318
457,2025-10-06,Furniture,Delhi,3465,2,6930
458,2026-01-17,Furniture,Mumbai,4036,5,20180
459,2026-01-26,Furniture,Mumbai,4168,5,20840
460,2024-07-18,Furniture,Chennai,4176,6,25056
461,2025-06-29,Furniture,Delhi,3124,2,6248
462,2026-02-25,Clothing,Bangalore,3054,2,6108
463,2025-08-25,Furniture,Mumbai,4544,6,27264
464,2025-02-17,Furniture,Mumbai,1774,6,10644
465,2025-08-19,Electronics,Hyderabad,3240,9,29160
466,2024-12-16,Sports,Bangalore,2508,1,2508
467,2024-12-18,Sports,Hyderabad,4925,2,9850
468,2024-12-07,Electronics,Chennai,3294,6,19764
469,2024-08-10,Groceries,Bangalore,4353,7,30471
470,2025-03-26,Sports,Bangalore,4152,7,29064
471,2026-04-15,Electronics,Hyderabad,4252,10,42520
472,2025-07-21,Clothing,Mumbai,3884,4,15536
473,2025-06-09,Clothing,Delhi,631,5,3155
474,2025-06-20,Groceries,Mumbai,1433,5,7165
475,2024-07-19,Sports,Hyderabad,3120,9,28080
476,2025-09-29,Electronics,Mumbai,471,3,1413
477,2026-02-03,Sports,Chennai,3446,4,13784
478,2025-10-24,Sports,Delhi,2859,10,28590
479,2026-04-08,Clothing,Hyderabad,3270,6,19620
480,2025-02-14,Clothing,Mumbai,2838,5,14190
481,2024-11-24,Electronics,Chennai,2016,6,12096
482,2024-10-17,Groceries,Delhi,2806,8,22448
483,2025-07-22,Furniture,Chennai,1205,6,7230
484,2026-02-15,Clothing,Delhi,1556,7,10892
485,2025-07-26,Groceries,Delhi,4783,5,23915
486,2025-05-15,Sports,Mumbai,2087,10,20870
487,2025-08-13,Sports,Delhi,2704,6,16224
488,2026-04-12,Furniture,Mumbai,4900,5,24500
489,2026-05-31,Groceries,Bangalore,4577,9,41193
490,2025-08-16,Electronics,Hyderabad,805,6,4830
491,2025-07-04,Furniture,Chennai,2384,3,7152
492,2025-01-12,Groceries,Bangalore,4856,9,43704
493,2024-07-15,Furniture,Bangalore,4381,7,30667
494,2025-02-05,Groceries,Mumbai,2561,5,12805
495,2026-04-19,Electronics,Delhi,868,2,1736
496,2025-12-19,Furniture,Chennai,358,8,2864
497,2026-02-19,Groceries,Bangalore,4646,4,18584
498,2026-02-02,Furniture,Delhi,4639,6,27834
499,2026-02-17,Clothing,Bangalore,2113,4,8452
500,2025-07-06,Furniture,Delhi,2579,9,23211
501,2025-06-15,Groceries,Chennai,3309,10,33090
502,2026-01-22,Furniture,Delhi,3319,9,29871
503,2024-12-03,Sports,Delhi,3967,2,7934
504,2026-06-28,Groceries,Hyderabad,501,4,2004
505,2025-10-29,Groceries,Bangalore,2932,10,29320
506,2025-06-12,Electronics,Chennai,324,2,648
507,2024-11-22,Electronics,Delhi,3381,8,27048
508,2025-02-04,Clothing,Bangalore,3973,6,23838
509,2026-05-06,Electronics,Hyderabad,3696,6,22176
510,2024-08-28,Electronics,Hyderabad,1467,1,1467
511,2026-02-11,Furniture,Mumbai,1930,1,1930
512,2025-01-14,Sports,Chennai,3199,5,15995
513,2025-03-06,Furniture,Chennai,3342,7,23394
514,2024-11-15,Furniture,Bangalore,2170,6,13020
515,2025-08-17,Clothing,Mumbai,1932,5,9660
516,2025-09-11,Electronics,Delhi,4968,1,4968
517,2025-11-13,Electronics,Chennai,2005,9,18045
518,2025-05-08,Sports,Chennai,1987,10,19870
519,2025-04-01,Furniture,Mumbai,2350,8,18800
520,2026-04-06,Sports,Chennai,2011,3,6033
521,2024-08-31,Electronics,Hyderabad,3476,8,27808
522,2024-10-11,Groceries,Mumbai,3568,8,28544
523,2025-06-16,Groceries,Bangalore,3306,1,3306
524,2025-05-04,Sports,Bangalore,4546,7,31822
525,2024-07-04,Clothing,Mumbai,3877,5,19385
526,2025-07-06,Groceries,Bangalore,2965,5,14825
527,2026-03-30,Clothing,Hyderabad,2469,8,19752
528,2024-07-31,Furniture,Mumbai,3736,1,3736
529,2024-10-31,Furniture,Mumbai,2548,10,25480
530,2024-10-14,Groceries,Chennai,4278,4,17112
531,2025-02-10,Electronics,Chennai,501,6,3006
532,2024-11-05,Furniture,Mumbai,4515,10,45150
533,2024-08-18,Sports,Bangalore,4645,5,23225
534,2024-12-15,Electronics,Bangalore,3596,7,25172
535,2024-07-07,Clothing,Bangalore,1005,4,4020
536,2024-09-07,Groceries,Delhi,3001,4,12004
537,2024-10-15,Clothing,Bangalore,4917,10,49170
538,2025-06-22,Groceries,Bangalore,1735,9,15615
539,2025-07-25,Clothing,Delhi,2787,5,13935
540,2024-09-16,Furniture,Hyderabad,3789,7,26523
541,2025-06-14,Sports,Delhi,2742,1,2742
542,2025-01-06,Groceries,Delhi,2687,10,26870
543,2024-09-11,Electronics,Chennai,2797,5,13985
544,2026-03-18,Clothing,Delhi,1188,2,2376
545,2025-07-10,Clothing,Bangalore,1618,4,6472
546,2026-02-23,Electronics,Mumbai,868,2,1736
547,2024-10-20,Electronics,Bangalore,1754,3,5262
548,2026-03-22,Clothing,Mumbai,3531,5,17655
549,2026-05-08,Electronics,Hyderabad,1084,4,4336
550,2025-05-11,Furniture,Bangalore,1760,3,5280
551,2026-01-27,Electronics,Hyderabad,1542,4,6168
552,2024-07-16,Electronics,Delhi,4665,6,27990
553,2025-07-12,Electronics,Hyderabad,4402,8,35216
554,2025-02-02,Clothing,Mumbai,3970,9,35730
555,2024-12-19,Furniture,Delhi,1100,6,6600
556,2024-09-12,Electronics,Mumbai,4908,4,19632
557,2026-06-02,Groceries,Delhi,1071,8,8568
558,2025-07-19,Furniture,Mumbai,489,7,3423
559,2024-08-03,Clothing,Delhi,841,9,7569
560,2025-06-02,Furniture,Delhi,3385,2,6770
561,2024-07-12,Sports,Delhi,209,6,1254
562,2025-04-30,Electronics,Chennai,1729,8,13832
563,2024-12-22,Sports,Mumbai,4356,10,43560
564,2025-05-05,Furniture,Delhi,798,3,2394
565,2025-04-02,Furniture,Bangalore,3597,4,14388
566,2026-01-31,Sports,Bangalore,4724,6,28344
567,2026-06-20,Electronics,Delhi,3920,8,31360
568,2024-08-23,Clothing,Chennai,2299,5,11495
569,2025-03-24,Groceries,Delhi,1909,3,5727
570,2025-12-12,Groceries,Bangalore,4401,5,22005
571,2025-04-27,Groceries,Hyderabad,1439,9,12951
572,2024-08-29,Furniture,Chennai,2513,2,5026
573,2025-10-15,Groceries,Delhi,529,7,3703
574,2025-05-27,Clothing,Hyderabad,273,8,2184
575,2026-03-20,Groceries,Hyderabad,1250,8,10000
576,2024-11-06,Sports,Delhi,871,10,8710
577,2024-07-17,Furniture,Hyderabad,1225,10,12250
578,2025-12-11,Clothing,Bangalore,500,9,4500
579,2025-12-15,Sports,Delhi,594,2,1188
580,2025-05-24,Furniture,Chennai,3156,2,6312
581,2025-03-11,Groceries,Delhi,3935,9,35415
582,2026-01-19,Groceries,Hyderabad,3494,5,17470
583,2026-05-10,Groceries,Chennai,2260,5,11300
584,2024-07-25,Furniture,Delhi,3098,2,6196
585,2024-10-04,Sports,Hyderabad,4629,8,37032
586,2026-06-16,Electronics,Delhi,2637,10,26370
587,2026-06-19,Furniture,Chennai,3989,4,15956
588,2024-10-04,Groceries,Chennai,2993,7,20951
589,2025-02-10,Groceries,Hyderabad,1999,5,9995
590,2026-03-22,Clothing,Mumbai,2194,7,15358
591,2025-05-19,Furniture,Mumbai,4769,10,47690
592,2026-03-08,Sports,Hyderabad,413,9,3717
593,2025-09-01,Clothing,Bangalore,444,6,2664
594,2026-01-19,Clothing,Bangalore,2525,9,22725
595,2024-10-08,Electronics,Mumbai,1736,8,13888
596,2025-10-07,Electronics,Delhi,3751,6,22506
597,2025-07-16,Furniture,Chennai,244,8,1952
598,2026-05-13,Furniture,Delhi,2100,1,2100
599,2024-12-18,Electronics,Delhi,723,7,5061
600,2026-03-20,Electronics,Delhi,1776,4,7104
601,2024-11-07,Sports,Bangalore,2586,3,7758
602,2026-05-29,Furniture,Delhi,3875,1,3875
603,2026-03-26,Electronics,Mumbai,1170,2,2340
604,2025-09-17,Clothing,Bangalore,4773,3,14319
605,2024-10-20,Clothing,Delhi,2679,1,2679
606,2025-04-06,Furniture,Chennai,1832,7,12824
607,2026-04-02,Furniture,Mumbai,4702,9,42318
608,2025-04-27,Groceries,Bangalore,1103,1,1103
609,2025-08-04,Electronics,Hyderabad,3492,7,24444
610,2026-06-24,Sports,Hyderabad,3032,2,6064
611,2025-12-16,Furniture,Hyderabad,3579,9,32211
612,2024-12-23,Groceries,Delhi,1249,7,8743
613,2025-02-15,Sports,Delhi,2535,10,25350
614,2024-08-03,Sports,Bangalore,2791,10,27910
615,2025-03-20,Clothing,Chennai,4238,9,38142
616,2026-01-22,Furniture,Chennai,997,2,1994
617,2025-06-18,Groceries,Bangalore,3421,1,3421
618,2026-02-03,Groceries,Mumbai,3432,9,30888
619,2024-07-29,Furniture,Bangalore,3434,6,20604
620,2025-08-10,Electronics,Delhi,147,1,147
621,2024-07-11,Clothing,Bangalore,3840,5,19200
622,2026-02-14,Groceries,Bangalore,327,6,1962
623,2025-11-24,Clothing,Hyderabad,1743,9,15687
624,2024-09-29,Electronics,Delhi,1164,9,10476
625,2024-10-29,Electronics,Delhi,2149,1,2149
626,2025-06-24,Electronics,Delhi,353,1,353
627,2026-03-07,Electronics,Hyderabad,460,4,1840
628,2024-12-08,Clothing,Mumbai,1405,6,8430
629,2026-04-30,Furniture,Hyderabad,1512,6,9072
630,2024-10-23,Furniture,Bangalore,1856,2,3712
631,2025-04-04,Electronics,Chennai,3858,3,11574
632,2025-09-24,Electronics,Mumbai,900,4,3600
633,2026-03-22,Sports,Delhi,3165,2,6330
634,2025-09-14,Groceries,Chennai,2155,2,4310
635,2024-07-24,Clothing,Chennai,2278,8,18224
636,2025-06-06,Clothing,Delhi,947,9,8523
637,2025-09-14,Sports,Bangalore,1787,5,8935
638,2024-08-18,Electronics,Chennai,899,4,3596
639,2025-02-09,Clothing,Mumbai,2736,7,19152
640,2025-12-30,Electronics,Delhi,3881,10,38810
641,2026-02-13,Furniture,Delhi,2818,1,2818
642,2024-08-16,Sports,Bangalore,1235,2,2470
643,2025-01-19,Sports,Delhi,3899,10,38990
644,2025-01-13,Sports,Delhi,1497,8,11976
645,2025-07-06,Furniture,Mumbai,2463,4,9852
646,2026-06-11,Clothing,Mumbai,3607,9,32463
647,2024-10-05,Electronics,Delhi,2665,6,15990
648,2025-05-09,Furniture,Mumbai,442,9,3978
649,2025-01-26,Sports,Mumbai,2194,4,8776
650,2026-01-17,Furniture,Bangalore,1087,3,3261
651,2024-11-01,Sports,Hyderabad,1018,3,3054
652,2024-08-28,Electronics,Hyderabad,3803,10,38030
653,2024-11-01,Clothing,Delhi,1592,1,1592
654,2026-02-27,Electronics,Mumbai,3169,5,15845
655,2024-10-26,Furniture,Delhi,2466,6,14796
656,2026-03-03,Sports,Mumbai,3805,5,19025
657,2025-05-06,Electronics,Bangalore,2833,2,5666
658,2024-10-14,Clothing,Hyderabad,449,9,4041
659,2025-01-23,Groceries,Hyderabad,1227,9,11043
660,2025-09-22,Sports,Hyderabad,691,10,6910
661,2024-08-20,Groceries,Hyderabad,520,9,4680
662,2026-03-17,Groceries,Mumbai,1547,8,12376
663,2024-11-01,Electronics,Bangalore,4427,2,8854
664,2026-01-26,Sports,Mumbai,948,2,1896
665,2026-03-08,Groceries,Mumbai,1466,5,7330
666,2025-10-07,Sports,Delhi,1070,5,5350
667,2025-10-09,Electronics,Delhi,955,10,9550
668,2024-08-31,Furniture,Mumbai,1020,6,6120
669,2026-06-12,Clothing,Delhi,2138,2,4276
670,2024-09-28,Electronics,Bangalore,3330,6,19980
671,2025-08-11,Furniture,Bangalore,933,8,7464
672,2024-10-14,Groceries,Bangalore,1232,5,6160
673,2026-06-05,Electronics,Delhi,3994,5,19970
674,2024-09-18,Groceries,Chennai,1258,10,12580
675,2024-11-18,Groceries,Bangalore,1079,1,1079
676,2024-08-18,Furniture,Chennai,4144,7,29008
677,2025-12-02,Clothing,Bangalore,1775,10,17750
678,2024-12-06,Groceries,Hyderabad,2818,10,28180
679,2024-10-16,Furniture,Mumbai,2870,4,11480
680,2024-12-20,Sports,Hyderabad,2010,4,8040
681,2024-11-18,Furniture,Bangalore,4976,4,19904
682,2025-02-06,Furniture,Bangalore,1249,10,12490
683,2026-02-16,Clothing,Chennai,3812,9,34308
684,2026-02-13,Clothing,Delhi,930,2,1860
685,2024-12-11,Sports,Bangalore,3314,2,6628
686,2024-07-03,Clothing,Delhi,2789,1,2789
687,2024-11-03,Furniture,Hyderabad,2296,4,9184
688,2025-10-14,Groceries,Bangalore,2430,3,7290
689,2024-12-28,Electronics,Delhi,750,5,3750
690,2025-09-25,Clothing,Bangalore,2844,1,2844
691,2026-01-05,Sports,Hyderabad,4145,2,8290
692,2025-07-27,Furniture,Bangalore,510,5,2550
693,2024-10-15,Furniture,Hyderabad,2004,4,8016
694,2024-12-27,Electronics,Delhi,3654,5,18270
695,2026-02-01,Furniture,Chennai,571,7,3997
696,2025-04-26,Groceries,Chennai,3557,2,7114
697,2025-02-10,Groceries,Chennai,1535,2,3070
698,2024-12-27,Electronics,Mumbai,4553,1,4553
699,2026-04-30,Electronics,Delhi,1695,3,5085
700,2025-08-05,Groceries,Delhi,4656,8,37248
701,2025-06-06,Furniture,Bangalore,1901,6,11406
702,2025-04-27,Electronics,Mumbai,731,1,731
703,2026-03-28,Furniture,Bangalore,3089,7,21623
704,2024-11-22,Clothing,Mumbai,1350,4,5400
705,2025-08-29,Electronics,Hyderabad,3333,1,3333
706,2025-12-26,Clothing,Delhi,3399,1,3399
707,2026-06-27,Sports,Mumbai,3427,10,34270
708,2025-04-24,Furniture,Bangalore,4727,4,18908
709,2025-10-07,Sports,Hyderabad,631,2,1262
710,2025-02-12,Groceries,Mumbai,1935,4,7740
711,2025-04-22,Sports,Chennai,1215,7,8505
712,2026-04-08,Sports,Delhi,2219,1,2219
713,2026-06-23,Electronics,Bangalore,2602,4,10408
714,2025-12-04,Electronics,Bangalore,3261,8,26088
715,2025-04-01,Groceries,Hyderabad,3943,4,15772
716,2026-03-06,Furniture,Chennai,1054,5,5270
717,2025-01-21,Groceries,Delhi,3395,7,23765
718,2024-07-23,Groceries,Hyderabad,4076,4,16304
719,2026-05-18,Sports,Bangalore,2864,4,11456
720,2025-07-13,Groceries,Hyderabad,203,10,2030
721,2024-12-21,Electronics,Chennai,2111,7,14777
722,2025-07-31,Groceries,Chennai,1756,5,8780
723,2026-01-25,Sports,Chennai,1953,5,9765
724,2026-01-10,Clothing,Bangalore,3496,4,13984
725,2024-08-08,Clothing,Delhi,3412,1,3412
726,2025-04-10,Groceries,Delhi,4900,1,4900
727,2025-06-30,Electronics,Mumbai,1518,5,7590
728,2024-10-06,Clothing,Bangalore,3712,4,14848
729,2025-01-08,Groceries,Mumbai,3105,2,6210
730,2025-10-13,Clothing,Mumbai,1673,4,6692
731,2025-11-13,Clothing,Bangalore,1084,2,2168
732,2025-11-12,Groceries,Bangalore,4950,6,29700
733,2025-04-17,Electronics,Delhi,2942,1,2942
734,2026-02-03,Sports,Bangalore,1270,9,11430
735,2024-07-17,Electronics,Chennai,367,2,734
736,2026-05-04,Furniture,Chennai,3545,4,14180
737,2025-10-13,Furniture,Bangalore,4551,3,13653
738,2025-05-14,Electronics,Chennai,669,6,4014
739,2025-09-09,Sports,Hyderabad,768,7,5376
740,2026-02-19,Sports,Chennai,1473,4,5892
741,2025-08-09,Electronics,Delhi,4185,4,16740
742,2025-09-24,Electronics,Hyderabad,855,1,855
743,2025-03-23,Sports,Chennai,1030,6,6180
744,2024-10-16,Groceries,Bangalore,3424,9,30816
745,2025-06-08,Groceries,Hyderabad,679,8,5432
746,2025-06-30,Groceries,Hyderabad,212,10,2120
747,2025-05-04,Electronics,Delhi,717,7,5019
748,2024-12-05,Clothing,Chennai,2213,1,2213
749,2025-01-06,Electronics,Delhi,3259,5,16295
750,2025-02-19,Groceries,Mumbai,4422,10,44220
751,2024-07-31,Groceries,Bangalore,3005,4,12020
752,2025-07-24,Clothing,Chennai,156,4,624
753,2024-10-28,Sports,Delhi,3511,1,3511
754,2026-05-09,Groceries,Hyderabad,722,4,2888
755,2024-08-23,Sports,Bangalore,3241,2,6482
756,2025-06-09,Electronics,Bangalore,1020,8,8160
757,2025-03-28,Clothing,Chennai,1880,10,18800
758,2026-05-04,Furniture,Hyderabad,2416,7,16912
759,2024-08-26,Clothing,Delhi,2864,1,2864
760,2025-03-16,Sports,Bangalore,1231,10,12310
761,2026-04-26,Clothing,Mumbai,1565,6,9390
762,2026-02-24,Furniture,Delhi,1511,2,3022
763,2026-06-02,Sports,Delhi,848,1,848
764,2026-03-23,Groceries,Mumbai,2931,6,17586
765,2026-05-16,Clothing,Chennai,2606,9,23454
766,2025-12-27,Clothing,Bangalore,737,7,5159
767,2024-10-13,Electronics,Chennai,100,7,700
768,2025-12-28,Furniture,Mumbai,2825,10,28250
769,2025-07-26,Sports,Delhi,1023,5,5115
770,2024-12-06,Sports,Bangalore,326,2,652
771,2025-11-27,Clothing,Chennai,762,4,3048
772,2026-02-25,Clothing,Bangalore,1957,7,13699
773,2026-02-21,Groceries,Delhi,598,2,1196
774,2024-08-08,Furniture,Delhi,4438,6,26628
775,2025-06-03,Groceries,Chennai,1054,6,6324
776,2025-11-28,Electronics,Chennai,4562,1,4562
777,2026-02-12,Electronics,Mumbai,3389,6,20334
778,2025-03-03,Electronics,Chennai,4471,8,35768
779,2025-08-11,Electronics,Delhi,824,7,5768
780,2025-04-21,Groceries,Chennai,3153,2,6306
781,2026-01-19,Groceries,Hyderabad,3158,8,25264
782,2026-03-06,Sports,Hyderabad,1184,5,5920
783,2025-02-07,Electronics,Bangalore,3410,9,30690
784,2026-04-04,Electronics,Hyderabad,3691,6,22146
785,2025-03-02,Sports,Hyderabad,2129,8,17032
786,2025-10-29,Groceries,Bangalore,4789,7,33523
787,2025-08-16,Sports,Delhi,3809,9,34281
788,2025-04-28,Furniture,Chennai,4473,3,13419
789,2025-01-19,Furniture,Hyderabad,4926,1,4926
790,2025-10-22,Clothing,Bangalore,1789,3,5367
791,2024-10-30,Sports,Chennai,1684,9,15156
792,2026-01-27,Furniture,Delhi,2684,1,2684
793,2025-06-28,Clothing,Hyderabad,596,4,2384
794,2025-08-15,Sports,Delhi,2430,8,19440
795,2025-01-21,Sports,Delhi,3792,10,37920
796,2024-11-17,Electronics,Chennai,2996,7,20972
797,2024-11-23,Electronics,Mumbai,2829,1,2829
798,2026-01-29,Electronics,Bangalore,2187,1,2187
799,2025-06-04,Groceries,Bangalore,4162,7,29134
800,2024-07-13,Electronics,Delhi,852,4,3408
801,2025-09-11,Sports,Bangalore,4941,2,9882
802,2026-03-03,Sports,Chennai,1719,8,13752
803,2025-03-26,Electronics,Bangalore,414,5,2070
804,2025-07-01,Furniture,Mumbai,4344,7,30408
805,2025-01-18,Sports,Delhi,1085,9,9765
806,2026-04-09,Furniture,Hyderabad,872,9,7848
807,2024-10-22,Sports,Delhi,2405,6,14430
808,2026-05-10,Groceries,Hyderabad,1247,6,7482
809,2026-02-08,Electronics,Hyderabad,608,7,4256
810,2024-10-21,Electronics,Hyderabad,4532,9,40788
811,2024-08-20,Electronics,Mumbai,4211,4,16844
812,2024-11-22,Clothing,Delhi,2458,9,22122
813,2025-06-25,Groceries,Hyderabad,2912,4,11648
814,2025-06-27,Sports,Mumbai,502,3,1506
815,2025-03-17,Electronics,Delhi,4780,6,28680
816,2025-11-17,Furniture,Mumbai,3222,8,25776
817,2026-03-11,Electronics,Chennai,3872,1,3872
818,2024-08-10,Furniture,Bangalore,825,1,825
819,2025-01-08,Sports,Delhi,2091,4,8364
820,2024-07-29,Clothing,Hyderabad,3936,7,27552
821,2025-01-06,Groceries,Chennai,1400,5,7000
822,2024-07-04,Electronics,Mumbai,4345,8,34760
823,2026-06-05,Sports,Chennai,2964,10,29640
824,2024-11-01,Electronics,Delhi,1717,6,10302
825,2025-02-22,Clothing,Hyderabad,899,5,4495
826,2026-05-19,Sports,Chennai,2755,4,11020
827,2024-12-31,Electronics,Bangalore,214,5,1070
828,2025-09-06,Groceries,Bangalore,618,8,4944
829,2025-01-20,Furniture,Delhi,4246,1,4246
830,2025-12-25,Groceries,Hyderabad,3118,3,9354
831,2025-04-08,Sports,Bangalore,788,8,6304
832,2025-09-30,Furniture,Chennai,557,2,1114
833,2024-07-17,Sports,Chennai,1751,2,3502
834,2026-01-02,Groceries,Mumbai,697,5,3485
835,2025-09-10,Clothing,Delhi,721,3,2163
836,2026-05-04,Electronics,Hyderabad,1726,6,10356
837,2024-08-22,Sports,Hyderabad,2835,1,2835
838,2025-06-12,Electronics,Mumbai,4205,3,12615
839,2025-01-29,Electronics,Mumbai,2947,8,23576
840,2025-04-22,Electronics,Hyderabad,712,2,1424
841,2026-01-08,Sports,Mumbai,901,6,5406
842,2026-03-06,Electronics,Bangalore,3993,6,23958
843,2025-01-03,Electronics,Mumbai,2288,1,2288
844,2024-08-01,Clothing,Hyderabad,4241,4,16964
845,2024-07-27,Sports,Hyderabad,4995,3,14985
846,2024-08-20,Furniture,Delhi,3994,9,35946
847,2026-05-21,Electronics,Chennai,626,9,5634
848,2024-10-23,Sports,Chennai,115,8,920
849,2024-10-14,Sports,Chennai,2162,9,19458
850,2026-03-17,Clothing,Hyderabad,1541,3,4623
851,2024-09-07,Furniture,Chennai,3556,2,7112
852,2025-09-20,Groceries,Chennai,355,8,2840
853,2026-01-03,Clothing,Chennai,2044,4,8176
854,2026-05-03,Clothing,Mumbai,2233,10,22330
855,2024-12-01,Electronics,Delhi,924,1,924
856,2026-01-06,Sports,Delhi,3849,4,15396
857,2025-03-27,Sports,Bangalore,3551,9,31959
858,2025-02-25,Groceries,Chennai,1140,6,6840
859,2025-06-21,Electronics,Bangalore,539,5,2695
860,2025-03-12,Groceries,Bangalore,4096,10,40960
861,2024-12-23,Sports,Chennai,4366,7,30562
862,2024-07-23,Electronics,Hyderabad,1428,10,14280
863,2026-06-14,Clothing,Mumbai,114,4,456
864,2025-02-22,Sports,Bangalore,3527,10,35270
865,2025-09-19,Sports,Chennai,3402,2,6804
866,2024-11-02,Furniture,Bangalore,3666,9,32994
867,2025-06-18,Sports,Mumbai,3749,9,33741
868,2024-11-10,Sports,Bangalore,3847,4,15388
869,2024-07-03,Clothing,Bangalore,344,7,2408
870,2026-04-15,Clothing,Bangalore,1366,9,12294
871,2025-06-29,Furniture,Mumbai,4283,5,21415
872,2025-08-13,Sports,Chennai,1154,2,2308
873,2026-05-17,Groceries,Mumbai,192,8,1536
874,2025-03-31,Furniture,Bangalore,2689,4,10756
875,2025-06-19,Clothing,Hyderabad,1714,1,1714
876,2026-06-06,Clothing,Hyderabad,1198,3,3594
877,2026-04-13,Furniture,Chennai,3479,7,24353
878,2025-07-10,Clothing,Chennai,4428,1,4428
879,2025-10-06,Sports,Hyderabad,3883,8,31064
880,2025-07-02,Electronics,Delhi,2851,3,8553
881,2025-03-03,Furniture,Bangalore,2315,4,9260
882,2024-12-01,Furniture,Mumbai,1865,1,1865
883,2024-10-08,Furniture,Mumbai,1298,1,1298
884,2025-10-29,Furniture,Delhi,356,2,712
885,2025-11-29,Groceries,Bangalore,4852,9,43668
886,2024-08-31,Groceries,Mumbai,4250,5,21250
887,2025-06-27,Electronics,Hyderabad,1109,1,1109
888,2025-12-19,Groceries,Mumbai,1635,2,3270
889,2024-09-03,Electronics,Hyderabad,2201,8,17608
890,2025-01-26,Groceries,Mumbai,4436,10,44360
891,2024-10-24,Furniture,Mumbai,4081,2,8162
892,2026-02-03,Furniture,Chennai,1681,6,10086
893,2025-07-09,Furniture,Hyderabad,3773,1,3773
894,2025-06-10,Sports,Mumbai,2858,1,2858
895,2025-03-17,Clothing,Hyderabad,3219,3,9657
896,2025-11-19,Clothing,Chennai,880,3,2640
897,2025-09-02,Sports,Delhi,2641,7,18487
898,2025-04-02,Groceries,Hyderabad,4006,3,12018
899,2025-05-02,Clothing,Chennai,2133,2,4266
900,2025-05-01,Sports,Chennai,3547,2,7094
901,2026-01-23,Sports,Bangalore,1907,9,17163
902,2025-07-15,Clothing,Chennai,1004,3,3012
903,2026-06-19,Groceries,Hyderabad,4026,2,8052
904,2025-08-04,Sports,Hyderabad,1163,7,8141
905,2025-11-23,Sports,Delhi,979,3,2937
906,2026-03-28,Sports,Chennai,1427,1,1427
907,2024-09-09,Furniture,Hyderabad,2773,5,13865
908,2026-06-22,Electronics,Bangalore,2085,10,20850
909,2026-03-18,Furniture,Chennai,1394,6,8364
910,2024-09-22,Furniture,Bangalore,4903,2,9806
911,2024-08-18,Electronics,Mumbai,3691,8,29528
912,2025-01-21,Groceries,Chennai,4101,10,41010
913,2025-02-27,Sports,Hyderabad,3353,1,3353
914,2024-11-03,Groceries,Chennai,3564,7,24948
915,2026-01-12,Clothing,Delhi,562,7,3934
916,2025-11-09,Clothing,Hyderabad,3588,9,32292
917,2025-05-13,Groceries,Delhi,2117,2,4234
918,2024-11-11,Groceries,Chennai,2835,3,8505
919,2025-11-19,Furniture,Chennai,3795,3,11385
920,2025-12-04,Clothing,Bangalore,3910,1,3910
921,2026-01-27,Furniture,Delhi,196,3,588
922,2024-09-30,Groceries,Hyderabad,625,1,625
923,2025-04-02,Electronics,Bangalore,2456,3,7368
924,2025-06-23,Sports,Bangalore,133,2,266
925,2026-02-16,Clothing,Chennai,3998,7,27986
926,2025-10-20,Sports,Hyderabad,3847,8,30776
927,2025-12-07,Clothing,Bangalore,367,4,1468
928,2025-04-11,Sports,Mumbai,4272,6,25632
929,2026-02-14,Groceries,Hyderabad,1463,5,7315
930,2025-11-05,Sports,Delhi,1153,2,2306
931,2025-12-22,Sports,Hyderabad,2078,3,6234
932,2025-03-14,Furniture,Chennai,3267,4,13068
933,2024-08-01,Groceries,Bangalore,3542,10,35420
934,2025-12-14,Groceries,Delhi,2533,6,15198
935,2025-01-10,Sports,Bangalore,218,2,436
936,2026-04-09,Sports,Delhi,1198,7,8386
937,2026-03-10,Sports,Delhi,3954,8,31632
938,2024-12-05,Electronics,Delhi,2718,9,24462
939,2024-08-03,Groceries,Delhi,163,10,1630
940,2025-03-14,Sports,Hyderabad,2541,9,22869
941,2024-12-30,Electronics,Delhi,1838,6,11028
942,2024-11-02,Sports,Delhi,2663,4,10652
943,2024-12-04,Furniture,Chennai,2422,7,16954
944,2024-07-21,Electronics,Chennai,2051,5,10255
945,2024-08-16,Sports,Hyderabad,2024,6,12144
946,2026-03-22,Electronics,Mumbai,3320,8,26560
947,2024-10-23,Sports,Chennai,4418,6,26508
948,2025-09-29,Sports,Hyderabad,2011,7,14077
949,2025-01-19,Furniture,Hyderabad,3260,5,16300
950,2025-04-08,Electronics,Mumbai,2262,10,22620
951,2026-03-27,Sports,Bangalore,4220,2,8440
952,2026-02-04,Groceries,Chennai,3125,1,3125
953,2024-09-04,Groceries,Mumbai,3881,10,38810
954,2026-03-22,Groceries,Hyderabad,129,1,129
955,2026-02-06,Sports,Mumbai,1110,9,9990
956,2024-09-02,Electronics,Delhi,150,7,1050
957,2025-08-23,Groceries,Hyderabad,2872,6,17232
958,2025-10-12,Groceries,Hyderabad,3329,8,26632
959,2025-01-03,Sports,Bangalore,4331,7,30317
960,2025-01-10,Sports,Mumbai,494,10,4940
961,2025-03-16,Clothing,Delhi,2831,10,28310
962,2026-02-15,Clothing,Delhi,2148,4,8592
963,2025-04-17,Furniture,Hyderabad,3074,2,6148
964,2025-01-14,Electronics,Bangalore,4678,7,32746
965,2026-05-25,Clothing,Chennai,4788,10,47880
966,2026-05-08,Electronics,Hyderabad,2545,5,12725
967,2024-11-02,Sports,Delhi,2464,7,17248
968,2025-06-16,Furniture,Bangalore,2139,7,14973
969,2024-12-07,Furniture,Chennai,4706,1,4706
970,2025-01-15,Electronics,Delhi,4273,10,42730
971,2026-06-27,Electronics,Bangalore,525,3,1575
972,2024-07-17,Sports,Mumbai,2695,1,2695
973,2026-03-31,Electronics,Mumbai,2216,9,19944
974,2024-08-10,Furniture,Hyderabad,371,3,1113
975,2026-02-18,Sports,Bangalore,1218,1,1218
976,2024-09-25,Electronics,Mumbai,4239,3,12717
977,2026-04-02,Clothing,Bangalore,2145,3,6435
978,2024-12-08,Groceries,Chennai,4759,3,14277
979,2025-09-13,Electronics,Bangalore,273,2,546
980,2024-09-08,Clothing,Chennai,4267,6,25602
981,2024-11-16,Electronics,Hyderabad,3336,4,13344
982,2024-12-09,Electronics,Mumbai,2532,10,25320
983,2024-09-15,Sports,Delhi,2280,7,15960
984,2024-11-14,Sports,Bangalore,662,4,2648
985,2025-06-19,Clothing,Hyderabad,579,7,4053
986,2025-03-23,Electronics,Hyderabad,3466,7,24262
987,2024-10-13,Sports,Bangalore,1091,6,6546
988,2024-07-19,Sports,Bangalore,3896,4,15584
989,2025-04-25,Sports,Mumbai,3934,6,23604
990,2024-07-15,Groceries,Bangalore,4466,4,17864
991,2026-01-26,Clothing,Hyderabad,4076,7,28532
992,2025-05-11,Electronics,Chennai,2329,1,2329
993,2025-04-21,Furniture,Bangalore,4169,10,41690
994,2026-01-03,Sports,Delhi,2956,5,14780
995,2026-06-02,Groceries,Chennai,113,8,904
996,2026-03-06,Furniture,Chennai,1517,8,12136
997,2026-02-06,Electronics,Chennai,2636,8,21088
998,2025-01-28,Clothing,Bangalore,2353,2,4706
999,2025-07-16,Furniture,Bangalore,4248,6,25488
1000,2024-09-02,Groceries,Bangalore,1663,1,1663
1001,2024-08-30,Electronics,Mumbai,3210,9,28890
1002,2026-05-29,Electronics,Delhi,2374,9,21366
1003,2026-04-01,Electronics,Bangalore,1448,10,14480
1004,2025-04-19,Sports,Delhi,1181,8,9448
1005,2025-07-14,Clothing,Chennai,4130,4,16520
1006,2025-12-22,Clothing,Chennai,3067,6,18402
1007,2025-11-30,Electronics,Chennai,4355,1,4355
1008,2024-10-08,Furniture,Mumbai,3593,9,32337
1009,2024-07-30,Furniture,Delhi,2457,9,22113
1010,2024-10-25,Electronics,Bangalore,4907,9,44163
1011,2025-01-28,Electronics,Mumbai,4064,10,40640
1012,2025-12-20,Groceries,Chennai,2204,8,17632
1013,2026-05-05,Groceries,Bangalore,1117,6,6702
1014,2025-05-17,Electronics,Hyderabad,4551,10,45510
1015,2025-04-04,Clothing,Bangalore,2295,7,16065
1016,2025-05-21,Furniture,Hyderabad,1549,3,4647
1017,2025-05-07,Furniture,Mumbai,3125,5,15625
1018,2025-03-03,Clothing,Bangalore,1325,1,1325
1019,2026-02-07,Electronics,Hyderabad,1588,4,6352
1020,2026-06-16,Clothing,Delhi,4485,5,22425
1021,2025-02-02,Clothing,Delhi,663,4,2652
1022,2025-10-19,Clothing,Mumbai,1549,9,13941
1023,2025-09-23,Sports,Delhi,3986,5,19930
1024,2025-01-30,Furniture,Chennai,1788,8,14304
1025,2025-06-21,Groceries,Mumbai,4903,5,24515
1026,2025-10-10,Electronics,Hyderabad,3528,5,17640
1027,2026-03-28,Furniture,Mumbai,4872,4,19488
1028,2026-04-23,Groceries,Delhi,1122,10,11220
1029,2025-02-14,Furniture,Delhi,2868,5,14340
1030,2025-01-08,Sports,Chennai,1307,3,3921
1031,2026-04-15,Furniture,Hyderabad,3505,4,14020
1032,2024-10-01,Sports,Bangalore,450,4,1800
1033,2024-12-30,Sports,Hyderabad,421,2,842
1034,2025-02-02,Sports,Mumbai,541,10,5410
1035,2026-01-10,Sports,Bangalore,4593,6,27558
1036,2025-01-13,Furniture,Delhi,2468,2,4936
1037,2025-01-02,Clothing,Mumbai,4243,6,25458
1038,2024-12-23,Electronics,Delhi,1151,6,6906
1039,2026-06-06,Groceries,Hyderabad,1196,7,8372
1040,2024-12-12,Sports,Mumbai,1151,2,2302
1041,2024-10-27,Sports,Bangalore,2706,4,10824
1042,2025-02-10,Sports,Bangalore,1699,9,15291
1043,2025-03-22,Groceries,Mumbai,575,3,1725
1044,2025-06-24,Groceries,Hyderabad,3869,8,30952
1045,2025-11-05,Groceries,Bangalore,3265,9,29385
1046,2026-05-29,Groceries,Mumbai,666,7,4662
1047,2025-09-30,Electronics,Mumbai,3136,3,9408
1048,2025-04-29,Electronics,Mumbai,2426,2,4852
1049,2025-04-17,Groceries,Bangalore,2431,9,21879
1050,2025-03-24,Electronics,Bangalore,164,4,656
1051,2025-01-18,Clothing,Chennai,378,8,3024
1052,2025-06-05,Electronics,Mumbai,1403,7,9821
1053,2025-04-10,Sports,Mumbai,3048,7,21336
1054,2025-03-05,Furniture,Chennai,4509,3,13527
1055,2026-01-20,Clothing,Delhi,1099,3,3297
1056,2024-08-15,Clothing,Mumbai,2487,8,19896
1057,2026-01-09,Clothing,Delhi,1492,9,13428
1058,2025-02-09,Furniture,Hyderabad,1766,8,14128
1059,2024-07-02,Groceries,Hyderabad,2407,4,9628
1060,2026-01-14,Furniture,Chennai,1353,1,1353
1061,2025-04-01,Groceries,Hyderabad,3958,2,7916
1062,2026-01-24,Electronics,Mumbai,4042,3,12126
1063,2024-07-06,Clothing,Bangalore,3529,3,10587
1064,2026-02-19,Sports,Hyderabad,2149,6,12894
1065,2025-01-13,Electronics,Bangalore,1935,6,11610
1066,2026-06-03,Clothing,Bangalore,3222,1,3222
1067,2025-11-17,Clothing,Bangalore,4074,7,28518
1068,2024-07-22,Clothing,Hyderabad,2547,3,7641
1069,2026-04-21,Furniture,Mumbai,2563,2,5126
1070,2025-03-09,Sports,Hyderabad,3446,9,31014
1071,2025-04-26,Sports,Bangalore,2603,10,26030
1072,2025-07-17,Clothing,Mumbai,1019,7,7133
1073,2025-04-15,Electronics,Chennai,1235,8,9880
1074,2026-03-08,Furniture,Bangalore,3817,10,38170
1075,2026-06-16,Clothing,Hyderabad,1213,10,12130
1076,2025-10-18,Sports,Bangalore,1086,2,2172
1077,2026-06-28,Sports,Delhi,1416,4,5664
1078,2026-05-30,Clothing,Hyderabad,1318,9,11862
1079,2026-04-25,Groceries,Chennai,4902,1,4902
1080,2025-02-16,Sports,Chennai,4966,2,9932
1081,2024-07-15,Electronics,Delhi,201,8,1608
1082,2024-08-18,Sports,Bangalore,2812,2,5624
1083,2026-03-30,Groceries,Delhi,1793,9,16137
1084,2025-01-24,Clothing,Mumbai,792,10,7920
1085,2025-10-01,Groceries,Delhi,627,3,1881
1086,2024-12-21,Sports,Hyderabad,3218,2,6436
1087,2024-09-16,Electronics,Delhi,815,7,5705
1088,2024-07-20,Groceries,Delhi,403,10,4030
1089,2026-03-26,Electronics,Delhi,3284,9,29556
1090,2025-02-03,Sports,Mumbai,697,10,6970
1091,2025-11-16,Electronics,Bangalore,3523,9,31707
1092,2026-02-19,Sports,Bangalore,4336,10,43360
1093,2025-03-23,Sports,Delhi,4187,3,12561
1094,2025-05-16,Clothing,Chennai,2455,1,2455
1095,2025-12-05,Clothing,Bangalore,3072,8,24576
1096,2025-07-05,Groceries,Hyderabad,2922,1,2922
1097,2025-05-14,Sports,Hyderabad,324,9,2916
1098,2025-05-16,Sports,Chennai,4619,3,13857
1099,2025-05-17,Clothing,Chennai,1185,9,10665
1100,2024-10-29,Furniture,Hyderabad,3506,2,7012
1101,2024-08-27,Sports,Chennai,2789,6,16734
1102,2025-08-31,Clothing,Bangalore,3694,8,29552
1103,2026-03-29,Clothing,Delhi,2099,4,8396
1104,2026-06-08,Clothing,Delhi,4291,4,17164
1105,2024-07-11,Clothing,Mumbai,4972,6,29832
1106,2025-06-28,Electronics,Hyderabad,1374,1,1374
1107,2025-01-10,Furniture,Bangalore,4443,7,31101
1108,2026-02-19,Clothing,Chennai,3619,8,28952
1109,2025-06-29,Electronics,Chennai,4309,9,38781
1110,2025-04-03,Sports,Chennai,2100,3,6300
1111,2024-10-17,Furniture,Mumbai,2785,2,5570
1112,2024-09-14,Furniture,Hyderabad,2264,6,13584
1113,2026-01-23,Sports,Delhi,4196,10,41960
1114,2024-08-25,Electronics,Bangalore,3361,4,13444
1115,2024-10-23,Clothing,Hyderabad,1920,4,7680
1116,2026-04-29,Groceries,Chennai,4074,9,36666
1117,2025-10-22,Electronics,Hyderabad,3632,4,14528
1118,2026-03-17,Sports,Delhi,2126,1,2126
1119,2025-03-01,Furniture,Delhi,1388,3,4164
1120,2025-04-18,Clothing,Hyderabad,1409,8,11272
1121,2024-07-21,Groceries,Hyderabad,1118,2,2236
1122,2026-01-25,Electronics,Bangalore,4401,2,8802
1123,2025-06-10,Groceries,Chennai,2317,10,23170
1124,2025-02-23,Groceries,Delhi,1073,5,5365
1125,2025-03-15,Electronics,Delhi,2883,8,23064
1126,2024-10-18,Groceries,Mumbai,839,8,6712
1127,2024-12-20,Clothing,Delhi,1236,7,8652
1128,2026-06-11,Electronics,Bangalore,3698,10,36980
1129,2024-07-09,Clothing,Delhi,1839,3,5517
1130,2025-03-28,Groceries,Mumbai,4745,9,42705
1131,2024-08-27,Furniture,Delhi,387,5,1935
1132,2025-12-21,Sports,Chennai,3795,5,18975
1133,2024-12-08,Sports,Mumbai,3338,6,20028
1134,2024-12-03,Clothing,Mumbai,2094,7,14658
1135,2024-10-29,Furniture,Chennai,4739,10,47390
1136,2025-07-29,Clothing,Bangalore,4806,9,43254
1137,2026-04-06,Clothing,Delhi,1963,1,1963
1138,2025-09-15,Electronics,Mumbai,4741,4,18964
1139,2025-09-21,Furniture,Bangalore,3835,1,3835
1140,2026-03-16,Furniture,Bangalore,433,4,1732
1141,2025-08-17,Clothing,Mumbai,4749,3,14247
1142,2026-05-16,Clothing,Bangalore,240,5,1200
1143,2024-11-15,Electronics,Bangalore,4383,3,13149
1144,2025-02-05,Groceries,Mumbai,4239,6,25434
1145,2026-01-21,Electronics,Hyderabad,2519,6,15114
1146,2024-12-19,Furniture,Chennai,2542,1,2542
1147,2025-11-17,Furniture,Hyderabad,294,7,2058
1148,2025-03-08,Electronics,Delhi,2529,6,15174
1149,2024-12-08,Sports,Delhi,4630,8,37040
1150,2025-05-12,Furniture,Delhi,3537,8,28296
1151,2026-05-06,Furniture,Chennai,3702,8,29616
1152,2025-12-08,Sports,Hyderabad,2261,7,15827
1153,2026-04-02,Clothing,Chennai,2485,4,9940
1154,2025-02-03,Clothing,Mumbai,1256,2,2512
1155,2025-07-09,Furniture,Bangalore,1532,10,15320
1156,2025-04-16,Sports,Delhi,1988,4,7952
1157,2024-09-07,Sports,Bangalore,4568,7,31976
1158,2024-08-22,Electronics,Hyderabad,667,5,3335
1159,2025-01-10,Clothing,Hyderabad,707,8,5656
1160,2024-09-24,Sports,Bangalore,4370,9,39330
1161,2026-01-06,Sports,Delhi,2119,2,4238
1162,2025-10-25,Furniture,Mumbai,3240,2,6480
1163,2025-04-06,Sports,Delhi,2664,9,23976
1164,2025-04-30,Groceries,Chennai,4104,7,28728
1165,2024-08-29,Sports,Delhi,4712,10,47120
1166,2025-03-11,Electronics,Delhi,4557,6,27342
1167,2024-11-30,Clothing,Bangalore,3531,5,17655
1168,2025-03-31,Electronics,Bangalore,2970,5,14850
1169,2024-07-15,Sports,Delhi,1229,4,4916
1170,2026-06-04,Clothing,Hyderabad,810,10,8100
1171,2026-05-27,Groceries,Chennai,1261,3,3783
1172,2026-04-18,Groceries,Chennai,2352,5,11760
1173,2025-10-16,Clothing,Mumbai,3424,6,20544
1174,2025-05-03,Sports,Chennai,1082,7,7574
1175,2025-05-05,Groceries,Mumbai,798,3,2394
1176,2025-08-04,Sports,Chennai,1111,3,3333
1177,2025-02-03,Groceries,Chennai,3466,10,34660
1178,2026-01-03,Sports,Chennai,4224,4,16896
1179,2024-10-28,Furniture,Hyderabad,1965,3,5895
1180,2024-11-11,Furniture,Chennai,3267,8,26136
1181,2025-12-12,Clothing,Bangalore,466,10,4660
1182,2025-03-09,Clothing,Mumbai,4705,6,28230
1183,2024-08-31,Clothing,Mumbai,2419,4,9676
1184,2025-05-01,Electronics,Delhi,2852,1,2852
1185,2025-03-26,Furniture,Bangalore,4569,5,22845
1186,2024-07-19,Furniture,Delhi,4671,4,18684
1187,2025-06-10,Clothing,Hyderabad,3056,5,15280
1188,2025-07-23,Groceries,Delhi,4747,6,28482
1189,2025-07-06,Furniture,Bangalore,1863,7,13041
1190,2024-11-19,Groceries,Chennai,3727,7,26089
1191,2026-06-24,Sports,Mumbai,2616,9,23544
1192,2024-12-17,Electronics,Bangalore,2719,10,27190
1193,2025-07-08,Furniture,Mumbai,2802,3,8406
1194,2026-06-25,Clothing,Chennai,2073,2,4146
1195,2025-08-17,Groceries,Delhi,3213,7,22491
1196,2025-12-16,Groceries,Hyderabad,3093,8,24744
1197,2025-02-26,Sports,Mumbai,4419,3,13257
1198,2025-07-24,Clothing,Hyderabad,1406,3,4218
1199,2025-06-28,Sports,Chennai,101,2,202
1200,2026-04-18,Clothing,Hyderabad,2297,9,20673
1201,2025-08-30,Sports,Mumbai,1926,6,11556
1202,2025-08-19,Electronics,Bangalore,1907,6,11442
1203,2024-12-10,Electronics,Hyderabad,4980,3,14940
1204,2025-05-19,Electronics,Hyderabad,1049,8,8392
1205,2024-11-09,Sports,Bangalore,1569,5,7845
1206,2024-09-23,Electronics,Mumbai,3278,10,32780
1207,2025-02-16,Furniture,Chennai,948,3,2844
1208,2026-03-03,Groceries,Delhi,4433,9,39897
1209,2025-06-06,Clothing,Hyderabad,986,4,3944
1210,2026-06-19,Furniture,Chennai,3119,7,21833
1211,2024-11-26,Sports,Bangalore,2854,10,28540
1212,2025-05-05,Electronics,Bangalore,2242,8,17936
1213,2025-06-11,Electronics,Mumbai,3902,2,7804
1214,2025-11-23,Sports,Chennai,182,3,546
1215,2024-09-02,Furniture,Chennai,4028,3,12084
1216,2025-09-22,Furniture,Bangalore,184,10,1840
1217,2025-02-26,Furniture,Mumbai,4341,10,43410
1218,2025-07-29,Sports,Chennai,2224,3,6672
1219,2025-02-12,Furniture,Hyderabad,1361,5,6805
1220,2025-03-01,Sports,Bangalore,4998,6,29988
1221,2024-11-20,Groceries,Delhi,287,7,2009
1222,2026-05-04,Electronics,Bangalore,3511,10,35110
1223,2024-09-20,Clothing,Hyderabad,3046,8,24368
1224,2024-07-31,Furniture,Bangalore,1383,7,9681
1225,2025-06-28,Groceries,Bangalore,1185,8,9480
1226,2025-06-04,Clothing,Hyderabad,3143,3,9429
1227,2026-04-17,Furniture,Delhi,4178,4,16712
1228,2025-05-08,Clothing,Hyderabad,4194,6,25164
1229,2025-09-11,Furniture,Delhi,2194,3,6582
1230,2025-09-28,Sports,Bangalore,3436,9,30924
1231,2024-12-01,Clothing,Hyderabad,4113,10,41130
1232,2026-05-29,Clothing,Hyderabad,4532,5,22660
1233,2025-06-23,Furniture,Hyderabad,4627,2,9254
1234,2026-06-22,Furniture,Mumbai,2507,6,15042
1235,2025-05-23,Groceries,Mumbai,1542,2,3084
1236,2025-12-02,Electronics,Bangalore,4720,7,33040
1237,2024-12-29,Groceries,Mumbai,2499,8,19992
1238,2026-01-27,Groceries,Mumbai,4736,1,4736
1239,2024-12-25,Groceries,Bangalore,2667,5,13335
1240,2025-11-17,Sports,Chennai,4928,5,24640
1241,2025-04-22,Furniture,Bangalore,1972,3,5916
1242,2026-02-16,Groceries,Delhi,1193,7,8351
1243,2025-04-17,Clothing,Delhi,1696,4,6784
1244,2024-09-10,Electronics,Bangalore,2725,7,19075
1245,2025-02-11,Electronics,Mumbai,4980,6,29880
1246,2024-10-19,Furniture,Delhi,2185,7,15295
1247,2026-03-13,Groceries,Mumbai,1359,6,8154
1248,2025-11-05,Furniture,Hyderabad,1622,10,16220
1249,2024-07-24,Sports,Hyderabad,3698,8,29584
1250,2025-11-18,Groceries,Mumbai,356,4,1424
1251,2024-09-25,Groceries,Delhi,992,4,3968
1252,2025-10-24,Furniture,Hyderabad,2213,3,6639
1253,2025-01-01,Electronics,Delhi,3540,5,17700
1254,2024-12-14,Sports,Chennai,2248,6,13488
1255,2026-06-17,Electronics,Hyderabad,972,2,1944
1256,2025-01-17,Electronics,Bangalore,1979,8,15832
1257,2026-04-01,Groceries,Mumbai,2080,8,16640
1258,2025-06-29,Furniture,Mumbai,1554,9,13986
1259,2024-12-10,Sports,Delhi,4283,9,38547
1260,2024-12-26,Sports,Mumbai,1707,2,3414
1261,2026-06-17,Furniture,Delhi,2381,7,16667
1262,2026-03-05,Groceries,Chennai,1886,1,1886
1263,2025-03-16,Clothing,Delhi,4764,6,28584
1264,2024-07-29,Clothing,Bangalore,1121,6,6726
1265,2025-03-28,Groceries,Delhi,3184,1,3184
1266,2025-07-02,Electronics,Hyderabad,1345,1,1345
1267,2025-12-08,Electronics,Chennai,3152,8,25216
1268,2025-08-06,Electronics,Mumbai,3583,6,21498
1269,2024-07-22,Clothing,Chennai,1618,8,12944
1270,2025-02-04,Sports,Delhi,3117,7,21819
1271,2025-09-17,Electronics,Chennai,4542,8,36336
1272,2025-01-28,Electronics,Mumbai,1366,3,4098
1273,2025-05-14,Electronics,Bangalore,2199,8,17592
1274,2025-03-17,Furniture,Bangalore,1607,4,6428
1275,2025-07-28,Furniture,Mumbai,541,4,2164
1276,2026-04-14,Electronics,Hyderabad,4367,6,26202
1277,2024-12-11,Sports,Hyderabad,4957,1,4957
1278,2025-08-30,Furniture,Bangalore,4587,2,9174
1279,2025-06-08,Groceries,Chennai,3397,8,27176
1280,2024-11-26,Electronics,Bangalore,3659,4,14636
1281,2024-08-02,Groceries,Chennai,1209,10,12090
1282,2026-04-06,Electronics,Chennai,1300,8,10400
1283,2026-04-15,Furniture,Chennai,3694,9,33246
1284,2025-07-06,Electronics,Delhi,3440,9,30960
1285,2025-02-26,Electronics,Delhi,3281,1,3281
1286,2025-10-22,Furniture,Mumbai,3370,7,23590
1287,2025-12-16,Furniture,Bangalore,4410,4,17640
1288,2026-04-05,Clothing,Hyderabad,4253,6,25518
1289,2025-08-22,Groceries,Hyderabad,2353,5,11765
1290,2025-05-10,Clothing,Delhi,4141,9,37269
1291,2025-08-22,Sports,Bangalore,4697,5,23485
1292,2025-04-07,Furniture,Mumbai,1312,9,11808
1293,2024-11-12,Furniture,Bangalore,4127,7,28889
1294,2024-07-28,Furniture,Bangalore,4544,1,4544
1295,2025-11-10,Groceries,Chennai,2084,9,18756
1296,2026-05-20,Sports,Bangalore,2701,6,16206
1297,2025-10-25,Electronics,Chennai,3571,2,7142
1298,2026-03-26,Groceries,Delhi,663,7,4641
1299,2025-04-11,Groceries,Delhi,1854,4,7416
1300,2025-12-26,Electronics,Bangalore,3803,1,3803
1301,2025-09-18,Groceries,Delhi,3449,7,24143
1302,2025-08-27,Clothing,Delhi,4056,10,40560
1303,2025-08-16,Sports,Hyderabad,1988,4,7952
1304,2025-08-04,Furniture,Mumbai,3648,8,29184
1305,2025-11-24,Electronics,Chennai,2855,6,17130
1306,2026-04-11,Clothing,Delhi,3223,3,9669
1307,2026-05-23,Electronics,Bangalore,2721,2,5442
1308,2025-10-21,Sports,Mumbai,671,3,2013
1309,2024-08-16,Sports,Mumbai,4854,6,29124
1310,2025-12-25,Furniture,Hyderabad,4477,10,44770
1311,2026-03-07,Clothing,Delhi,3984,2,7968
1312,2024-07-28,Clothing,Hyderabad,3945,7,27615
1313,2025-09-01,Sports,Delhi,1597,1,1597
1314,2025-12-29,Clothing,Hyderabad,1625,3,4875
1315,2024-10-09,Groceries,Delhi,2234,7,15638
1316,2024-08-17,Electronics,Hyderabad,981,3,2943
1317,2024-09-07,Electronics,Hyderabad,924,7,6468
1318,2024-11-21,Clothing,Delhi,2939,6,17634
1319,2025-05-14,Clothing,Delhi,960,5,4800
1320,2024-11-08,Clothing,Chennai,2426,8,19408
1321,2024-08-01,Furniture,Delhi,1764,10,17640
1322,2026-06-22,Sports,Hyderabad,3676,6,22056
1323,2026-02-02,Clothing,Bangalore,1002,1,1002
1324,2024-12-29,Groceries,Mumbai,3366,7,23562
1325,2024-12-04,Sports,Mumbai,4883,5,24415
1326,2024-10-31,Clothing,Chennai,4057,2,8114
1327,2025-08-26,Sports,Mumbai,4592,9,41328
1328,2024-08-18,Sports,Hyderabad,1681,6,10086
1329,2025-08-21,Furniture,Delhi,592,10,5920
1330,2025-06-14,Groceries,Mumbai,2945,9,26505
1331,2026-01-12,Sports,Delhi,3493,4,13972
1332,2025-01-18,Electronics,Delhi,2775,6,16650
1333,2026-02-14,Sports,Hyderabad,2409,8,19272
1334,2025-10-21,Electronics,Chennai,2660,6,15960
1335,2024-09-04,Furniture,Hyderabad,993,6,5958
1336,2025-11-26,Sports,Chennai,497,2,994
1337,2026-06-14,Sports,Bangalore,1373,1,1373
1338,2026-06-14,Furniture,Hyderabad,3244,4,12976
1339,2024-09-14,Electronics,Mumbai,1132,1,1132
1340,2025-07-22,Sports,Hyderabad,2838,4,11352
1341,2025-09-08,Clothing,Hyderabad,3179,4,12716
1342,2024-08-27,Sports,Delhi,881,7,6167
1343,2025-03-01,Clothing,Chennai,1591,1,1591
1344,2026-01-14,Sports,Chennai,4605,7,32235
1345,2024-10-01,Groceries,Bangalore,4803,9,43227
1346,2024-08-25,Furniture,Delhi,271,8,2168
1347,2026-02-23,Electronics,Hyderabad,1023,10,10230
1348,2026-06-11,Groceries,Delhi,4841,8,38728
1349,2024-10-09,Furniture,Hyderabad,866,3,2598
1350,2025-07-29,Furniture,Mumbai,4721,7,33047
1351,2025-08-28,Furniture,Chennai,2139,4,8556
1352,2026-01-02,Clothing,Mumbai,2699,1,2699
1353,2025-08-02,Sports,Chennai,3605,4,14420
1354,2025-05-05,Groceries,Delhi,865,2,1730
1355,2026-06-03,Furniture,Chennai,127,2,254
1356,2025-10-16,Electronics,Bangalore,723,10,7230
1357,2025-11-18,Electronics,Hyderabad,3036,7,21252
1358,2024-12-12,Groceries,Delhi,1054,1,1054
1359,2026-06-16,Electronics,Mumbai,1142,8,9136
1360,2026-03-27,Clothing,Chennai,401,7,2807
1361,2026-04-16,Electronics,Mumbai,1947,10,19470
1362,2025-09-04,Electronics,Delhi,1529,4,6116
1363,2024-08-21,Furniture,Chennai,3374,7,23618
1364,2025-05-04,Furniture,Delhi,1164,8,9312
1365,2026-05-20,Clothing,Hyderabad,4994,7,34958
1366,2024-08-10,Furniture,Hyderabad,3633,9,32697
1367,2026-01-31,Electronics,Hyderabad,2205,6,13230
1368,2024-11-19,Groceries,Delhi,2952,1,2952
1369,2025-01-11,Sports,Delhi,3688,2,7376
1370,2026-03-24,Groceries,Bangalore,2739,8,21912
1371,2025-05-18,Groceries,Bangalore,1521,1,1521
1372,2026-04-30,Sports,Mumbai,2520,2,5040
1373,2026-01-19,Electronics,Delhi,2568,10,25680
1374,2025-06-09,Furniture,Mumbai,2201,5,11005
1375,2025-03-28,Clothing,Bangalore,3705,7,25935
1376,2025-04-09,Sports,Delhi,3833,4,15332
1377,2025-08-04,Sports,Mumbai,1696,4,6784
1378,2026-03-12,Groceries,Mumbai,703,1,703
1379,2025-06-12,Groceries,Hyderabad,2131,4,8524
1380,2026-03-03,Clothing,Mumbai,2477,6,14862
1381,2025-03-31,Clothing,Mumbai,3162,10,31620
1382,2025-08-29,Furniture,Mumbai,969,6,5814
1383,2025-05-20,Furniture,Bangalore,2196,10,21960
1384,2026-04-14,Electronics,Delhi,3398,4,13592
1385,2025-01-10,Groceries,Hyderabad,1750,3,5250
1386,2025-03-31,Electronics,Bangalore,3523,1,3523
1387,2025-04-03,Clothing,Chennai,3572,1,3572
1388,2025-10-01,Clothing,Hyderabad,1376,6,8256
1389,2024-12-27,Electronics,Bangalore,2266,4,9064
1390,2025-08-17,Clothing,Hyderabad,191,3,573
1391,2026-05-08,Electronics,Bangalore,1887,1,1887
1392,2025-01-11,Sports,Hyderabad,4701,7,32907
1393,2024-07-27,Sports,Delhi,3803,3,11409
1394,2024-10-13,Groceries,Bangalore,1984,8,15872
1395,2026-02-23,Furniture,Hyderabad,3471,1,3471
1396,2026-06-10,Furniture,Hyderabad,4458,1,4458
1397,2025-07-18,Electronics,Delhi,2039,9,18351
1398,2025-09-07,Sports,Delhi,1033,8,8264
1399,2024-10-23,Clothing,Bangalore,707,6,4242
1400,2026-04-02,Furniture,Mumbai,142,9,1278
1401,2025-04-03,Clothing,Chennai,3146,8,25168
1402,2024-12-02,Electronics,Mumbai,4689,10,46890
1403,2025-05-21,Sports,Chennai,966,7,6762
1404,2026-05-11,Furniture,Chennai,4773,6,28638
1405,2025-01-08,Groceries,Mumbai,3215,8,25720
1406,2025-02-28,Furniture,Mumbai,554,3,1662
1407,2025-02-02,Groceries,Delhi,3684,5,18420
1408,2025-05-12,Groceries,Delhi,1682,5,8410
1409,2025-07-03,Furniture,Mumbai,2195,2,4390
1410,2025-01-17,Sports,Chennai,1235,6,7410
1411,2025-08-06,Clothing,Mumbai,3569,7,24983
1412,2025-08-07,Furniture,Mumbai,1383,7,9681
1413,2026-03-10,Furniture,Mumbai,2003,6,12018
1414,2025-10-11,Clothing,Hyderabad,2544,5,12720
1415,2025-08-01,Clothing,Hyderabad,700,3,2100
1416,2025-02-15,Clothing,Chennai,2119,10,21190
1417,2026-03-11,Clothing,Delhi,2712,7,18984
1418,2025-05-09,Groceries,Bangalore,2820,9,25380
1419,2025-12-19,Groceries,Chennai,1320,10,13200
1420,2024-08-15,Groceries,Mumbai,993,1,993
1421,2024-08-26,Clothing,Bangalore,1996,5,9980
1422,2024-10-09,Electronics,Bangalore,4145,9,37305
1423,2025-08-11,Clothing,Delhi,2744,1,2744
1424,2025-05-02,Sports,Hyderabad,2740,10,27400
1425,2024-10-06,Clothing,Chennai,258,3,774
1426,2025-04-10,Groceries,Delhi,4528,7,31696
1427,2024-07-21,Electronics,Hyderabad,4365,3,13095
1428,2025-10-05,Groceries,Chennai,4980,1,4980
1429,2025-09-11,Furniture,Delhi,828,7,5796
1430,2026-04-28,Clothing,Chennai,4414,9,39726
1431,2025-05-12,Furniture,Bangalore,4239,10,42390
1432,2025-05-05,Furniture,Hyderabad,538,7,3766
1433,2025-12-23,Groceries,Bangalore,2509,1,2509
1434,2026-02-19,Furniture,Bangalore,2399,10,23990
1435,2026-03-12,Electronics,Hyderabad,4812,7,33684
1436,2025-06-16,Sports,Hyderabad,4413,10,44130
1437,2024-12-16,Groceries,Chennai,468,2,936
1438,2024-10-14,Electronics,Hyderabad,1298,2,2596
1439,2025-12-20,Furniture,Chennai,3605,8,28840
1440,2026-05-18,Sports,Chennai,4539,3,13617
1441,2025-01-31,Sports,Chennai,4308,6,25848
1442,2024-12-24,Groceries,Bangalore,2680,3,8040
1443,2024-11-10,Sports,Mumbai,1582,2,3164
1444,2026-06-26,Electronics,Delhi,2442,1,2442
1445,2025-01-17,Clothing,Bangalore,800,7,5600
1446,2024-12-18,Electronics,Bangalore,3794,6,22764
1447,2024-12-05,Furniture,Chennai,4005,1,4005
1448,2024-12-07,Clothing,Delhi,1073,7,7511
1449,2025-05-22,Furniture,Mumbai,1269,3,3807
1450,2024-08-22,Clothing,Hyderabad,2673,2,5346
1451,2025-08-02,Sports,Bangalore,3731,1,3731
1452,2025-06-30,Groceries,Bangalore,3455,1,3455
1453,2026-04-27,Furniture,Delhi,1639,3,4917
1454,2025-03-22,Clothing,Mumbai,3462,6,20772
1455,2024-07-24,Furniture,Chennai,4433,1,4433
1456,2025-03-14,Furniture,Chennai,4776,6,28656
1457,2025-08-03,Furniture,Mumbai,1825,4,7300
1458,2025-10-26,Clothing,Bangalore,3434,1,3434
1459,2026-06-07,Sports,Hyderabad,1271,7,8897
1460,2026-02-01,Groceries,Delhi,3162,2,6324
1461,2026-06-12,Sports,Mumbai,4787,9,43083
1462,2026-04-27,Sports,Delhi,1700,10,17000
1463,2025-09-28,Furniture,Chennai,2672,9,24048
1464,2025-07-06,Electronics,Hyderabad,2815,5,14075
1465,2025-10-29,Sports,Mumbai,912,8,7296
1466,2024-11-21,Furniture,Hyderabad,4869,9,43821
1467,2026-05-28,Electronics,Hyderabad,2723,3,8169
1468,2026-01-14,Groceries,Chennai,3919,3,11757
1469,2025-07-18,Sports,Bangalore,994,3,2982
1470,2026-01-14,Groceries,Mumbai,4684,5,23420
1471,2024-10-04,Electronics,Bangalore,3275,7,22925
1472,2025-10-21,Clothing,Mumbai,4456,3,13368
1473,2026-05-14,Electronics,Mumbai,1667,1,1667
1474,2025-12-30,Clothing,Hyderabad,2862,8,22896
1475,2025-12-11,Furniture,Chennai,2674,3,8022
1476,2025-01-15,Furniture,Hyderabad,2997,9,26973
1477,2025-01-11,Sports,Hyderabad,3026,7,21182
1478,2025-05-20,Groceries,Hyderabad,4507,8,36056
1479,2025-05-15,Groceries,Chennai,2206,5,11030
1480,2025-10-05,Groceries,Chennai,434,8,3472
1481,2024-07-09,Clothing,Mumbai,420,6,2520
1482,2026-05-18,Clothing,Chennai,2525,3,7575
1483,2025-09-25,Groceries,Delhi,2736,6,16416
1484,2026-05-11,Clothing,Bangalore,3700,5,18500
1485,2025-03-16,Groceries,Chennai,4098,6,24588
1486,2026-06-02,Sports,Chennai,3093,2,6186
1487,2026-06-20,Electronics,Mumbai,1418,3,4254
1488,2025-03-17,Groceries,Hyderabad,4365,5,21825
1489,2026-06-03,Electronics,Chennai,1347,6,8082
1490,2026-01-28,Sports,Hyderabad,984,5,4920
1491,2025-12-12,Sports,Delhi,4756,6,28536
1492,2025-03-01,Groceries,Delhi,176,7,1232
1493,2025-11-29,Electronics,Delhi,1135,1,1135
1494,2025-07-24,Groceries,Chennai,3725,3,11175
1495,2025-03-29,Electronics,Delhi,3143,9,28287
1496,2025-10-15,Electronics,Chennai,2425,1,2425
1497,2025-09-25,Sports,Delhi,3710,6,22260
1498,2026-05-25,Clothing,Delhi,2999,10,29990
1499,2024-11-18,Sports,Chennai,2660,8,21280
1500,2025-01-14,Electronics,Chennai,4220,3,12660
1501,2025-07-01,Furniture,Delhi,2721,2,5442
1502,2026-01-07,Groceries,Delhi,1688,1,1688
1503,2025-07-02,Clothing,Bangalore,2346,7,16422
1504,2025-11-07,Clothing,Chennai,850,5,4250
1505,2026-06-22,Electronics,Hyderabad,2858,3,8574
1506,2025-02-20,Furniture,Chennai,3053,4,12212
1507,2025-06-25,Clothing,Bangalore,1619,4,6476
1508,2025-10-01,Furniture,Chennai,3123,7,21861
1509,2026-03-22,Groceries,Chennai,2517,8,20136
1510,2024-09-26,Groceries,Mumbai,1625,1,1625
1511,2025-01-29,Furniture,Chennai,1697,6,10182
1512,2026-01-26,Groceries,Mumbai,2004,5,10020
1513,2024-12-29,Sports,Bangalore,1084,4,4336
1514,2025-01-21,Sports,Bangalore,4367,5,21835
1515,2026-06-08,Furniture,Bangalore,3088,10,30880
1516,2025-07-05,Clothing,Mumbai,4474,7,31318
1517,2025-12-15,Groceries,Delhi,1562,8,12496
1518,2025-09-23,Furniture,Mumbai,4102,1,4102
1519,2025-03-09,Clothing,Chennai,3829,3,11487
1520,2025-03-31,Furniture,Hyderabad,4869,4,19476
1521,2024-11-04,Groceries,Bangalore,4619,1,4619
1522,2026-04-29,Clothing,Chennai,1046,3,3138
1523,2024-12-09,Electronics,Bangalore,509,9,4581
1524,2025-10-16,Electronics,Bangalore,4898,2,9796
1525,2026-02-04,Electronics,Mumbai,159,1,159
1526,2024-10-03,Sports,Hyderabad,2705,9,24345
1527,2025-01-25,Groceries,Hyderabad,1913,9,17217
1528,2025-11-06,Electronics,Mumbai,3373,9,30357
1529,2024-09-05,Groceries,Hyderabad,314,7,2198
1530,2024-11-02,Electronics,Chennai,4720,3,14160
1531,2024-07-15,Sports,Chennai,834,6,5004
1532,2025-10-10,Groceries,Mumbai,3627,8,29016
1533,2025-06-30,Sports,Hyderabad,1992,4,7968
1534,2025-03-15,Furniture,Chennai,677,5,3385
1535,2025-10-13,Clothing,Bangalore,2283,5,11415
1536,2025-09-08,Electronics,Hyderabad,2494,1,2494
1537,2026-04-26,Groceries,Bangalore,2363,8,18904
1538,2024-10-13,Groceries,Hyderabad,3612,7,25284
1539,2024-12-30,Clothing,Bangalore,2053,7,14371
1540,2025-07-24,Clothing,Delhi,1776,9,15984
1541,2026-04-11,Electronics,Delhi,378,5,1890
1542,2024-08-02,Sports,Delhi,2517,2,5034
1543,2024-08-09,Electronics,Chennai,1128,8,9024
1544,2026-05-30,Groceries,Delhi,192,2,384
1545,2025-06-15,Electronics,Bangalore,534,6,3204
1546,2024-07-02,Furniture,Mumbai,2984,10,29840
1547,2024-11-29,Groceries,Bangalore,4106,3,12318
1548,2026-05-25,Furniture,Bangalore,1375,10,13750
1549,2025-01-21,Electronics,Bangalore,3163,7,22141
1550,2024-11-17,Groceries,Bangalore,1459,9,13131
1551,2026-06-22,Furniture,Delhi,2767,2,5534
1552,2025-09-26,Sports,Chennai,4714,9,42426
1553,2025-01-01,Clothing,Chennai,1557,4,6228
1554,2026-02-08,Clothing,Delhi,197,9,1773
1555,2025-06-30,Groceries,Bangalore,3847,8,30776
1556,2024-11-06,Electronics,Mumbai,3264,7,22848
1557,2025-01-10,Furniture,Delhi,1125,5,5625
1558,2026-05-30,Sports,Delhi,1115,2,2230
1559,2025-09-18,Electronics,Delhi,3878,6,23268
1560,2025-11-29,Groceries,Mumbai,3553,2,7106
1561,2026-05-09,Clothing,Chennai,1845,10,18450
1562,2025-03-15,Electronics,Bangalore,1655,4,6620
1563,2025-12-24,Groceries,Chennai,4341,1,4341
1564,2024-08-29,Electronics,Bangalore,4190,5,20950
1565,2026-01-28,Electronics,Bangalore,1243,1,1243
1566,2025-12-16,Furniture,Hyderabad,3129,6,18774
1567,2026-06-05,Electronics,Mumbai,4533,8,36264
1568,2025-11-08,Sports,Delhi,4543,3,13629
1569,2025-07-01,Furniture,Bangalore,3578,3,10734
1570,2024-08-12,Clothing,Bangalore,3457,6,20742
1571,2026-01-22,Furniture,Hyderabad,1945,6,11670
1572,2024-07-24,Groceries,Chennai,733,4,2932
1573,2024-10-11,Clothing,Hyderabad,1911,7,13377
1574,2026-03-29,Groceries,Bangalore,3114,5,15570
1575,2025-11-16,Sports,Delhi,2099,10,20990
1576,2025-12-23,Electronics,Delhi,2668,2,5336
1577,2025-09-07,Clothing,Hyderabad,1580,3,4740
1578,2026-05-08,Groceries,Chennai,2746,5,13730
1579,2025-10-19,Electronics,Bangalore,3462,1,3462
1580,2025-11-09,Clothing,Bangalore,4038,4,16152
1581,2025-07-04,Electronics,Hyderabad,4532,8,36256
1582,2025-06-07,Furniture,Hyderabad,4065,7,28455
1583,2024-08-01,Electronics,Mumbai,4458,5,22290
1584,2026-03-14,Groceries,Delhi,1223,1,1223
1585,2024-12-11,Clothing,Delhi,2809,2,5618
1586,2025-06-13,Electronics,Bangalore,1778,10,17780
1587,2025-05-08,Electronics,Chennai,4357,2,8714
1588,2026-04-13,Sports,Hyderabad,2939,6,17634
1589,2026-05-11,Groceries,Chennai,3990,6,23940
1590,2025-10-04,Sports,Hyderabad,3912,4,15648
1591,2024-11-01,Furniture,Chennai,3597,6,21582
1592,2025-03-03,Furniture,Delhi,3949,5,19745
1593,2026-04-18,Groceries,Bangalore,2868,1,2868
1594,2025-02-22,Groceries,Hyderabad,4619,7,32333
1595,2025-11-18,Electronics,Bangalore,1454,6,8724
1596,2025-05-14,Furniture,Delhi,900,6,5400
1597,2025-02-26,Sports,Chennai,105,5,525
1598,2024-12-12,Groceries,Hyderabad,2315,8,18520
1599,2024-09-26,Groceries,Mumbai,3609,2,7218
1600,2025-03-04,Electronics,Mumbai,2226,7,15582
1601,2025-05-24,Groceries,Delhi,4367,7,30569
1602,2024-11-07,Clothing,Bangalore,272,10,2720
1603,2026-03-09,Sports,Hyderabad,4288,7,30016
1604,2026-01-06,Sports,Hyderabad,4640,1,4640
1605,2025-09-26,Groceries,Bangalore,3021,4,12084
1606,2025-09-12,Furniture,Bangalore,3899,10,38990
1607,2025-04-07,Groceries,Bangalore,331,6,1986
1608,2024-08-30,Clothing,Delhi,3233,5,16165
1609,2026-03-30,Groceries,Chennai,954,2,1908
1610,2024-12-29,Electronics,Delhi,754,10,7540
1611,2024-11-03,Sports,Delhi,2004,7,14028
1612,2024-09-04,Electronics,Hyderabad,3627,1,3627
1613,2024-08-31,Electronics,Chennai,2220,5,11100
1614,2025-10-09,Furniture,Bangalore,229,3,687
1615,2025-04-20,Electronics,Mumbai,3435,1,3435
1616,2025-07-09,Clothing,Bangalore,3953,2,7906
1617,2026-05-04,Groceries,Mumbai,1314,1,1314
1618,2026-03-03,Furniture,Chennai,366,6,2196
1619,2025-10-26,Groceries,Hyderabad,4686,5,23430
1620,2024-11-08,Furniture,Delhi,427,10,4270
1621,2025-08-16,Electronics,Hyderabad,4645,7,32515
1622,2024-07-28,Electronics,Delhi,3997,10,39970
1623,2025-09-20,Groceries,Mumbai,3853,2,7706
1624,2024-09-10,Groceries,Chennai,2514,6,15084
1625,2024-10-23,Electronics,Mumbai,2260,7,15820
1626,2024-11-02,Clothing,Bangalore,3317,6,19902
1627,2025-12-14,Clothing,Bangalore,246,10,2460
1628,2024-07-03,Electronics,Delhi,3831,4,15324
1629,2025-07-02,Furniture,Hyderabad,2409,2,4818
1630,2025-06-30,Sports,Hyderabad,2423,7,16961
1631,2026-05-02,Furniture,Hyderabad,1924,6,11544
1632,2025-11-17,Clothing,Mumbai,3074,9,27666
1633,2026-05-26,Sports,Chennai,4179,6,25074
1634,2025-08-31,Groceries,Hyderabad,218,8,1744
1635,2025-05-24,Electronics,Bangalore,3610,7,25270
1636,2025-04-23,Groceries,Bangalore,3155,7,22085
1637,2025-01-09,Clothing,Mumbai,1307,5,6535
1638,2026-05-06,Sports,Chennai,3362,7,23534
1639,2024-12-02,Groceries,Delhi,2957,9,26613
1640,2025-05-15,Electronics,Bangalore,357,5,1785
1641,2025-07-14,Sports,Delhi,4872,3,14616
1642,2025-10-05,Clothing,Chennai,2449,7,17143
1643,2024-08-10,Sports,Hyderabad,4059,6,24354
1644,2026-01-12,Electronics,Chennai,4837,4,19348
1645,2025-07-29,Electronics,Delhi,4668,3,14004
1646,2025-04-22,Sports,Hyderabad,3958,4,15832
1647,2025-12-23,Electronics,Mumbai,3230,2,6460
1648,2026-03-18,Furniture,Mumbai,827,1,827
1649,2026-04-16,Sports,Mumbai,851,9,7659
1650,2025-11-22,Electronics,Chennai,2241,3,6723
1651,2024-11-28,Clothing,Delhi,4374,9,39366
1652,2024-10-13,Electronics,Chennai,1561,1,1561
1653,2024-09-03,Groceries,Mumbai,457,8,3656
1654,2024-06-30,Sports,Chennai,2873,1,2873
1655,2025-12-04,Groceries,Bangalore,4148,6,24888
1656,2026-04-24,Groceries,Mumbai,496,10,4960
1657,2025-02-25,Furniture,Bangalore,2296,10,22960
1658,2026-06-10,Clothing,Chennai,753,1,753
1659,2026-01-14,Groceries,Hyderabad,3045,1,3045
1660,2026-05-12,Furniture,Mumbai,1405,5,7025
1661,2026-04-28,Groceries,Hyderabad,2045,2,4090
1662,2026-05-04,Clothing,Hyderabad,2328,8,18624
1663,2024-12-18,Groceries,Hyderabad,1603,4,6412
1664,2026-03-06,Clothing,Bangalore,935,2,1870
1665,2024-11-03,Sports,Hyderabad,674,4,2696
1666,2026-02-22,Sports,Hyderabad,3719,2,7438
1667,2026-03-22,Groceries,Chennai,4986,5,24930
1668,2025-03-13,Furniture,Hyderabad,1230,6,7380
1669,2025-11-10,Groceries,Hyderabad,579,3,1737
1670,2026-04-06,Electronics,Chennai,2313,3,6939
1671,2025-04-02,Furniture,Hyderabad,4436,10,44360
1672,2025-10-22,Clothing,Chennai,3585,4,14340
1673,2024-10-23,Clothing,Bangalore,4680,5,23400
1674,2025-01-20,Groceries,Bangalore,1949,7,13643
1675,2025-10-04,Groceries,Mumbai,2596,7,18172
1676,2025-05-09,Clothing,Hyderabad,1142,4,4568
1677,2025-03-10,Groceries,Hyderabad,154,8,1232
1678,2026-03-14,Clothing,Hyderabad,4482,4,17928
1679,2024-10-11,Groceries,Delhi,3363,1,3363
1680,2024-12-24,Groceries,Chennai,3500,6,21000
1681,2025-07-23,Furniture,Delhi,3821,8,30568
1682,2025-05-01,Groceries,Hyderabad,746,4,2984
1683,2025-03-30,Electronics,Mumbai,2478,2,4956
1684,2026-03-11,Electronics,Bangalore,2284,6,13704
1685,2025-06-05,Furniture,Hyderabad,4458,3,13374
1686,2026-04-21,Clothing,Bangalore,4390,3,13170
1687,2024-10-08,Furniture,Bangalore,1771,2,3542
1688,2025-11-21,Groceries,Mumbai,1700,1,1700
1689,2025-01-31,Electronics,Hyderabad,4488,9,40392
1690,2025-09-15,Clothing,Delhi,4312,5,21560
1691,2024-08-31,Clothing,Mumbai,1737,2,3474
1692,2025-09-22,Electronics,Mumbai,3068,6,18408
1693,2025-07-03,Groceries,Mumbai,3167,2,6334
1694,2024-10-02,Furniture,Chennai,3927,8,31416
1695,2025-10-25,Groceries,Bangalore,1921,9,17289
1696,2026-05-03,Furniture,Bangalore,472,8,3776
1697,2025-11-25,Electronics,Mumbai,2837,5,14185
1698,2025-05-24,Electronics,Bangalore,282,9,2538
1699,2025-07-22,Groceries,Delhi,122,1,122
1700,2025-01-22,Sports,Bangalore,3810,6,22860
1701,2024-11-23,Clothing,Mumbai,4714,5,23570
1702,2024-09-03,Clothing,Hyderabad,1813,7,12691
1703,2025-09-23,Furniture,Bangalore,2259,3,6777
1704,2024-12-10,Electronics,Chennai,1363,6,8178
1705,2026-05-12,Electronics,Mumbai,700,3,2100
1706,2024-11-16,Sports,Hyderabad,200,6,1200
1707,2024-11-30,Electronics,Hyderabad,1636,8,13088
1708,2025-01-12,Clothing,Mumbai,2093,6,12558
1709,2025-04-20,Furniture,Delhi,468,7,3276
1710,2024-11-05,Electronics,Bangalore,3680,8,29440
1711,2025-02-23,Sports,Delhi,1624,3,4872
1712,2025-09-01,Sports,Mumbai,4467,10,44670
1713,2025-09-24,Sports,Hyderabad,1074,10,10740
1714,2026-03-15,Furniture,Mumbai,4871,10,48710
1715,2025-11-28,Groceries,Hyderabad,4337,5,21685
1716,2024-07-05,Electronics,Chennai,807,1,807
1717,2024-11-07,Clothing,Mumbai,1578,8,12624
1718,2025-04-15,Furniture,Delhi,3999,9,35991
1719,2025-01-29,Clothing,Mumbai,333,7,2331
1720,2025-03-24,Sports,Hyderabad,3428,4,13712
1721,2026-03-12,Furniture,Bangalore,2108,2,4216
1722,2025-06-28,Groceries,Hyderabad,3656,9,32904
1723,2025-04-06,Furniture,Delhi,3157,2,6314
1724,2024-11-01,Furniture,Bangalore,2048,5,10240
1725,2024-08-29,Clothing,Bangalore,4672,6,28032
1726,2025-07-19,Sports,Hyderabad,2464,7,17248
1727,2026-01-16,Furniture,Chennai,1671,3,5013
1728,2026-02-21,Sports,Mumbai,2963,8,23704
1729,2026-06-16,Electronics,Mumbai,561,1,561
1730,2025-05-16,Clothing,Chennai,1944,5,9720
1731,2025-12-28,Furniture,Mumbai,4263,6,25578
1732,2025-09-12,Furniture,Hyderabad,1812,2,3624
1733,2024-10-19,Groceries,Chennai,1531,2,3062
1734,2024-10-28,Clothing,Delhi,4690,5,23450
1735,2025-08-27,Sports,Bangalore,340,9,3060
1736,2025-07-28,Groceries,Hyderabad,3648,3,10944
1737,2024-10-08,Groceries,Mumbai,3242,7,22694
1738,2026-05-21,Electronics,Bangalore,3682,4,14728
1739,2025-02-06,Clothing,Bangalore,4557,10,45570
1740,2025-11-11,Electronics,Hyderabad,2451,4,9804
1741,2026-02-28,Furniture,Delhi,1104,10,11040
1742,2025-11-13,Clothing,Hyderabad,391,5,1955
1743,2026-06-17,Groceries,Mumbai,801,10,8010
1744,2025-07-28,Sports,Delhi,1709,2,3418
1745,2024-10-09,Furniture,Chennai,4999,3,14997
1746,2025-10-10,Clothing,Mumbai,3078,1,3078
1747,2026-05-11,Groceries,Bangalore,3117,7,21819
1748,2024-12-06,Clothing,Bangalore,1173,9,10557
1749,2026-04-26,Clothing,Hyderabad,4208,1,4208
1750,2025-09-16,Electronics,Hyderabad,4716,2,9432
1751,2024-08-22,Electronics,Hyderabad,1649,7,11543
1752,2024-09-09,Clothing,Bangalore,294,6,1764
1753,2026-01-18,Electronics,Mumbai,655,2,1310
1754,2025-03-29,Furniture,Mumbai,3851,9,34659
1755,2024-08-08,Groceries,Mumbai,1494,2,2988
1756,2025-07-18,Sports,Chennai,3767,3,11301
1757,2026-01-08,Furniture,Chennai,1290,6,7740
1758,2024-08-07,Furniture,Mumbai,4766,4,19064
1759,2026-03-17,Clothing,Hyderabad,1462,8,11696
1760,2024-11-26,Groceries,Hyderabad,3895,10,38950
1761,2025-11-26,Furniture,Delhi,3177,4,12708
1762,2025-01-14,Groceries,Chennai,1730,10,17300
1763,2026-06-18,Groceries,Mumbai,274,5,1370
1764,2024-12-02,Electronics,Chennai,3549,4,14196
1765,2025-09-09,Sports,Hyderabad,2008,4,8032
1766,2026-02-26,Furniture,Bangalore,1429,4,5716
1767,2024-08-05,Groceries,Chennai,4368,9,39312
1768,2025-08-12,Electronics,Hyderabad,3683,9,33147
1769,2024-09-15,Electronics,Hyderabad,2678,5,13390
1770,2026-05-08,Groceries,Bangalore,3212,4,12848
1771,2024-09-16,Clothing,Bangalore,1622,5,8110
1772,2026-04-29,Electronics,Chennai,4065,1,4065
1773,2024-10-14,Electronics,Hyderabad,3875,10,38750
1774,2026-03-12,Electronics,Chennai,1919,5,9595
1775,2025-05-05,Furniture,Bangalore,1839,6,11034
1776,2026-02-07,Electronics,Chennai,3746,6,22476
1777,2025-03-14,Furniture,Delhi,1289,1,1289
1778,2024-08-16,Sports,Chennai,2374,9,21366
1779,2026-05-20,Clothing,Mumbai,796,6,4776
1780,2025-08-31,Sports,Bangalore,4370,10,43700
1781,2025-06-13,Sports,Mumbai,2404,8,19232
1782,2024-10-29,Sports,Delhi,2683,4,10732
1783,2024-11-16,Clothing,Chennai,4535,3,13605
1784,2026-03-21,Electronics,Hyderabad,2080,8,16640
1785,2025-01-13,Groceries,Chennai,4679,6,28074
1786,2025-08-12,Sports,Delhi,1867,10,18670
1787,2025-02-26,Clothing,Bangalore,510,6,3060
1788,2025-01-06,Electronics,Chennai,749,2,1498
1789,2025-06-02,Electronics,Delhi,512,4,2048
1790,2026-06-19,Groceries,Hyderabad,1673,1,1673
1791,2026-04-15,Electronics,Mumbai,3678,9,33102
1792,2026-01-05,Clothing,Hyderabad,971,5,4855
1793,2026-06-22,Furniture,Hyderabad,1904,2,3808
1794,2025-12-29,Furniture,Chennai,983,1,983
1795,2026-02-04,Furniture,Delhi,4884,8,39072
1796,2025-03-28,Sports,Mumbai,562,10,5620
1797,2025-06-15,Clothing,Hyderabad,830,10,8300
1798,2024-11-05,Sports,Delhi,1743,7,12201
1799,2024-12-28,Furniture,Bangalore,325,9,2925
1800,2025-09-08,Clothing,Chennai,2141,9,19269
1801,2025-08-13,Clothing,Chennai,3744,10,37440
1802,2025-11-07,Sports,Bangalore,1481,8,11848
1803,2025-07-05,Clothing,Chennai,1942,2,3884
1804,2025-08-06,Groceries,Hyderabad,1885,9,16965
1805,2026-01-20,Clothing,Delhi,343,10,3430
1806,2026-04-18,Sports,Mumbai,4783,8,38264
1807,2025-05-21,Furniture,Bangalore,2476,2,4952
1808,2025-05-29,Electronics,Chennai,2695,8,21560
1809,2025-11-11,Clothing,Bangalore,3027,8,24216
1810,2024-07-01,Electronics,Hyderabad,3624,3,10872
1811,2026-06-03,Groceries,Hyderabad,4566,4,18264
1812,2025-09-17,Clothing,Hyderabad,117,4,468
1813,2024-11-21,Sports,Bangalore,2164,5,10820
1814,2024-09-10,Clothing,Delhi,3651,5,18255
1815,2026-04-26,Clothing,Mumbai,2128,9,19152
1816,2026-06-19,Sports,Mumbai,374,3,1122
1817,2025-10-15,Electronics,Mumbai,3732,4,14928
1818,2026-05-18,Sports,Hyderabad,2649,3,7947
1819,2025-01-09,Furniture,Chennai,1646,7,11522
1820,2024-08-14,Furniture,Delhi,251,2,502
1821,2025-06-26,Groceries,Mumbai,1524,2,3048
1822,2025-02-18,Clothing,Delhi,4258,2,8516
1823,2025-06-01,Groceries,Bangalore,2501,5,12505
1824,2024-09-22,Sports,Mumbai,1884,2,3768
1825,2024-12-09,Clothing,Mumbai,432,2,864
1826,2025-08-19,Electronics,Chennai,4427,8,35416
1827,2024-08-13,Furniture,Hyderabad,3554,6,21324
1828,2026-04-06,Clothing,Bangalore,121,7,847
1829,2024-10-29,Groceries,Delhi,3631,1,3631
1830,2026-01-06,Groceries,Mumbai,4852,9,43668
1831,2025-07-11,Groceries,Mumbai,1353,10,13530
1832,2025-03-10,Clothing,Hyderabad,2964,10,29640
1833,2025-12-29,Sports,Mumbai,332,7,2324
1834,2026-06-09,Groceries,Delhi,2270,10,22700
1835,2025-11-05,Groceries,Chennai,1688,1,1688
1836,2026-03-07,Groceries,Chennai,4232,9,38088
1837,2026-02-28,Groceries,Delhi,1351,1,1351
1838,2026-03-08,Electronics,Bangalore,755,6,4530
1839,2026-04-30,Groceries,Bangalore,1277,10,12770
1840,2025-02-14,Sports,Chennai,2304,1,2304
1841,2025-05-20,Groceries,Delhi,4005,3,12015
1842,2025-08-08,Electronics,Hyderabad,3204,9,28836
1843,2025-04-27,Electronics,Bangalore,1669,6,10014
1844,2025-03-20,Furniture,Hyderabad,4645,8,37160
1845,2025-05-21,Electronics,Chennai,983,5,4915
1846,2025-10-14,Sports,Delhi,3148,10,31480
1847,2024-12-31,Electronics,Chennai,4163,1,4163
1848,2024-11-21,Electronics,Mumbai,3073,7,21511
1849,2024-07-28,Furniture,Delhi,3553,3,10659
1850,2024-09-27,Sports,Mumbai,2636,4,10544
1851,2025-10-24,Electronics,Bangalore,1442,8,11536
1852,2024-10-16,Electronics,Chennai,2060,3,6180
1853,2025-09-15,Groceries,Delhi,2324,8,18592
1854,2025-01-02,Clothing,Mumbai,3245,2,6490
1855,2026-06-09,Clothing,Hyderabad,643,6,3858
1856,2024-07-24,Clothing,Bangalore,2339,5,11695
1857,2025-07-30,Furniture,Hyderabad,2612,9,23508
1858,2025-10-19,Sports,Hyderabad,1609,9,14481
1859,2025-12-29,Groceries,Chennai,4082,8,32656
1860,2025-05-22,Sports,Bangalore,1681,2,3362
1861,2025-08-24,Groceries,Chennai,3811,10,38110
1862,2025-03-29,Groceries,Delhi,507,5,2535
1863,2024-08-06,Sports,Bangalore,2553,6,15318
1864,2025-11-04,Groceries,Delhi,1966,4,7864
1865,2024-08-25,Electronics,Delhi,3677,1,3677
1866,2025-03-28,Electronics,Delhi,3007,3,9021
1867,2024-11-02,Furniture,Chennai,4737,5,23685
1868,2025-04-12,Electronics,Bangalore,2117,8,16936
1869,2024-07-27,Groceries,Hyderabad,2408,2,4816
1870,2025-11-12,Sports,Mumbai,3741,6,22446
1871,2025-09-08,Electronics,Hyderabad,3755,8,30040
1872,2025-01-18,Groceries,Delhi,1270,5,6350
1873,2025-01-08,Clothing,Hyderabad,4052,8,32416
1874,2025-07-21,Electronics,Mumbai,1536,6,9216
1875,2025-10-25,Sports,Delhi,3247,5,16235
1876,2025-04-27,Sports,Bangalore,656,4,2624
1877,2025-02-24,Electronics,Bangalore,3737,2,7474
1878,2025-01-13,Electronics,Mumbai,1560,8,12480
1879,2025-03-20,Furniture,Hyderabad,4859,2,9718
1880,2025-09-17,Clothing,Chennai,1402,3,4206
1881,2025-04-07,Sports,Chennai,2964,3,8892
1882,2026-04-04,Electronics,Bangalore,4188,1,4188
1883,2026-04-16,Furniture,Hyderabad,4669,10,46690
1884,2024-08-08,Electronics,Bangalore,4728,5,23640
1885,2024-07-17,Groceries,Chennai,2341,7,16387
1886,2024-12-14,Clothing,Mumbai,3481,3,10443
1887,2025-09-25,Furniture,Delhi,4550,8,36400
1888,2026-02-12,Clothing,Delhi,2974,8,23792
1889,2025-05-01,Electronics,Mumbai,2370,6,14220
1890,2026-04-16,Electronics,Mumbai,958,5,4790
1891,2025-11-22,Clothing,Chennai,1875,7,13125
1892,2025-06-21,Furniture,Mumbai,669,10,6690
1893,2025-08-14,Groceries,Hyderabad,1184,5,5920
1894,2026-04-17,Groceries,Delhi,3007,10,30070
1895,2025-08-06,Clothing,Hyderabad,307,3,921
1896,2026-03-10,Clothing,Hyderabad,3218,2,6436
1897,2025-06-10,Groceries,Chennai,4112,1,4112
1898,2026-03-03,Groceries,Mumbai,1007,3,3021
1899,2024-10-30,Sports,Bangalore,1119,9,10071
1900,2025-09-24,Clothing,Hyderabad,4760,10,47600
1901,2025-04-13,Electronics,Delhi,4773,10,47730
1902,2026-06-27,Clothing,Bangalore,3964,5,19820
1903,2025-05-18,Groceries,Chennai,955,1,955
1904,2024-12-19,Sports,Bangalore,2969,8,23752
1905,2026-05-04,Clothing,Bangalore,4769,9,42921
1906,2025-07-31,Electronics,Chennai,3216,5,16080
1907,2025-06-14,Furniture,Delhi,547,3,1641
1908,2025-12-02,Clothing,Hyderabad,2884,10,28840
1909,2026-05-31,Electronics,Hyderabad,986,2,1972
1910,2025-07-23,Groceries,Chennai,1878,3,5634
1911,2024-12-11,Furniture,Bangalore,4662,8,37296
1912,2026-01-09,Furniture,Delhi,3173,2,6346
1913,2026-03-30,Groceries,Bangalore,590,9,5310
1914,2024-11-29,Electronics,Delhi,3407,1,3407
1915,2025-07-11,Electronics,Hyderabad,2296,6,13776
1916,2025-01-07,Groceries,Mumbai,2974,10,29740
1917,2025-09-15,Sports,Delhi,495,9,4455
1918,2026-03-12,Furniture,Bangalore,4499,7,31493
1919,2025-08-27,Clothing,Chennai,4659,8,37272
1920,2026-04-15,Clothing,Hyderabad,2940,8,23520
1921,2025-11-01,Groceries,Mumbai,3154,4,12616
1922,2024-11-25,Clothing,Mumbai,4941,9,44469
1923,2026-03-03,Furniture,Bangalore,1601,7,11207
1924,2026-01-03,Sports,Chennai,3005,7,21035
1925,2025-05-29,Sports,Mumbai,896,5,4480
1926,2026-01-23,Clothing,Chennai,1448,3,4344
1927,2025-01-17,Sports,Hyderabad,2886,4,11544
1928,2025-06-25,Electronics,Mumbai,2466,8,19728
1929,2024-06-30,Furniture,Hyderabad,1719,2,3438
1930,2024-12-24,Sports,Mumbai,2544,4,10176
1931,2024-07-03,Electronics,Delhi,3035,10,30350
1932,2024-11-01,Groceries,Chennai,1855,5,9275
1933,2026-05-11,Sports,Bangalore,4572,4,18288
1934,2025-12-29,Electronics,Chennai,337,4,1348
1935,2026-04-30,Sports,Delhi,3501,9,31509
1936,2025-10-09,Electronics,Bangalore,2640,6,15840
1937,2025-07-05,Electronics,Delhi,704,9,6336
1938,2025-10-01,Clothing,Bangalore,302,3,906
1939,2025-03-12,Furniture,Hyderabad,171,4,684
1940,2026-04-08,Furniture,Chennai,2071,2,4142
1941,2026-05-11,Groceries,Delhi,1534,6,9204
1942,2025-02-07,Sports,Hyderabad,2481,7,17367
1943,2025-07-11,Electronics,Hyderabad,227,8,1816
1944,2026-05-02,Clothing,Bangalore,4021,10,40210
1945,2024-09-11,Sports,Chennai,2684,6,16104
1946,2025-02-21,Groceries,Delhi,417,4,1668
1947,2026-04-09,Clothing,Delhi,1345,4,5380
1948,2025-04-06,Clothing,Delhi,262,8,2096
1949,2026-06-15,Sports,Chennai,954,7,6678
1950,2025-06-17,Groceries,Chennai,341,5,1705
1951,2024-10-20,Electronics,Mumbai,3131,10,31310
1952,2026-05-01,Clothing,Bangalore,2253,6,13518
1953,2026-01-23,Electronics,Hyderabad,1082,8,8656
1954,2026-03-19,Sports,Mumbai,4153,10,41530
1955,2024-06-29,Clothing,Mumbai,2312,1,2312
1956,2025-02-25,Clothing,Mumbai,3459,8,27672
1957,2025-05-14,Sports,Chennai,3468,5,17340
1958,2026-03-12,Groceries,Chennai,2889,8,23112
1959,2024-07-14,Groceries,Hyderabad,2757,9,24813
1960,2025-11-06,Clothing,Hyderabad,2941,6,17646
1961,2025-03-30,Groceries,Bangalore,3555,4,14220
1962,2025-04-10,Clothing,Chennai,4673,3,14019
1963,2025-05-03,Groceries,Delhi,3358,7,23506
1964,2024-10-31,Clothing,Bangalore,3917,6,23502
1965,2026-05-27,Clothing,Chennai,1200,1,1200
1966,2025-06-27,Clothing,Chennai,3984,5,19920
1967,2025-04-29,Electronics,Mumbai,3398,3,10194
1968,2025-04-15,Furniture,Chennai,4289,4,17156
1969,2025-11-07,Electronics,Mumbai,1931,3,5793
1970,2024-07-17,Groceries,Hyderabad,4722,3,14166
1971,2025-09-13,Furniture,Chennai,4629,8,37032
1972,2025-03-26,Clothing,Bangalore,4200,4,16800
1973,2025-05-04,Clothing,Bangalore,375,5,1875
1974,2024-09-06,Electronics,Hyderabad,4158,8,33264
1975,2026-04-03,Clothing,Chennai,2882,4,11528
1976,2026-01-29,Groceries,Delhi,4338,9,39042
1977,2024-10-14,Electronics,Chennai,2681,3,8043
1978,2024-09-15,Electronics,Mumbai,668,8,5344
1979,2024-10-30,Sports,Bangalore,4478,2,8956
1980,2025-06-22,Clothing,Hyderabad,4365,5,21825
1981,2025-09-08,Furniture,Delhi,3767,3,11301
1982,2025-05-11,Electronics,Delhi,299,8,2392
1983,2025-07-31,Groceries,Hyderabad,1331,4,5324
1984,2025-06-24,Electronics,Delhi,1709,1,1709
1985,2024-11-17,Furniture,Chennai,4813,6,28878
1986,2025-01-29,Sports,Chennai,4796,6,28776
1987,2024-11-06,Sports,Mumbai,3779,1,3779
1988,2026-02-05,Sports,Bangalore,1266,10,12660
1989,2026-04-22,Groceries,Mumbai,501,3,1503
1990,2024-09-03,Furniture,Hyderabad,1227,6,7362
1991,2026-01-31,Sports,Chennai,2285,7,15995
1992,2025-01-01,Groceries,Hyderabad,1602,4,6408
1993,2025-04-05,Sports,Delhi,3901,9,35109
1994,2024-10-21,Furniture,Delhi,1600,8,12800
1995,2025-12-27,Sports,Hyderabad,4418,7,30926
1996,2026-04-07,Electronics,Delhi,1151,6,6906
1997,2025-12-08,Clothing,Delhi,4057,7,28399
1998,2025-03-07,Furniture,Bangalore,3447,1,3447
1999,2024-09-05,Electronics,Bangalore,1767,2,3534
2000,2026-01-23,Clothing,Delhi,2095,2,4190
2001,2026-02-27,Sports,Bangalore,1267,9,11403
2002,2026-01-24,Furniture,Mumbai,2438,6,14628
2003,2026-02-07,Electronics,Mumbai,4322,3,12966
2004,2025-08-24,Furniture,Bangalore,1585,7,11095
2005,2025-11-12,Furniture,Bangalore,2011,8,16088
2006,2025-02-03,Groceries,Mumbai,4398,10,43980
2007,2025-01-08,Sports,Chennai,4759,1,4759
2008,2024-09-18,Clothing,Hyderabad,4428,3,13284
2009,2024-11-06,Groceries,Chennai,706,7,4942
2010,2025-05-14,Groceries,Delhi,3973,2,7946
2011,2025-08-21,Sports,Mumbai,2718,6,16308
2012,2024-12-08,Clothing,Mumbai,2868,3,8604
2013,2024-10-18,Clothing,Mumbai,661,2,1322
2014,2024-08-09,Groceries,Hyderabad,1409,4,5636
2015,2025-05-07,Sports,Mumbai,4404,7,30828
2016,2026-04-04,Electronics,Delhi,184,10,1840
2017,2025-06-22,Sports,Chennai,2116,9,19044
2018,2024-10-06,Electronics,Hyderabad,4550,3,13650
2019,2025-08-04,Furniture,Chennai,872,10,8720
2020,2026-02-15,Sports,Mumbai,505,1,505
2021,2025-01-31,Electronics,Hyderabad,486,2,972
2022,2025-11-29,Furniture,Mumbai,1155,5,5775
2023,2024-09-13,Furniture,Bangalore,2718,1,2718
2024,2026-05-08,Sports,Delhi,1138,9,10242
2025,2024-12-02,Furniture,Delhi,4714,1,4714
2026,2024-09-30,Electronics,Mumbai,4854,1,4854
2027,2026-05-15,Furniture,Bangalore,1347,7,9429
2028,2024-09-21,Groceries,Mumbai,341,2,682
2029,2025-07-03,Clothing,Mumbai,1024,10,10240
2030,2026-03-19,Groceries,Chennai,3722,6,22332
2031,2024-11-22,Furniture,Delhi,500,1,500
2032,2025-06-28,Furniture,Mumbai,188,8,1504
2033,2025-09-09,Electronics,Mumbai,4857,9,43713
2034,2024-12-23,Electronics,Mumbai,1605,3,4815
2035,2024-07-08,Sports,Chennai,2276,9,20484
2036,2025-12-08,Electronics,Mumbai,2096,4,8384
2037,2025-09-11,Electronics,Chennai,4635,2,9270
2038,2025-11-26,Furniture,Delhi,4795,5,23975
2039,2024-07-29,Sports,Mumbai,473,2,946
2040,2026-06-12,Sports,Chennai,4533,7,31731
2041,2025-03-14,Furniture,Bangalore,3523,8,28184
2042,2024-10-26,Furniture,Bangalore,1093,10,10930
2043,2025-04-06,Sports,Chennai,1672,3,5016
2044,2026-02-11,Clothing,Bangalore,692,5,3460
2045,2025-12-11,Groceries,Mumbai,4725,6,28350
2046,2025-10-13,Clothing,Chennai,2868,1,2868
2047,2025-02-21,Electronics,Mumbai,2375,3,7125
2048,2025-06-05,Sports,Hyderabad,2200,9,19800
2049,2025-09-23,Clothing,Hyderabad,1312,5,6560
2050,2025-09-02,Electronics,Delhi,1056,7,7392
2051,2025-10-19,Groceries,Delhi,2832,1,2832
2052,2024-07-13,Groceries,Bangalore,3789,5,18945
2053,2025-08-03,Furniture,Chennai,2996,8,23968
2054,2024-10-04,Electronics,Hyderabad,886,8,7088
2055,2024-09-15,Furniture,Chennai,3911,1,3911
2056,2025-05-08,Furniture,Bangalore,1342,2,2684
2057,2024-11-11,Groceries,Mumbai,387,9,3483
2058,2024-11-10,Furniture,Bangalore,3533,1,3533
2059,2025-07-06,Groceries,Chennai,4116,9,37044
2060,2025-06-26,Sports,Delhi,1920,9,17280
2061,2024-07-15,Groceries,Chennai,4256,6,25536
2062,2025-02-27,Sports,Chennai,3779,1,3779
2063,2024-10-27,Furniture,Delhi,1720,5,8600
2064,2024-10-24,Sports,Chennai,1702,5,8510
2065,2026-03-03,Sports,Bangalore,2580,8,20640
2066,2025-03-26,Sports,Chennai,4513,9,40617
2067,2025-03-07,Groceries,Hyderabad,4718,5,23590
2068,2025-07-19,Groceries,Hyderabad,2937,1,2937
2069,2025-06-02,Electronics,Bangalore,1710,10,17100
2070,2026-03-23,Groceries,Mumbai,868,9,7812
2071,2026-05-03,Furniture,Bangalore,3746,4,14984
2072,2025-11-02,Furniture,Mumbai,1790,1,1790
2073,2026-01-03,Sports,Bangalore,1410,8,11280
2074,2026-05-10,Clothing,Chennai,4380,1,4380
2075,2025-03-29,Clothing,Bangalore,1899,5,9495
2076,2025-09-13,Furniture,Chennai,2877,8,23016
2077,2025-11-08,Furniture,Chennai,3844,5,19220
2078,2025-07-11,Groceries,Chennai,2865,10,28650
2079,2025-09-28,Groceries,Delhi,1256,6,7536
2080,2025-05-30,Furniture,Hyderabad,3239,7,22673
2081,2025-09-11,Electronics,Hyderabad,1309,10,13090
2082,2026-02-16,Clothing,Delhi,3083,6,18498
2083,2025-03-16,Clothing,Chennai,4612,2,9224
2084,2025-07-11,Furniture,Chennai,3355,3,10065
2085,2026-02-20,Clothing,Chennai,3215,6,19290
2086,2024-09-29,Furniture,Bangalore,3221,1,3221
2087,2025-05-25,Clothing,Bangalore,890,5,4450
2088,2025-04-18,Clothing,Chennai,1799,9,16191
2089,2025-06-13,Clothing,Mumbai,1326,9,11934
2090,2024-12-21,Groceries,Mumbai,1290,10,12900
2091,2024-10-13,Groceries,Mumbai,2199,4,8796
2092,2024-09-17,Sports,Hyderabad,3353,5,16765
2093,2024-12-25,Sports,Bangalore,1636,8,13088
2094,2025-03-28,Groceries,Mumbai,2307,9,20763
2095,2026-01-22,Groceries,Mumbai,4973,9,44757
2096,2024-11-13,Sports,Delhi,1444,1,1444
2097,2025-02-28,Furniture,Hyderabad,2984,6,17904
2098,2026-06-23,Clothing,Chennai,4313,10,43130
2099,2024-07-11,Groceries,Chennai,863,6,5178
2100,2026-02-28,Electronics,Hyderabad,4187,10,41870
2101,2025-06-16,Electronics,Bangalore,2616,7,18312
2102,2025-07-31,Electronics,Delhi,2110,2,4220
2103,2025-11-10,Groceries,Bangalore,2897,2,5794
2104,2026-01-15,Electronics,Delhi,1136,6,6816
2105,2025-11-16,Clothing,Chennai,1609,9,14481
2106,2026-04-15,Furniture,Chennai,3138,7,21966
2107,2025-10-21,Groceries,Hyderabad,4422,7,30954
2108,2024-10-04,Clothing,Hyderabad,1665,9,14985
2109,2025-06-15,Electronics,Bangalore,3851,5,19255
2110,2025-11-02,Sports,Hyderabad,2496,5,12480
2111,2026-03-10,Sports,Hyderabad,531,10,5310
2112,2026-02-13,Electronics,Delhi,4522,7,31654
2113,2026-04-25,Electronics,Mumbai,3020,10,30200
2114,2025-11-07,Clothing,Hyderabad,3337,4,13348
2115,2025-10-22,Sports,Chennai,3559,9,32031
2116,2024-12-30,Electronics,Chennai,3920,9,35280
2117,2025-10-14,Electronics,Mumbai,1998,2,3996
2118,2025-02-23,Electronics,Hyderabad,3771,3,11313
2119,2025-08-08,Furniture,Chennai,4540,8,36320
2120,2025-09-01,Groceries,Hyderabad,2606,3,7818
2121,2025-06-17,Electronics,Hyderabad,4795,8,38360
2122,2024-08-04,Electronics,Bangalore,806,3,2418
2123,2025-07-13,Furniture,Mumbai,2290,3,6870
2124,2024-09-13,Groceries,Mumbai,1974,7,13818
2125,2024-09-16,Electronics,Mumbai,2681,8,21448
2126,2024-10-22,Clothing,Delhi,2758,7,19306
2127,2024-11-15,Furniture,Delhi,2173,1,2173
2128,2025-12-18,Electronics,Hyderabad,3482,2,6964
2129,2024-12-20,Sports,Mumbai,2882,1,2882
2130,2025-10-13,Clothing,Delhi,718,6,4308
2131,2025-12-23,Sports,Bangalore,1905,9,17145
2132,2025-08-29,Furniture,Hyderabad,147,8,1176
2133,2024-10-08,Furniture,Chennai,945,2,1890
2134,2025-03-24,Furniture,Bangalore,2398,8,19184
2135,2025-02-16,Clothing,Bangalore,3087,1,3087
2136,2026-03-04,Furniture,Hyderabad,2166,6,12996
2137,2025-07-05,Sports,Chennai,2348,6,14088
2138,2026-04-12,Groceries,Bangalore,1012,5,5060
2139,2025-09-24,Electronics,Hyderabad,3916,9,35244
2140,2025-05-13,Sports,Chennai,3901,5,19505
2141,2026-06-09,Clothing,Hyderabad,3008,6,18048
2142,2025-09-23,Groceries,Mumbai,1099,4,4396
2143,2026-06-21,Sports,Hyderabad,1896,10,18960
2144,2025-08-09,Groceries,Mumbai,1597,3,4791
2145,2024-08-15,Sports,Chennai,4068,8,32544
2146,2025-10-31,Groceries,Chennai,141,10,1410
2147,2026-01-18,Clothing,Bangalore,2340,2,4680
2148,2025-05-02,Sports,Chennai,3687,2,7374
2149,2025-09-05,Clothing,Mumbai,4329,3,12987
2150,2024-12-28,Groceries,Mumbai,4933,1,4933
2151,2025-01-08,Sports,Chennai,2559,4,10236
2152,2025-01-05,Electronics,Chennai,2471,2,4942
2153,2024-07-25,Sports,Bangalore,3412,5,17060
2154,2025-10-16,Sports,Mumbai,1026,4,4104
2155,2025-03-07,Groceries,Chennai,3330,10,33300
2156,2025-07-17,Sports,Bangalore,3359,2,6718
2157,2024-09-11,Furniture,Bangalore,299,7,2093
2158,2025-07-15,Groceries,Chennai,2784,5,13920
2159,2024-07-08,Clothing,Hyderabad,1582,7,11074
2160,2026-05-04,Clothing,Bangalore,1644,2,3288
2161,2025-09-01,Electronics,Hyderabad,4378,8,35024
2162,2024-11-18,Furniture,Chennai,405,1,405
2163,2026-06-19,Sports,Bangalore,1169,10,11690
2164,2024-11-11,Furniture,Hyderabad,2068,9,18612
2165,2024-08-19,Clothing,Hyderabad,707,2,1414
2166,2026-02-26,Sports,Mumbai,1238,5,6190
2167,2026-01-29,Clothing,Bangalore,4686,8,37488
2168,2026-01-31,Furniture,Delhi,662,8,5296
2169,2026-04-23,Groceries,Delhi,4368,3,13104
2170,2025-12-07,Sports,Bangalore,4377,4,17508
2171,2025-10-07,Clothing,Bangalore,1966,8,15728
2172,2025-06-19,Groceries,Chennai,127,9,1143
2173,2026-05-20,Sports,Hyderabad,217,1,217
2174,2026-02-05,Groceries,Hyderabad,3525,5,17625
2175,2025-05-11,Furniture,Chennai,4233,1,4233
2176,2025-11-23,Sports,Hyderabad,3597,4,14388
2177,2026-02-10,Furniture,Hyderabad,525,4,2100
2178,2026-03-10,Electronics,Bangalore,4790,9,43110
2179,2025-01-13,Sports,Chennai,3850,4,15400
2180,2024-07-25,Furniture,Mumbai,799,2,1598
2181,2026-06-07,Clothing,Hyderabad,2152,5,10760
2182,2024-08-10,Groceries,Bangalore,4453,8,35624
2183,2026-05-04,Electronics,Mumbai,2832,2,5664
2184,2025-11-26,Clothing,Chennai,3516,9,31644
2185,2024-12-31,Furniture,Chennai,3761,10,37610
2186,2025-07-06,Furniture,Delhi,4520,2,9040
2187,2025-05-30,Sports,Mumbai,2746,10,27460
2188,2025-11-19,Groceries,Chennai,3637,8,29096
2189,2024-11-22,Electronics,Delhi,2837,5,14185
2190,2024-11-29,Furniture,Chennai,4208,9,37872
2191,2026-06-13,Clothing,Hyderabad,756,2,1512
2192,2025-01-07,Furniture,Delhi,2015,2,4030
2193,2025-10-23,Electronics,Hyderabad,4519,1,4519
2194,2025-07-12,Clothing,Delhi,4294,10,42940
2195,2025-02-17,Groceries,Chennai,1066,2,2132
2196,2025-01-21,Clothing,Mumbai,2211,5,11055
2197,2025-01-18,Sports,Bangalore,4168,2,8336
2198,2026-05-18,Groceries,Bangalore,2444,4,9776
2199,2026-01-24,Furniture,Delhi,4070,6,24420
2200,2025-08-06,Furniture,Hyderabad,857,2,1714
2201,2026-05-12,Electronics,Delhi,3528,9,31752
2202,2024-07-21,Electronics,Hyderabad,1700,1,1700
2203,2026-01-21,Furniture,Delhi,2746,4,10984
2204,2026-05-21,Electronics,Mumbai,4404,3,13212
2205,2025-10-05,Furniture,Chennai,784,1,784
2206,2026-01-21,Sports,Mumbai,140,7,980
2207,2026-03-23,Sports,Delhi,4859,5,24295
2208,2025-06-01,Clothing,Chennai,1541,5,7705
2209,2025-11-20,Electronics,Bangalore,4549,5,22745
2210,2025-12-28,Groceries,Hyderabad,4898,10,48980
2211,2025-09-12,Sports,Delhi,1667,10,16670
2212,2026-03-30,Clothing,Mumbai,1248,1,1248
2213,2025-12-28,Clothing,Delhi,2654,10,26540
2214,2024-07-07,Groceries,Hyderabad,1005,8,8040
2215,2026-04-08,Sports,Bangalore,2067,7,14469
2216,2025-10-04,Furniture,Delhi,3593,6,21558
2217,2026-05-25,Furniture,Mumbai,2963,1,2963
2218,2025-11-29,Electronics,Chennai,3917,10,39170
2219,2025-06-06,Groceries,Mumbai,1282,3,3846
2220,2024-08-13,Clothing,Delhi,1341,2,2682
2221,2026-01-15,Clothing,Chennai,4498,2,8996
2222,2025-07-04,Groceries,Mumbai,1301,8,10408
2223,2024-11-11,Clothing,Mumbai,2615,9,23535
2224,2026-02-01,Groceries,Mumbai,3478,8,27824
2225,2024-09-29,Sports,Bangalore,731,2,1462
2226,2025-06-20,Clothing,Delhi,4927,3,14781
2227,2025-06-10,Furniture,Bangalore,3945,1,3945
2228,2026-01-12,Furniture,Delhi,2847,1,2847
2229,2025-05-30,Clothing,Chennai,1697,2,3394
2230,2025-12-23,Clothing,Chennai,3708,2,7416
2231,2024-07-29,Clothing,Bangalore,824,9,7416
2232,2026-06-23,Groceries,Mumbai,3875,2,7750
2233,2026-05-17,Groceries,Chennai,3972,9,35748
2234,2025-01-31,Sports,Bangalore,1578,4,6312
2235,2024-11-23,Groceries,Delhi,237,1,237
2236,2024-10-22,Sports,Hyderabad,2625,4,10500
2237,2026-02-23,Electronics,Chennai,460,5,2300
2238,2026-06-23,Sports,Chennai,4424,7,30968
2239,2025-06-21,Electronics,Chennai,328,8,2624
2240,2025-08-13,Furniture,Hyderabad,212,6,1272
2241,2025-11-07,Clothing,Mumbai,541,5,2705
2242,2025-08-11,Clothing,Delhi,4177,1,4177
2243,2025-04-03,Clothing,Hyderabad,4088,6,24528
2244,2024-08-06,Clothing,Mumbai,4475,6,26850
2245,2025-02-19,Clothing,Bangalore,4606,4,18424
2246,2024-07-30,Electronics,Hyderabad,3588,5,17940
2247,2025-06-05,Electronics,Delhi,1783,6,10698
2248,2024-07-24,Electronics,Chennai,2789,3,8367
2249,2025-01-04,Furniture,Bangalore,3127,4,12508
2250,2025-08-21,Furniture,Bangalore,4545,1,4545
2251,2025-11-24,Electronics,Hyderabad,4678,7,32746
2252,2026-04-18,Furniture,Bangalore,2123,5,10615
2253,2026-04-16,Electronics,Delhi,2249,3,6747
2254,2024-12-20,Sports,Delhi,3591,4,14364
2255,2026-03-02,Groceries,Hyderabad,2945,4,11780
2256,2025-10-10,Furniture,Bangalore,4516,2,9032
2257,2025-09-16,Clothing,Bangalore,1133,7,7931
2258,2025-09-02,Groceries,Delhi,3566,6,21396
2259,2025-10-04,Groceries,Bangalore,3613,1,3613
2260,2026-04-10,Groceries,Mumbai,4420,5,22100
2261,2024-10-05,Electronics,Bangalore,1688,10,16880
2262,2025-03-18,Groceries,Bangalore,3416,1,3416
2263,2026-01-16,Furniture,Mumbai,1738,1,1738
2264,2026-01-27,Furniture,Bangalore,2241,9,20169
2265,2024-10-23,Electronics,Delhi,1434,7,10038
2266,2025-06-04,Furniture,Mumbai,1244,2,2488
2267,2025-03-05,Electronics,Bangalore,1716,5,8580
2268,2025-03-10,Groceries,Mumbai,4302,10,43020
2269,2025-04-04,Groceries,Chennai,3096,4,12384
2270,2025-04-23,Groceries,Mumbai,1281,9,11529
2271,2025-05-22,Furniture,Chennai,3173,7,22211
2272,2024-08-19,Clothing,Mumbai,279,5,1395
2273,2026-05-26,Groceries,Chennai,3615,9,32535
2274,2024-12-21,Groceries,Delhi,1648,4,6592
2275,2025-07-27,Groceries,Delhi,2422,4,9688
2276,2026-06-16,Clothing,Delhi,3926,10,39260
2277,2025-08-07,Sports,Chennai,1248,9,11232
2278,2024-10-16,Electronics,Delhi,2662,6,15972
2279,2025-09-23,Clothing,Hyderabad,3993,9,35937
2280,2025-05-30,Clothing,Chennai,1444,8,11552
2281,2025-12-01,Clothing,Mumbai,4573,10,45730
2282,2025-09-21,Groceries,Bangalore,3953,3,11859
2283,2025-01-30,Sports,Chennai,4729,7,33103
2284,2026-02-09,Electronics,Hyderabad,3529,1,3529
2285,2026-05-07,Groceries,Hyderabad,537,2,1074
2286,2025-12-30,Groceries,Delhi,2842,7,19894
2287,2024-11-26,Electronics,Hyderabad,2932,2,5864
2288,2026-03-06,Furniture,Hyderabad,2577,1,2577
2289,2026-01-02,Groceries,Chennai,4645,5,23225
2290,2025-07-23,Groceries,Bangalore,1098,6,6588
2291,2026-03-04,Furniture,Bangalore,2324,2,4648
2292,2025-04-30,Clothing,Bangalore,1844,4,7376
2293,2025-09-11,Clothing,Delhi,4208,10,42080
2294,2026-04-24,Furniture,Bangalore,2462,2,4924
2295,2025-08-06,Clothing,Chennai,4284,4,17136
2296,2024-11-10,Clothing,Chennai,3525,10,35250
2297,2026-06-20,Electronics,Bangalore,2609,9,23481
2298,2025-05-04,Groceries,Bangalore,3771,5,18855
2299,2026-03-30,Furniture,Chennai,2581,10,25810
2300,2025-05-04,Electronics,Delhi,2385,8,19080
2301,2025-08-11,Groceries,Mumbai,230,5,1150
2302,2024-08-25,Groceries,Chennai,988,2,1976
2303,2025-11-28,Groceries,Chennai,884,2,1768
2304,2026-06-26,Clothing,Chennai,3943,10,39430
2305,2024-12-07,Clothing,Mumbai,3561,2,7122
2306,2025-03-30,Electronics,Bangalore,1806,10,18060
2307,2025-03-22,Furniture,Hyderabad,1022,4,4088
2308,2025-08-01,Clothing,Bangalore,3329,2,6658
2309,2024-09-29,Clothing,Hyderabad,1924,2,3848
2310,2024-10-18,Electronics,Mumbai,342,5,1710
2311,2024-08-26,Electronics,Chennai,1792,2,3584
2312,2026-04-26,Groceries,Hyderabad,2664,8,21312
2313,2025-11-29,Sports,Mumbai,601,9,5409
2314,2025-07-28,Electronics,Delhi,393,1,393
2315,2025-03-10,Furniture,Bangalore,2211,5,11055
2316,2025-02-14,Groceries,Chennai,897,1,897
2317,2025-11-17,Sports,Chennai,491,7,3437
2318,2025-02-03,Groceries,Bangalore,1423,2,2846
2319,2024-08-06,Electronics,Mumbai,4136,5,20680
2320,2025-12-31,Sports,Delhi,4037,5,20185
2321,2024-07-28,Groceries,Delhi,1927,4,7708
2322,2026-02-20,Groceries,Chennai,759,7,5313
2323,2024-08-07,Groceries,Chennai,3586,5,17930
2324,2024-08-14,Furniture,Bangalore,4112,5,20560
2325,2025-05-18,Groceries,Hyderabad,129,8,1032
2326,2025-11-18,Furniture,Chennai,818,5,4090
2327,2025-06-08,Clothing,Mumbai,143,6,858
2328,2024-08-26,Sports,Bangalore,3396,10,33960
2329,2025-10-25,Groceries,Delhi,2374,5,11870
2330,2025-04-07,Groceries,Bangalore,811,9,7299
2331,2025-04-26,Clothing,Chennai,736,7,5152
2332,2024-09-06,Electronics,Bangalore,2627,4,10508
2333,2026-01-28,Electronics,Hyderabad,804,4,3216
2334,2024-08-19,Clothing,Chennai,3041,10,30410
2335,2024-09-17,Electronics,Mumbai,2911,4,11644
2336,2026-03-23,Groceries,Hyderabad,523,6,3138
2337,2024-11-07,Electronics,Chennai,2798,2,5596
2338,2025-01-24,Furniture,Bangalore,4045,7,28315
2339,2025-02-06,Clothing,Bangalore,4415,1,4415
2340,2025-02-27,Electronics,Hyderabad,2571,9,23139
2341,2026-01-15,Sports,Delhi,1707,9,15363
2342,2026-04-27,Sports,Chennai,4959,9,44631
2343,2025-10-12,Furniture,Mumbai,3590,5,17950
2344,2024-10-30,Clothing,Mumbai,343,6,2058
2345,2025-04-04,Sports,Bangalore,3112,8,24896
2346,2025-02-05,Sports,Delhi,4872,6,29232
2347,2025-01-17,Sports,Mumbai,2102,6,12612
2348,2025-08-17,Sports,Bangalore,1958,9,17622
2349,2024-11-19,Furniture,Hyderabad,3094,6,18564
2350,2025-11-12,Groceries,Bangalore,1808,4,7232
2351,2025-12-28,Electronics,Bangalore,3918,7,27426
2352,2026-06-04,Sports,Chennai,559,4,2236
2353,2026-04-18,Clothing,Delhi,1219,10,12190
2354,2026-06-21,Clothing,Delhi,3879,10,38790
2355,2026-06-16,Sports,Chennai,1355,1,1355
2356,2025-05-01,Sports,Chennai,1926,10,19260
2357,2025-04-16,Furniture,Delhi,484,4,1936
2358,2025-03-28,Groceries,Chennai,1697,1,1697
2359,2024-08-08,Furniture,Bangalore,2392,9,21528
2360,2025-06-29,Clothing,Delhi,222,1,222
2361,2025-07-12,Clothing,Bangalore,1044,9,9396
2362,2026-03-02,Sports,Delhi,4661,2,9322
2363,2026-01-08,Groceries,Chennai,1912,5,9560
2364,2024-07-11,Clothing,Hyderabad,1193,8,9544
2365,2025-11-08,Groceries,Hyderabad,3246,1,3246
2366,2026-01-11,Sports,Mumbai,1295,9,11655
2367,2025-05-21,Sports,Hyderabad,943,2,1886
2368,2025-04-23,Electronics,Delhi,1939,9,17451
2369,2024-11-15,Electronics,Bangalore,228,6,1368
2370,2025-11-03,Sports,Delhi,1578,9,14202
2371,2025-10-24,Electronics,Mumbai,550,6,3300
2372,2025-01-11,Sports,Delhi,539,8,4312
2373,2025-07-21,Sports,Bangalore,2063,7,14441
2374,2025-11-25,Clothing,Chennai,968,6,5808
2375,2025-11-13,Sports,Delhi,1808,7,12656
2376,2025-09-27,Furniture,Chennai,870,3,2610
2377,2025-12-30,Clothing,Mumbai,290,6,1740
2378,2024-11-21,Furniture,Chennai,1135,9,10215
2379,2026-06-09,Groceries,Hyderabad,2113,4,8452
2380,2025-04-22,Furniture,Mumbai,1157,6,6942
2381,2025-10-07,Furniture,Bangalore,238,6,1428
2382,2026-03-17,Electronics,Delhi,3130,8,25040
2383,2024-10-17,Sports,Mumbai,346,3,1038
2384,2025-08-20,Clothing,Hyderabad,1848,8,14784
2385,2026-02-21,Groceries,Chennai,1338,7,9366
2386,2025-11-02,Groceries,Hyderabad,4600,4,18400
2387,2026-02-22,Furniture,Bangalore,2979,2,5958
2388,2025-03-01,Sports,Delhi,1437,2,2874
2389,2025-04-27,Groceries,Hyderabad,3382,4,13528
2390,2024-08-23,Clothing,Mumbai,4649,10,46490
2391,2025-10-01,Sports,Delhi,412,1,412
2392,2024-10-21,Sports,Delhi,115,2,230
2393,2025-01-27,Sports,Chennai,2807,10,28070
2394,2024-09-18,Groceries,Chennai,1631,5,8155
2395,2026-05-14,Clothing,Bangalore,1909,7,13363
2396,2024-08-11,Clothing,Chennai,3728,2,7456
2397,2025-09-08,Furniture,Chennai,3814,8,30512
2398,2025-02-16,Furniture,Bangalore,2749,1,2749
2399,2024-08-20,Groceries,Delhi,1738,6,10428
2400,2026-06-07,Furniture,Mumbai,2031,2,4062
2401,2025-05-13,Sports,Mumbai,2659,2,5318
2402,2025-06-29,Sports,Bangalore,455,10,4550
2403,2024-08-06,Furniture,Mumbai,179,1,179
2404,2024-11-01,Sports,Delhi,3135,5,15675
2405,2026-06-03,Clothing,Mumbai,4824,5,24120
2406,2026-05-01,Furniture,Bangalore,4488,6,26928
2407,2024-11-07,Groceries,Mumbai,991,10,9910
2408,2025-08-10,Groceries,Bangalore,2989,6,17934
2409,2024-12-05,Groceries,Bangalore,1683,2,3366
2410,2025-09-23,Sports,Bangalore,1929,9,17361
2411,2025-10-07,Groceries,Mumbai,598,5,2990
2412,2024-10-12,Clothing,Chennai,3598,10,35980
2413,2024-08-20,Sports,Mumbai,3006,2,6012
2414,2024-08-06,Sports,Mumbai,3801,6,22806
2415,2025-10-28,Groceries,Hyderabad,3793,7,26551
2416,2024-10-02,Groceries,Hyderabad,4039,2,8078
2417,2026-05-31,Sports,Delhi,4341,6,26046
2418,2025-03-26,Clothing,Delhi,2610,8,20880
2419,2024-12-27,Groceries,Chennai,3052,4,12208
2420,2025-07-07,Electronics,Chennai,1555,8,12440
2421,2026-02-15,Clothing,Chennai,3692,6,22152
2422,2024-12-20,Sports,Hyderabad,2923,2,5846
2423,2024-08-04,Sports,Delhi,4312,6,25872
2424,2024-11-27,Groceries,Mumbai,3003,5,15015
2425,2025-01-03,Furniture,Delhi,2894,2,5788
2426,2026-02-27,Electronics,Hyderabad,4241,4,16964
2427,2025-11-03,Furniture,Delhi,3557,9,32013
2428,2025-09-08,Clothing,Hyderabad,3377,5,16885
2429,2026-01-22,Furniture,Hyderabad,2442,6,14652
2430,2026-04-15,Furniture,Hyderabad,220,1,220
2431,2025-06-18,Clothing,Chennai,969,5,4845
2432,2024-10-18,Furniture,Hyderabad,3943,3,11829
2433,2025-11-20,Sports,Bangalore,3358,1,3358
2434,2025-12-15,Sports,Mumbai,2849,7,19943
2435,2025-11-07,Groceries,Chennai,4106,10,41060
2436,2025-10-24,Furniture,Chennai,1229,8,9832
2437,2025-12-20,Groceries,Bangalore,1664,8,13312
2438,2024-11-14,Sports,Mumbai,1006,5,5030
2439,2025-08-30,Sports,Hyderabad,1018,10,10180
2440,2024-11-15,Clothing,Chennai,4100,7,28700
2441,2024-10-02,Electronics,Delhi,3662,8,29296
2442,2025-04-07,Clothing,Bangalore,2672,4,10688
2443,2026-05-21,Sports,Bangalore,1955,9,17595
2444,2024-09-11,Electronics,Bangalore,1670,1,1670
2445,2026-03-25,Sports,Bangalore,970,6,5820
2446,2025-08-19,Sports,Mumbai,4369,1,4369
2447,2025-09-28,Clothing,Hyderabad,2683,9,24147
2448,2024-09-14,Furniture,Hyderabad,1893,2,3786
2449,2026-05-18,Sports,Mumbai,3092,8,24736
2450,2025-12-15,Electronics,Hyderabad,423,1,423
2451,2024-12-07,Clothing,Bangalore,2757,5,13785
2452,2025-03-19,Furniture,Hyderabad,2056,8,16448
2453,2025-12-04,Sports,Mumbai,1743,4,6972
2454,2025-08-30,Clothing,Hyderabad,1553,7,10871
2455,2025-03-04,Sports,Hyderabad,1207,2,2414
2456,2026-05-19,Furniture,Chennai,4821,7,33747
2457,2024-11-10,Electronics,Bangalore,4382,9,39438
2458,2024-08-24,Groceries,Hyderabad,2220,10,22200
2459,2024-09-20,Clothing,Bangalore,3771,8,30168
2460,2025-01-29,Electronics,Hyderabad,2761,2,5522
2461,2025-12-07,Clothing,Chennai,1889,10,18890
2462,2024-09-21,Clothing,Hyderabad,3594,2,7188
2463,2025-01-23,Electronics,Hyderabad,3616,10,36160
2464,2026-05-04,Furniture,Bangalore,2239,7,15673
2465,2025-10-16,Groceries,Chennai,2972,6,17832
2466,2025-05-28,Groceries,Bangalore,4866,9,43794
2467,2025-05-11,Clothing,Bangalore,4665,3,13995
2468,2024-11-07,Electronics,Bangalore,669,5,3345
2469,2025-01-26,Electronics,Mumbai,1380,7,9660
2470,2025-08-21,Groceries,Hyderabad,720,10,7200
2471,2024-09-19,Clothing,Delhi,4729,7,33103
2472,2025-02-02,Groceries,Bangalore,1529,1,1529
2473,2026-03-18,Clothing,Bangalore,1829,8,14632
2474,2025-03-03,Clothing,Bangalore,4629,6,27774
2475,2025-03-04,Clothing,Chennai,1374,7,9618
2476,2026-02-28,Furniture,Hyderabad,2950,7,20650
2477,2025-03-25,Sports,Delhi,137,7,959
2478,2025-06-01,Groceries,Bangalore,2065,10,20650
2479,2025-08-16,Clothing,Bangalore,498,7,3486
2480,2024-07-09,Electronics,Mumbai,4127,10,41270
2481,2025-06-13,Sports,Delhi,4493,7,31451
2482,2025-01-06,Electronics,Chennai,2559,5,12795
2483,2026-03-08,Clothing,Mumbai,2631,2,5262
2484,2025-09-02,Clothing,Delhi,4495,7,31465
2485,2025-02-19,Groceries,Hyderabad,4887,1,4887
2486,2025-09-20,Sports,Hyderabad,2413,6,14478
2487,2025-12-19,Sports,Chennai,3179,7,22253
2488,2026-04-23,Sports,Hyderabad,2926,8,23408
2489,2026-03-01,Groceries,Bangalore,1580,6,9480
2490,2025-02-12,Sports,Chennai,2168,10,21680
2491,2025-08-21,Sports,Chennai,1587,2,3174
2492,2025-12-08,Furniture,Delhi,2204,6,13224
2493,2026-02-28,Furniture,Delhi,2479,5,12395
2494,2025-06-08,Clothing,Delhi,778,6,4668
2495,2025-10-04,Groceries,Bangalore,2446,1,2446
2496,2026-05-11,Furniture,Delhi,1169,4,4676
2497,2025-10-20,Furniture,Delhi,259,9,2331
2498,2025-07-21,Clothing,Chennai,4227,9,38043
2499,2026-01-21,Groceries,Bangalore,1122,1,1122
2500,2025-07-30,Sports,Chennai,2788,1,2788
2501,2025-05-26,Groceries,Hyderabad,807,7,5649
2502,2026-04-28,Sports,Chennai,1882,1,1882
2503,2025-03-10,Electronics,Hyderabad,4251,8,34008
2504,2025-09-26,Groceries,Hyderabad,3531,4,14124
2505,2025-11-04,Furniture,Delhi,1661,7,11627
2506,2024-08-17,Electronics,Hyderabad,2172,8,17376
2507,2026-01-09,Groceries,Delhi,1798,1,1798
2508,2024-11-01,Sports,Hyderabad,2544,8,20352
2509,2025-05-29,Furniture,Mumbai,148,6,888
2510,2025-04-22,Electronics,Hyderabad,2286,7,16002
2511,2025-05-12,Clothing,Bangalore,3562,7,24934
2512,2025-09-25,Groceries,Mumbai,3155,8,25240
2513,2026-03-08,Sports,Chennai,288,10,2880
2514,2026-02-10,Sports,Hyderabad,4927,5,24635
2515,2024-08-02,Sports,Bangalore,1804,4,7216
2516,2025-02-19,Clothing,Bangalore,4322,7,30254
2517,2026-03-15,Electronics,Chennai,3362,9,30258
2518,2026-03-21,Groceries,Mumbai,2966,2,5932
2519,2025-09-26,Clothing,Hyderabad,1232,8,9856
2520,2026-05-18,Furniture,Mumbai,1838,6,11028
2521,2026-05-29,Furniture,Bangalore,1671,9,15039
2522,2025-06-25,Groceries,Bangalore,936,4,3744
2523,2026-05-23,Groceries,Chennai,1652,10,16520
2524,2026-03-07,Sports,Chennai,4268,10,42680
2525,2024-09-01,Furniture,Delhi,3927,10,39270
2526,2025-10-29,Furniture,Hyderabad,3871,4,15484
2527,2024-11-23,Electronics,Delhi,4025,1,4025
2528,2024-12-18,Electronics,Chennai,3151,3,9453
2529,2025-10-03,Electronics,Bangalore,2966,2,5932
2530,2025-11-30,Clothing,Chennai,2658,9,23922
2531,2025-01-29,Sports,Mumbai,2030,6,12180
2532,2024-11-15,Furniture,Delhi,499,4,1996
2533,2024-07-05,Electronics,Mumbai,1073,5,5365
2534,2025-05-20,Sports,Mumbai,2609,9,23481
2535,2025-10-02,Furniture,Hyderabad,4573,6,27438
2536,2026-01-06,Electronics,Bangalore,2507,6,15042
2537,2024-12-08,Clothing,Chennai,1332,7,9324
2538,2024-12-11,Electronics,Bangalore,2123,3,6369
2539,2025-09-06,Furniture,Mumbai,2376,9,21384
2540,2024-11-10,Sports,Hyderabad,676,4,2704
2541,2025-06-02,Furniture,Chennai,4188,5,20940
2542,2025-01-05,Sports,Bangalore,323,7,2261
2543,2024-12-01,Groceries,Chennai,1249,10,12490
2544,2025-01-14,Clothing,Hyderabad,1934,6,11604
2545,2024-08-17,Clothing,Delhi,4186,5,20930
2546,2026-02-11,Electronics,Bangalore,3900,7,27300
2547,2026-05-11,Clothing,Mumbai,3792,4,15168
2548,2025-04-09,Sports,Bangalore,2289,1,2289
2549,2024-09-12,Clothing,Hyderabad,4653,9,41877
2550,2025-04-08,Furniture,Bangalore,1572,5,7860
2551,2024-08-08,Furniture,Bangalore,2167,1,2167
2552,2026-01-25,Electronics,Hyderabad,3504,7,24528
2553,2026-04-02,Clothing,Hyderabad,3036,10,30360
2554,2025-12-03,Furniture,Hyderabad,3279,10,32790
2555,2025-12-03,Sports,Chennai,4688,6,28128
2556,2024-11-26,Groceries,Hyderabad,2896,7,20272
2557,2024-09-24,Groceries,Hyderabad,3284,10,32840
2558,2024-09-20,Furniture,Mumbai,4038,2,8076
2559,2024-09-19,Groceries,Bangalore,4607,9,41463
2560,2024-12-11,Electronics,Mumbai,855,2,1710
2561,2025-02-13,Groceries,Delhi,1263,9,11367
2562,2025-08-28,Clothing,Mumbai,3999,3,11997
2563,2024-07-26,Furniture,Chennai,1758,10,17580
2564,2025-03-01,Sports,Bangalore,1396,5,6980
2565,2025-06-16,Clothing,Delhi,4501,9,40509
2566,2024-08-21,Sports,Bangalore,898,6,5388
2567,2025-02-20,Clothing,Bangalore,3885,8,31080
2568,2024-11-11,Sports,Delhi,581,4,2324
2569,2025-11-15,Clothing,Delhi,2561,4,10244
2570,2026-04-20,Clothing,Hyderabad,1022,2,2044
2571,2025-05-31,Sports,Delhi,815,3,2445
2572,2025-05-10,Groceries,Delhi,3378,3,10134
2573,2025-08-23,Electronics,Delhi,1161,8,9288
2574,2025-07-17,Electronics,Bangalore,2324,9,20916
2575,2025-01-21,Furniture,Chennai,1127,7,7889
2576,2024-11-15,Sports,Bangalore,1432,7,10024
2577,2025-12-09,Furniture,Hyderabad,4761,6,28566
2578,2026-02-04,Sports,Delhi,1902,3,5706
2579,2025-03-24,Clothing,Bangalore,3729,3,11187
2580,2025-11-09,Furniture,Delhi,1223,5,6115
2581,2025-01-03,Clothing,Chennai,2852,8,22816
2582,2024-12-05,Clothing,Delhi,1300,2,2600
2583,2025-05-27,Electronics,Delhi,1595,4,6380
2584,2025-12-14,Electronics,Bangalore,2032,7,14224
2585,2025-03-14,Groceries,Hyderabad,2868,5,14340
2586,2024-08-15,Clothing,Mumbai,2021,1,2021
2587,2025-12-08,Sports,Chennai,4652,9,41868
2588,2025-09-19,Groceries,Delhi,1558,7,10906
2589,2026-05-22,Electronics,Delhi,1147,2,2294
2590,2026-02-12,Clothing,Hyderabad,2426,6,14556
2591,2026-04-12,Sports,Chennai,2877,5,14385
2592,2025-02-08,Sports,Mumbai,4271,10,42710
2593,2025-01-21,Sports,Hyderabad,2982,6,17892
2594,2025-04-15,Clothing,Hyderabad,611,6,3666
2595,2025-07-23,Groceries,Bangalore,2754,8,22032
2596,2026-01-05,Sports,Bangalore,753,7,5271
2597,2025-07-18,Clothing,Bangalore,442,1,442
2598,2026-06-20,Sports,Hyderabad,1904,5,9520
2599,2025-11-30,Furniture,Delhi,2216,1,2216
2600,2025-07-24,Clothing,Bangalore,2271,2,4542
2601,2025-03-16,Electronics,Bangalore,622,9,5598
2602,2025-10-31,Groceries,Chennai,4715,5,23575
2603,2024-12-24,Furniture,Delhi,670,3,2010
2604,2026-03-29,Clothing,Mumbai,2014,8,16112
2605,2024-12-08,Electronics,Mumbai,3096,3,9288
2606,2024-07-30,Furniture,Chennai,2175,1,2175
2607,2025-09-23,Clothing,Delhi,2096,8,16768
2608,2024-08-16,Electronics,Chennai,465,5,2325
2609,2025-12-20,Groceries,Delhi,2830,4,11320
2610,2025-11-11,Electronics,Bangalore,924,8,7392
2611,2025-07-28,Groceries,Hyderabad,1990,1,1990
2612,2024-11-17,Sports,Delhi,2281,1,2281
2613,2024-09-08,Furniture,Mumbai,4178,7,29246
2614,2024-09-08,Electronics,Hyderabad,4646,4,18584
2615,2024-09-19,Groceries,Delhi,4407,3,13221
2616,2024-12-26,Electronics,Delhi,4462,5,22310
2617,2025-07-03,Furniture,Mumbai,2817,7,19719
2618,2024-07-29,Groceries,Bangalore,2051,5,10255
2619,2024-09-24,Clothing,Delhi,3488,6,20928
2620,2025-08-20,Clothing,Chennai,3442,5,17210
2621,2025-03-01,Clothing,Bangalore,959,8,7672
2622,2024-07-17,Furniture,Mumbai,4745,1,4745
2623,2025-09-16,Groceries,Bangalore,365,8,2920
2624,2025-04-25,Furniture,Chennai,3777,2,7554
2625,2025-01-08,Groceries,Delhi,2151,9,19359
2626,2025-07-10,Electronics,Hyderabad,2940,5,14700
2627,2024-09-23,Clothing,Mumbai,2682,4,10728
2628,2025-04-12,Clothing,Mumbai,4801,9,43209
2629,2025-10-19,Furniture,Delhi,2805,1,2805
2630,2026-02-10,Furniture,Hyderabad,3396,9,30564
2631,2024-09-23,Sports,Hyderabad,5000,1,5000
2632,2024-08-21,Clothing,Chennai,2597,4,10388
2633,2025-02-26,Groceries,Chennai,4227,2,8454
2634,2025-07-14,Clothing,Mumbai,4292,6,25752
2635,2025-07-11,Furniture,Hyderabad,3490,7,24430
2636,2026-04-08,Furniture,Delhi,3135,9,28215
2637,2025-10-15,Clothing,Mumbai,2347,4,9388
2638,2025-11-01,Groceries,Delhi,185,2,370
2639,2025-01-14,Clothing,Mumbai,949,10,9490
2640,2024-12-27,Electronics,Hyderabad,2647,9,23823
2641,2026-01-18,Electronics,Delhi,1632,4,6528
2642,2026-01-29,Sports,Delhi,1505,10,15050
2643,2026-06-19,Electronics,Hyderabad,3063,9,27567
2644,2025-09-28,Clothing,Mumbai,3941,8,31528
2645,2024-09-14,Groceries,Chennai,1698,1,1698
2646,2024-09-23,Sports,Bangalore,182,6,1092
2647,2024-10-30,Electronics,Mumbai,383,3,1149
2648,2024-08-29,Electronics,Delhi,2398,9,21582
2649,2025-07-03,Electronics,Chennai,2151,8,17208
2650,2024-11-17,Electronics,Chennai,777,7,5439
2651,2025-07-11,Clothing,Mumbai,4450,5,22250
2652,2025-12-12,Furniture,Hyderabad,2165,2,4330
2653,2025-04-26,Furniture,Chennai,3261,7,22827
2654,2024-10-29,Electronics,Bangalore,2531,10,25310
2655,2024-07-30,Electronics,Chennai,645,3,1935
2656,2025-02-02,Electronics,Chennai,3890,7,27230
2657,2024-10-03,Clothing,Bangalore,4430,2,8860
2658,2024-06-30,Electronics,Hyderabad,3098,6,18588
2659,2026-05-30,Clothing,Bangalore,1849,2,3698
2660,2024-08-05,Furniture,Chennai,4226,4,16904
2661,2024-09-30,Furniture,Chennai,2237,1,2237
2662,2024-12-19,Sports,Delhi,937,9,8433
2663,2026-04-27,Furniture,Mumbai,3966,9,35694
2664,2024-11-07,Clothing,Chennai,3427,1,3427
2665,2025-08-03,Clothing,Hyderabad,280,5,1400
2666,2025-08-18,Groceries,Bangalore,4175,10,41750
2667,2025-01-23,Furniture,Delhi,3425,9,30825
2668,2024-10-01,Sports,Mumbai,4182,3,12546
2669,2025-04-27,Furniture,Mumbai,937,5,4685
2670,2025-03-27,Furniture,Mumbai,2410,6,14460
2671,2024-12-02,Sports,Chennai,1436,3,4308
2672,2026-03-24,Furniture,Mumbai,3302,1,3302
2673,2025-02-07,Clothing,Delhi,1348,10,13480
2674,2024-10-20,Sports,Delhi,3189,7,22323
2675,2025-12-13,Furniture,Bangalore,2055,4,8220
2676,2025-01-28,Sports,Mumbai,3172,3,9516
2677,2024-12-12,Furniture,Mumbai,1535,5,7675
2678,2025-08-20,Clothing,Bangalore,1762,7,12334
2679,2025-04-18,Sports,Hyderabad,4613,3,13839
2680,2024-07-30,Sports,Bangalore,2288,10,22880
2681,2025-04-10,Sports,Delhi,2893,9,26037
2682,2025-08-26,Furniture,Bangalore,1189,7,8323
2683,2024-12-04,Clothing,Delhi,2487,8,19896
2684,2024-10-07,Clothing,Mumbai,4450,7,31150
2685,2024-10-12,Sports,Chennai,2633,3,7899
2686,2025-05-28,Furniture,Delhi,3476,1,3476
2687,2024-09-08,Clothing,Chennai,582,7,4074
2688,2025-04-02,Clothing,Hyderabad,700,2,1400
2689,2025-08-17,Electronics,Mumbai,181,2,362
2690,2025-02-19,Furniture,Chennai,3307,8,26456
2691,2025-01-28,Groceries,Chennai,4833,3,14499
2692,2024-10-02,Furniture,Chennai,2427,5,12135
2693,2025-03-03,Sports,Delhi,2366,8,18928
2694,2025-02-24,Electronics,Hyderabad,1945,4,7780
2695,2026-05-30,Groceries,Mumbai,1548,2,3096
2696,2025-08-14,Groceries,Mumbai,1154,10,11540
2697,2026-01-13,Electronics,Chennai,3616,9,32544
2698,2026-01-13,Furniture,Delhi,1871,4,7484
2699,2025-07-25,Groceries,Delhi,408,3,1224
2700,2025-01-25,Clothing,Bangalore,192,1,192
2701,2025-04-29,Clothing,Bangalore,2472,2,4944
2702,2025-08-28,Sports,Delhi,2743,10,27430
2703,2025-05-25,Electronics,Hyderabad,3903,4,15612
2704,2024-10-12,Groceries,Mumbai,4394,1,4394
2705,2026-05-01,Clothing,Bangalore,3926,5,19630
2706,2026-01-18,Clothing,Delhi,4183,7,29281
2707,2024-11-04,Clothing,Hyderabad,3935,2,7870
2708,2026-03-30,Furniture,Delhi,494,8,3952
2709,2026-06-28,Electronics,Chennai,1303,4,5212
2710,2024-09-20,Sports,Mumbai,2658,4,10632
2711,2026-01-11,Electronics,Hyderabad,1735,7,12145
2712,2025-10-06,Clothing,Hyderabad,571,8,4568
2713,2024-12-05,Groceries,Hyderabad,618,6,3708
2714,2025-12-25,Groceries,Bangalore,1014,5,5070
2715,2026-04-27,Furniture,Hyderabad,4241,1,4241
2716,2025-04-28,Sports,Hyderabad,408,3,1224
2717,2026-02-25,Sports,Bangalore,168,9,1512
2718,2024-12-16,Sports,Hyderabad,1520,6,9120
2719,2024-09-04,Furniture,Delhi,4579,7,32053
2720,2025-01-11,Clothing,Chennai,2421,10,24210
2721,2024-12-29,Sports,Chennai,3532,2,7064
2722,2024-10-26,Clothing,Hyderabad,834,7,5838
2723,2025-09-19,Sports,Hyderabad,1450,7,10150
2724,2025-01-22,Furniture,Bangalore,929,2,1858
2725,2024-12-16,Sports,Hyderabad,4973,3,14919
2726,2026-06-02,Sports,Hyderabad,4928,7,34496
2727,2024-12-28,Groceries,Mumbai,1861,9,16749
2728,2025-06-02,Furniture,Bangalore,2088,4,8352
2729,2026-02-09,Sports,Delhi,2054,7,14378
2730,2024-10-28,Sports,Hyderabad,4438,1,4438
2731,2024-08-05,Electronics,Mumbai,739,3,2217
2732,2025-08-03,Groceries,Delhi,297,9,2673
2733,2025-10-14,Furniture,Mumbai,3483,8,27864
2734,2024-07-05,Groceries,Chennai,3527,6,21162
2735,2024-11-05,Groceries,Mumbai,262,5,1310
2736,2025-07-13,Furniture,Hyderabad,1015,9,9135
2737,2024-09-09,Furniture,Delhi,2653,4,10612
2738,2025-04-24,Groceries,Hyderabad,1396,1,1396
2739,2026-01-08,Groceries,Hyderabad,4695,3,14085
2740,2024-08-28,Groceries,Mumbai,1943,7,13601
2741,2025-05-22,Clothing,Mumbai,2977,5,14885
2742,2025-07-28,Sports,Mumbai,4702,1,4702
2743,2025-10-05,Furniture,Mumbai,3414,8,27312
2744,2025-06-28,Sports,Mumbai,4192,10,41920
2745,2025-03-11,Clothing,Hyderabad,1631,2,3262
2746,2026-02-16,Sports,Mumbai,2331,4,9324
2747,2025-03-17,Electronics,Delhi,3086,8,24688
2748,2024-10-08,Groceries,Delhi,4419,10,44190
2749,2024-10-26,Sports,Delhi,1305,2,2610
2750,2025-03-28,Sports,Bangalore,2944,8,23552
2751,2025-05-24,Sports,Chennai,4809,6,28854
2752,2024-12-23,Furniture,Mumbai,3177,2,6354
2753,2024-11-24,Groceries,Hyderabad,4007,3,12021
2754,2024-10-24,Electronics,Delhi,4748,4,18992
2755,2024-10-23,Groceries,Mumbai,4411,2,8822
2756,2025-11-24,Furniture,Delhi,4003,5,20015
2757,2026-02-01,Groceries,Chennai,2760,10,27600
2758,2026-04-06,Furniture,Mumbai,4610,2,9220
2759,2025-12-04,Sports,Delhi,4018,10,40180
2760,2025-08-10,Clothing,Chennai,3136,1,3136
2761,2025-11-22,Groceries,Delhi,478,6,2868
2762,2024-07-03,Electronics,Mumbai,2983,7,20881
2763,2025-03-24,Groceries,Bangalore,320,4,1280
2764,2026-06-19,Clothing,Mumbai,3355,9,30195
2765,2025-10-09,Clothing,Chennai,4635,2,9270
2766,2024-12-06,Electronics,Mumbai,4042,5,20210
2767,2025-04-09,Clothing,Bangalore,4774,7,33418
2768,2026-04-28,Sports,Mumbai,1692,10,16920
2769,2025-07-19,Clothing,Delhi,4237,3,12711
2770,2025-12-30,Groceries,Mumbai,3958,2,7916
2771,2025-10-04,Furniture,Delhi,1614,2,3228
2772,2024-12-22,Groceries,Mumbai,4700,10,47000
2773,2026-06-16,Electronics,Chennai,4989,2,9978
2774,2025-09-05,Groceries,Bangalore,1678,9,15102
2775,2025-07-05,Furniture,Hyderabad,520,3,1560
2776,2025-12-14,Clothing,Bangalore,808,5,4040
2777,2026-06-21,Groceries,Bangalore,3425,9,30825
2778,2025-11-21,Furniture,Delhi,763,5,3815
2779,2024-08-20,Sports,Chennai,1147,3,3441
2780,2025-08-10,Furniture,Mumbai,2973,3,8919
2781,2025-01-26,Clothing,Chennai,1386,1,1386
2782,2025-05-11,Furniture,Bangalore,136,3,408
2783,2024-08-12,Sports,Delhi,2734,3,8202
2784,2026-04-16,Clothing,Mumbai,1157,1,1157
2785,2025-04-25,Clothing,Bangalore,3625,3,10875
2786,2025-12-24,Electronics,Chennai,2791,6,16746
2787,2025-03-31,Clothing,Hyderabad,3352,6,20112
2788,2026-03-04,Electronics,Mumbai,4049,7,28343
2789,2025-01-19,Electronics,Chennai,1365,10,13650
2790,2025-12-20,Sports,Delhi,642,5,3210
2791,2024-07-10,Electronics,Hyderabad,2506,7,17542
2792,2024-09-27,Sports,Mumbai,1342,4,5368
2793,2024-10-18,Clothing,Hyderabad,1113,10,11130
2794,2024-12-02,Groceries,Mumbai,782,7,5474
2795,2026-02-24,Clothing,Chennai,3883,6,23298
2796,2024-09-11,Groceries,Chennai,4182,1,4182
2797,2026-03-26,Furniture,Bangalore,4627,6,27762
2798,2024-11-09,Furniture,Hyderabad,1155,5,5775
2799,2025-04-30,Electronics,Delhi,4483,6,26898
2800,2025-05-14,Sports,Chennai,4706,2,9412
2801,2025-01-29,Groceries,Mumbai,3253,7,22771
2802,2025-02-13,Clothing,Hyderabad,2860,2,5720
2803,2026-03-25,Clothing,Bangalore,2469,2,4938
2804,2025-10-11,Furniture,Hyderabad,2997,4,11988
2805,2024-12-22,Sports,Chennai,427,1,427
2806,2025-11-25,Sports,Mumbai,1585,8,12680
2807,2025-10-20,Clothing,Bangalore,2089,10,20890
2808,2025-09-10,Furniture,Delhi,1303,6,7818
2809,2026-04-25,Sports,Delhi,428,3,1284
2810,2025-10-15,Groceries,Bangalore,3461,10,34610
2811,2025-08-03,Furniture,Hyderabad,2941,4,11764
2812,2024-12-09,Electronics,Hyderabad,815,4,3260
2813,2024-07-12,Sports,Hyderabad,3119,9,28071
2814,2026-01-30,Clothing,Mumbai,3974,9,35766
2815,2026-04-08,Sports,Delhi,1103,2,2206
2816,2024-10-20,Furniture,Chennai,3190,7,22330
2817,2026-04-07,Groceries,Mumbai,2280,4,9120
2818,2026-05-22,Clothing,Bangalore,2432,6,14592
2819,2025-08-25,Furniture,Bangalore,2458,5,12290
2820,2024-07-19,Groceries,Mumbai,3157,1,3157
2821,2025-01-09,Electronics,Delhi,3352,5,16760
2822,2024-11-11,Electronics,Chennai,4508,7,31556
2823,2025-11-25,Groceries,Delhi,717,1,717
2824,2026-03-14,Furniture,Delhi,1072,4,4288
2825,2025-01-30,Electronics,Delhi,277,1,277
2826,2024-09-23,Groceries,Hyderabad,1757,3,5271
2827,2026-02-06,Electronics,Delhi,2675,9,24075
2828,2026-05-31,Electronics,Mumbai,4656,3,13968
2829,2026-01-26,Groceries,Chennai,2261,6,13566
2830,2025-02-20,Electronics,Mumbai,2397,3,7191
2831,2025-10-03,Clothing,Chennai,3374,5,16870
2832,2025-05-28,Clothing,Chennai,397,3,1191
2833,2024-07-24,Furniture,Bangalore,107,1,107
2834,2025-07-13,Electronics,Chennai,2712,3,8136
2835,2025-12-01,Groceries,Bangalore,1757,10,17570
2836,2024-10-28,Furniture,Chennai,4302,2,8604
2837,2025-01-12,Furniture,Chennai,3688,7,25816
2838,2025-02-11,Groceries,Delhi,4094,7,28658
2839,2025-01-17,Furniture,Hyderabad,2493,6,14958
2840,2024-07-08,Clothing,Mumbai,4497,5,22485
2841,2025-08-07,Clothing,Delhi,2260,9,20340
2842,2025-08-04,Groceries,Bangalore,1590,8,12720
2843,2026-02-02,Groceries,Bangalore,520,3,1560
2844,2025-10-09,Clothing,Delhi,641,7,4487
2845,2026-05-03,Furniture,Chennai,4167,1,4167
2846,2025-08-10,Electronics,Bangalore,976,8,7808
2847,2026-04-17,Furniture,Delhi,703,8,5624
2848,2024-09-08,Sports,Delhi,1282,4,5128
2849,2024-11-29,Groceries,Mumbai,3401,4,13604
2850,2025-02-24,Clothing,Hyderabad,678,2,1356
2851,2024-12-19,Furniture,Chennai,3598,6,21588
2852,2024-11-10,Electronics,Delhi,3260,2,6520
2853,2025-11-12,Furniture,Mumbai,4380,7,30660
2854,2024-07-24,Electronics,Bangalore,2112,8,16896
2855,2025-01-08,Clothing,Mumbai,505,9,4545
2856,2024-10-18,Electronics,Delhi,3981,2,7962
2857,2025-03-07,Electronics,Bangalore,2670,7,18690
2858,2025-05-21,Electronics,Delhi,4696,4,18784
2859,2024-08-04,Furniture,Mumbai,2266,8,18128
2860,2025-05-19,Electronics,Bangalore,4219,6,25314
2861,2025-02-08,Furniture,Delhi,4473,6,26838
2862,2025-02-17,Sports,Bangalore,3598,8,28784
2863,2025-08-16,Electronics,Bangalore,4716,6,28296
2864,2024-11-02,Sports,Delhi,484,10,4840
2865,2026-02-26,Clothing,Hyderabad,2799,7,19593
2866,2025-02-23,Furniture,Delhi,3221,4,12884
2867,2025-01-25,Electronics,Mumbai,3150,9,28350
2868,2025-01-17,Groceries,Hyderabad,1611,6,9666
2869,2024-08-10,Electronics,Chennai,2098,1,2098
2870,2025-05-17,Groceries,Hyderabad,2776,4,11104
2871,2024-10-04,Electronics,Hyderabad,2293,6,13758
2872,2024-12-13,Clothing,Delhi,113,6,678
2873,2026-02-05,Electronics,Hyderabad,3857,7,26999
2874,2025-01-26,Furniture,Mumbai,4484,3,13452
2875,2024-12-11,Electronics,Delhi,4263,3,12789
2876,2024-10-14,Furniture,Bangalore,3530,4,14120
2877,2026-05-24,Clothing,Delhi,374,7,2618
2878,2026-02-16,Groceries,Bangalore,4935,1,4935
2879,2025-09-28,Furniture,Hyderabad,3803,2,7606
2880,2024-10-31,Electronics,Mumbai,4420,9,39780
2881,2025-04-30,Clothing,Bangalore,3450,5,17250
2882,2026-04-26,Sports,Hyderabad,1035,3,3105
2883,2026-05-06,Groceries,Hyderabad,767,2,1534
2884,2026-01-10,Electronics,Delhi,4327,10,43270
2885,2025-03-10,Sports,Hyderabad,1888,5,9440
2886,2025-01-29,Furniture,Mumbai,4623,9,41607
2887,2024-08-25,Clothing,Chennai,3640,5,18200
2888,2026-04-09,Furniture,Delhi,974,5,4870
2889,2026-06-19,Clothing,Hyderabad,1614,4,6456
2890,2024-10-05,Groceries,Delhi,2288,1,2288
2891,2025-02-08,Electronics,Mumbai,2783,10,27830
2892,2025-12-02,Electronics,Delhi,4713,9,42417
2893,2024-12-19,Clothing,Delhi,1807,7,12649
2894,2026-03-29,Clothing,Bangalore,2651,1,2651
2895,2026-01-23,Clothing,Chennai,1878,8,15024
2896,2024-10-06,Clothing,Bangalore,3173,2,6346
2897,2026-02-01,Clothing,Hyderabad,371,2,742
2898,2025-11-15,Electronics,Chennai,2987,5,14935
2899,2025-08-06,Electronics,Mumbai,1983,7,13881
2900,2024-06-30,Electronics,Mumbai,2949,4,11796
2901,2025-10-19,Sports,Hyderabad,2371,5,11855
2902,2026-06-10,Clothing,Bangalore,1348,8,10784
2903,2025-05-26,Furniture,Mumbai,4775,2,9550
2904,2025-06-29,Groceries,Bangalore,4504,9,40536
2905,2026-04-04,Furniture,Bangalore,1666,2,3332
2906,2026-04-16,Electronics,Bangalore,4688,7,32816
2907,2024-09-21,Groceries,Hyderabad,3983,7,27881
2908,2025-11-11,Furniture,Delhi,1066,5,5330
2909,2025-09-16,Clothing,Chennai,3511,10,35110
2910,2025-06-18,Sports,Mumbai,2058,9,18522
2911,2024-12-07,Clothing,Chennai,4736,5,23680
2912,2024-11-26,Clothing,Hyderabad,1764,6,10584
2913,2025-08-15,Clothing,Hyderabad,2214,2,4428
2914,2025-07-01,Furniture,Hyderabad,2624,1,2624
2915,2024-11-29,Sports,Mumbai,2348,10,23480
2916,2024-09-17,Sports,Bangalore,797,9,7173
2917,2024-12-31,Clothing,Hyderabad,2475,3,7425
2918,2024-09-22,Sports,Chennai,449,2,898
2919,2026-03-02,Clothing,Chennai,3957,3,11871
2920,2024-08-30,Clothing,Delhi,525,3,1575
2921,2024-09-04,Electronics,Delhi,3481,9,31329
2922,2026-02-09,Electronics,Hyderabad,4269,3,12807
2923,2026-02-17,Groceries,Delhi,1152,8,9216
2924,2024-07-13,Groceries,Delhi,4545,9,40905
2925,2025-05-31,Groceries,Bangalore,2024,2,4048
2926,2024-12-06,Furniture,Delhi,4803,6,28818
2927,2025-11-15,Furniture,Delhi,4009,9,36081
2928,2025-05-28,Clothing,Chennai,3205,2,6410
2929,2025-02-10,Sports,Hyderabad,3193,2,6386
2930,2025-11-08,Groceries,Bangalore,3906,8,31248
2931,2025-02-02,Electronics,Chennai,2033,8,16264
2932,2026-04-09,Electronics,Delhi,2110,4,8440
2933,2024-07-11,Groceries,Bangalore,1031,1,1031
2934,2025-11-29,Groceries,Mumbai,2679,4,10716
2935,2025-07-23,Electronics,Hyderabad,2861,5,14305
2936,2025-06-02,Sports,Bangalore,4930,5,24650
2937,2026-05-19,Electronics,Bangalore,3496,5,17480
2938,2026-04-14,Sports,Mumbai,4199,1,4199
2939,2026-04-03,Furniture,Delhi,846,2,1692
2940,2024-11-03,Furniture,Delhi,1550,5,7750
2941,2025-11-21,Sports,Chennai,4477,4,17908
2942,2025-08-17,Clothing,Bangalore,1526,1,1526
2943,2024-12-16,Sports,Bangalore,4489,3,13467
2944,2024-10-18,Clothing,Bangalore,937,4,3748
2945,2026-05-16,Sports,Delhi,1974,10,19740
2946,2025-06-20,Electronics,Bangalore,2617,6,15702
2947,2026-06-02,Groceries,Mumbai,491,1,491
2948,2024-12-18,Electronics,Bangalore,791,3,2373
2949,2026-01-30,Electronics,Hyderabad,1513,1,1513
2950,2026-03-21,Furniture,Chennai,3566,9,32094
2951,2025-05-31,Furniture,Hyderabad,1211,4,4844
2952,2025-10-07,Furniture,Delhi,1967,6,11802
2953,2025-05-13,Furniture,Chennai,3088,3,9264
2954,2024-09-12,Furniture,Mumbai,1705,10,17050
2955,2025-04-07,Electronics,Hyderabad,4940,6,29640
2956,2025-11-17,Groceries,Hyderabad,866,8,6928
2957,2026-01-29,Electronics,Hyderabad,3297,5,16485
2958,2025-09-28,Furniture,Chennai,2784,6,16704
2959,2024-08-08,Sports,Delhi,2959,2,5918
2960,2026-02-14,Furniture,Mumbai,4237,5,21185
2961,2026-06-20,Sports,Bangalore,4545,4,18180
2962,2025-06-22,Sports,Hyderabad,2579,9,23211
2963,2024-12-04,Electronics,Hyderabad,1455,9,13095
2964,2025-11-05,Furniture,Chennai,4222,5,21110
2965,2024-10-23,Furniture,Chennai,1638,6,9828
2966,2025-09-30,Furniture,Hyderabad,473,1,473
2967,2026-02-02,Groceries,Bangalore,3970,3,11910
2968,2025-06-09,Clothing,Bangalore,1586,10,15860
2969,2025-01-06,Clothing,Bangalore,367,9,3303
2970,2024-09-20,Clothing,Chennai,3350,4,13400
2971,2025-07-05,Clothing,Hyderabad,2357,9,21213
2972,2026-03-11,Sports,Bangalore,3940,4,15760
2973,2024-10-10,Furniture,Bangalore,3330,6,19980
2974,2025-01-02,Electronics,Chennai,2722,1,2722
2975,2025-02-04,Electronics,Chennai,3912,1,3912
2976,2025-03-24,Clothing,Mumbai,1089,7,7623
2977,2025-08-26,Furniture,Chennai,3096,10,30960
2978,2025-11-04,Electronics,Hyderabad,3876,7,27132
2979,2024-11-14,Furniture,Hyderabad,3866,9,34794
2980,2024-10-28,Electronics,Bangalore,896,1,896
2981,2026-04-06,Sports,Hyderabad,3729,2,7458
2982,2025-06-14,Electronics,Chennai,4804,10,48040
2983,2026-04-12,Electronics,Hyderabad,1820,7,12740
2984,2025-12-24,Clothing,Hyderabad,4462,9,40158
2985,2025-07-28,Sports,Delhi,442,10,4420
2986,2026-01-13,Furniture,Delhi,2525,10,25250
2987,2025-09-06,Clothing,Mumbai,3659,9,32931
2988,2026-01-21,Sports,Chennai,1542,4,6168
2989,2024-07-01,Groceries,Chennai,4984,10,49840
2990,2025-11-12,Clothing,Mumbai,2565,3,7695
2991,2024-10-15,Electronics,Mumbai,2619,4,10476
2992,2025-04-11,Groceries,Hyderabad,710,8,5680
2993,2025-08-02,Clothing,Delhi,4039,10,40390
2994,2025-12-28,Clothing,Chennai,3430,5,17150
2995,2024-12-18,Clothing,Bangalore,697,5,3485
2996,2026-02-02,Electronics,Chennai,1131,6,6786
2997,2025-12-04,Clothing,Delhi,897,1,897
2998,2024-07-18,Furniture,Hyderabad,643,9,5787
2999,2025-01-13,Groceries,Mumbai,3641,6,21846
3000,2025-01-03,Groceries,Mumbai,1038,2,2076
3001,2026-03-12,Clothing,Mumbai,2575,8,20600
3002,2025-06-06,Furniture,Delhi,4020,2,8040
3003,2026-01-14,Furniture,Bangalore,1401,6,8406
3004,2025-03-14,Electronics,Chennai,4376,3,13128
3005,2024-09-12,Furniture,Delhi,4605,1,4605
3006,2026-02-05,Clothing,Chennai,1300,5,6500
3007,2024-07-27,Groceries,Mumbai,3836,2,7672
3008,2024-06-29,Electronics,Delhi,3603,7,25221
3009,2025-06-14,Electronics,Chennai,190,9,1710
3010,2025-10-14,Groceries,Delhi,3392,5,16960
3011,2025-10-26,Groceries,Hyderabad,3347,8,26776
3012,2024-08-22,Groceries,Mumbai,3764,2,7528
3013,2025-03-22,Sports,Mumbai,473,3,1419
3014,2024-08-09,Clothing,Bangalore,362,9,3258
3015,2025-07-08,Furniture,Bangalore,2782,2,5564
3016,2024-12-30,Groceries,Chennai,899,1,899
3017,2025-07-06,Groceries,Mumbai,4686,10,46860
3018,2025-03-08,Clothing,Chennai,1306,9,11754
3019,2025-03-10,Sports,Hyderabad,4104,2,8208
3020,2025-12-17,Electronics,Mumbai,3474,6,20844
3021,2025-08-06,Clothing,Delhi,781,2,1562
3022,2025-02-02,Sports,Mumbai,2664,3,7992
3023,2025-08-27,Furniture,Delhi,2786,6,16716
3024,2026-04-05,Sports,Delhi,3058,8,24464
3025,2026-01-13,Groceries,Hyderabad,649,8,5192
3026,2025-06-08,Sports,Bangalore,4942,2,9884
3027,2024-12-12,Furniture,Mumbai,459,2,918
3028,2025-08-30,Groceries,Hyderabad,3624,5,18120
3029,2024-07-21,Furniture,Mumbai,2836,5,14180
3030,2026-06-05,Electronics,Mumbai,3110,5,15550
3031,2024-12-06,Furniture,Delhi,754,8,6032
3032,2025-12-10,Sports,Delhi,2926,5,14630
3033,2025-07-10,Groceries,Chennai,1145,9,10305
3034,2025-12-13,Groceries,Bangalore,1876,9,16884
3035,2024-08-04,Clothing,Delhi,639,10,6390
3036,2025-03-06,Sports,Mumbai,2523,4,10092
3037,2026-05-25,Sports,Mumbai,2949,7,20643
3038,2024-07-03,Furniture,Chennai,3597,3,10791
3039,2024-08-30,Clothing,Mumbai,295,5,1475
3040,2024-08-26,Groceries,Delhi,846,8,6768
3041,2025-12-22,Furniture,Delhi,818,4,3272
3042,2024-12-31,Sports,Mumbai,4164,9,37476
3043,2025-10-27,Sports,Mumbai,3517,9,31653
3044,2024-10-30,Clothing,Bangalore,364,4,1456
3045,2025-03-03,Clothing,Delhi,4453,5,22265
3046,2025-10-06,Furniture,Hyderabad,2901,10,29010
3047,2024-11-21,Groceries,Hyderabad,4845,9,43605
3048,2025-11-06,Clothing,Chennai,3709,8,29672
3049,2026-06-20,Clothing,Delhi,1591,9,14319
3050,2025-09-12,Furniture,Hyderabad,2018,9,18162
3051,2024-08-25,Groceries,Mumbai,4219,1,4219
3052,2025-11-17,Sports,Mumbai,2379,2,4758
3053,2025-09-23,Furniture,Bangalore,3045,8,24360
3054,2024-07-23,Clothing,Delhi,3418,6,20508
3055,2025-03-20,Clothing,Delhi,3725,6,22350
3056,2025-09-05,Clothing,Chennai,4944,4,19776
3057,2025-06-25,Furniture,Delhi,4129,9,37161
3058,2025-02-12,Groceries,Bangalore,2547,1,2547
3059,2025-11-12,Electronics,Delhi,4488,9,40392
3060,2025-04-10,Clothing,Chennai,4848,6,29088
3061,2024-08-21,Groceries,Mumbai,3351,5,16755
3062,2025-12-16,Electronics,Bangalore,2274,10,22740
3063,2025-12-10,Electronics,Bangalore,3402,2,6804
3064,2025-08-15,Furniture,Bangalore,4999,10,49990
3065,2026-01-28,Electronics,Delhi,214,2,428
3066,2024-09-07,Clothing,Bangalore,4385,4,17540
3067,2024-08-03,Furniture,Delhi,3238,3,9714
3068,2025-03-12,Clothing,Delhi,2361,7,16527
3069,2026-04-09,Clothing,Bangalore,1940,7,13580
3070,2025-06-22,Groceries,Hyderabad,3933,1,3933
3071,2025-10-24,Electronics,Hyderabad,2468,3,7404
3072,2024-08-09,Sports,Bangalore,2406,4,9624
3073,2025-12-17,Groceries,Chennai,2225,8,17800
3074,2024-10-06,Groceries,Chennai,662,1,662
3075,2026-03-05,Electronics,Hyderabad,4945,2,9890
3076,2026-03-16,Furniture,Bangalore,3782,1,3782
3077,2024-06-29,Sports,Hyderabad,1857,4,7428
3078,2025-01-07,Groceries,Chennai,2424,4,9696
3079,2024-07-28,Groceries,Delhi,2472,6,14832
3080,2024-11-23,Electronics,Mumbai,2765,3,8295
3081,2024-10-30,Electronics,Bangalore,2701,4,10804
3082,2026-06-01,Groceries,Chennai,3576,9,32184
3083,2026-06-24,Sports,Hyderabad,839,10,8390
3084,2024-07-07,Electronics,Mumbai,3020,4,12080
3085,2025-07-19,Furniture,Mumbai,772,6,4632
3086,2025-02-02,Groceries,Delhi,4841,9,43569
3087,2026-04-15,Sports,Mumbai,3998,3,11994
3088,2024-09-05,Sports,Chennai,1843,3,5529
3089,2024-08-21,Sports,Mumbai,4639,2,9278
3090,2026-05-28,Groceries,Bangalore,677,6,4062
3091,2026-06-22,Groceries,Mumbai,4426,7,30982
3092,2025-11-15,Groceries,Delhi,2292,9,20628
3093,2024-09-29,Furniture,Hyderabad,539,6,3234
3094,2026-01-08,Sports,Chennai,1689,3,5067
3095,2025-02-02,Groceries,Mumbai,1433,10,14330
3096,2025-05-19,Clothing,Hyderabad,1398,5,6990
3097,2025-02-24,Electronics,Chennai,230,4,920
3098,2024-09-10,Furniture,Mumbai,1559,5,7795
3099,2025-11-13,Sports,Delhi,673,7,4711
3100,2024-12-25,Sports,Chennai,2244,6,13464
3101,2026-05-14,Sports,Mumbai,3927,5,19635
3102,2024-11-05,Sports,Mumbai,4461,10,44610
3103,2024-10-26,Clothing,Delhi,4503,1,4503
3104,2025-02-23,Sports,Delhi,3768,10,37680
3105,2026-02-28,Sports,Chennai,3503,6,21018
3106,2026-05-14,Furniture,Hyderabad,622,1,622
3107,2025-09-30,Groceries,Hyderabad,4961,3,14883
3108,2024-12-19,Groceries,Hyderabad,3935,8,31480
3109,2026-04-03,Groceries,Bangalore,4647,9,41823
3110,2025-02-07,Clothing,Mumbai,4378,6,26268
3111,2025-08-15,Sports,Hyderabad,1057,4,4228
3112,2026-02-21,Clothing,Delhi,2121,4,8484
3113,2025-11-17,Clothing,Chennai,1657,4,6628
3114,2026-01-11,Electronics,Chennai,4735,10,47350
3115,2025-05-11,Sports,Hyderabad,4406,7,30842
3116,2024-12-28,Groceries,Bangalore,1056,6,6336
3117,2026-05-27,Sports,Chennai,3390,8,27120
3118,2025-12-20,Furniture,Bangalore,4720,8,37760
3119,2024-07-19,Clothing,Hyderabad,2962,5,14810
3120,2024-08-15,Groceries,Mumbai,362,1,362
3121,2026-04-21,Electronics,Bangalore,2910,9,26190
3122,2025-12-07,Electronics,Bangalore,4085,8,32680
3123,2026-05-14,Groceries,Hyderabad,3291,3,9873
3124,2026-05-18,Electronics,Chennai,2874,1,2874
3125,2024-12-16,Clothing,Chennai,1310,1,1310
3126,2025-06-08,Sports,Delhi,3533,2,7066
3127,2024-09-18,Sports,Delhi,3580,3,10740
3128,2024-10-27,Furniture,Mumbai,3868,1,3868
3129,2025-10-22,Groceries,Mumbai,3667,6,22002
3130,2025-03-12,Furniture,Bangalore,2995,10,29950
3131,2025-09-08,Groceries,Mumbai,4431,10,44310
3132,2024-08-10,Furniture,Delhi,1890,5,9450
3133,2024-07-27,Clothing,Mumbai,1277,2,2554
3134,2025-12-09,Groceries,Mumbai,1224,1,1224
3135,2025-09-26,Groceries,Mumbai,2823,7,19761
3136,2026-02-09,Furniture,Chennai,396,4,1584
3137,2024-07-29,Furniture,Bangalore,3430,8,27440
3138,2026-02-21,Electronics,Mumbai,3687,9,33183
3139,2025-10-25,Furniture,Delhi,938,10,9380
3140,2024-12-30,Groceries,Chennai,993,8,7944
3141,2024-08-27,Groceries,Bangalore,1014,3,3042
3142,2024-10-25,Electronics,Mumbai,3478,10,34780
3143,2025-04-11,Clothing,Hyderabad,3211,2,6422
3144,2024-10-23,Sports,Chennai,4858,3,14574
3145,2025-08-25,Clothing,Mumbai,2200,6,13200
3146,2025-04-09,Sports,Delhi,1948,5,9740
3147,2024-12-12,Furniture,Bangalore,1092,8,8736
3148,2025-06-09,Furniture,Bangalore,3776,3,11328
3149,2025-02-23,Sports,Delhi,3179,6,19074
3150,2026-01-16,Furniture,Chennai,3381,2,6762
3151,2026-02-27,Electronics,Bangalore,4482,6,26892
3152,2025-09-07,Furniture,Bangalore,2243,5,11215
3153,2026-02-22,Sports,Mumbai,3329,10,33290
3154,2025-05-18,Groceries,Hyderabad,3563,10,35630
3155,2025-06-26,Electronics,Bangalore,4613,4,18452
3156,2025-05-06,Groceries,Delhi,1615,1,1615
3157,2026-06-19,Clothing,Mumbai,351,7,2457
3158,2025-01-24,Electronics,Bangalore,3090,5,15450
3159,2025-02-17,Furniture,Mumbai,4633,4,18532
3160,2024-08-02,Groceries,Delhi,4272,9,38448
3161,2024-07-19,Groceries,Mumbai,2878,9,25902
3162,2024-12-01,Electronics,Bangalore,140,7,980
3163,2026-05-17,Sports,Delhi,1303,1,1303
3164,2024-12-18,Clothing,Bangalore,3990,8,31920
3165,2025-06-14,Sports,Bangalore,2958,9,26622
3166,2025-11-23,Furniture,Delhi,1106,8,8848
3167,2026-01-30,Furniture,Delhi,3808,10,38080
3168,2024-11-10,Clothing,Hyderabad,835,10,8350
3169,2026-03-04,Furniture,Bangalore,1741,4,6964
3170,2024-08-19,Electronics,Delhi,1128,2,2256
3171,2026-04-13,Sports,Chennai,2788,2,5576
3172,2025-12-24,Electronics,Mumbai,3408,3,10224
3173,2025-07-08,Electronics,Chennai,4443,9,39987
3174,2026-04-23,Groceries,Delhi,3361,9,30249
3175,2024-11-18,Sports,Delhi,1216,5,6080
3176,2026-01-18,Furniture,Bangalore,3668,4,14672
3177,2025-07-11,Sports,Chennai,3599,2,7198
3178,2025-01-18,Clothing,Mumbai,4338,6,26028
3179,2025-11-03,Electronics,Hyderabad,3560,8,28480
3180,2026-03-19,Furniture,Delhi,2033,4,8132
3181,2024-09-02,Groceries,Delhi,4702,7,32914
3182,2024-07-17,Furniture,Mumbai,1443,2,2886
3183,2026-04-18,Groceries,Mumbai,1562,9,14058
3184,2024-12-02,Groceries,Chennai,4429,9,39861
3185,2026-04-13,Groceries,Chennai,2737,7,19159
3186,2024-12-11,Groceries,Chennai,3731,2,7462
3187,2025-02-14,Clothing,Chennai,548,9,4932
3188,2025-12-06,Furniture,Chennai,3234,4,12936
3189,2025-04-09,Clothing,Mumbai,1628,1,1628
3190,2024-10-31,Electronics,Bangalore,4407,3,13221
3191,2025-04-12,Sports,Mumbai,1612,4,6448
3192,2025-07-15,Sports,Bangalore,3349,6,20094
3193,2025-10-21,Groceries,Chennai,1798,1,1798
3194,2025-05-17,Groceries,Delhi,1959,2,3918
3195,2025-03-08,Electronics,Chennai,792,4,3168
3196,2025-04-22,Furniture,Hyderabad,3672,10,36720
3197,2025-08-16,Electronics,Mumbai,3284,2,6568
3198,2024-10-24,Sports,Mumbai,3746,3,11238
3199,2026-03-10,Electronics,Delhi,2677,4,10708
3200,2024-11-11,Clothing,Chennai,2360,3,7080
3201,2025-02-21,Groceries,Hyderabad,2495,10,24950
3202,2026-06-10,Sports,Mumbai,3144,3,9432
3203,2024-09-07,Clothing,Mumbai,4571,3,13713
3204,2025-04-21,Sports,Chennai,926,9,8334
3205,2024-08-23,Sports,Mumbai,2291,2,4582
3206,2024-08-10,Sports,Chennai,618,1,618
3207,2026-03-07,Clothing,Bangalore,2854,2,5708
3208,2024-07-14,Electronics,Chennai,385,9,3465
3209,2025-07-20,Electronics,Delhi,455,4,1820
3210,2025-11-20,Furniture,Mumbai,4715,9,42435
3211,2025-07-19,Groceries,Mumbai,4464,4,17856
3212,2026-03-15,Furniture,Delhi,3942,5,19710
3213,2026-04-18,Groceries,Chennai,4034,5,20170
3214,2026-05-23,Furniture,Mumbai,350,8,2800
3215,2024-12-03,Sports,Mumbai,694,4,2776
3216,2024-09-22,Groceries,Mumbai,2118,9,19062
3217,2025-01-02,Groceries,Hyderabad,572,6,3432
3218,2024-07-18,Furniture,Mumbai,4617,9,41553
3219,2025-03-08,Clothing,Bangalore,4092,7,28644
3220,2025-11-23,Groceries,Delhi,2329,9,20961
3221,2026-01-12,Groceries,Hyderabad,4021,9,36189
3222,2025-02-05,Clothing,Chennai,398,1,398
3223,2025-01-05,Groceries,Mumbai,1804,1,1804
3224,2025-01-26,Clothing,Chennai,1987,3,5961
3225,2025-04-17,Sports,Hyderabad,1924,2,3848
3226,2025-03-14,Groceries,Hyderabad,1901,9,17109
3227,2025-01-05,Sports,Delhi,2454,6,14724
3228,2025-08-14,Furniture,Mumbai,3031,4,12124
3229,2025-03-18,Electronics,Chennai,1305,4,5220
3230,2026-02-10,Sports,Bangalore,3507,7,24549
3231,2025-07-22,Furniture,Mumbai,722,5,3610
3232,2024-10-23,Furniture,Hyderabad,1793,8,14344
3233,2026-05-21,Clothing,Delhi,4938,7,34566
3234,2024-11-13,Groceries,Mumbai,2260,3,6780
3235,2025-10-23,Furniture,Bangalore,1517,9,13653
3236,2025-08-23,Furniture,Bangalore,4714,8,37712
3237,2024-07-03,Groceries,Delhi,3193,7,22351
3238,2024-06-30,Clothing,Chennai,3483,8,27864
3239,2024-12-09,Sports,Mumbai,2792,6,16752
3240,2024-07-21,Sports,Delhi,177,6,1062
3241,2025-11-25,Furniture,Mumbai,2068,10,20680
3242,2024-08-10,Electronics,Mumbai,660,8,5280
3243,2025-11-05,Sports,Delhi,3383,2,6766
3244,2025-06-20,Clothing,Mumbai,237,3,711
3245,2026-01-12,Electronics,Bangalore,3869,9,34821
3246,2026-06-08,Furniture,Delhi,873,7,6111
3247,2026-06-17,Furniture,Delhi,3475,2,6950
3248,2025-08-09,Groceries,Bangalore,3128,7,21896
3249,2026-05-26,Electronics,Chennai,1393,8,11144
3250,2025-06-06,Electronics,Bangalore,4515,2,9030
3251,2024-10-28,Electronics,Hyderabad,4976,3,14928
3252,2026-05-22,Furniture,Mumbai,3374,3,10122
3253,2025-08-02,Electronics,Bangalore,4864,10,48640
3254,2026-06-04,Sports,Chennai,3162,5,15810
3255,2025-04-18,Furniture,Chennai,3071,6,18426
3256,2025-12-22,Groceries,Mumbai,3584,5,17920
3257,2026-01-21,Sports,Delhi,315,3,945
3258,2026-03-14,Groceries,Chennai,2090,1,2090
3259,2025-10-23,Electronics,Chennai,916,9,8244
3260,2025-05-21,Electronics,Hyderabad,1990,1,1990
3261,2025-02-13,Groceries,Mumbai,809,4,3236
3262,2024-12-31,Sports,Chennai,4006,10,40060
3263,2025-09-29,Groceries,Delhi,680,7,4760
3264,2025-07-21,Clothing,Chennai,2300,4,9200
3265,2024-11-30,Clothing,Chennai,2285,9,20565
3266,2024-10-14,Electronics,Chennai,3869,8,30952
3267,2025-07-18,Electronics,Bangalore,3288,9,29592
3268,2024-07-26,Electronics,Hyderabad,3135,5,15675
3269,2026-04-07,Clothing,Chennai,1220,7,8540
3270,2026-01-24,Sports,Hyderabad,3108,4,12432
3271,2025-08-28,Electronics,Delhi,1039,3,3117
3272,2026-05-26,Furniture,Delhi,4507,3,13521
3273,2024-09-12,Furniture,Bangalore,3495,7,24465
3274,2026-03-21,Sports,Mumbai,1577,2,3154
3275,2025-05-20,Clothing,Chennai,3374,10,33740
3276,2026-03-29,Electronics,Bangalore,3095,2,6190
3277,2025-02-20,Furniture,Delhi,4161,6,24966
3278,2025-03-27,Electronics,Mumbai,925,10,9250
3279,2025-05-06,Groceries,Mumbai,3135,10,31350
3280,2024-11-30,Clothing,Delhi,495,5,2475
3281,2024-12-22,Groceries,Bangalore,2113,8,16904
3282,2026-06-17,Clothing,Delhi,1110,4,4440
3283,2026-02-05,Sports,Hyderabad,4183,9,37647
3284,2025-07-06,Clothing,Chennai,1335,3,4005
3285,2025-07-26,Furniture,Mumbai,3427,8,27416
3286,2026-04-21,Furniture,Mumbai,4772,5,23860
3287,2024-07-17,Furniture,Delhi,982,7,6874
3288,2025-11-05,Furniture,Hyderabad,4764,2,9528
3289,2024-10-27,Electronics,Chennai,1407,7,9849
3290,2024-07-30,Clothing,Bangalore,2142,8,17136
3291,2026-03-21,Electronics,Mumbai,4658,1,4658
3292,2025-06-03,Electronics,Chennai,1481,7,10367
3293,2025-10-03,Furniture,Delhi,1992,5,9960
3294,2026-01-23,Clothing,Delhi,279,3,837
3295,2025-06-26,Clothing,Mumbai,3828,10,38280
3296,2024-09-16,Sports,Bangalore,913,9,8217
3297,2025-01-04,Sports,Chennai,2431,6,14586
3298,2025-08-13,Clothing,Bangalore,2142,6,12852
3299,2025-12-07,Clothing,Delhi,4106,1,4106
3300,2026-05-20,Sports,Delhi,388,2,776
3301,2024-09-09,Electronics,Bangalore,2981,5,14905
3302,2026-01-27,Sports,Delhi,3872,8,30976
3303,2026-04-25,Sports,Delhi,3186,9,28674
3304,2026-03-12,Clothing,Chennai,1474,6,8844
3305,2025-06-16,Groceries,Bangalore,3626,3,10878
3306,2024-12-25,Electronics,Chennai,4972,6,29832
3307,2025-03-23,Clothing,Delhi,1039,6,6234
3308,2025-09-29,Furniture,Chennai,4975,2,9950
3309,2025-09-05,Sports,Delhi,4730,7,33110
3310,2026-01-21,Sports,Chennai,4416,10,44160
3311,2024-09-20,Sports,Mumbai,2715,4,10860
3312,2025-07-28,Electronics,Chennai,2810,10,28100
3313,2024-11-02,Clothing,Bangalore,2166,4,8664
3314,2024-11-21,Electronics,Mumbai,2996,7,20972
3315,2025-08-14,Furniture,Bangalore,367,2,734
3316,2025-01-04,Groceries,Bangalore,660,9,5940
3317,2026-02-21,Groceries,Chennai,4358,6,26148
3318,2026-03-19,Groceries,Delhi,3952,7,27664
3319,2026-03-11,Clothing,Chennai,4248,8,33984
3320,2025-09-23,Furniture,Delhi,3073,6,18438
3321,2025-01-07,Clothing,Mumbai,1357,5,6785
3322,2025-07-08,Electronics,Chennai,1381,6,8286
3323,2025-05-06,Sports,Chennai,595,6,3570
3324,2024-11-28,Sports,Hyderabad,226,9,2034
3325,2024-07-18,Furniture,Bangalore,678,6,4068
3326,2024-07-09,Clothing,Mumbai,3381,2,6762
3327,2025-03-16,Electronics,Bangalore,1747,6,10482
3328,2024-11-10,Groceries,Delhi,4301,3,12903
3329,2024-12-01,Clothing,Delhi,2053,7,14371
3330,2025-04-17,Electronics,Delhi,3275,1,3275
3331,2026-06-24,Sports,Chennai,1611,9,14499
3332,2024-07-09,Electronics,Chennai,4043,3,12129
3333,2024-10-16,Sports,Bangalore,2296,8,18368
3334,2025-04-06,Clothing,Chennai,4498,9,40482
3335,2024-10-26,Sports,Chennai,3641,2,7282
3336,2025-01-18,Groceries,Bangalore,2149,10,21490
3337,2026-05-27,Clothing,Bangalore,1936,10,19360
3338,2024-12-23,Groceries,Delhi,168,1,168
3339,2024-07-21,Electronics,Delhi,1328,3,3984
3340,2025-05-23,Clothing,Delhi,1463,3,4389
3341,2024-08-17,Electronics,Hyderabad,2746,9,24714
3342,2026-03-27,Groceries,Mumbai,486,6,2916
3343,2024-07-27,Sports,Mumbai,3819,3,11457
3344,2026-02-07,Furniture,Bangalore,4479,2,8958
3345,2025-09-26,Clothing,Mumbai,1145,8,9160
3346,2026-06-06,Sports,Bangalore,3306,6,19836
3347,2025-08-18,Furniture,Chennai,4107,9,36963
3348,2025-11-20,Clothing,Chennai,489,1,489
3349,2024-07-12,Electronics,Hyderabad,653,6,3918
3350,2026-05-25,Clothing,Delhi,1801,8,14408
3351,2025-08-13,Electronics,Bangalore,3174,2,6348
3352,2025-10-15,Furniture,Chennai,254,6,1524
3353,2025-07-02,Furniture,Delhi,4710,1,4710
3354,2025-03-11,Groceries,Hyderabad,3034,9,27306
3355,2025-03-03,Furniture,Delhi,4088,10,40880
3356,2024-11-14,Clothing,Hyderabad,2208,9,19872
3357,2026-01-17,Groceries,Delhi,3640,6,21840
3358,2025-01-27,Furniture,Hyderabad,3433,2,6866
3359,2026-03-27,Clothing,Chennai,2715,7,19005
3360,2024-08-25,Furniture,Mumbai,4184,2,8368
3361,2025-07-25,Groceries,Delhi,284,4,1136
3362,2024-10-25,Sports,Hyderabad,3692,5,18460
3363,2025-09-16,Sports,Bangalore,3756,4,15024
3364,2025-04-02,Clothing,Hyderabad,767,7,5369
3365,2025-05-06,Electronics,Chennai,346,5,1730
3366,2026-01-08,Furniture,Mumbai,660,1,660
3367,2025-02-07,Clothing,Delhi,4542,1,4542
3368,2024-11-17,Sports,Chennai,461,8,3688
3369,2025-07-29,Sports,Hyderabad,361,6,2166
3370,2026-04-14,Electronics,Bangalore,2313,3,6939
3371,2024-10-08,Sports,Delhi,1348,6,8088
3372,2026-01-20,Furniture,Chennai,2255,6,13530
3373,2026-04-19,Groceries,Chennai,2003,10,20030
3374,2026-05-17,Sports,Chennai,1175,9,10575
3375,2024-10-27,Groceries,Mumbai,4768,2,9536
3376,2026-06-02,Electronics,Delhi,3333,5,16665
3377,2025-06-17,Groceries,Chennai,981,4,3924
3378,2024-08-17,Furniture,Chennai,1063,3,3189
3379,2025-03-24,Clothing,Chennai,1128,2,2256
3380,2025-03-05,Furniture,Mumbai,4839,2,9678
3381,2025-08-26,Sports,Chennai,463,5,2315
3382,2024-10-12,Sports,Chennai,1442,6,8652
3383,2026-06-28,Groceries,Mumbai,747,4,2988
3384,2024-07-12,Clothing,Mumbai,2782,1,2782
3385,2025-07-27,Electronics,Bangalore,2231,1,2231
3386,2025-07-27,Furniture,Bangalore,380,7,2660
3387,2025-02-20,Furniture,Delhi,842,4,3368
3388,2025-04-15,Furniture,Bangalore,2755,9,24795
3389,2026-05-26,Electronics,Chennai,3005,3,9015
3390,2025-08-12,Clothing,Delhi,3139,7,21973
3391,2026-05-19,Furniture,Hyderabad,2477,4,9908
3392,2026-01-02,Electronics,Delhi,4073,7,28511
3393,2025-01-27,Furniture,Delhi,4345,10,43450
3394,2025-12-01,Groceries,Chennai,2641,6,15846
3395,2026-01-25,Sports,Delhi,1355,7,9485
3396,2025-03-13,Sports,Hyderabad,4073,6,24438
3397,2025-11-14,Furniture,Mumbai,4060,3,12180
3398,2025-08-06,Clothing,Delhi,3201,3,9603
3399,2025-12-21,Electronics,Mumbai,3895,10,38950
3400,2025-07-28,Electronics,Bangalore,3204,1,3204
3401,2025-12-04,Furniture,Chennai,930,8,7440
3402,2025-04-08,Groceries,Mumbai,2105,8,16840
3403,2026-02-08,Clothing,Hyderabad,352,10,3520
3404,2025-06-02,Clothing,Bangalore,4523,8,36184
3405,2025-04-13,Clothing,Chennai,1913,1,1913
3406,2025-01-16,Electronics,Mumbai,838,7,5866
3407,2025-05-21,Sports,Mumbai,2074,10,20740
3408,2026-01-05,Furniture,Hyderabad,3857,10,38570
3409,2025-03-19,Electronics,Hyderabad,369,5,1845
3410,2026-03-13,Sports,Bangalore,4585,8,36680
3411,2026-05-09,Clothing,Delhi,3997,8,31976
3412,2026-03-02,Furniture,Bangalore,563,5,2815
3413,2024-08-17,Clothing,Chennai,2567,3,7701
3414,2025-04-10,Furniture,Delhi,4111,4,16444
3415,2025-11-13,Electronics,Bangalore,3385,1,3385
3416,2024-10-31,Groceries,Delhi,4805,10,48050
3417,2026-05-17,Sports,Bangalore,4590,10,45900
3418,2024-12-26,Clothing,Bangalore,3918,1,3918
3419,2025-07-29,Furniture,Bangalore,1950,4,7800
3420,2025-09-28,Furniture,Mumbai,1752,1,1752
3421,2026-03-15,Clothing,Delhi,4045,4,16180
3422,2024-07-20,Clothing,Delhi,3059,5,15295
3423,2024-09-25,Clothing,Hyderabad,4119,7,28833
3424,2024-07-16,Sports,Delhi,2294,8,18352
3425,2025-06-09,Sports,Hyderabad,3235,4,12940
3426,2025-05-08,Sports,Delhi,2128,1,2128
3427,2026-06-11,Sports,Bangalore,2163,8,17304
3428,2025-11-26,Sports,Chennai,1273,2,2546
3429,2025-07-07,Groceries,Mumbai,2914,3,8742
3430,2024-10-31,Electronics,Bangalore,4848,4,19392
3431,2026-04-23,Furniture,Mumbai,2518,10,25180
3432,2024-12-20,Clothing,Hyderabad,2633,9,23697
3433,2026-05-29,Clothing,Bangalore,545,10,5450
3434,2025-08-08,Groceries,Delhi,143,3,429
3435,2026-01-19,Furniture,Delhi,1179,10,11790
3436,2026-03-17,Groceries,Delhi,4102,2,8204
3437,2024-12-06,Electronics,Mumbai,4134,8,33072
3438,2025-02-15,Sports,Mumbai,2849,3,8547
3439,2025-08-03,Electronics,Hyderabad,1243,5,6215
3440,2024-12-21,Clothing,Delhi,3249,1,3249
3441,2026-03-10,Furniture,Bangalore,838,2,1676
3442,2024-09-08,Clothing,Chennai,4352,8,34816
3443,2025-03-31,Groceries,Hyderabad,4741,10,47410
3444,2025-04-10,Clothing,Delhi,2066,7,14462
3445,2026-02-27,Groceries,Delhi,1956,2,3912
3446,2025-08-24,Furniture,Hyderabad,4042,3,12126
3447,2025-02-19,Groceries,Delhi,1354,6,8124
3448,2025-07-01,Sports,Mumbai,652,6,3912
3449,2024-09-23,Sports,Mumbai,4794,5,23970
3450,2026-04-07,Groceries,Chennai,3217,10,32170
3451,2024-12-10,Clothing,Bangalore,410,5,2050
3452,2024-08-10,Sports,Chennai,2207,6,13242
3453,2025-12-15,Sports,Chennai,2439,6,14634
3454,2024-10-24,Sports,Chennai,1218,5,6090
3455,2026-03-09,Groceries,Hyderabad,4897,9,44073
3456,2025-03-20,Groceries,Hyderabad,2376,9,21384
3457,2026-04-20,Sports,Chennai,1764,1,1764
3458,2026-04-30,Groceries,Chennai,4641,9,41769
3459,2025-11-06,Sports,Delhi,3852,3,11556
3460,2025-02-23,Clothing,Hyderabad,3510,2,7020
3461,2025-03-14,Groceries,Delhi,2066,5,10330
3462,2026-04-19,Clothing,Chennai,4463,10,44630
3463,2024-12-09,Clothing,Bangalore,1570,2,3140
3464,2026-04-15,Electronics,Delhi,2716,7,19012
3465,2025-11-27,Sports,Chennai,3201,7,22407
3466,2026-06-20,Sports,Hyderabad,1585,3,4755
3467,2025-12-28,Furniture,Bangalore,2632,4,10528
3468,2025-12-23,Furniture,Bangalore,4047,1,4047
3469,2026-01-30,Sports,Bangalore,436,3,1308
3470,2025-05-20,Clothing,Mumbai,1459,5,7295
3471,2026-05-12,Sports,Chennai,2979,2,5958
3472,2026-01-20,Sports,Chennai,936,6,5616
3473,2026-06-04,Furniture,Hyderabad,3725,9,33525
3474,2024-11-28,Sports,Hyderabad,4070,4,16280
3475,2025-01-21,Clothing,Chennai,2857,6,17142
3476,2025-02-02,Clothing,Delhi,2817,2,5634
3477,2026-01-09,Groceries,Chennai,2526,8,20208
3478,2026-06-03,Furniture,Mumbai,1336,2,2672
3479,2024-09-26,Sports,Chennai,3891,7,27237
3480,2024-09-30,Clothing,Mumbai,415,8,3320
3481,2024-11-16,Furniture,Bangalore,556,3,1668
3482,2025-01-16,Furniture,Mumbai,1246,7,8722
3483,2025-04-03,Electronics,Delhi,2972,9,26748
3484,2026-05-28,Furniture,Bangalore,2823,2,5646
3485,2025-06-01,Furniture,Mumbai,2056,3,6168
3486,2025-02-15,Electronics,Mumbai,3056,1,3056
3487,2025-12-14,Electronics,Hyderabad,4051,1,4051
3488,2026-02-19,Electronics,Delhi,3705,7,25935
3489,2025-04-09,Clothing,Mumbai,3656,3,10968
3490,2026-06-01,Clothing,Chennai,4183,6,25098
3491,2026-06-03,Sports,Delhi,2660,1,2660
3492,2024-07-27,Electronics,Chennai,3537,5,17685
3493,2026-05-22,Furniture,Mumbai,2701,7,18907
3494,2024-08-25,Sports,Chennai,3811,5,19055
3495,2024-07-12,Groceries,Hyderabad,2808,6,16848
3496,2024-11-01,Electronics,Chennai,639,10,6390
3497,2025-11-14,Electronics,Hyderabad,3552,6,21312
3498,2025-08-21,Groceries,Delhi,1973,9,17757
3499,2026-05-15,Furniture,Delhi,3930,3,11790
3500,2025-11-11,Electronics,Bangalore,142,2,284
3501,2025-01-27,Electronics,Mumbai,3357,9,30213
3502,2025-04-13,Groceries,Chennai,1231,9,11079
3503,2024-10-31,Sports,Delhi,409,1,409
3504,2025-02-12,Groceries,Hyderabad,2519,2,5038
3505,2025-02-15,Electronics,Chennai,1228,3,3684
3506,2025-10-24,Groceries,Hyderabad,3360,9,30240
3507,2024-12-01,Electronics,Bangalore,4075,2,8150
3508,2025-02-12,Clothing,Delhi,4604,6,27624
3509,2025-01-31,Furniture,Chennai,315,6,1890
3510,2024-07-17,Furniture,Hyderabad,1390,2,2780
3511,2024-09-21,Furniture,Chennai,3757,9,33813
3512,2025-11-03,Clothing,Mumbai,689,8,5512
3513,2025-11-27,Groceries,Delhi,4676,1,4676
3514,2025-11-01,Clothing,Hyderabad,3502,9,31518
3515,2025-05-10,Electronics,Delhi,449,6,2694
3516,2026-03-20,Groceries,Hyderabad,3815,6,22890
3517,2024-06-28,Sports,Chennai,619,2,1238
3518,2024-10-19,Electronics,Hyderabad,4524,9,40716
3519,2025-06-22,Furniture,Bangalore,1297,7,9079
3520,2024-10-07,Electronics,Delhi,1680,9,15120
3521,2025-11-28,Furniture,Mumbai,3307,7,23149
3522,2024-09-05,Clothing,Chennai,3061,4,12244
3523,2026-03-08,Clothing,Delhi,4718,6,28308
3524,2026-05-03,Electronics,Delhi,4401,5,22005
3525,2024-12-24,Sports,Bangalore,4537,7,31759
3526,2025-11-09,Clothing,Hyderabad,3965,5,19825
3527,2025-01-09,Clothing,Delhi,3579,10,35790
3528,2026-03-18,Clothing,Hyderabad,466,1,466
3529,2025-04-29,Electronics,Chennai,3585,9,32265
3530,2025-10-11,Clothing,Hyderabad,2824,7,19768
3531,2025-05-16,Electronics,Mumbai,1119,2,2238
3532,2025-04-27,Clothing,Delhi,2489,1,2489
3533,2026-04-26,Groceries,Hyderabad,2365,8,18920
3534,2025-06-18,Sports,Hyderabad,653,1,653
3535,2025-08-29,Furniture,Chennai,2030,7,14210
3536,2025-02-27,Electronics,Delhi,3583,6,21498
3537,2025-03-10,Groceries,Mumbai,2840,8,22720
3538,2026-06-13,Sports,Delhi,1073,7,7511
3539,2024-11-05,Groceries,Bangalore,3468,5,17340
3540,2025-05-01,Clothing,Delhi,2734,8,21872
3541,2024-07-16,Clothing,Hyderabad,2459,3,7377
3542,2026-05-28,Groceries,Chennai,2036,3,6108
3543,2025-01-15,Clothing,Bangalore,2574,10,25740
3544,2025-09-30,Groceries,Hyderabad,4642,5,23210
3545,2025-07-28,Sports,Chennai,1714,9,15426
3546,2025-09-14,Electronics,Chennai,3809,5,19045
3547,2025-07-22,Furniture,Mumbai,2875,5,14375
3548,2025-04-03,Sports,Hyderabad,4476,8,35808
3549,2024-08-16,Clothing,Chennai,3698,1,3698
3550,2025-04-28,Groceries,Chennai,2608,5,13040
3551,2025-11-03,Furniture,Delhi,3405,3,10215
3552,2025-09-02,Electronics,Bangalore,3032,9,27288
3553,2024-12-01,Furniture,Delhi,4411,9,39699
3554,2026-03-24,Groceries,Chennai,1737,2,3474
3555,2024-09-22,Groceries,Bangalore,2773,9,24957
3556,2024-08-03,Furniture,Chennai,4350,8,34800
3557,2025-12-08,Sports,Chennai,903,7,6321
3558,2025-11-20,Groceries,Chennai,1527,10,15270
3559,2026-05-26,Clothing,Delhi,2313,2,4626
3560,2025-07-29,Groceries,Bangalore,3250,3,9750
3561,2025-11-21,Groceries,Hyderabad,4528,8,36224
3562,2025-05-28,Groceries,Bangalore,4208,6,25248
3563,2025-06-26,Furniture,Hyderabad,3041,7,21287
3564,2025-07-19,Groceries,Hyderabad,4647,3,13941
3565,2026-01-19,Sports,Mumbai,344,4,1376
3566,2025-08-03,Sports,Chennai,4241,6,25446
3567,2025-01-27,Furniture,Hyderabad,3750,9,33750
3568,2025-05-28,Furniture,Mumbai,4144,5,20720
3569,2025-08-10,Sports,Bangalore,270,8,2160
3570,2026-01-03,Groceries,Mumbai,3206,3,9618
3571,2025-03-09,Furniture,Bangalore,1625,9,14625
3572,2025-05-17,Furniture,Mumbai,2277,3,6831
3573,2025-05-22,Electronics,Delhi,3524,9,31716
3574,2025-05-07,Sports,Delhi,4782,7,33474
3575,2024-07-14,Sports,Chennai,3884,3,11652
3576,2025-06-08,Groceries,Bangalore,607,1,607
3577,2025-04-02,Groceries,Chennai,2041,7,14287
3578,2026-05-11,Sports,Chennai,804,5,4020
3579,2024-11-26,Groceries,Bangalore,3084,6,18504
3580,2025-07-30,Furniture,Delhi,541,6,3246
3581,2025-02-06,Electronics,Chennai,1306,10,13060
3582,2024-10-01,Electronics,Delhi,3575,9,32175
3583,2024-10-30,Clothing,Chennai,3493,8,27944
3584,2024-07-30,Groceries,Chennai,2295,7,16065
3585,2025-04-04,Electronics,Delhi,2922,5,14610
3586,2025-12-06,Electronics,Bangalore,4025,1,4025
3587,2026-04-27,Furniture,Bangalore,4302,6,25812
3588,2024-10-01,Clothing,Hyderabad,4581,10,45810
3589,2026-01-12,Electronics,Chennai,3741,4,14964
3590,2026-03-08,Clothing,Chennai,4157,5,20785
3591,2025-08-17,Groceries,Delhi,1952,8,15616
3592,2025-09-04,Furniture,Mumbai,4657,9,41913
3593,2025-10-30,Electronics,Bangalore,2920,8,23360
3594,2026-03-11,Furniture,Hyderabad,2466,3,7398
3595,2025-08-10,Electronics,Chennai,1927,7,13489
3596,2025-09-01,Electronics,Hyderabad,4651,6,27906
3597,2025-12-18,Furniture,Chennai,1417,9,12753
3598,2026-04-06,Groceries,Bangalore,2854,6,17124
3599,2024-11-12,Furniture,Delhi,4986,2,9972
3600,2025-12-07,Electronics,Delhi,3287,8,26296
3601,2024-09-05,Furniture,Bangalore,4544,7,31808
3602,2025-09-21,Sports,Bangalore,4515,2,9030
3603,2026-05-12,Electronics,Chennai,2700,1,2700
3604,2026-04-09,Furniture,Chennai,613,5,3065
3605,2024-07-18,Electronics,Delhi,1938,4,7752
3606,2025-09-27,Groceries,Bangalore,3457,1,3457
3607,2025-05-07,Sports,Chennai,4811,7,33677
3608,2024-09-05,Sports,Delhi,3606,4,14424
3609,2025-03-29,Clothing,Hyderabad,845,6,5070
3610,2025-03-26,Furniture,Delhi,4288,9,38592
3611,2024-09-27,Groceries,Hyderabad,2875,7,20125
3612,2025-07-06,Groceries,Mumbai,3898,9,35082
3613,2026-05-04,Groceries,Delhi,677,6,4062
3614,2026-01-18,Clothing,Delhi,1504,8,12032
3615,2024-07-19,Furniture,Bangalore,3328,6,19968
3616,2025-11-06,Groceries,Bangalore,231,10,2310
3617,2025-05-04,Groceries,Delhi,3695,10,36950
3618,2025-06-10,Sports,Bangalore,3699,3,11097
3619,2025-06-01,Groceries,Mumbai,2551,4,10204
3620,2025-09-28,Groceries,Delhi,2007,8,16056
3621,2026-05-11,Groceries,Chennai,4764,7,33348
3622,2025-07-25,Electronics,Bangalore,1532,7,10724
3623,2026-04-08,Sports,Mumbai,1364,3,4092
3624,2026-04-04,Furniture,Delhi,2562,3,7686
3625,2025-06-29,Groceries,Delhi,2390,3,7170
3626,2026-01-29,Groceries,Hyderabad,3112,4,12448
3627,2025-08-28,Groceries,Delhi,644,9,5796
3628,2025-07-02,Groceries,Hyderabad,1501,2,3002
3629,2025-04-12,Furniture,Bangalore,3752,10,37520
3630,2025-11-07,Clothing,Delhi,3540,8,28320
3631,2025-08-19,Clothing,Chennai,4371,9,39339
3632,2025-04-25,Electronics,Chennai,3809,8,30472
3633,2025-02-04,Clothing,Hyderabad,2562,3,7686
3634,2025-12-13,Clothing,Hyderabad,4263,1,4263
3635,2025-04-28,Clothing,Chennai,1151,2,2302
3636,2025-09-16,Electronics,Bangalore,4781,3,14343
3637,2025-10-08,Sports,Bangalore,3839,9,34551
3638,2025-06-29,Clothing,Bangalore,3339,6,20034
3639,2024-08-25,Electronics,Chennai,1063,9,9567
3640,2025-05-15,Furniture,Mumbai,1707,3,5121
3641,2025-06-04,Groceries,Hyderabad,2398,2,4796
3642,2024-12-19,Groceries,Delhi,4362,4,17448
3643,2024-09-30,Electronics,Hyderabad,4903,4,19612
3644,2025-08-13,Furniture,Hyderabad,2596,10,25960
3645,2024-11-17,Electronics,Bangalore,1369,9,12321
3646,2026-03-10,Clothing,Chennai,4634,7,32438
3647,2025-11-11,Furniture,Delhi,767,4,3068
3648,2025-11-26,Groceries,Bangalore,4852,9,43668
3649,2026-04-09,Sports,Delhi,2632,4,10528
3650,2026-02-04,Groceries,Chennai,1950,2,3900
3651,2025-10-22,Electronics,Hyderabad,4969,2,9938
3652,2025-06-21,Furniture,Mumbai,196,5,980
3653,2024-11-11,Sports,Bangalore,4278,10,42780
3654,2025-08-01,Electronics,Bangalore,933,1,933
3655,2024-12-03,Electronics,Chennai,4061,8,32488
3656,2026-03-13,Groceries,Hyderabad,3642,2,7284
3657,2025-10-06,Sports,Bangalore,2278,8,18224
3658,2024-11-24,Electronics,Chennai,894,5,4470
3659,2026-06-18,Furniture,Hyderabad,536,5,2680
3660,2025-03-23,Clothing,Delhi,3758,2,7516
3661,2025-10-09,Clothing,Delhi,2244,3,6732
3662,2025-01-18,Sports,Mumbai,2816,1,2816
3663,2024-08-21,Electronics,Mumbai,2289,6,13734
3664,2025-09-06,Sports,Delhi,4793,4,19172
3665,2024-11-22,Electronics,Hyderabad,1477,4,5908
3666,2025-11-05,Sports,Chennai,3037,7,21259
3667,2026-05-03,Sports,Delhi,3438,10,34380
3668,2025-07-16,Sports,Bangalore,4113,5,20565
3669,2025-12-29,Sports,Hyderabad,1377,6,8262
3670,2024-07-30,Groceries,Mumbai,2088,4,8352
3671,2026-05-11,Electronics,Bangalore,734,9,6606
3672,2025-09-06,Sports,Mumbai,1175,10,11750
3673,2026-06-02,Electronics,Bangalore,4076,2,8152
3674,2025-05-26,Sports,Bangalore,3382,2,6764
3675,2025-08-18,Sports,Mumbai,1759,2,3518
3676,2024-11-18,Clothing,Delhi,1761,8,14088
3677,2024-06-29,Furniture,Bangalore,4895,4,19580
3678,2024-12-26,Electronics,Chennai,2039,8,16312
3679,2025-11-12,Furniture,Delhi,712,8,5696
3680,2024-11-13,Sports,Chennai,2881,6,17286
3681,2024-12-24,Electronics,Bangalore,2903,5,14515
3682,2026-01-05,Furniture,Bangalore,633,4,2532
3683,2026-06-28,Clothing,Chennai,4390,7,30730
3684,2026-04-19,Groceries,Bangalore,4459,7,31213
3685,2026-06-25,Sports,Mumbai,470,4,1880
3686,2026-04-06,Electronics,Chennai,3086,5,15430
3687,2026-03-23,Clothing,Bangalore,486,5,2430
3688,2026-05-05,Furniture,Hyderabad,1198,3,3594
3689,2025-08-06,Furniture,Bangalore,1374,9,12366
3690,2025-03-14,Furniture,Hyderabad,2877,4,11508
3691,2026-05-03,Groceries,Delhi,2564,2,5128
3692,2026-05-30,Groceries,Hyderabad,4071,2,8142
3693,2026-02-28,Electronics,Chennai,2742,8,21936
3694,2025-10-27,Electronics,Hyderabad,2481,4,9924
3695,2025-06-08,Electronics,Mumbai,4186,9,37674
3696,2024-07-08,Clothing,Chennai,4904,9,44136
3697,2025-12-04,Sports,Bangalore,3103,2,6206
3698,2024-11-17,Electronics,Hyderabad,100,10,1000
3699,2025-03-27,Electronics,Delhi,4427,10,44270
3700,2024-12-28,Sports,Bangalore,1589,9,14301
3701,2024-12-30,Furniture,Hyderabad,1049,1,1049
3702,2026-06-20,Electronics,Mumbai,878,2,1756
3703,2026-04-15,Electronics,Delhi,3256,7,22792
3704,2026-06-09,Electronics,Chennai,2024,6,12144
3705,2025-02-13,Clothing,Mumbai,2212,10,22120
3706,2024-08-29,Furniture,Delhi,1655,7,11585
3707,2025-02-01,Furniture,Chennai,962,3,2886
3708,2025-02-19,Clothing,Bangalore,701,9,6309
3709,2025-12-10,Groceries,Chennai,3123,3,9369
3710,2025-08-06,Clothing,Bangalore,4315,1,4315
3711,2025-09-02,Groceries,Bangalore,3766,7,26362
3712,2026-06-07,Sports,Mumbai,3414,2,6828
3713,2025-08-07,Clothing,Bangalore,3797,9,34173
3714,2026-06-01,Groceries,Bangalore,1840,10,18400
3715,2024-11-24,Clothing,Chennai,1380,6,8280
3716,2025-06-18,Clothing,Delhi,817,1,817
3717,2025-06-14,Furniture,Chennai,429,8,3432
3718,2026-05-26,Clothing,Bangalore,3385,8,27080
3719,2026-02-05,Clothing,Mumbai,2016,9,18144
3720,2025-09-04,Clothing,Mumbai,2387,5,11935
3721,2025-08-12,Clothing,Hyderabad,1005,10,10050
3722,2024-07-21,Clothing,Mumbai,3977,6,23862
3723,2024-11-19,Sports,Bangalore,2856,5,14280
3724,2025-08-10,Sports,Hyderabad,750,8,6000
3725,2024-09-21,Furniture,Mumbai,4452,3,13356
3726,2024-10-19,Electronics,Delhi,185,6,1110
3727,2026-01-23,Electronics,Chennai,1225,6,7350
3728,2024-08-04,Furniture,Hyderabad,419,2,838
3729,2025-06-19,Groceries,Chennai,2564,6,15384
3730,2024-11-13,Electronics,Hyderabad,2856,8,22848
3731,2025-02-06,Electronics,Bangalore,1783,8,14264
3732,2025-10-09,Sports,Chennai,4689,2,9378
3733,2025-02-11,Furniture,Delhi,2401,3,7203
3734,2025-11-15,Clothing,Delhi,843,2,1686
3735,2024-08-31,Groceries,Delhi,1717,9,15453
3736,2026-05-23,Furniture,Delhi,1325,9,11925
3737,2026-04-27,Clothing,Bangalore,2349,2,4698
3738,2025-05-17,Sports,Delhi,3547,3,10641
3739,2025-04-06,Sports,Bangalore,3742,6,22452
3740,2025-02-11,Groceries,Hyderabad,4398,7,30786
3741,2026-02-16,Sports,Mumbai,2228,8,17824
3742,2025-01-03,Sports,Chennai,3424,1,3424
3743,2025-01-18,Clothing,Hyderabad,400,3,1200
3744,2025-08-30,Clothing,Bangalore,4515,6,27090
3745,2026-01-19,Furniture,Chennai,3910,6,23460
3746,2025-04-20,Electronics,Bangalore,1403,5,7015
3747,2026-04-05,Clothing,Hyderabad,1429,4,5716
3748,2025-07-29,Groceries,Mumbai,1639,4,6556
3749,2026-04-24,Electronics,Chennai,2495,1,2495
3750,2025-10-16,Electronics,Chennai,2150,9,19350
3751,2025-05-29,Furniture,Hyderabad,2959,10,29590
3752,2024-09-01,Clothing,Delhi,4123,3,12369
3753,2024-10-13,Groceries,Chennai,1396,1,1396
3754,2026-04-08,Electronics,Delhi,3421,2,6842
3755,2025-11-08,Sports,Mumbai,2850,6,17100
3756,2024-08-07,Furniture,Delhi,1920,2,3840
3757,2025-02-06,Groceries,Hyderabad,4002,4,16008
3758,2026-05-11,Groceries,Delhi,4067,9,36603
3759,2024-09-29,Electronics,Hyderabad,193,8,1544
3760,2025-04-04,Sports,Mumbai,1660,2,3320
3761,2026-04-07,Clothing,Delhi,2055,8,16440
3762,2026-06-27,Electronics,Bangalore,369,10,3690
3763,2025-12-17,Groceries,Bangalore,428,4,1712
3764,2025-08-01,Groceries,Chennai,1523,2,3046
3765,2025-09-28,Clothing,Hyderabad,651,1,651
3766,2024-10-01,Clothing,Mumbai,216,3,648
3767,2025-10-23,Furniture,Bangalore,1017,7,7119
3768,2025-06-22,Clothing,Mumbai,2899,10,28990
3769,2026-03-26,Clothing,Delhi,1818,3,5454
3770,2025-03-25,Sports,Chennai,669,1,669
3771,2025-10-27,Sports,Delhi,1048,1,1048
3772,2025-05-27,Furniture,Mumbai,786,5,3930
3773,2025-06-21,Sports,Hyderabad,4786,2,9572
3774,2024-06-29,Clothing,Bangalore,4360,10,43600
3775,2024-09-20,Clothing,Hyderabad,3535,1,3535
3776,2024-12-18,Electronics,Bangalore,3331,9,29979
3777,2025-06-07,Clothing,Hyderabad,3443,6,20658
3778,2026-06-02,Electronics,Hyderabad,2501,2,5002
3779,2025-05-22,Clothing,Delhi,1725,4,6900
3780,2025-04-10,Furniture,Delhi,457,1,457
3781,2025-05-15,Groceries,Delhi,3598,7,25186
3782,2026-04-07,Sports,Bangalore,2424,8,19392
3783,2025-03-02,Clothing,Hyderabad,3136,8,25088
3784,2025-01-02,Furniture,Mumbai,4077,7,28539
3785,2025-07-28,Furniture,Chennai,3569,8,28552
3786,2025-06-07,Clothing,Mumbai,1706,9,15354
3787,2025-04-09,Clothing,Mumbai,4839,2,9678
3788,2026-01-17,Groceries,Delhi,1863,8,14904
3789,2025-08-28,Electronics,Mumbai,3771,4,15084
3790,2024-08-26,Groceries,Bangalore,4302,10,43020
3791,2025-03-05,Sports,Chennai,2887,9,25983
3792,2026-01-21,Sports,Hyderabad,4930,10,49300
3793,2025-04-17,Electronics,Mumbai,1936,1,1936
3794,2025-05-29,Sports,Bangalore,2266,6,13596
3795,2026-04-06,Groceries,Chennai,1666,4,6664
3796,2026-03-17,Electronics,Delhi,918,3,2754
3797,2026-05-23,Groceries,Hyderabad,2726,7,19082
3798,2025-10-22,Groceries,Delhi,2407,7,16849
3799,2025-11-01,Clothing,Delhi,401,2,802
3800,2024-09-30,Sports,Chennai,2312,4,9248
3801,2024-10-15,Groceries,Mumbai,980,7,6860
3802,2025-02-19,Sports,Bangalore,4849,8,38792
3803,2025-08-01,Groceries,Delhi,774,8,6192
3804,2025-04-11,Furniture,Mumbai,3392,3,10176
3805,2025-09-27,Sports,Chennai,4241,10,42410
3806,2025-08-08,Furniture,Chennai,3159,4,12636
3807,2025-08-30,Electronics,Bangalore,256,9,2304
3808,2024-10-29,Furniture,Chennai,4218,8,33744
3809,2025-07-26,Sports,Chennai,1080,4,4320
3810,2025-04-23,Clothing,Delhi,1476,8,11808
3811,2024-10-29,Electronics,Delhi,4114,1,4114
3812,2024-08-24,Electronics,Hyderabad,4279,3,12837
3813,2025-06-24,Electronics,Mumbai,3714,6,22284
3814,2024-08-06,Clothing,Delhi,1699,7,11893
3815,2026-06-12,Clothing,Delhi,4255,7,29785
3816,2026-05-31,Groceries,Delhi,1923,7,13461
3817,2026-01-27,Furniture,Chennai,2170,1,2170
3818,2025-09-02,Clothing,Delhi,1689,4,6756
3819,2025-10-03,Clothing,Chennai,916,10,9160
3820,2026-05-02,Groceries,Chennai,2171,10,21710
3821,2024-10-16,Sports,Chennai,264,10,2640
3822,2025-12-27,Groceries,Hyderabad,393,8,3144
3823,2026-04-27,Electronics,Mumbai,1801,10,18010
3824,2025-01-22,Furniture,Hyderabad,4294,10,42940
3825,2024-12-22,Groceries,Delhi,4878,6,29268
3826,2024-06-28,Furniture,Chennai,3260,4,13040
3827,2024-11-20,Furniture,Delhi,508,3,1524
3828,2025-04-13,Furniture,Bangalore,4713,7,32991
3829,2025-07-01,Sports,Mumbai,4050,2,8100
3830,2025-11-12,Furniture,Bangalore,2123,9,19107
3831,2024-12-31,Clothing,Hyderabad,1885,6,11310
3832,2025-02-05,Electronics,Chennai,3969,3,11907
3833,2026-03-02,Sports,Delhi,2365,7,16555
3834,2026-04-22,Groceries,Mumbai,4258,9,38322
3835,2025-11-29,Clothing,Chennai,4112,1,4112
3836,2026-04-04,Sports,Hyderabad,2445,3,7335
3837,2025-10-03,Electronics,Chennai,498,2,996
3838,2025-11-15,Groceries,Bangalore,2350,5,11750
3839,2025-01-13,Furniture,Chennai,3405,6,20430
3840,2024-12-28,Clothing,Hyderabad,270,5,1350
3841,2025-01-13,Groceries,Chennai,4195,7,29365
3842,2026-01-30,Electronics,Delhi,3588,6,21528
3843,2026-03-21,Furniture,Bangalore,3072,7,21504
3844,2024-08-08,Electronics,Delhi,1893,5,9465
3845,2025-06-23,Electronics,Hyderabad,2110,2,4220
3846,2026-02-20,Sports,Chennai,2398,5,11990
3847,2025-04-21,Electronics,Hyderabad,3665,1,3665
3848,2025-12-06,Sports,Hyderabad,1437,3,4311
3849,2026-03-31,Electronics,Delhi,1486,6,8916
3850,2026-04-02,Groceries,Bangalore,4292,6,25752
3851,2025-04-08,Sports,Hyderabad,168,2,336
3852,2025-02-04,Furniture,Hyderabad,4566,5,22830
3853,2024-11-15,Sports,Delhi,477,4,1908
3854,2025-07-22,Sports,Bangalore,2885,5,14425
3855,2026-04-27,Electronics,Hyderabad,1047,1,1047
3856,2025-01-16,Clothing,Bangalore,710,4,2840
3857,2026-04-06,Groceries,Chennai,4682,5,23410
3858,2025-03-07,Clothing,Delhi,1311,7,9177
3859,2024-11-08,Sports,Mumbai,1755,2,3510
3860,2025-12-01,Sports,Mumbai,3810,10,38100
3861,2024-07-23,Furniture,Mumbai,2969,8,23752
3862,2024-08-11,Electronics,Chennai,4831,2,9662
3863,2025-03-08,Furniture,Delhi,2621,10,26210
3864,2025-06-06,Clothing,Bangalore,1418,3,4254
3865,2026-01-21,Electronics,Delhi,784,2,1568
3866,2025-03-29,Clothing,Chennai,3352,1,3352
3867,2025-04-19,Electronics,Hyderabad,4702,1,4702
3868,2026-05-12,Furniture,Hyderabad,543,9,4887
3869,2025-03-12,Sports,Delhi,227,9,2043
3870,2026-06-19,Groceries,Bangalore,1168,3,3504
3871,2026-05-21,Furniture,Delhi,870,1,870
3872,2025-05-02,Electronics,Chennai,165,4,660
3873,2026-02-20,Clothing,Mumbai,2133,10,21330
3874,2025-08-18,Furniture,Bangalore,4967,1,4967
3875,2025-10-07,Sports,Hyderabad,3213,4,12852
3876,2024-11-21,Clothing,Delhi,518,10,5180
3877,2025-03-12,Sports,Chennai,200,4,800
3878,2025-07-18,Groceries,Bangalore,1034,2,2068
3879,2024-09-12,Clothing,Mumbai,919,5,4595
3880,2024-07-02,Sports,Bangalore,736,3,2208
3881,2025-10-14,Groceries,Hyderabad,1114,1,1114
3882,2025-09-09,Clothing,Chennai,229,6,1374
3883,2025-05-07,Electronics,Mumbai,3455,1,3455
3884,2025-06-18,Clothing,Bangalore,1362,5,6810
3885,2026-02-27,Groceries,Mumbai,2418,5,12090
3886,2024-07-20,Furniture,Bangalore,3861,1,3861
3887,2024-06-29,Furniture,Bangalore,169,9,1521
3888,2025-04-03,Clothing,Chennai,4270,1,4270
3889,2025-10-20,Groceries,Delhi,552,9,4968
3890,2024-12-24,Furniture,Chennai,2256,5,11280
3891,2024-11-02,Furniture,Hyderabad,1270,6,7620
3892,2025-09-17,Sports,Hyderabad,4439,6,26634
3893,2026-01-09,Clothing,Mumbai,2519,3,7557
3894,2025-01-15,Groceries,Delhi,3728,7,26096
3895,2025-11-08,Groceries,Mumbai,3065,2,6130
3896,2026-02-10,Electronics,Chennai,3026,8,24208
3897,2024-10-28,Clothing,Bangalore,2732,4,10928
3898,2026-03-06,Clothing,Bangalore,764,6,4584
3899,2025-06-15,Sports,Chennai,1892,2,3784
3900,2026-02-09,Groceries,Bangalore,1654,6,9924
3901,2025-02-06,Clothing,Mumbai,1240,6,7440
3902,2025-10-11,Electronics,Chennai,4025,7,28175
3903,2026-02-16,Sports,Hyderabad,3101,2,6202
3904,2026-06-28,Clothing,Chennai,405,1,405
3905,2024-07-06,Groceries,Hyderabad,3833,1,3833
3906,2025-09-08,Furniture,Chennai,3757,7,26299
3907,2024-08-01,Sports,Delhi,450,7,3150
3908,2024-11-09,Groceries,Chennai,290,2,580
3909,2026-01-21,Sports,Mumbai,2834,4,11336
3910,2025-09-04,Furniture,Mumbai,890,7,6230
3911,2024-09-17,Clothing,Mumbai,791,10,7910
3912,2025-01-19,Groceries,Bangalore,1343,3,4029
3913,2025-10-23,Furniture,Delhi,560,1,560
3914,2026-04-30,Sports,Hyderabad,4135,6,24810
3915,2024-10-24,Furniture,Mumbai,4390,6,26340
3916,2025-06-11,Groceries,Mumbai,3379,2,6758
3917,2026-04-18,Sports,Hyderabad,4924,6,29544
3918,2025-09-20,Furniture,Hyderabad,1353,9,12177
3919,2026-01-24,Sports,Chennai,4286,4,17144
3920,2024-09-04,Groceries,Hyderabad,4555,6,27330
3921,2025-03-07,Electronics,Mumbai,688,1,688
3922,2024-09-17,Electronics,Hyderabad,3965,8,31720
3923,2024-09-24,Sports,Hyderabad,183,8,1464
3924,2025-07-29,Electronics,Mumbai,4838,5,24190
3925,2024-09-09,Electronics,Mumbai,1144,4,4576
3926,2026-01-27,Clothing,Bangalore,4742,7,33194
3927,2025-04-21,Furniture,Mumbai,2096,6,12576
3928,2024-07-01,Sports,Chennai,4607,10,46070
3929,2024-07-01,Clothing,Chennai,4550,3,13650
3930,2026-01-23,Groceries,Chennai,2151,4,8604
3931,2025-10-30,Sports,Hyderabad,1268,8,10144
3932,2025-07-04,Sports,Delhi,1567,4,6268
3933,2026-05-09,Furniture,Bangalore,2253,9,20277
3934,2026-05-20,Electronics,Hyderabad,523,8,4184
3935,2024-12-11,Sports,Mumbai,1270,4,5080
3936,2024-11-07,Furniture,Delhi,4160,3,12480
3937,2025-03-13,Sports,Bangalore,3498,6,20988
3938,2025-12-08,Furniture,Delhi,2573,8,20584
3939,2025-12-31,Electronics,Hyderabad,1682,9,15138
3940,2026-03-27,Sports,Bangalore,4972,10,49720
3941,2026-06-26,Groceries,Delhi,2499,6,14994
3942,2025-08-10,Groceries,Bangalore,724,3,2172
3943,2026-02-16,Groceries,Bangalore,2636,10,26360
3944,2024-10-27,Groceries,Bangalore,4914,9,44226
3945,2024-11-05,Sports,Chennai,2302,6,13812
3946,2026-04-21,Furniture,Bangalore,4796,2,9592
3947,2025-01-19,Groceries,Hyderabad,1353,2,2706
3948,2025-12-10,Electronics,Bangalore,3728,7,26096
3949,2024-07-08,Groceries,Hyderabad,2510,3,7530
3950,2026-05-11,Furniture,Bangalore,4228,3,12684
3951,2025-03-15,Groceries,Delhi,889,4,3556
3952,2024-08-29,Clothing,Mumbai,2108,2,4216
3953,2026-04-03,Furniture,Bangalore,1844,5,9220
3954,2025-01-18,Electronics,Chennai,375,3,1125
3955,2025-10-25,Sports,Mumbai,2211,8,17688
3956,2024-10-01,Clothing,Bangalore,1406,5,7030
3957,2024-08-29,Groceries,Chennai,1638,3,4914
3958,2025-08-17,Clothing,Bangalore,2060,5,10300
3959,2026-02-18,Sports,Hyderabad,3820,6,22920
3960,2026-05-11,Sports,Hyderabad,939,2,1878
3961,2025-01-21,Furniture,Hyderabad,4927,4,19708
3962,2025-09-23,Furniture,Bangalore,4320,8,34560
3963,2025-01-03,Clothing,Mumbai,3648,2,7296
3964,2026-06-03,Sports,Hyderabad,3764,2,7528
3965,2025-05-23,Sports,Hyderabad,2571,10,25710
3966,2025-04-10,Groceries,Bangalore,2497,4,9988
3967,2025-03-03,Furniture,Delhi,3767,9,33903
3968,2025-06-11,Electronics,Hyderabad,743,1,743
3969,2024-11-23,Furniture,Chennai,1979,10,19790
3970,2025-07-27,Electronics,Bangalore,3038,1,3038
3971,2024-07-06,Groceries,Hyderabad,548,3,1644
3972,2025-09-22,Groceries,Chennai,3791,7,26537
3973,2024-12-25,Clothing,Mumbai,2963,9,26667
3974,2025-06-07,Clothing,Hyderabad,1840,9,16560
3975,2024-07-02,Furniture,Chennai,3784,2,7568
3976,2025-06-20,Groceries,Bangalore,2264,3,6792
3977,2024-10-05,Clothing,Bangalore,544,9,4896
3978,2026-02-20,Sports,Chennai,155,4,620
3979,2025-05-17,Electronics,Hyderabad,1329,9,11961
3980,2024-07-22,Furniture,Delhi,2792,10,27920
3981,2024-10-03,Furniture,Chennai,1564,6,9384
3982,2025-10-30,Electronics,Delhi,4069,5,20345
3983,2024-12-13,Sports,Delhi,311,3,933
3984,2024-06-28,Furniture,Bangalore,4958,6,29748
3985,2026-04-25,Sports,Hyderabad,1618,1,1618
3986,2026-06-23,Sports,Mumbai,2646,8,21168
3987,2026-05-08,Clothing,Chennai,3309,3,9927
3988,2025-05-03,Clothing,Delhi,3577,8,28616
3989,2025-01-08,Groceries,Chennai,1784,8,14272
3990,2025-09-15,Furniture,Hyderabad,2341,3,7023
3991,2024-11-30,Electronics,Delhi,2505,5,12525
3992,2025-12-29,Sports,Bangalore,476,7,3332
3993,2026-02-05,Electronics,Hyderabad,4328,3,12984
3994,2025-04-24,Clothing,Chennai,411,1,411
3995,2026-01-29,Groceries,Mumbai,562,8,4496
3996,2025-04-12,Electronics,Delhi,4483,6,26898
3997,2025-12-14,Sports,Chennai,3125,7,21875
3998,2025-11-25,Clothing,Bangalore,4082,5,20410
3999,2024-11-23,Furniture,Bangalore,3673,2,7346
4000,2024-08-22,Furniture,Delhi,4545,5,22725
4001,2026-05-14,Electronics,Mumbai,3144,2,6288
4002,2025-01-30,Furniture,Chennai,2062,10,20620
4003,2025-01-14,Electronics,Delhi,4268,2,8536
4004,2025-03-19,Furniture,Hyderabad,371,5,1855
4005,2025-02-20,Clothing,Bangalore,2847,6,17082
4006,2025-11-07,Sports,Bangalore,3541,1,3541
4007,2024-06-29,Electronics,Mumbai,1555,4,6220
4008,2025-08-28,Clothing,Delhi,2135,6,12810
4009,2026-03-21,Electronics,Bangalore,1288,7,9016
4010,2025-07-20,Groceries,Mumbai,276,2,552
4011,2026-02-03,Furniture,Delhi,1867,7,13069
4012,2026-03-12,Clothing,Mumbai,736,3,2208
4013,2025-09-27,Groceries,Hyderabad,4078,7,28546
4014,2026-05-28,Sports,Hyderabad,1874,2,3748
4015,2025-08-11,Electronics,Chennai,2445,2,4890
4016,2025-05-14,Electronics,Bangalore,425,3,1275
4017,2024-11-16,Sports,Hyderabad,626,2,1252
4018,2024-12-24,Groceries,Chennai,4254,4,17016
4019,2025-11-01,Sports,Bangalore,2897,1,2897
4020,2025-08-03,Electronics,Chennai,4487,6,26922
4021,2026-05-18,Sports,Mumbai,2970,10,29700
4022,2024-12-15,Electronics,Chennai,661,1,661
4023,2024-09-01,Sports,Chennai,4136,1,4136
4024,2025-11-10,Sports,Bangalore,2001,4,8004
4025,2025-01-30,Clothing,Delhi,248,8,1984
4026,2025-06-11,Clothing,Delhi,3104,2,6208
4027,2025-09-05,Clothing,Mumbai,821,7,5747
4028,2026-01-22,Clothing,Delhi,1325,10,13250
4029,2025-01-31,Furniture,Delhi,3221,10,32210
4030,2026-01-14,Groceries,Hyderabad,3164,2,6328
4031,2026-04-17,Clothing,Chennai,766,2,1532
4032,2025-03-25,Furniture,Mumbai,4884,7,34188
4033,2024-12-13,Sports,Bangalore,4520,2,9040
4034,2024-07-25,Sports,Delhi,3907,1,3907
4035,2025-03-09,Groceries,Chennai,4997,3,14991
4036,2025-01-13,Clothing,Mumbai,3370,9,30330
4037,2025-05-31,Groceries,Mumbai,1486,7,10402
4038,2025-11-25,Clothing,Hyderabad,3310,9,29790
4039,2024-11-17,Clothing,Delhi,855,8,6840
4040,2025-05-10,Groceries,Bangalore,1966,3,5898
4041,2025-10-02,Electronics,Delhi,4473,10,44730
4042,2025-03-30,Clothing,Hyderabad,3338,8,26704
4043,2026-01-12,Sports,Hyderabad,1640,6,9840
4044,2025-11-26,Clothing,Mumbai,4044,8,32352
4045,2025-02-10,Groceries,Mumbai,3798,5,18990
4046,2025-03-26,Electronics,Chennai,1416,6,8496
4047,2025-02-24,Clothing,Delhi,2597,8,20776
4048,2026-03-09,Groceries,Hyderabad,1722,9,15498
4049,2025-02-03,Groceries,Chennai,1282,10,12820
4050,2025-06-13,Furniture,Chennai,4330,1,4330
4051,2025-02-25,Clothing,Mumbai,2270,1,2270
4052,2026-05-29,Groceries,Chennai,1367,3,4101
4053,2024-07-28,Sports,Bangalore,213,8,1704
4054,2024-11-06,Sports,Hyderabad,4490,1,4490
4055,2025-08-26,Furniture,Delhi,4303,7,30121
4056,2025-07-19,Sports,Bangalore,1094,5,5470
4057,2024-11-07,Furniture,Hyderabad,2076,7,14532
4058,2026-05-13,Furniture,Hyderabad,4106,6,24636
4059,2025-01-24,Electronics,Mumbai,1812,7,12684
4060,2025-06-16,Sports,Chennai,2610,7,18270
4061,2025-10-04,Furniture,Mumbai,1560,4,6240
4062,2025-01-29,Clothing,Bangalore,338,5,1690
4063,2026-01-01,Electronics,Bangalore,2175,8,17400
4064,2024-07-17,Furniture,Chennai,4871,3,14613
4065,2024-12-31,Furniture,Hyderabad,3292,2,6584
4066,2024-11-09,Sports,Chennai,832,5,4160
4067,2026-04-19,Electronics,Hyderabad,2150,4,8600
4068,2024-12-05,Electronics,Hyderabad,1384,4,5536
4069,2024-10-19,Groceries,Chennai,1199,6,7194
4070,2025-08-10,Sports,Chennai,3640,6,21840
4071,2025-04-17,Clothing,Mumbai,1057,7,7399
4072,2025-05-07,Electronics,Mumbai,233,6,1398
4073,2025-07-23,Furniture,Mumbai,699,2,1398
4074,2025-03-02,Electronics,Chennai,3729,5,18645
4075,2025-04-07,Furniture,Delhi,1810,3,5430
4076,2024-08-04,Electronics,Mumbai,597,10,5970
4077,2024-12-24,Electronics,Chennai,2410,4,9640
4078,2025-06-02,Groceries,Mumbai,4285,5,21425
4079,2026-04-11,Furniture,Bangalore,1269,3,3807
4080,2024-10-01,Clothing,Mumbai,4357,7,30499
4081,2025-11-21,Groceries,Delhi,4132,1,4132
4082,2025-12-02,Sports,Bangalore,2340,10,23400
4083,2026-03-28,Clothing,Delhi,4512,4,18048
4084,2026-01-07,Sports,Mumbai,1454,3,4362
4085,2025-09-14,Groceries,Bangalore,2214,3,6642
4086,2026-03-15,Furniture,Mumbai,1189,9,10701
4087,2024-07-07,Groceries,Bangalore,1568,9,14112
4088,2025-08-06,Furniture,Bangalore,1595,10,15950
4089,2026-02-19,Furniture,Mumbai,4987,7,34909
4090,2024-11-29,Electronics,Mumbai,3459,7,24213
4091,2025-01-22,Electronics,Chennai,2434,2,4868
4092,2025-02-05,Furniture,Hyderabad,1345,7,9415
4093,2026-01-09,Clothing,Mumbai,3189,1,3189
4094,2025-12-04,Groceries,Delhi,1526,3,4578
4095,2025-04-18,Clothing,Bangalore,4515,5,22575
4096,2025-05-27,Furniture,Mumbai,258,5,1290
4097,2025-08-09,Electronics,Mumbai,2372,5,11860
4098,2025-06-06,Clothing,Mumbai,2737,1,2737
4099,2025-10-13,Electronics,Mumbai,941,4,3764
4100,2025-07-14,Electronics,Delhi,2003,10,20030
4101,2025-10-27,Sports,Chennai,321,7,2247
4102,2025-05-05,Sports,Bangalore,3504,3,10512
4103,2025-09-04,Groceries,Hyderabad,3743,9,33687
4104,2025-02-04,Clothing,Bangalore,2957,2,5914
4105,2024-08-13,Furniture,Bangalore,3793,6,22758
4106,2024-09-15,Groceries,Hyderabad,704,7,4928
4107,2025-11-23,Clothing,Chennai,4299,9,38691
4108,2025-09-07,Groceries,Hyderabad,622,6,3732
4109,2025-06-08,Clothing,Hyderabad,860,2,1720
4110,2025-05-02,Groceries,Delhi,1468,4,5872
4111,2024-07-01,Sports,Delhi,3916,6,23496
4112,2025-06-28,Groceries,Chennai,2951,10,29510
4113,2024-09-01,Furniture,Delhi,462,7,3234
4114,2025-08-02,Clothing,Delhi,870,6,5220
4115,2025-08-27,Sports,Hyderabad,197,6,1182
4116,2026-06-27,Furniture,Hyderabad,4011,2,8022
4117,2025-12-24,Sports,Delhi,185,7,1295
4118,2025-03-17,Clothing,Hyderabad,1544,3,4632
4119,2026-06-18,Electronics,Mumbai,4426,4,17704
4120,2025-11-05,Electronics,Bangalore,2772,9,24948
4121,2024-10-19,Furniture,Delhi,4739,8,37912
4122,2025-04-04,Furniture,Hyderabad,248,2,496
4123,2025-05-18,Sports,Mumbai,2904,9,26136
4124,2025-03-23,Groceries,Delhi,2151,10,21510
4125,2025-11-22,Electronics,Mumbai,1119,10,11190
4126,2025-01-24,Clothing,Mumbai,722,5,3610
4127,2025-05-01,Clothing,Hyderabad,4099,4,16396
4128,2026-02-28,Clothing,Hyderabad,1575,5,7875
4129,2024-09-18,Groceries,Hyderabad,1087,4,4348
4130,2026-02-25,Electronics,Mumbai,1242,5,6210
4131,2024-12-23,Groceries,Hyderabad,4420,8,35360
4132,2025-12-11,Groceries,Bangalore,1363,5,6815
4133,2026-05-13,Groceries,Hyderabad,2848,9,25632
4134,2026-02-20,Furniture,Hyderabad,4090,5,20450
4135,2026-05-25,Electronics,Mumbai,2132,9,19188
4136,2025-01-03,Electronics,Mumbai,1827,3,5481
4137,2025-02-16,Groceries,Delhi,2082,3,6246
4138,2025-04-03,Sports,Chennai,2049,5,10245
4139,2025-07-06,Sports,Hyderabad,2643,6,15858
4140,2026-03-27,Electronics,Hyderabad,4513,8,36104
4141,2025-09-05,Groceries,Bangalore,505,5,2525
4142,2024-11-15,Groceries,Hyderabad,4431,4,17724
4143,2024-12-22,Electronics,Delhi,2992,9,26928
4144,2026-04-15,Groceries,Hyderabad,3371,7,23597
4145,2024-09-18,Furniture,Chennai,2189,1,2189
4146,2025-08-27,Groceries,Chennai,2908,1,2908
4147,2026-02-24,Sports,Mumbai,4282,2,8564
4148,2024-11-18,Furniture,Mumbai,2765,2,5530
4149,2026-05-03,Electronics,Chennai,524,3,1572
4150,2025-08-07,Furniture,Chennai,4056,1,4056
4151,2026-01-09,Furniture,Delhi,1244,3,3732
4152,2026-02-28,Electronics,Hyderabad,1866,10,18660
4153,2025-08-18,Furniture,Chennai,4785,9,43065
4154,2025-01-24,Furniture,Chennai,773,1,773
4155,2026-05-15,Groceries,Hyderabad,3634,3,10902
4156,2026-04-18,Clothing,Bangalore,3676,4,14704
4157,2026-02-12,Furniture,Bangalore,4756,2,9512
4158,2025-04-20,Sports,Bangalore,1487,2,2974
4159,2024-11-30,Groceries,Delhi,2594,2,5188
4160,2026-05-16,Electronics,Mumbai,3846,10,38460
4161,2026-03-13,Furniture,Chennai,2799,6,16794
4162,2024-12-17,Clothing,Hyderabad,620,6,3720
4163,2024-10-29,Clothing,Delhi,3079,10,30790
4164,2025-05-25,Furniture,Hyderabad,1309,8,10472
4165,2026-04-14,Groceries,Bangalore,3809,6,22854
4166,2025-08-30,Furniture,Mumbai,3725,7,26075
4167,2024-11-07,Furniture,Delhi,2191,8,17528
4168,2025-07-15,Electronics,Mumbai,1086,9,9774
4169,2025-05-27,Furniture,Hyderabad,1054,7,7378
4170,2025-04-30,Furniture,Bangalore,4066,2,8132
4171,2024-10-23,Furniture,Hyderabad,3157,3,9471
4172,2025-03-25,Groceries,Hyderabad,3580,10,35800
4173,2026-01-10,Furniture,Mumbai,3201,1,3201
4174,2025-01-28,Groceries,Mumbai,4212,3,12636
4175,2024-11-04,Sports,Bangalore,858,3,2574
4176,2025-04-20,Furniture,Bangalore,3995,2,7990
4177,2024-07-16,Furniture,Mumbai,1609,2,3218
4178,2025-01-16,Groceries,Delhi,1940,5,9700
4179,2026-01-17,Groceries,Delhi,4264,7,29848
4180,2024-08-20,Groceries,Bangalore,2905,9,26145
4181,2025-07-27,Electronics,Chennai,1151,8,9208
4182,2025-03-24,Groceries,Delhi,650,1,650
4183,2025-05-25,Groceries,Mumbai,3866,10,38660
4184,2025-10-31,Groceries,Chennai,4447,3,13341
4185,2025-06-29,Furniture,Chennai,4244,4,16976
4186,2026-03-08,Furniture,Chennai,4772,2,9544
4187,2026-06-06,Clothing,Chennai,3551,8,28408
4188,2025-08-06,Electronics,Mumbai,469,10,4690
4189,2026-01-19,Electronics,Delhi,1285,7,8995
4190,2025-02-22,Electronics,Hyderabad,3667,6,22002
4191,2025-11-07,Furniture,Hyderabad,3597,3,10791
4192,2025-02-18,Clothing,Bangalore,3540,10,35400
4193,2025-07-28,Electronics,Hyderabad,1322,5,6610
4194,2025-10-05,Electronics,Chennai,1129,6,6774
4195,2024-10-14,Groceries,Delhi,4393,10,43930
4196,2024-11-09,Groceries,Delhi,673,2,1346
4197,2026-04-17,Groceries,Mumbai,2773,6,16638
4198,2025-10-13,Electronics,Chennai,4228,2,8456
4199,2025-09-21,Groceries,Hyderabad,2983,2,5966
4200,2024-08-29,Sports,Bangalore,3925,2,7850
4201,2025-10-26,Groceries,Delhi,1389,5,6945
4202,2025-06-04,Groceries,Bangalore,2492,10,24920
4203,2025-09-23,Groceries,Chennai,4179,5,20895
4204,2025-03-26,Clothing,Hyderabad,2881,5,14405
4205,2025-12-11,Electronics,Bangalore,3850,9,34650
4206,2024-07-08,Electronics,Hyderabad,3418,3,10254
4207,2025-02-05,Furniture,Chennai,2612,2,5224
4208,2025-10-03,Furniture,Bangalore,4060,10,40600
4209,2026-01-17,Sports,Delhi,834,6,5004
4210,2025-08-29,Clothing,Hyderabad,1582,5,7910
4211,2025-10-07,Sports,Bangalore,4084,1,4084
4212,2025-04-18,Clothing,Hyderabad,1252,4,5008
4213,2025-12-14,Electronics,Delhi,4911,10,49110
4214,2025-09-14,Sports,Delhi,235,7,1645
4215,2025-01-09,Groceries,Bangalore,1850,4,7400
4216,2024-07-08,Groceries,Chennai,1179,7,8253
4217,2024-10-07,Electronics,Bangalore,147,6,882
4218,2024-10-04,Electronics,Delhi,3618,1,3618
4219,2024-12-28,Electronics,Delhi,3268,2,6536
4220,2025-12-19,Electronics,Hyderabad,2162,10,21620
4221,2025-04-16,Clothing,Hyderabad,2466,5,12330
4222,2025-06-26,Clothing,Hyderabad,2357,6,14142
4223,2024-11-19,Clothing,Hyderabad,1389,1,1389
4224,2024-12-27,Furniture,Bangalore,1893,10,18930
4225,2025-02-27,Groceries,Mumbai,110,4,440
4226,2025-04-05,Sports,Delhi,4481,8,35848
4227,2024-07-25,Electronics,Bangalore,3034,7,21238
4228,2024-12-29,Sports,Chennai,4098,4,16392
4229,2026-04-13,Sports,Chennai,2641,8,21128
4230,2025-12-01,Sports,Delhi,1265,4,5060
4231,2025-08-24,Groceries,Chennai,1232,6,7392
4232,2025-08-29,Electronics,Delhi,3091,4,12364
4233,2025-10-21,Furniture,Chennai,2790,4,11160
4234,2024-10-28,Groceries,Delhi,1660,4,6640
4235,2025-10-07,Sports,Bangalore,621,9,5589
4236,2025-01-12,Clothing,Bangalore,4127,8,33016
4237,2025-10-26,Groceries,Bangalore,4930,4,19720
4238,2024-12-28,Groceries,Hyderabad,921,5,4605
4239,2025-07-21,Furniture,Mumbai,2257,6,13542
4240,2025-12-18,Clothing,Mumbai,3128,4,12512
4241,2025-09-12,Furniture,Hyderabad,3647,6,21882
4242,2025-07-05,Electronics,Mumbai,4526,6,27156
4243,2025-11-28,Groceries,Hyderabad,4634,7,32438
4244,2025-03-01,Groceries,Hyderabad,2177,8,17416
4245,2025-04-14,Groceries,Chennai,4561,6,27366
4246,2025-08-10,Groceries,Chennai,2770,5,13850
4247,2024-07-19,Sports,Chennai,566,5,2830
4248,2025-05-22,Sports,Chennai,4559,9,41031
4249,2024-10-25,Sports,Mumbai,3556,2,7112
4250,2024-12-05,Sports,Chennai,3757,1,3757
4251,2024-09-24,Groceries,Bangalore,617,3,1851
4252,2025-04-04,Groceries,Delhi,4500,5,22500
4253,2024-10-05,Electronics,Hyderabad,811,1,811
4254,2026-06-22,Electronics,Chennai,4119,5,20595
4255,2024-10-31,Sports,Chennai,2644,1,2644
4256,2024-12-18,Clothing,Delhi,3525,1,3525
4257,2025-01-13,Clothing,Chennai,1662,7,11634
4258,2026-02-12,Sports,Delhi,4204,3,12612
4259,2024-11-22,Groceries,Bangalore,2841,4,11364
4260,2025-12-26,Groceries,Hyderabad,3639,1,3639
4261,2025-10-17,Clothing,Chennai,2172,9,19548
4262,2026-02-17,Furniture,Chennai,228,6,1368
4263,2026-02-19,Furniture,Hyderabad,882,8,7056
4264,2024-09-23,Sports,Chennai,2389,5,11945
4265,2024-10-01,Clothing,Bangalore,1783,1,1783
4266,2026-04-24,Furniture,Hyderabad,3228,7,22596
4267,2025-10-02,Furniture,Chennai,476,10,4760
4268,2025-12-29,Sports,Mumbai,4171,1,4171
4269,2024-07-10,Electronics,Mumbai,3605,7,25235
4270,2026-06-20,Furniture,Chennai,1230,2,2460
4271,2025-08-15,Furniture,Chennai,2461,4,9844
4272,2026-01-24,Electronics,Chennai,1746,1,1746
4273,2025-02-03,Electronics,Delhi,3793,8,30344
4274,2026-06-07,Sports,Hyderabad,4207,4,16828
4275,2024-10-23,Groceries,Delhi,4118,4,16472
4276,2025-07-05,Furniture,Mumbai,2423,9,21807
4277,2025-08-24,Furniture,Chennai,1956,1,1956
4278,2025-04-03,Clothing,Mumbai,2726,6,16356
4279,2024-08-07,Electronics,Bangalore,1052,7,7364
4280,2025-03-03,Electronics,Delhi,1764,1,1764
4281,2025-09-18,Furniture,Bangalore,2921,9,26289
4282,2025-08-01,Furniture,Delhi,4999,6,29994
4283,2025-03-26,Sports,Mumbai,2285,10,22850
4284,2024-10-30,Electronics,Delhi,3798,10,37980
4285,2025-08-17,Electronics,Mumbai,1396,9,12564
4286,2026-03-22,Electronics,Delhi,3186,5,15930
4287,2026-05-06,Furniture,Bangalore,1828,3,5484
4288,2026-01-24,Groceries,Chennai,3233,4,12932
4289,2024-10-19,Furniture,Bangalore,3612,6,21672
4290,2025-02-23,Furniture,Delhi,4318,3,12954
4291,2025-09-05,Electronics,Hyderabad,2338,9,21042
4292,2025-07-05,Clothing,Delhi,4648,5,23240
4293,2025-02-11,Electronics,Chennai,3007,3,9021
4294,2024-06-30,Sports,Chennai,2502,7,17514
4295,2026-06-10,Clothing,Hyderabad,174,1,174
4296,2026-01-30,Clothing,Chennai,958,10,9580
4297,2025-06-03,Sports,Delhi,1307,2,2614
4298,2025-10-22,Sports,Delhi,4647,3,13941
4299,2024-08-28,Electronics,Hyderabad,1704,3,5112
4300,2024-07-29,Electronics,Mumbai,4769,4,19076
4301,2024-07-23,Clothing,Mumbai,541,3,1623
4302,2025-10-30,Furniture,Hyderabad,2808,10,28080
4303,2025-03-22,Sports,Bangalore,4680,4,18720
4304,2026-01-26,Sports,Hyderabad,2952,5,14760
4305,2026-06-19,Sports,Delhi,1449,7,10143
4306,2026-06-19,Clothing,Delhi,3806,8,30448
4307,2024-11-15,Electronics,Chennai,324,1,324
4308,2024-12-24,Clothing,Mumbai,4362,2,8724
4309,2025-08-12,Furniture,Delhi,288,9,2592
4310,2024-07-17,Electronics,Mumbai,2786,2,5572
4311,2026-01-11,Electronics,Chennai,1527,4,6108
4312,2025-03-13,Clothing,Bangalore,2824,9,25416
4313,2025-03-18,Groceries,Mumbai,1341,3,4023
4314,2026-01-20,Furniture,Hyderabad,3883,2,7766
4315,2026-04-13,Groceries,Bangalore,1948,2,3896
4316,2024-11-20,Clothing,Hyderabad,4306,10,43060
4317,2024-10-22,Groceries,Bangalore,4987,9,44883
4318,2025-02-27,Electronics,Hyderabad,4348,2,8696
4319,2025-05-01,Clothing,Delhi,3377,7,23639
4320,2025-05-08,Sports,Hyderabad,2597,9,23373
4321,2024-10-29,Clothing,Hyderabad,3061,6,18366
4322,2024-08-01,Sports,Delhi,2887,7,20209
4323,2026-05-29,Clothing,Bangalore,3306,1,3306
4324,2024-12-05,Electronics,Hyderabad,2222,7,15554
4325,2024-10-26,Sports,Hyderabad,4184,1,4184
4326,2025-11-01,Furniture,Hyderabad,2866,7,20062
4327,2025-12-18,Clothing,Chennai,3905,7,27335
4328,2024-08-11,Furniture,Mumbai,2874,9,25866
4329,2025-04-12,Clothing,Hyderabad,763,8,6104
4330,2024-08-06,Groceries,Chennai,1006,1,1006
4331,2025-07-16,Sports,Bangalore,1233,2,2466
4332,2026-04-30,Clothing,Delhi,227,8,1816
4333,2026-01-05,Clothing,Chennai,4969,4,19876
4334,2024-12-30,Sports,Delhi,3374,6,20244
4335,2025-03-03,Furniture,Hyderabad,2900,6,17400
4336,2026-02-07,Furniture,Chennai,4244,3,12732
4337,2025-11-14,Clothing,Bangalore,3667,10,36670
4338,2026-02-07,Furniture,Chennai,1598,6,9588
4339,2025-07-14,Furniture,Hyderabad,1940,9,17460
4340,2024-08-05,Clothing,Mumbai,4579,4,18316
4341,2025-06-17,Groceries,Delhi,3993,8,31944
4342,2025-09-23,Electronics,Mumbai,112,7,784
4343,2026-03-12,Groceries,Chennai,4524,2,9048
4344,2026-03-12,Furniture,Bangalore,947,9,8523
4345,2025-06-22,Sports,Chennai,3911,8,31288
4346,2025-12-10,Clothing,Chennai,2075,2,4150
4347,2024-09-02,Clothing,Mumbai,781,2,1562
4348,2024-12-22,Electronics,Chennai,2179,10,21790
4349,2025-06-27,Groceries,Chennai,3230,10,32300
4350,2025-03-22,Furniture,Hyderabad,4271,6,25626
4351,2024-12-12,Groceries,Hyderabad,2727,5,13635
4352,2025-01-20,Electronics,Chennai,4369,2,8738
4353,2025-03-19,Groceries,Chennai,1314,9,11826
4354,2026-06-16,Clothing,Bangalore,4909,4,19636
4355,2025-10-02,Clothing,Chennai,4725,10,47250
4356,2025-06-09,Furniture,Bangalore,1824,7,12768
4357,2025-05-01,Furniture,Mumbai,3064,6,18384
4358,2024-08-30,Clothing,Delhi,231,5,1155
4359,2024-10-02,Electronics,Delhi,979,6,5874
4360,2026-04-12,Groceries,Hyderabad,1502,9,13518
4361,2026-02-21,Furniture,Delhi,2551,8,20408
4362,2025-11-05,Sports,Mumbai,3036,7,21252
4363,2025-04-29,Groceries,Delhi,4264,3,12792
4364,2026-06-20,Furniture,Bangalore,2694,9,24246
4365,2026-06-07,Clothing,Hyderabad,4404,5,22020
4366,2024-07-24,Sports,Bangalore,4730,3,14190
4367,2024-07-05,Clothing,Hyderabad,2268,5,11340
4368,2025-02-21,Groceries,Hyderabad,4806,5,24030
4369,2025-02-08,Groceries,Mumbai,628,4,2512
4370,2025-08-20,Groceries,Hyderabad,4455,6,26730
4371,2024-11-03,Furniture,Bangalore,4571,3,13713
4372,2025-02-21,Groceries,Delhi,3128,8,25024
4373,2025-10-01,Clothing,Bangalore,2512,4,10048
4374,2024-10-04,Groceries,Mumbai,4459,5,22295
4375,2024-07-04,Electronics,Delhi,2577,5,12885
4376,2025-10-02,Groceries,Delhi,2835,1,2835
4377,2025-08-04,Sports,Mumbai,4224,2,8448
4378,2024-12-04,Sports,Mumbai,1630,5,8150
4379,2025-08-15,Furniture,Chennai,1939,2,3878
4380,2024-08-21,Sports,Mumbai,2400,2,4800
4381,2025-04-30,Sports,Bangalore,1918,6,11508
4382,2025-05-11,Sports,Delhi,1170,1,1170
4383,2025-04-29,Clothing,Bangalore,3716,10,37160
4384,2024-10-27,Sports,Mumbai,2259,4,9036
4385,2026-06-13,Furniture,Hyderabad,1701,7,11907
4386,2026-02-21,Clothing,Chennai,391,10,3910
4387,2026-01-29,Electronics,Chennai,2511,3,7533
4388,2026-02-22,Clothing,Bangalore,4343,9,39087
4389,2026-02-16,Furniture,Hyderabad,2708,2,5416
4390,2025-03-12,Sports,Chennai,227,1,227
4391,2025-12-13,Furniture,Bangalore,2585,3,7755
4392,2025-08-12,Groceries,Hyderabad,3713,1,3713
4393,2026-06-23,Electronics,Chennai,4413,9,39717
4394,2026-05-07,Clothing,Chennai,4700,9,42300
4395,2025-10-12,Sports,Mumbai,3418,4,13672
4396,2026-06-12,Groceries,Bangalore,4411,1,4411
4397,2026-05-10,Furniture,Chennai,3708,3,11124
4398,2026-01-21,Groceries,Mumbai,230,6,1380
4399,2024-10-23,Groceries,Chennai,3058,5,15290
4400,2026-06-25,Clothing,Bangalore,2421,4,9684
4401,2024-08-25,Furniture,Mumbai,2419,2,4838
4402,2024-12-12,Clothing,Mumbai,3836,6,23016
4403,2025-04-19,Clothing,Chennai,3597,1,3597
4404,2026-01-13,Electronics,Bangalore,1088,7,7616
4405,2025-09-04,Furniture,Delhi,4021,7,28147
4406,2026-02-01,Furniture,Mumbai,2131,9,19179
4407,2025-01-21,Clothing,Hyderabad,3214,8,25712
4408,2025-10-09,Furniture,Chennai,3709,2,7418
4409,2024-11-04,Electronics,Chennai,4204,2,8408
4410,2024-12-19,Sports,Bangalore,2546,4,10184
4411,2024-09-30,Sports,Chennai,1814,4,7256
4412,2025-04-15,Sports,Delhi,4463,4,17852
4413,2025-06-02,Sports,Chennai,3504,3,10512
4414,2024-10-20,Electronics,Delhi,2144,1,2144
4415,2025-12-16,Electronics,Chennai,4320,3,12960
4416,2025-09-01,Sports,Chennai,4421,8,35368
4417,2025-11-30,Furniture,Bangalore,4522,3,13566
4418,2025-09-19,Electronics,Delhi,3893,8,31144
4419,2025-11-28,Furniture,Chennai,4701,8,37608
4420,2026-06-14,Sports,Hyderabad,3095,10,30950
4421,2024-07-30,Furniture,Mumbai,3988,8,31904
4422,2025-12-25,Furniture,Chennai,2762,1,2762
4423,2024-09-26,Clothing,Delhi,694,8,5552
4424,2024-10-13,Furniture,Bangalore,3705,10,37050
4425,2026-02-23,Groceries,Hyderabad,707,10,7070
4426,2024-10-04,Furniture,Delhi,4392,6,26352
4427,2025-06-01,Sports,Mumbai,4777,9,42993
4428,2026-03-26,Furniture,Bangalore,3106,5,15530
4429,2024-08-31,Electronics,Bangalore,2541,5,12705
4430,2026-02-24,Sports,Delhi,3831,4,15324
4431,2024-06-28,Furniture,Delhi,3367,8,26936
4432,2025-04-06,Electronics,Hyderabad,2758,9,24822
4433,2026-02-02,Groceries,Delhi,1551,7,10857
4434,2025-06-04,Groceries,Hyderabad,2223,2,4446
4435,2025-03-27,Groceries,Mumbai,2526,6,15156
4436,2025-08-09,Furniture,Delhi,1197,10,11970
4437,2025-09-02,Furniture,Bangalore,4987,10,49870
4438,2026-05-04,Furniture,Chennai,3832,3,11496
4439,2026-03-11,Furniture,Chennai,3893,6,23358
4440,2025-08-23,Furniture,Mumbai,3016,3,9048
4441,2026-04-07,Furniture,Delhi,1035,2,2070
4442,2024-09-04,Groceries,Bangalore,2404,1,2404
4443,2025-02-23,Furniture,Chennai,1760,8,14080
4444,2025-12-27,Groceries,Mumbai,2660,3,7980
4445,2025-06-27,Sports,Hyderabad,3940,10,39400
4446,2025-01-22,Clothing,Chennai,633,8,5064
4447,2025-10-18,Groceries,Bangalore,541,10,5410
4448,2026-04-03,Groceries,Delhi,3323,6,19938
4449,2025-10-07,Clothing,Hyderabad,2330,3,6990
4450,2025-03-02,Sports,Bangalore,4506,2,9012
4451,2026-01-29,Furniture,Bangalore,2281,3,6843
4452,2025-02-17,Sports,Mumbai,4900,7,34300
4453,2026-01-27,Clothing,Delhi,634,1,634
4454,2026-04-08,Electronics,Chennai,2479,5,12395
4455,2024-12-17,Clothing,Delhi,2173,5,10865
4456,2024-12-22,Groceries,Chennai,613,2,1226
4457,2025-11-28,Groceries,Mumbai,3796,6,22776
4458,2025-06-06,Sports,Bangalore,4995,6,29970
4459,2026-03-12,Sports,Hyderabad,884,8,7072
4460,2025-12-22,Sports,Delhi,4869,8,38952
4461,2026-06-01,Groceries,Chennai,4539,9,40851
4462,2025-11-05,Sports,Bangalore,1212,2,2424
4463,2024-07-06,Sports,Bangalore,4677,8,37416
4464,2024-09-23,Sports,Bangalore,2086,7,14602
4465,2025-05-16,Furniture,Chennai,2313,10,23130
4466,2024-10-07,Groceries,Bangalore,2434,9,21906
4467,2025-08-12,Clothing,Mumbai,2087,2,4174
4468,2026-06-09,Groceries,Delhi,833,8,6664
4469,2024-12-16,Electronics,Bangalore,2571,1,2571
4470,2025-12-30,Furniture,Delhi,4512,10,45120
4471,2025-01-23,Sports,Delhi,4266,10,42660
4472,2025-06-13,Electronics,Delhi,1344,1,1344
4473,2026-04-18,Clothing,Delhi,3268,3,9804
4474,2024-10-25,Electronics,Mumbai,1477,4,5908
4475,2025-01-17,Furniture,Bangalore,2734,3,8202
4476,2024-11-12,Sports,Chennai,2222,4,8888
4477,2025-05-01,Clothing,Hyderabad,2990,7,20930
4478,2026-03-17,Furniture,Mumbai,2799,2,5598
4479,2025-12-24,Groceries,Hyderabad,4403,6,26418
4480,2026-05-12,Sports,Hyderabad,1621,3,4863
4481,2025-11-29,Furniture,Delhi,254,4,1016
4482,2025-04-01,Groceries,Bangalore,3552,9,31968
4483,2025-12-29,Electronics,Delhi,156,10,1560
4484,2025-12-06,Groceries,Hyderabad,3453,7,24171
4485,2024-12-22,Groceries,Hyderabad,440,9,3960
4486,2026-05-11,Electronics,Mumbai,767,6,4602
4487,2025-12-12,Electronics,Hyderabad,1912,2,3824
4488,2024-07-10,Electronics,Chennai,4000,8,32000
4489,2026-02-20,Sports,Delhi,4671,2,9342
4490,2025-09-24,Clothing,Hyderabad,798,9,7182
4491,2026-02-01,Electronics,Chennai,1276,2,2552
4492,2025-03-07,Sports,Delhi,484,2,968
4493,2026-06-19,Sports,Delhi,1260,3,3780
4494,2026-02-23,Clothing,Delhi,2690,5,13450
4495,2025-09-26,Clothing,Delhi,3905,3,11715
4496,2025-05-02,Groceries,Delhi,2298,7,16086
4497,2025-01-27,Clothing,Delhi,3825,4,15300
4498,2026-03-24,Groceries,Bangalore,2941,8,23528
4499,2025-04-29,Clothing,Mumbai,3066,1,3066
4500,2025-09-22,Sports,Chennai,836,5,4180
4501,2026-01-14,Furniture,Bangalore,4268,9,38412
4502,2025-08-15,Electronics,Delhi,3060,3,9180
4503,2026-04-04,Groceries,Bangalore,4684,3,14052
4504,2025-05-26,Sports,Hyderabad,733,1,733
4505,2026-06-15,Groceries,Delhi,3617,1,3617
4506,2025-04-09,Groceries,Delhi,2756,8,22048
4507,2025-10-28,Sports,Mumbai,4472,8,35776
4508,2025-03-30,Groceries,Bangalore,422,9,3798
4509,2026-01-15,Furniture,Delhi,3850,9,34650
4510,2026-03-17,Sports,Delhi,2722,8,21776
4511,2024-11-17,Sports,Bangalore,1092,2,2184
4512,2026-06-13,Furniture,Bangalore,4812,6,28872
4513,2025-03-17,Furniture,Mumbai,4918,4,19672
4514,2024-07-04,Clothing,Bangalore,3347,3,10041
4515,2024-07-07,Furniture,Delhi,1167,9,10503
4516,2025-09-25,Groceries,Mumbai,4653,8,37224
4517,2025-06-16,Clothing,Hyderabad,3267,4,13068
4518,2025-02-18,Groceries,Bangalore,1165,10,11650
4519,2026-01-15,Clothing,Delhi,4979,10,49790
4520,2024-10-23,Electronics,Hyderabad,1937,2,3874
4521,2025-02-02,Electronics,Hyderabad,1384,10,13840
4522,2024-11-25,Clothing,Chennai,2411,4,9644
4523,2026-06-09,Groceries,Mumbai,1886,6,11316
4524,2025-12-30,Furniture,Delhi,2169,2,4338
4525,2025-04-16,Furniture,Delhi,804,4,3216
4526,2026-05-13,Electronics,Hyderabad,2790,9,25110
4527,2024-07-07,Clothing,Chennai,799,2,1598
4528,2026-01-11,Electronics,Delhi,3061,6,18366
4529,2025-02-09,Groceries,Mumbai,1673,1,1673
4530,2024-08-18,Clothing,Mumbai,3308,5,16540
4531,2024-07-06,Groceries,Mumbai,849,10,8490
4532,2025-02-21,Groceries,Chennai,1550,3,4650
4533,2025-11-22,Furniture,Chennai,4155,2,8310
4534,2024-08-25,Groceries,Bangalore,1607,4,6428
4535,2025-04-17,Electronics,Hyderabad,976,5,4880
4536,2025-10-22,Sports,Bangalore,2746,4,10984
4537,2025-10-27,Furniture,Hyderabad,2787,10,27870
4538,2025-07-31,Clothing,Chennai,4963,4,19852
4539,2025-08-17,Electronics,Delhi,2322,8,18576
4540,2025-09-02,Furniture,Chennai,4850,2,9700
4541,2026-05-21,Electronics,Chennai,3688,5,18440
4542,2024-08-26,Groceries,Bangalore,4633,6,27798
4543,2025-02-15,Clothing,Delhi,2093,6,12558
4544,2025-03-25,Furniture,Delhi,4187,8,33496
4545,2025-11-24,Sports,Chennai,1376,2,2752
4546,2026-02-18,Sports,Chennai,2248,8,17984
4547,2025-02-06,Sports,Mumbai,4621,5,23105
4548,2024-10-26,Electronics,Hyderabad,3297,4,13188
4549,2026-01-29,Sports,Hyderabad,1888,3,5664
4550,2025-03-07,Electronics,Chennai,563,4,2252
4551,2026-06-10,Clothing,Bangalore,3822,6,22932
4552,2024-08-28,Sports,Mumbai,3864,6,23184
4553,2025-02-09,Electronics,Hyderabad,4896,9,44064
4554,2026-02-05,Groceries,Bangalore,3152,3,9456
4555,2024-07-17,Furniture,Chennai,4907,8,39256
4556,2026-03-07,Clothing,Chennai,4840,8,38720
4557,2024-12-25,Sports,Bangalore,3910,10,39100
4558,2025-06-12,Sports,Hyderabad,2107,3,6321
4559,2026-01-30,Furniture,Bangalore,4381,2,8762
4560,2026-02-21,Groceries,Bangalore,2096,10,20960
4561,2025-07-11,Sports,Bangalore,4857,9,43713
4562,2026-01-19,Groceries,Chennai,3110,1,3110
4563,2025-12-13,Groceries,Hyderabad,3029,6,18174
4564,2024-08-12,Sports,Chennai,241,9,2169
4565,2026-02-24,Groceries,Bangalore,4676,9,42084
4566,2025-12-22,Furniture,Delhi,775,5,3875
4567,2026-03-27,Furniture,Hyderabad,4437,6,26622
4568,2026-06-03,Clothing,Bangalore,2559,10,25590
4569,2025-03-25,Furniture,Delhi,2037,1,2037
4570,2025-02-17,Electronics,Delhi,455,1,455
4571,2025-09-09,Clothing,Bangalore,4418,5,22090
4572,2026-06-19,Sports,Hyderabad,2780,9,25020
4573,2025-09-08,Groceries,Bangalore,2586,3,7758
4574,2026-06-14,Sports,Bangalore,3087,7,21609
4575,2025-09-16,Furniture,Chennai,1228,3,3684
4576,2026-05-22,Electronics,Hyderabad,4840,4,19360
4577,2026-06-25,Clothing,Chennai,326,10,3260
4578,2026-01-08,Sports,Delhi,4801,9,43209
4579,2025-01-13,Clothing,Chennai,2591,1,2591
4580,2025-06-15,Sports,Delhi,3928,7,27496
4581,2025-03-04,Clothing,Chennai,4149,6,24894
4582,2026-03-04,Clothing,Delhi,3778,10,37780
4583,2025-12-18,Groceries,Mumbai,941,3,2823
4584,2025-04-04,Furniture,Hyderabad,153,3,459
4585,2024-10-02,Electronics,Mumbai,1609,1,1609
4586,2026-05-24,Clothing,Chennai,2832,6,16992
4587,2025-08-02,Sports,Hyderabad,1991,9,17919
4588,2025-05-26,Furniture,Mumbai,3744,9,33696
4589,2025-04-15,Electronics,Mumbai,1664,4,6656
4590,2024-08-26,Groceries,Bangalore,1798,2,3596
4591,2026-01-21,Electronics,Delhi,1046,2,2092
4592,2025-03-24,Sports,Chennai,246,2,492
4593,2024-10-15,Clothing,Hyderabad,437,6,2622
4594,2025-03-27,Furniture,Chennai,2866,5,14330
4595,2024-08-25,Furniture,Delhi,1641,7,11487
4596,2024-12-10,Groceries,Mumbai,4882,10,48820
4597,2026-05-01,Clothing,Chennai,1716,9,15444
4598,2025-11-07,Furniture,Delhi,3644,6,21864
4599,2025-12-11,Furniture,Bangalore,3549,2,7098
4600,2024-12-26,Groceries,Hyderabad,4855,9,43695
4601,2025-11-07,Groceries,Hyderabad,3342,10,33420
4602,2025-02-17,Electronics,Delhi,321,9,2889
4603,2024-12-04,Clothing,Delhi,316,7,2212
4604,2024-12-19,Furniture,Bangalore,3205,9,28845
4605,2025-07-23,Electronics,Bangalore,1515,3,4545
4606,2026-02-06,Clothing,Bangalore,4136,9,37224
4607,2025-04-27,Sports,Mumbai,309,9,2781
4608,2026-01-26,Furniture,Chennai,2804,5,14020
4609,2025-05-26,Electronics,Bangalore,1060,7,7420
4610,2025-12-13,Furniture,Mumbai,3629,7,25403
4611,2024-08-27,Electronics,Delhi,2440,1,2440
4612,2024-07-03,Furniture,Delhi,1665,7,11655
4613,2025-01-31,Groceries,Bangalore,1638,1,1638
4614,2026-05-08,Furniture,Mumbai,1846,6,11076
4615,2024-07-05,Sports,Delhi,4711,4,18844
4616,2024-10-20,Groceries,Mumbai,2358,1,2358
4617,2025-09-06,Clothing,Mumbai,1724,2,3448
4618,2025-11-08,Clothing,Hyderabad,511,7,3577
4619,2025-03-15,Sports,Mumbai,1526,10,15260
4620,2024-08-22,Furniture,Delhi,3706,5,18530
4621,2026-05-16,Groceries,Bangalore,150,10,1500
4622,2025-02-25,Furniture,Bangalore,3812,5,19060
4623,2024-12-24,Furniture,Bangalore,383,8,3064
4624,2024-12-08,Electronics,Mumbai,4280,8,34240
4625,2025-06-19,Sports,Mumbai,3927,7,27489
4626,2026-05-30,Furniture,Chennai,3924,1,3924
4627,2025-10-28,Furniture,Mumbai,4027,10,40270
4628,2024-10-26,Clothing,Bangalore,1989,1,1989
4629,2025-11-03,Electronics,Mumbai,1508,9,13572
4630,2025-02-14,Furniture,Mumbai,1379,8,11032
4631,2025-06-05,Furniture,Hyderabad,3504,8,28032
4632,2025-07-18,Clothing,Hyderabad,738,5,3690
4633,2025-09-18,Furniture,Hyderabad,3578,8,28624
4634,2024-11-30,Electronics,Bangalore,4595,4,18380
4635,2025-10-09,Groceries,Bangalore,3007,2,6014
4636,2025-08-20,Groceries,Mumbai,3296,5,16480
4637,2025-02-10,Sports,Hyderabad,4149,6,24894
4638,2025-02-14,Electronics,Mumbai,3592,1,3592
4639,2026-03-03,Sports,Chennai,683,6,4098
4640,2026-02-14,Groceries,Bangalore,1182,10,11820
4641,2024-10-19,Clothing,Bangalore,3434,9,30906
4642,2026-05-21,Electronics,Bangalore,380,6,2280
4643,2024-08-17,Electronics,Mumbai,1295,5,6475
4644,2025-02-04,Groceries,Mumbai,4559,6,27354
4645,2024-07-26,Groceries,Delhi,3940,10,39400
4646,2024-07-11,Sports,Delhi,1407,8,11256
4647,2025-11-29,Sports,Bangalore,729,4,2916
4648,2025-10-23,Furniture,Mumbai,3525,4,14100
4649,2024-12-26,Clothing,Hyderabad,1645,6,9870
4650,2025-11-09,Groceries,Bangalore,218,1,218
4651,2024-12-25,Sports,Chennai,3052,2,6104
4652,2026-04-04,Sports,Mumbai,4078,8,32624
4653,2024-07-22,Sports,Hyderabad,1760,5,8800
4654,2024-08-25,Electronics,Hyderabad,2940,4,11760
4655,2026-06-07,Clothing,Hyderabad,1927,9,17343
4656,2025-02-25,Furniture,Delhi,2344,6,14064
4657,2025-02-07,Sports,Mumbai,2762,1,2762
4658,2025-04-08,Groceries,Delhi,1344,5,6720
4659,2024-12-12,Electronics,Mumbai,3829,4,15316
4660,2026-03-31,Clothing,Hyderabad,3475,9,31275
4661,2025-08-23,Clothing,Hyderabad,3742,1,3742
4662,2024-08-22,Groceries,Bangalore,1863,9,16767
4663,2026-03-12,Clothing,Hyderabad,4631,5,23155
4664,2025-02-14,Furniture,Bangalore,1257,8,10056
4665,2026-06-16,Furniture,Mumbai,2829,5,14145
4666,2025-08-16,Furniture,Mumbai,778,7,5446
4667,2024-08-10,Clothing,Chennai,2749,8,21992
4668,2026-05-01,Groceries,Mumbai,1504,7,10528
4669,2025-08-04,Sports,Delhi,4903,7,34321
4670,2025-09-07,Sports,Chennai,4912,10,49120
4671,2026-03-02,Furniture,Bangalore,2948,3,8844
4672,2025-04-10,Electronics,Mumbai,593,10,5930
4673,2024-07-18,Furniture,Mumbai,2907,10,29070
4674,2025-03-21,Electronics,Chennai,2943,3,8829
4675,2026-03-09,Clothing,Delhi,2611,3,7833
4676,2024-12-23,Electronics,Hyderabad,3292,10,32920
4677,2024-11-22,Groceries,Mumbai,2760,6,16560
4678,2024-07-15,Furniture,Chennai,4276,1,4276
4679,2026-01-25,Groceries,Hyderabad,1537,8,12296
4680,2026-03-17,Furniture,Bangalore,1452,4,5808
4681,2025-03-17,Sports,Chennai,274,9,2466
4682,2026-01-06,Furniture,Mumbai,799,10,7990
4683,2025-09-27,Electronics,Bangalore,3232,2,6464
4684,2025-01-09,Furniture,Chennai,2670,4,10680
4685,2024-09-02,Groceries,Chennai,4502,6,27012
4686,2025-07-31,Furniture,Chennai,1496,4,5984
4687,2025-02-28,Groceries,Delhi,1008,9,9072
4688,2026-06-25,Sports,Chennai,4923,6,29538
4689,2024-11-11,Sports,Mumbai,4204,3,12612
4690,2024-11-03,Furniture,Hyderabad,1189,4,4756
4691,2025-07-12,Clothing,Delhi,4469,5,22345
4692,2025-03-02,Electronics,Delhi,4429,3,13287
4693,2026-01-26,Clothing,Mumbai,1973,2,3946
4694,2024-08-25,Electronics,Chennai,3390,4,13560
4695,2026-02-27,Groceries,Chennai,2437,4,9748
4696,2026-03-28,Furniture,Mumbai,3715,9,33435
4697,2024-11-15,Groceries,Mumbai,3828,2,7656
4698,2026-04-17,Clothing,Bangalore,3569,9,32121
4699,2025-08-28,Groceries,Mumbai,4458,6,26748
4700,2024-12-07,Electronics,Delhi,1234,8,9872
4701,2026-05-19,Electronics,Bangalore,1332,8,10656
4702,2025-02-05,Clothing,Bangalore,4532,9,40788
4703,2024-07-27,Clothing,Delhi,3283,10,32830
4704,2025-08-26,Sports,Mumbai,2753,9,24777
4705,2024-07-07,Clothing,Bangalore,2755,2,5510
4706,2025-08-02,Sports,Chennai,488,9,4392
4707,2026-06-22,Groceries,Chennai,2667,7,18669
4708,2025-02-04,Clothing,Hyderabad,1604,5,8020
4709,2024-11-29,Sports,Chennai,3773,7,26411
4710,2025-01-22,Electronics,Delhi,418,1,418
4711,2026-04-29,Groceries,Bangalore,3590,5,17950
4712,2025-06-26,Furniture,Delhi,2768,10,27680
4713,2024-10-15,Clothing,Bangalore,138,9,1242
4714,2025-07-22,Clothing,Delhi,3708,6,22248
4715,2025-07-24,Clothing,Bangalore,4893,2,9786
4716,2024-07-25,Clothing,Hyderabad,2515,4,10060
4717,2025-04-12,Sports,Mumbai,2695,10,26950
4718,2026-04-19,Furniture,Mumbai,1448,10,14480
4719,2024-10-07,Clothing,Hyderabad,1159,4,4636
4720,2025-12-01,Sports,Bangalore,2850,8,22800
4721,2026-06-14,Clothing,Mumbai,2801,1,2801
4722,2024-08-04,Clothing,Bangalore,4164,8,33312
4723,2024-09-20,Furniture,Mumbai,1334,1,1334
4724,2025-06-09,Furniture,Mumbai,4741,5,23705
4725,2026-03-02,Electronics,Mumbai,116,2,232
4726,2025-03-13,Sports,Hyderabad,1876,7,13132
4727,2026-05-11,Clothing,Mumbai,755,4,3020
4728,2024-09-22,Groceries,Hyderabad,3822,4,15288
4729,2025-04-28,Clothing,Hyderabad,2724,10,27240
4730,2026-05-07,Groceries,Delhi,604,10,6040
4731,2026-05-09,Sports,Bangalore,2802,9,25218
4732,2026-04-24,Furniture,Chennai,2908,9,26172
4733,2026-01-01,Groceries,Chennai,3806,2,7612
4734,2025-03-09,Groceries,Chennai,3120,9,28080
4735,2025-04-18,Electronics,Delhi,4677,10,46770
4736,2024-09-11,Clothing,Delhi,1785,6,10710
4737,2025-07-11,Groceries,Mumbai,686,1,686
4738,2025-05-28,Sports,Mumbai,4530,9,40770
4739,2025-06-01,Clothing,Mumbai,1074,1,1074
4740,2025-04-25,Groceries,Delhi,3093,6,18558
4741,2025-06-17,Clothing,Mumbai,1514,7,10598
4742,2026-05-04,Clothing,Bangalore,207,10,2070
4743,2026-05-06,Sports,Chennai,4667,2,9334
4744,2024-12-28,Sports,Hyderabad,1444,2,2888
4745,2025-02-23,Electronics,Bangalore,102,10,1020
4746,2026-03-04,Electronics,Hyderabad,3304,3,9912
4747,2025-03-17,Groceries,Chennai,2342,5,11710
4748,2026-06-18,Clothing,Hyderabad,4936,9,44424
4749,2025-11-18,Clothing,Hyderabad,4973,3,14919
4750,2024-08-19,Groceries,Bangalore,4443,9,39987
4751,2025-08-07,Electronics,Bangalore,2819,3,8457
4752,2026-01-10,Electronics,Delhi,852,3,2556
4753,2026-03-07,Groceries,Chennai,3588,3,10764
4754,2025-03-02,Electronics,Bangalore,2802,6,16812
4755,2026-02-18,Groceries,Hyderabad,1553,2,3106
4756,2025-01-01,Groceries,Mumbai,1619,3,4857
4757,2026-01-23,Sports,Delhi,1870,4,7480
4758,2026-04-26,Electronics,Mumbai,202,6,1212
4759,2025-03-15,Groceries,Bangalore,3983,5,19915
4760,2025-04-23,Electronics,Hyderabad,3574,7,25018
4761,2024-07-22,Furniture,Bangalore,3361,5,16805
4762,2026-04-25,Furniture,Bangalore,2450,7,17150
4763,2025-08-30,Sports,Chennai,591,9,5319
4764,2026-01-16,Furniture,Chennai,2305,2,4610
4765,2025-02-05,Groceries,Mumbai,387,1,387
4766,2025-12-26,Groceries,Bangalore,3760,1,3760
4767,2025-03-03,Furniture,Mumbai,1561,3,4683
4768,2025-10-05,Sports,Hyderabad,1490,9,13410
4769,2025-01-29,Furniture,Hyderabad,4369,1,4369
4770,2025-08-24,Clothing,Bangalore,1021,8,8168
4771,2025-07-22,Clothing,Delhi,4918,1,4918
4772,2024-09-15,Groceries,Chennai,2552,4,10208
4773,2024-11-24,Sports,Bangalore,258,6,1548
4774,2024-08-04,Furniture,Hyderabad,1714,3,5142
4775,2024-09-09,Furniture,Bangalore,738,10,7380
4776,2026-01-21,Groceries,Hyderabad,1896,10,18960
4777,2024-09-23,Furniture,Hyderabad,4156,7,29092
4778,2025-10-23,Groceries,Chennai,4026,5,20130
4779,2025-08-29,Groceries,Hyderabad,1038,5,5190
4780,2026-02-10,Sports,Chennai,146,2,292
4781,2025-07-20,Furniture,Delhi,3321,7,23247
4782,2024-09-09,Groceries,Hyderabad,3602,5,18010
4783,2026-01-12,Furniture,Chennai,3499,4,13996
4784,2024-08-02,Groceries,Delhi,3579,7,25053
4785,2024-08-28,Electronics,Mumbai,4626,10,46260
4786,2025-11-18,Groceries,Hyderabad,1575,6,9450
4787,2025-02-27,Furniture,Mumbai,885,9,7965
4788,2026-02-09,Furniture,Hyderabad,2109,2,4218
4789,2025-04-07,Clothing,Hyderabad,1199,9,10791
4790,2025-09-20,Furniture,Bangalore,3292,9,29628
4791,2025-12-15,Electronics,Bangalore,2907,6,17442
4792,2025-12-24,Furniture,Mumbai,1145,3,3435
4793,2025-09-10,Groceries,Bangalore,1744,6,10464
4794,2024-07-07,Sports,Bangalore,825,10,8250
4795,2026-03-01,Sports,Chennai,1876,8,15008
4796,2025-10-15,Clothing,Bangalore,2398,7,16786
4797,2025-04-27,Furniture,Mumbai,4627,8,37016
4798,2025-01-02,Electronics,Bangalore,2485,4,9940
4799,2025-10-27,Clothing,Delhi,2085,7,14595
4800,2024-11-15,Furniture,Chennai,2964,9,26676
4801,2025-03-27,Clothing,Mumbai,3592,1,3592
4802,2024-10-27,Groceries,Chennai,3706,1,3706
4803,2024-12-11,Clothing,Bangalore,4181,2,8362
4804,2025-01-04,Groceries,Chennai,1998,4,7992
4805,2025-06-16,Groceries,Mumbai,1471,1,1471
4806,2025-08-03,Electronics,Chennai,4857,7,33999
4807,2025-06-16,Electronics,Bangalore,4347,1,4347
4808,2025-01-31,Furniture,Delhi,4586,10,45860
4809,2024-12-31,Clothing,Hyderabad,4314,5,21570
4810,2025-05-14,Groceries,Bangalore,1222,7,8554
4811,2025-08-17,Sports,Hyderabad,1240,6,7440
4812,2025-10-07,Furniture,Hyderabad,859,10,8590
4813,2026-03-12,Electronics,Hyderabad,260,5,1300
4814,2025-02-02,Electronics,Delhi,428,2,856
4815,2024-07-19,Groceries,Delhi,2693,6,16158
4816,2024-07-30,Groceries,Mumbai,2816,5,14080
4817,2024-08-01,Clothing,Delhi,3315,3,9945
4818,2025-10-25,Sports,Chennai,2203,3,6609
4819,2025-07-22,Groceries,Bangalore,2084,9,18756
4820,2026-02-07,Clothing,Mumbai,279,5,1395
4821,2025-10-19,Electronics,Bangalore,4080,9,36720
4822,2025-08-14,Furniture,Bangalore,3575,3,10725
4823,2025-07-15,Clothing,Delhi,2568,4,10272
4824,2024-08-01,Clothing,Hyderabad,2504,9,22536
4825,2025-08-06,Sports,Hyderabad,2289,8,18312
4826,2025-12-06,Furniture,Hyderabad,4976,3,14928
4827,2025-09-16,Groceries,Bangalore,4663,5,23315
4828,2025-12-10,Groceries,Bangalore,191,1,191
4829,2024-11-11,Groceries,Chennai,687,6,4122
4830,2026-04-08,Sports,Chennai,1602,3,4806
4831,2025-01-24,Electronics,Mumbai,1378,2,2756
4832,2026-03-28,Clothing,Hyderabad,640,10,6400
4833,2024-10-14,Sports,Bangalore,4004,2,8008
4834,2024-07-13,Electronics,Delhi,3791,3,11373
4835,2026-05-27,Electronics,Mumbai,4699,9,42291
4836,2025-11-21,Clothing,Delhi,2122,4,8488
4837,2025-03-11,Sports,Delhi,1037,2,2074
4838,2026-05-16,Sports,Hyderabad,126,5,630
4839,2026-01-02,Furniture,Hyderabad,1368,2,2736
4840,2025-04-02,Sports,Bangalore,237,5,1185
4841,2026-05-25,Sports,Bangalore,1530,7,10710
4842,2026-04-02,Sports,Hyderabad,395,3,1185
4843,2026-01-13,Clothing,Bangalore,1021,5,5105
4844,2025-10-31,Clothing,Hyderabad,1014,5,5070
4845,2025-12-07,Groceries,Bangalore,1791,7,12537
4846,2024-09-21,Groceries,Delhi,4280,2,8560
4847,2024-07-12,Electronics,Delhi,3179,5,15895
4848,2024-11-22,Groceries,Chennai,1186,2,2372
4849,2025-01-12,Sports,Hyderabad,211,10,2110
4850,2025-05-23,Electronics,Hyderabad,4760,6,28560
4851,2026-05-27,Furniture,Mumbai,2359,3,7077
4852,2025-09-20,Clothing,Mumbai,1339,5,6695
4853,2026-05-27,Sports,Delhi,350,9,3150
4854,2025-07-19,Furniture,Mumbai,230,2,460
4855,2026-04-17,Furniture,Hyderabad,4980,1,4980
4856,2026-02-28,Electronics,Bangalore,1074,2,2148
4857,2026-05-09,Groceries,Hyderabad,1976,8,15808
4858,2024-12-18,Sports,Chennai,2577,9,23193
4859,2025-05-18,Groceries,Chennai,3892,7,27244
4860,2025-07-14,Sports,Mumbai,1564,9,14076
4861,2026-06-02,Groceries,Chennai,1340,5,6700
4862,2025-06-07,Sports,Hyderabad,531,9,4779
4863,2024-11-12,Furniture,Chennai,787,9,7083
4864,2026-01-07,Clothing,Chennai,1207,3,3621
4865,2025-11-23,Electronics,Mumbai,2501,1,2501
4866,2024-11-24,Sports,Chennai,4401,4,17604
4867,2024-12-03,Sports,Hyderabad,3971,3,11913
4868,2025-05-19,Groceries,Hyderabad,3320,6,19920
4869,2025-12-01,Groceries,Bangalore,940,5,4700
4870,2026-02-08,Clothing,Hyderabad,4078,7,28546
4871,2026-03-31,Groceries,Chennai,4096,8,32768
4872,2024-08-18,Groceries,Hyderabad,4786,7,33502
4873,2024-10-13,Groceries,Chennai,4594,7,32158
4874,2025-07-10,Groceries,Mumbai,369,6,2214
4875,2024-09-18,Furniture,Delhi,3001,4,12004
4876,2025-01-01,Furniture,Mumbai,2302,7,16114
4877,2026-01-11,Sports,Mumbai,1560,4,6240
4878,2026-01-31,Groceries,Mumbai,600,4,2400
4879,2026-05-29,Groceries,Chennai,2577,7,18039
4880,2025-11-27,Groceries,Bangalore,2532,2,5064
4881,2024-09-17,Furniture,Bangalore,786,9,7074
4882,2026-02-08,Sports,Hyderabad,635,7,4445
4883,2026-06-08,Sports,Bangalore,2829,6,16974
4884,2025-05-08,Sports,Mumbai,2791,10,27910
4885,2025-08-10,Groceries,Chennai,4629,1,4629
4886,2024-09-19,Electronics,Bangalore,727,3,2181
4887,2024-11-12,Groceries,Chennai,1111,2,2222
4888,2025-12-15,Sports,Delhi,3821,10,38210
4889,2024-07-23,Clothing,Hyderabad,3693,2,7386
4890,2025-04-26,Clothing,Hyderabad,1825,2,3650
4891,2025-05-07,Furniture,Bangalore,1455,3,4365
4892,2024-11-11,Groceries,Bangalore,1820,7,12740
4893,2026-05-07,Electronics,Chennai,950,2,1900
4894,2025-11-01,Clothing,Chennai,2223,8,17784
4895,2024-09-02,Electronics,Delhi,3645,5,18225
4896,2026-05-03,Clothing,Chennai,4550,8,36400
4897,2024-10-29,Clothing,Mumbai,2341,8,18728
4898,2026-03-04,Sports,Delhi,2318,1,2318
4899,2025-09-26,Sports,Delhi,4265,6,25590
4900,2024-06-28,Clothing,Bangalore,4280,4,17120
4901,2025-12-01,Clothing,Hyderabad,945,6,5670
4902,2026-05-19,Groceries,Bangalore,1782,5,8910
4903,2025-05-26,Clothing,Hyderabad,1619,9,14571
4904,2025-10-26,Clothing,Mumbai,2993,3,8979
4905,2026-05-10,Groceries,Bangalore,3915,9,35235
4906,2024-10-14,Sports,Hyderabad,1348,5,6740
4907,2024-07-04,Clothing,Hyderabad,4995,3,14985
4908,2025-03-23,Sports,Hyderabad,2181,4,8724
4909,2024-11-13,Sports,Delhi,2400,2,4800
4910,2024-09-18,Sports,Hyderabad,4923,1,4923
4911,2025-05-14,Electronics,Hyderabad,2364,6,14184
4912,2025-06-20,Sports,Bangalore,555,5,2775
4913,2025-02-12,Groceries,Mumbai,1443,4,5772
4914,2024-09-14,Groceries,Delhi,2868,9,25812
4915,2025-04-10,Groceries,Bangalore,2275,7,15925
4916,2025-04-24,Furniture,Delhi,1272,9,11448
4917,2025-08-11,Furniture,Hyderabad,3714,4,14856
4918,2025-06-06,Furniture,Hyderabad,3652,8,29216
4919,2025-01-02,Sports,Hyderabad,1681,1,1681
4920,2025-09-21,Groceries,Mumbai,2622,2,5244
4921,2024-08-15,Electronics,Delhi,832,8,6656
4922,2026-04-13,Sports,Mumbai,3936,4,15744
4923,2025-04-01,Sports,Mumbai,1164,8,9312
4924,2025-11-24,Sports,Delhi,904,1,904
4925,2026-02-17,Sports,Chennai,3977,2,7954
4926,2026-06-28,Sports,Chennai,4761,10,47610
4927,2025-10-22,Clothing,Mumbai,1721,8,13768
4928,2025-02-15,Furniture,Mumbai,533,7,3731
4929,2025-10-23,Sports,Chennai,707,5,3535
4930,2026-02-23,Clothing,Hyderabad,1406,7,9842
4931,2025-09-18,Clothing,Chennai,2991,9,26919
4932,2025-09-28,Groceries,Hyderabad,797,6,4782
4933,2026-03-12,Sports,Mumbai,3360,4,13440
4934,2025-04-05,Electronics,Mumbai,3412,6,20472
4935,2026-05-24,Groceries,Delhi,2473,8,19784
4936,2025-05-30,Sports,Mumbai,3176,1,3176
4937,2026-05-27,Clothing,Chennai,351,8,2808
4938,2025-09-28,Sports,Hyderabad,1059,3,3177
4939,2024-07-06,Sports,Bangalore,3306,4,13224
4940,2024-08-25,Furniture,Bangalore,4708,5,23540
4941,2025-07-01,Furniture,Delhi,3779,1,3779
4942,2026-01-08,Groceries,Mumbai,4347,1,4347
4943,2025-04-29,Groceries,Hyderabad,322,1,322
4944,2024-09-01,Groceries,Chennai,2236,6,13416
4945,2025-07-18,Furniture,Delhi,4789,10,47890
4946,2024-11-20,Groceries,Hyderabad,294,9,2646
4947,2024-11-30,Sports,Hyderabad,4219,3,12657
4948,2024-11-19,Furniture,Delhi,4523,5,22615
4949,2025-08-25,Electronics,Hyderabad,3926,5,19630
4950,2024-11-06,Sports,Hyderabad,3298,6,19788
4951,2025-10-08,Electronics,Bangalore,4272,1,4272
4952,2025-08-25,Electronics,Hyderabad,4262,7,29834
4953,2025-01-29,Groceries,Hyderabad,4169,7,29183
4954,2025-05-09,Sports,Bangalore,3259,9,29331
4955,2025-04-21,Furniture,Hyderabad,2496,5,12480
4956,2025-05-01,Groceries,Bangalore,3341,5,16705
4957,2024-11-04,Groceries,Delhi,2262,10,22620
4958,2024-12-07,Electronics,Mumbai,2169,2,4338
4959,2025-08-28,Groceries,Chennai,4194,9,37746
4960,2025-09-15,Groceries,Delhi,2715,7,19005
4961,2026-03-11,Sports,Hyderabad,242,4,968
4962,2025-07-25,Furniture,Hyderabad,1000,5,5000
4963,2024-07-05,Sports,Chennai,2897,1,2897
4964,2024-08-27,Clothing,Hyderabad,2195,6,13170
4965,2026-01-25,Sports,Bangalore,1074,6,6444
4966,2024-07-03,Electronics,Delhi,3247,5,16235
4967,2026-01-18,Electronics,Delhi,3557,6,21342
4968,2025-03-24,Clothing,Hyderabad,551,4,2204
4969,2025-06-11,Groceries,Delhi,2766,9,24894
4970,2025-08-15,Furniture,Chennai,3794,4,15176
4971,2025-09-16,Sports,Delhi,1861,6,11166
4972,2025-05-11,Groceries,Chennai,3250,7,22750
4973,2025-07-19,Clothing,Hyderabad,2799,2,5598
4974,2026-03-19,Groceries,Delhi,1666,4,6664
4975,2026-02-12,Sports,Delhi,3712,10,37120
4976,2024-10-28,Furniture,Hyderabad,250,5,1250
4977,2025-02-28,Clothing,Mumbai,4441,8,35528
4978,2026-02-26,Clothing,Mumbai,987,5,4935
4979,2024-11-15,Groceries,Delhi,175,5,875
4980,2026-02-13,Groceries,Chennai,1266,5,6330
4981,2024-09-02,Sports,Chennai,367,3,1101
4982,2025-04-22,Groceries,Hyderabad,281,1,281
4983,2025-12-03,Furniture,Delhi,3867,6,23202
4984,2025-07-09,Electronics,Mumbai,1437,9,12933
4985,2025-11-28,Sports,Delhi,4034,2,8068
4986,2025-03-02,Sports,Chennai,2394,1,2394
4987,2024-10-16,Furniture,Chennai,1594,10,15940
4988,2024-07-29,Electronics,Bangalore,3134,8,25072
4989,2024-12-23,Sports,Mumbai,1990,10,19900
4990,2024-07-04,Clothing,Chennai,1370,1,1370
4991,2025-02-11,Electronics,Delhi,1552,5,7760
4992,2024-11-19,Furniture,Delhi,4460,3,13380
4993,2025-04-26,Electronics,Chennai,457,9,4113
4994,2025-07-16,Groceries,Chennai,4938,8,39504
4995,2025-08-10,Clothing,Chennai,4999,3,14997
4996,2025-12-26,Furniture,Mumbai,2340,8,18720
4997,2026-05-19,Groceries,Delhi,2989,10,29890
4998,2025-09-14,Clothing,Chennai,410,8,3280
4999,2026-05-09,Groceries,Mumbai,1385,10,13850
5000,2025-10-18,Clothing,Mumbai,2265,4,9060
5001,2024-12-09,Groceries,Delhi,649,2,1298
5002,2026-06-06,Groceries,Mumbai,1952,1,1952
5003,2025-10-10,Electronics,Delhi,3626,3,10878
5004,2025-10-20,Clothing,Mumbai,2808,4,11232
5005,2025-02-20,Groceries,Hyderabad,2206,3,6618
5006,2025-07-14,Sports,Hyderabad,3507,4,14028
5007,2025-10-11,Groceries,Delhi,2801,6,16806
5008,2025-03-15,Groceries,Hyderabad,3030,9,27270
5009,2025-11-14,Groceries,Hyderabad,2095,2,4190
5010,2024-11-07,Furniture,Hyderabad,3525,10,35250
5011,2025-12-29,Groceries,Bangalore,302,5,1510
5012,2026-02-01,Electronics,Hyderabad,970,8,7760
5013,2025-12-16,Furniture,Delhi,2175,6,13050
5014,2024-12-24,Clothing,Bangalore,4134,7,28938
5015,2025-08-12,Furniture,Mumbai,4542,7,31794
5016,2025-03-02,Sports,Chennai,2690,9,24210
5017,2026-01-10,Electronics,Delhi,479,9,4311
5018,2025-03-09,Furniture,Hyderabad,3443,2,6886
5019,2024-12-29,Clothing,Mumbai,3436,2,6872
5020,2025-03-24,Sports,Hyderabad,3708,2,7416
5021,2025-05-14,Groceries,Chennai,338,5,1690
5022,2026-05-09,Sports,Hyderabad,109,10,1090
5023,2025-07-05,Groceries,Delhi,1890,10,18900
5024,2025-03-31,Furniture,Chennai,3302,1,3302
5025,2025-09-10,Sports,Bangalore,4195,5,20975
5026,2026-03-21,Electronics,Chennai,3180,9,28620
5027,2024-12-09,Furniture,Delhi,1283,1,1283
5028,2025-04-05,Groceries,Bangalore,4109,2,8218
5029,2025-07-18,Groceries,Delhi,1910,10,19100
5030,2025-10-07,Clothing,Delhi,1615,4,6460
5031,2025-10-30,Clothing,Mumbai,4892,5,24460
5032,2025-08-15,Furniture,Hyderabad,437,1,437
5033,2025-11-24,Sports,Bangalore,3566,2,7132
5034,2025-02-26,Furniture,Bangalore,880,9,7920
5035,2026-03-14,Groceries,Chennai,2193,10,21930
5036,2026-05-18,Groceries,Bangalore,994,6,5964
5037,2024-07-20,Groceries,Chennai,1307,3,3921
5038,2025-10-15,Furniture,Bangalore,692,7,4844
5039,2025-05-24,Groceries,Delhi,1176,7,8232
5040,2026-06-25,Clothing,Mumbai,2056,8,16448
5041,2026-05-06,Furniture,Hyderabad,3796,9,34164
5042,2025-01-04,Electronics,Bangalore,3658,1,3658
5043,2025-07-06,Electronics,Chennai,4012,2,8024
5044,2024-07-07,Clothing,Chennai,1364,8,10912
5045,2026-06-15,Electronics,Bangalore,588,10,5880
5046,2025-11-14,Clothing,Chennai,2701,4,10804
5047,2025-09-16,Groceries,Delhi,3683,8,29464
5048,2025-07-09,Sports,Bangalore,4129,9,37161
5049,2024-10-25,Clothing,Chennai,1788,6,10728
5050,2025-11-28,Furniture,Hyderabad,1623,2,3246
5051,2025-07-09,Electronics,Mumbai,794,1,794
5052,2025-05-31,Sports,Hyderabad,2104,10,21040
5053,2026-03-03,Clothing,Delhi,3126,8,25008
5054,2025-12-10,Clothing,Chennai,4969,5,24845
5055,2025-05-22,Groceries,Mumbai,4901,8,39208
5056,2025-02-27,Groceries,Chennai,3974,7,27818
5057,2025-01-27,Furniture,Chennai,3669,10,36690
5058,2026-04-13,Furniture,Hyderabad,3552,6,21312
5059,2025-05-16,Groceries,Hyderabad,1075,3,3225
5060,2025-04-06,Electronics,Mumbai,3152,3,9456
5061,2025-07-11,Groceries,Hyderabad,1965,10,19650
5062,2024-09-09,Clothing,Chennai,461,7,3227
5063,2025-08-02,Clothing,Bangalore,803,6,4818
5064,2025-12-14,Clothing,Chennai,3099,10,30990
5065,2025-03-22,Sports,Bangalore,1479,9,13311
5066,2025-02-23,Furniture,Chennai,3659,9,32931
5067,2024-08-04,Groceries,Mumbai,3045,3,9135
5068,2026-06-24,Furniture,Delhi,4713,10,47130
5069,2026-01-19,Electronics,Mumbai,1424,7,9968
5070,2025-04-07,Clothing,Mumbai,939,5,4695
5071,2026-04-25,Clothing,Hyderabad,4854,2,9708
5072,2025-05-26,Sports,Delhi,2279,3,6837
5073,2024-08-14,Electronics,Bangalore,4800,2,9600
5074,2024-12-11,Furniture,Chennai,868,3,2604
5075,2025-03-14,Electronics,Delhi,3665,3,10995
5076,2024-11-01,Electronics,Bangalore,4694,6,28164
5077,2026-05-11,Groceries,Hyderabad,3388,2,6776
5078,2024-11-19,Clothing,Bangalore,2250,3,6750
5079,2024-12-24,Furniture,Bangalore,3389,6,20334
5080,2025-09-04,Sports,Bangalore,4446,5,22230
5081,2026-04-28,Furniture,Mumbai,4909,7,34363
5082,2024-06-29,Clothing,Mumbai,3662,4,14648
5083,2025-07-31,Furniture,Mumbai,3756,2,7512
5084,2026-02-23,Groceries,Mumbai,3367,6,20202
5085,2026-05-24,Sports,Bangalore,1541,1,1541
5086,2026-06-25,Electronics,Delhi,2948,4,11792
5087,2025-10-02,Clothing,Bangalore,2350,4,9400
5088,2026-04-02,Clothing,Hyderabad,3818,5,19090
5089,2024-07-28,Furniture,Chennai,3714,4,14856
5090,2024-11-16,Furniture,Hyderabad,689,8,5512
5091,2025-03-18,Electronics,Mumbai,4087,10,40870
5092,2025-07-30,Electronics,Hyderabad,2856,3,8568
5093,2025-08-08,Electronics,Bangalore,2362,6,14172
5094,2026-06-13,Furniture,Mumbai,4840,6,29040
5095,2024-10-29,Clothing,Mumbai,4167,10,41670
5096,2025-02-27,Clothing,Delhi,4207,10,42070
5097,2025-10-08,Electronics,Chennai,490,9,4410
5098,2026-04-24,Furniture,Hyderabad,3208,8,25664
5099,2024-08-28,Clothing,Chennai,354,8,2832
5100,2025-04-03,Furniture,Delhi,4267,5,21335
5101,2026-05-14,Furniture,Hyderabad,3871,7,27097
5102,2026-04-23,Clothing,Chennai,1049,9,9441
5103,2026-05-27,Electronics,Hyderabad,4977,10,49770
5104,2025-10-04,Groceries,Hyderabad,1979,9,17811
5105,2025-07-12,Clothing,Chennai,998,8,7984
5106,2024-12-29,Electronics,Chennai,1309,1,1309
5107,2026-04-14,Clothing,Mumbai,4290,8,34320
5108,2025-12-14,Groceries,Mumbai,1687,6,10122
5109,2024-10-20,Electronics,Delhi,4510,7,31570
5110,2026-04-17,Groceries,Mumbai,2015,2,4030
5111,2025-09-16,Clothing,Delhi,2519,6,15114
5112,2025-10-26,Groceries,Delhi,437,3,1311
5113,2025-02-14,Sports,Bangalore,3981,3,11943
5114,2026-04-21,Groceries,Delhi,3177,8,25416
5115,2024-09-21,Electronics,Delhi,1158,9,10422
5116,2024-09-04,Sports,Mumbai,2498,6,14988
5117,2025-01-09,Sports,Mumbai,195,5,975
5118,2025-01-22,Electronics,Delhi,560,3,1680
5119,2024-07-06,Furniture,Delhi,4730,10,47300
5120,2025-11-03,Clothing,Chennai,227,9,2043
5121,2026-04-02,Groceries,Chennai,871,7,6097
5122,2025-05-12,Sports,Mumbai,4949,7,34643
5123,2024-10-10,Sports,Hyderabad,795,6,4770
5124,2025-04-09,Furniture,Delhi,105,1,105
5125,2025-05-22,Sports,Mumbai,3818,1,3818
5126,2026-04-16,Clothing,Hyderabad,4649,5,23245
5127,2026-06-14,Groceries,Hyderabad,2224,7,15568
5128,2026-02-23,Furniture,Delhi,2073,4,8292
5129,2026-05-14,Clothing,Bangalore,1512,4,6048
5130,2025-01-16,Electronics,Mumbai,1856,5,9280
5131,2025-03-28,Clothing,Delhi,3992,5,19960
5132,2025-06-04,Electronics,Delhi,3680,9,33120
5133,2026-02-03,Sports,Mumbai,3416,2,6832
5134,2025-01-26,Electronics,Delhi,1358,8,10864
5135,2026-03-20,Furniture,Delhi,1944,7,13608
5136,2024-12-21,Furniture,Hyderabad,1326,4,5304
5137,2024-08-14,Sports,Mumbai,1133,9,10197
5138,2025-01-14,Groceries,Mumbai,4912,6,29472
5139,2025-01-08,Electronics,Bangalore,1466,6,8796
5140,2026-02-13,Furniture,Chennai,901,7,6307
5141,2026-02-20,Clothing,Chennai,1533,7,10731
5142,2024-08-27,Electronics,Delhi,203,10,2030
5143,2025-02-18,Groceries,Mumbai,4057,8,32456
5144,2026-06-04,Groceries,Delhi,3952,9,35568
5145,2025-04-16,Groceries,Chennai,2270,4,9080
5146,2024-08-13,Furniture,Hyderabad,3548,7,24836
5147,2025-01-10,Groceries,Chennai,3249,9,29241
5148,2026-02-20,Groceries,Bangalore,2246,1,2246
5149,2024-09-24,Electronics,Hyderabad,1272,2,2544
5150,2026-04-27,Sports,Delhi,2804,3,8412
5151,2025-03-14,Furniture,Chennai,2310,5,11550
5152,2025-04-28,Furniture,Mumbai,4775,3,14325
5153,2025-04-13,Furniture,Bangalore,4671,7,32697
5154,2025-03-01,Electronics,Bangalore,4490,7,31430
5155,2026-03-23,Electronics,Chennai,4899,9,44091
5156,2026-01-10,Clothing,Mumbai,4337,10,43370
5157,2025-07-19,Sports,Delhi,3178,1,3178
5158,2025-06-21,Electronics,Bangalore,1741,9,15669
5159,2025-02-05,Furniture,Chennai,1474,10,14740
5160,2024-07-18,Clothing,Delhi,4495,8,35960
5161,2025-01-30,Furniture,Bangalore,1827,1,1827
5162,2025-12-21,Electronics,Delhi,2297,10,22970
5163,2025-06-19,Groceries,Delhi,1285,9,11565
5164,2026-03-15,Sports,Mumbai,2189,9,19701
5165,2026-01-09,Clothing,Chennai,354,6,2124
5166,2025-06-24,Furniture,Bangalore,374,5,1870
5167,2024-08-04,Electronics,Bangalore,1689,10,16890
5168,2026-06-13,Clothing,Hyderabad,2819,5,14095
5169,2026-04-03,Electronics,Bangalore,1741,9,15669
5170,2026-04-21,Furniture,Chennai,1696,8,13568
5171,2025-02-23,Furniture,Bangalore,2373,6,14238
5172,2026-05-11,Groceries,Chennai,3412,3,10236
5173,2024-07-11,Electronics,Bangalore,2174,1,2174
5174,2024-07-31,Clothing,Hyderabad,3282,6,19692
5175,2026-05-28,Sports,Bangalore,296,1,296
5176,2026-02-14,Furniture,Hyderabad,2541,1,2541
5177,2025-05-30,Furniture,Mumbai,4866,8,38928
5178,2024-07-13,Clothing,Chennai,3916,5,19580
5179,2025-11-13,Furniture,Mumbai,3042,9,27378
5180,2025-07-24,Electronics,Mumbai,4920,5,24600
5181,2025-04-12,Groceries,Mumbai,4637,9,41733
5182,2025-09-14,Sports,Chennai,1901,2,3802
5183,2026-04-15,Electronics,Chennai,2864,9,25776
5184,2025-02-01,Sports,Hyderabad,1501,6,9006
5185,2026-05-13,Electronics,Delhi,3730,9,33570
5186,2026-05-23,Sports,Hyderabad,2660,3,7980
5187,2026-05-22,Clothing,Hyderabad,2652,1,2652
5188,2025-06-06,Electronics,Hyderabad,4839,9,43551
5189,2025-02-03,Groceries,Delhi,2050,6,12300
5190,2024-12-04,Sports,Delhi,4727,6,28362
5191,2024-09-05,Electronics,Mumbai,507,8,4056
5192,2025-04-12,Furniture,Chennai,1290,2,2580
5193,2025-12-25,Electronics,Delhi,2515,9,22635
5194,2025-11-05,Groceries,Hyderabad,113,3,339
5195,2026-01-30,Sports,Delhi,2798,6,16788
5196,2025-03-31,Clothing,Delhi,673,3,2019
5197,2026-06-14,Furniture,Hyderabad,2858,9,25722
5198,2024-09-26,Groceries,Delhi,3257,10,32570
5199,2026-06-16,Groceries,Hyderabad,3627,10,36270
5200,2026-03-26,Sports,Bangalore,785,1,785
5201,2026-04-21,Groceries,Delhi,3113,5,15565
5202,2025-05-17,Groceries,Mumbai,2893,5,14465
5203,2026-03-03,Groceries,Hyderabad,574,5,2870
5204,2025-06-15,Furniture,Chennai,3583,7,25081
5205,2025-04-05,Furniture,Mumbai,1305,2,2610
5206,2026-05-15,Electronics,Mumbai,4322,1,4322
5207,2025-07-31,Furniture,Hyderabad,2382,10,23820
5208,2024-10-02,Clothing,Delhi,3234,9,29106
5209,2026-03-05,Sports,Chennai,4021,7,28147
5210,2025-02-16,Clothing,Delhi,1089,10,10890
5211,2026-04-09,Electronics,Bangalore,1408,6,8448
5212,2025-02-24,Furniture,Hyderabad,4274,9,38466
5213,2025-03-18,Clothing,Delhi,2842,8,22736
5214,2024-11-14,Groceries,Mumbai,2712,8,21696
5215,2026-05-04,Clothing,Mumbai,548,2,1096
5216,2026-02-23,Groceries,Bangalore,3370,6,20220
5217,2024-08-28,Sports,Hyderabad,4141,7,28987
5218,2026-05-11,Clothing,Hyderabad,2346,9,21114
5219,2026-01-17,Clothing,Delhi,4231,1,4231
5220,2025-12-22,Electronics,Mumbai,3553,4,14212
5221,2025-01-24,Electronics,Chennai,4637,10,46370
5222,2025-07-16,Clothing,Bangalore,2449,10,24490
5223,2025-07-12,Clothing,Delhi,2904,1,2904
5224,2025-05-20,Sports,Chennai,2057,10,20570
5225,2025-05-25,Electronics,Chennai,1761,7,12327
5226,2024-08-18,Furniture,Chennai,2563,8,20504
5227,2024-11-30,Clothing,Bangalore,2899,8,23192
5228,2026-02-18,Sports,Mumbai,1779,10,17790
5229,2025-02-02,Furniture,Chennai,3541,4,14164
5230,2026-01-19,Groceries,Delhi,3352,8,26816
5231,2025-03-15,Sports,Bangalore,3994,4,15976
5232,2026-05-11,Electronics,Delhi,4785,2,9570
5233,2024-09-27,Furniture,Mumbai,4130,8,33040
5234,2024-08-28,Electronics,Bangalore,3696,2,7392
5235,2025-10-27,Groceries,Hyderabad,1146,9,10314
5236,2025-09-02,Furniture,Delhi,2122,10,21220
5237,2026-04-10,Clothing,Bangalore,3192,2,6384
5238,2025-12-08,Groceries,Chennai,1651,8,13208
5239,2024-08-22,Clothing,Hyderabad,2702,7,18914
5240,2025-05-02,Furniture,Mumbai,2171,3,6513
5241,2025-01-19,Sports,Chennai,920,4,3680
5242,2025-03-11,Groceries,Mumbai,2586,7,18102
5243,2024-08-06,Furniture,Delhi,3100,6,18600
5244,2026-05-05,Clothing,Mumbai,1705,6,10230
5245,2025-05-15,Clothing,Hyderabad,4344,4,17376
5246,2024-09-07,Electronics,Delhi,1140,4,4560
5247,2025-07-05,Electronics,Hyderabad,1559,1,1559
5248,2026-02-08,Electronics,Mumbai,2178,2,4356
5249,2025-06-24,Clothing,Mumbai,193,10,1930
5250,2025-09-23,Clothing,Bangalore,2958,4,11832
5251,2024-12-29,Furniture,Mumbai,676,4,2704
5252,2024-09-13,Groceries,Mumbai,4410,4,17640
5253,2025-04-12,Clothing,Bangalore,4178,6,25068
5254,2026-02-16,Electronics,Mumbai,3896,9,35064
5255,2024-07-02,Clothing,Hyderabad,560,7,3920
5256,2024-09-25,Sports,Hyderabad,1722,5,8610
5257,2025-01-02,Furniture,Chennai,1263,6,7578
5258,2025-05-02,Electronics,Delhi,3832,1,3832
5259,2024-09-20,Sports,Chennai,3445,7,24115
5260,2026-02-07,Clothing,Bangalore,2201,1,2201
5261,2025-02-18,Groceries,Mumbai,3357,9,30213
5262,2025-03-20,Clothing,Bangalore,523,5,2615
5263,2024-09-23,Groceries,Chennai,1442,8,11536
5264,2025-09-19,Sports,Mumbai,4165,4,16660
5265,2026-03-10,Clothing,Chennai,2902,3,8706
5266,2025-05-01,Electronics,Mumbai,547,1,547
5267,2025-10-13,Sports,Mumbai,2626,3,7878
5268,2024-11-05,Sports,Delhi,115,4,460
5269,2025-10-09,Sports,Hyderabad,1301,6,7806
5270,2025-07-29,Furniture,Chennai,3056,7,21392
5271,2025-08-17,Electronics,Hyderabad,3462,5,17310
5272,2025-07-27,Groceries,Bangalore,1430,4,5720
5273,2026-02-22,Furniture,Chennai,946,6,5676
5274,2025-02-12,Furniture,Chennai,324,4,1296
5275,2025-04-19,Furniture,Mumbai,3029,5,15145
5276,2025-05-07,Clothing,Hyderabad,3616,3,10848
5277,2026-03-21,Furniture,Mumbai,3761,2,7522
5278,2025-07-04,Electronics,Delhi,4787,8,38296
5279,2024-06-30,Sports,Chennai,4239,3,12717
5280,2026-02-10,Clothing,Bangalore,880,10,8800
5281,2025-11-10,Sports,Mumbai,434,5,2170
5282,2025-05-19,Furniture,Bangalore,4958,10,49580
5283,2025-11-23,Groceries,Delhi,2579,2,5158
5284,2026-05-20,Electronics,Bangalore,1210,4,4840
5285,2026-04-03,Electronics,Hyderabad,4414,5,22070
5286,2024-08-07,Furniture,Hyderabad,965,1,965
5287,2026-04-01,Electronics,Mumbai,219,6,1314
5288,2025-06-20,Furniture,Hyderabad,4601,3,13803
5289,2025-03-30,Electronics,Chennai,3137,2,6274
5290,2024-12-23,Furniture,Hyderabad,4449,5,22245
5291,2024-07-11,Clothing,Delhi,799,1,799
5292,2025-05-03,Furniture,Delhi,1472,6,8832
5293,2024-07-13,Electronics,Mumbai,3983,4,15932
5294,2026-01-02,Sports,Hyderabad,4871,8,38968
5295,2024-12-22,Electronics,Delhi,4242,10,42420
5296,2025-10-07,Sports,Hyderabad,3089,7,21623
5297,2025-05-18,Clothing,Mumbai,3868,5,19340
5298,2024-10-23,Sports,Mumbai,2620,2,5240
5299,2025-09-18,Electronics,Chennai,919,2,1838
5300,2025-04-18,Clothing,Bangalore,4266,1,4266
5301,2025-07-02,Furniture,Hyderabad,2206,10,22060
5302,2024-11-13,Sports,Delhi,1704,6,10224
5303,2025-10-29,Electronics,Mumbai,3098,4,12392
5304,2025-01-23,Electronics,Chennai,4376,5,21880
5305,2025-10-02,Electronics,Mumbai,326,3,978
5306,2025-08-26,Furniture,Delhi,723,4,2892
5307,2026-05-13,Furniture,Mumbai,4926,3,14778
5308,2025-01-18,Electronics,Delhi,3397,10,33970
5309,2025-10-06,Electronics,Mumbai,1521,5,7605
5310,2024-07-31,Furniture,Bangalore,2083,2,4166
5311,2025-12-09,Furniture,Delhi,2050,8,16400
5312,2025-11-23,Electronics,Chennai,3237,5,16185
5313,2025-05-06,Sports,Chennai,1307,1,1307
5314,2025-03-14,Electronics,Hyderabad,416,6,2496
5315,2025-12-15,Furniture,Delhi,2298,5,11490
5316,2024-10-27,Electronics,Mumbai,1928,9,17352
5317,2025-06-04,Groceries,Delhi,3909,2,7818
5318,2025-11-26,Groceries,Mumbai,2182,10,21820
5319,2024-07-19,Furniture,Mumbai,4758,4,19032
5320,2024-11-01,Clothing,Chennai,4880,9,43920
5321,2026-04-15,Groceries,Mumbai,3468,2,6936
5322,2026-01-31,Furniture,Delhi,3390,7,23730
5323,2025-01-01,Sports,Delhi,2152,10,21520
5324,2025-04-05,Groceries,Chennai,4976,2,9952
5325,2025-02-01,Groceries,Hyderabad,2285,3,6855
5326,2026-05-19,Clothing,Bangalore,1628,1,1628
5327,2024-10-21,Sports,Chennai,2882,4,11528
5328,2025-10-07,Electronics,Hyderabad,2899,8,23192
5329,2024-11-24,Sports,Delhi,4840,8,38720
5330,2026-04-02,Electronics,Mumbai,1133,6,6798
5331,2025-06-03,Furniture,Mumbai,3224,6,19344
5332,2024-12-07,Electronics,Hyderabad,2172,4,8688
5333,2026-03-03,Groceries,Bangalore,3121,8,24968
5334,2025-07-21,Furniture,Hyderabad,4452,9,40068
5335,2024-10-02,Electronics,Hyderabad,1410,7,9870
5336,2025-06-16,Electronics,Mumbai,286,6,1716
5337,2025-07-12,Clothing,Chennai,4574,3,13722
5338,2026-02-18,Sports,Mumbai,1198,6,7188
5339,2025-07-16,Electronics,Delhi,3790,10,37900
5340,2024-07-31,Furniture,Hyderabad,1797,4,7188
5341,2026-02-28,Electronics,Delhi,4713,10,47130
5342,2025-09-22,Groceries,Mumbai,3500,9,31500
5343,2025-06-20,Groceries,Hyderabad,558,8,4464
5344,2026-03-29,Sports,Chennai,4874,1,4874
5345,2026-04-03,Clothing,Delhi,1296,2,2592
5346,2024-08-26,Electronics,Chennai,3138,8,25104
5347,2025-03-05,Sports,Bangalore,3283,5,16415
5348,2024-11-08,Clothing,Bangalore,2849,10,28490
5349,2026-02-04,Electronics,Delhi,3700,4,14800
5350,2026-05-09,Groceries,Chennai,4426,2,8852
5351,2024-11-29,Furniture,Mumbai,597,5,2985
5352,2024-08-28,Groceries,Bangalore,1191,6,7146
5353,2026-02-26,Furniture,Bangalore,2352,9,21168
5354,2025-06-09,Electronics,Delhi,676,6,4056
5355,2026-03-03,Groceries,Delhi,4399,9,39591
5356,2024-08-24,Sports,Hyderabad,360,5,1800
5357,2024-09-23,Furniture,Chennai,2146,3,6438
5358,2024-10-17,Groceries,Chennai,3371,6,20226
5359,2024-09-22,Groceries,Hyderabad,4375,6,26250
5360,2026-06-13,Sports,Delhi,2792,5,13960
5361,2026-05-09,Electronics,Delhi,4817,2,9634
5362,2024-09-11,Furniture,Delhi,1459,4,5836
5363,2025-04-08,Clothing,Hyderabad,3868,7,27076
5364,2025-10-07,Sports,Hyderabad,2027,5,10135
5365,2025-12-10,Electronics,Bangalore,4205,6,25230
5366,2026-03-17,Furniture,Chennai,3670,1,3670
5367,2024-07-30,Clothing,Bangalore,3862,3,11586
5368,2025-11-08,Furniture,Chennai,1863,10,18630
5369,2025-10-08,Electronics,Hyderabad,2274,10,22740
5370,2025-04-04,Furniture,Bangalore,4195,2,8390
5371,2026-06-07,Electronics,Hyderabad,1187,4,4748
5372,2026-01-25,Furniture,Hyderabad,4392,6,26352
5373,2025-02-12,Furniture,Hyderabad,647,1,647
5374,2024-07-05,Electronics,Chennai,698,7,4886
5375,2026-04-18,Sports,Chennai,3157,10,31570
5376,2025-09-21,Sports,Chennai,2150,10,21500
5377,2025-07-05,Furniture,Delhi,1405,9,12645
5378,2024-08-20,Sports,Hyderabad,4778,10,47780
5379,2025-02-26,Groceries,Bangalore,4995,3,14985
5380,2025-08-29,Furniture,Chennai,4151,6,24906
5381,2024-11-07,Sports,Mumbai,4599,10,45990
5382,2026-04-06,Furniture,Hyderabad,2477,5,12385
5383,2025-06-07,Electronics,Chennai,4437,6,26622
5384,2026-06-08,Clothing,Bangalore,1961,1,1961
5385,2024-09-13,Groceries,Hyderabad,4995,1,4995
5386,2026-03-23,Groceries,Hyderabad,217,2,434
5387,2026-05-06,Furniture,Chennai,4273,10,42730
5388,2026-03-12,Clothing,Delhi,870,7,6090
5389,2025-06-03,Sports,Mumbai,419,2,838
5390,2024-11-23,Electronics,Bangalore,1520,8,12160
5391,2026-05-21,Groceries,Hyderabad,2949,9,26541
5392,2026-05-25,Clothing,Bangalore,2593,9,23337
5393,2026-05-21,Electronics,Delhi,2953,4,11812
5394,2025-02-01,Clothing,Chennai,1784,5,8920
5395,2025-09-10,Furniture,Bangalore,1470,5,7350
5396,2026-04-02,Clothing,Mumbai,660,2,1320
5397,2024-09-04,Sports,Delhi,4827,10,48270
5398,2024-07-03,Furniture,Hyderabad,1743,10,17430
5399,2025-07-07,Sports,Bangalore,1932,7,13524
5400,2026-04-29,Electronics,Chennai,1418,2,2836
5401,2024-11-21,Electronics,Hyderabad,3199,2,6398
5402,2026-06-22,Furniture,Bangalore,1558,6,9348
5403,2025-12-29,Furniture,Hyderabad,3711,10,37110
5404,2024-07-19,Groceries,Mumbai,3316,3,9948
5405,2025-04-16,Sports,Bangalore,791,6,4746
5406,2024-09-10,Groceries,Delhi,2034,6,12204
5407,2024-07-13,Electronics,Mumbai,1356,1,1356
5408,2026-01-04,Electronics,Delhi,4054,4,16216
5409,2026-06-02,Sports,Delhi,190,6,1140
5410,2026-06-13,Electronics,Bangalore,4314,8,34512
5411,2026-02-14,Electronics,Delhi,1269,9,11421
5412,2025-05-10,Groceries,Mumbai,3477,3,10431
5413,2025-02-21,Clothing,Mumbai,2766,2,5532
5414,2026-02-16,Furniture,Delhi,3586,10,35860
5415,2026-06-09,Furniture,Hyderabad,3120,2,6240
5416,2024-06-28,Furniture,Hyderabad,1936,9,17424
5417,2024-07-15,Furniture,Hyderabad,2146,7,15022
5418,2025-11-24,Sports,Chennai,2921,5,14605
5419,2025-12-02,Clothing,Mumbai,807,9,7263
5420,2025-07-02,Sports,Delhi,4948,9,44532
5421,2024-09-15,Furniture,Mumbai,4210,4,16840
5422,2025-12-26,Furniture,Delhi,2645,1,2645
5423,2025-12-26,Furniture,Chennai,1576,2,3152
5424,2025-09-29,Electronics,Delhi,1565,6,9390
5425,2025-02-07,Groceries,Chennai,1423,8,11384
5426,2024-10-05,Clothing,Hyderabad,1561,5,7805
5427,2025-01-03,Furniture,Mumbai,3246,9,29214
5428,2025-05-28,Groceries,Bangalore,4455,10,44550
5429,2025-09-25,Furniture,Chennai,4176,5,20880
5430,2026-04-10,Furniture,Mumbai,3854,4,15416
5431,2025-03-20,Groceries,Mumbai,2298,5,11490
5432,2025-08-21,Furniture,Hyderabad,2527,6,15162
5433,2026-04-05,Groceries,Bangalore,4416,6,26496
5434,2025-06-17,Clothing,Hyderabad,3694,1,3694
5435,2026-04-16,Furniture,Chennai,4398,10,43980
5436,2024-09-22,Electronics,Bangalore,468,10,4680
5437,2026-03-05,Groceries,Delhi,1265,9,11385
5438,2025-07-08,Clothing,Hyderabad,3878,8,31024
5439,2025-11-21,Groceries,Hyderabad,2374,3,7122
5440,2025-09-10,Furniture,Chennai,2792,6,16752
5441,2025-12-19,Furniture,Hyderabad,2503,2,5006
5442,2026-01-06,Clothing,Mumbai,943,1,943
5443,2025-01-17,Furniture,Delhi,4298,7,30086
5444,2025-06-22,Sports,Mumbai,3671,6,22026
5445,2025-05-21,Furniture,Mumbai,3799,7,26593
5446,2026-01-09,Clothing,Delhi,4605,8,36840
5447,2025-11-28,Groceries,Chennai,1359,5,6795
5448,2025-08-01,Sports,Bangalore,3902,5,19510
5449,2025-12-15,Furniture,Mumbai,3570,3,10710
5450,2024-08-03,Sports,Delhi,2419,9,21771
5451,2025-04-22,Sports,Chennai,4540,10,45400
5452,2024-08-18,Electronics,Hyderabad,2434,8,19472
5453,2024-07-05,Electronics,Hyderabad,4997,8,39976
5454,2025-07-31,Groceries,Bangalore,283,1,283
5455,2025-02-05,Furniture,Delhi,3221,8,25768
5456,2026-05-18,Groceries,Bangalore,1864,2,3728
5457,2024-11-21,Electronics,Chennai,4956,1,4956
5458,2026-02-09,Groceries,Hyderabad,4306,2,8612
5459,2025-02-21,Furniture,Hyderabad,4777,6,28662
5460,2025-05-09,Groceries,Hyderabad,968,9,8712
5461,2024-09-26,Furniture,Chennai,4214,8,33712
5462,2025-06-02,Furniture,Hyderabad,4212,3,12636
5463,2024-07-25,Clothing,Hyderabad,4705,3,14115
5464,2025-01-11,Furniture,Chennai,450,2,900
5465,2026-06-18,Furniture,Hyderabad,356,8,2848
5466,2026-04-06,Sports,Hyderabad,2619,7,18333
5467,2025-08-03,Clothing,Chennai,4615,8,36920
5468,2026-04-11,Furniture,Delhi,1005,9,9045
5469,2025-06-28,Clothing,Mumbai,1222,6,7332
5470,2025-10-30,Furniture,Mumbai,2578,3,7734
5471,2026-05-17,Sports,Chennai,335,2,670
5472,2024-09-16,Groceries,Chennai,1689,4,6756
5473,2024-08-06,Clothing,Bangalore,3647,9,32823
5474,2025-12-03,Clothing,Bangalore,3779,4,15116
5475,2024-08-23,Clothing,Chennai,4018,6,24108
5476,2025-03-01,Clothing,Chennai,4024,2,8048
5477,2026-02-26,Clothing,Delhi,2893,1,2893
5478,2024-09-13,Clothing,Delhi,3420,1,3420
5479,2025-04-29,Groceries,Mumbai,1679,2,3358
5480,2025-01-03,Sports,Mumbai,2099,3,6297
5481,2026-02-17,Clothing,Bangalore,4772,4,19088
5482,2025-02-08,Groceries,Mumbai,3935,8,31480
5483,2025-04-04,Clothing,Hyderabad,4337,2,8674
5484,2026-06-23,Furniture,Chennai,355,1,355
5485,2026-05-20,Electronics,Hyderabad,4487,4,17948
5486,2025-02-08,Clothing,Mumbai,901,8,7208
5487,2026-01-22,Electronics,Delhi,1582,3,4746
5488,2025-03-20,Sports,Bangalore,2932,2,5864
5489,2024-11-28,Clothing,Bangalore,3132,8,25056
5490,2024-10-19,Furniture,Hyderabad,3177,6,19062
5491,2024-08-14,Groceries,Mumbai,795,7,5565
5492,2025-03-11,Electronics,Mumbai,109,7,763
5493,2025-05-06,Groceries,Hyderabad,739,9,6651
5494,2025-06-18,Electronics,Mumbai,4554,7,31878
5495,2026-06-23,Groceries,Hyderabad,1982,5,9910
5496,2025-07-11,Clothing,Mumbai,2421,4,9684
5497,2025-08-28,Sports,Mumbai,1493,5,7465
5498,2025-11-17,Furniture,Mumbai,2472,10,24720
5499,2024-11-17,Furniture,Chennai,347,5,1735
5500,2026-04-13,Electronics,Delhi,1494,2,2988
5501,2026-05-08,Electronics,Bangalore,4069,4,16276
5502,2025-04-13,Electronics,Mumbai,2768,5,13840
5503,2026-03-27,Clothing,Delhi,2081,1,2081
5504,2026-03-24,Clothing,Mumbai,4342,2,8684
5505,2025-09-25,Sports,Hyderabad,343,4,1372
5506,2025-04-22,Furniture,Bangalore,1553,8,12424
5507,2026-01-20,Clothing,Chennai,4963,6,29778
5508,2025-09-25,Clothing,Hyderabad,4058,3,12174
5509,2026-02-02,Furniture,Chennai,3861,3,11583
5510,2025-12-12,Groceries,Bangalore,2560,2,5120
5511,2024-10-30,Clothing,Chennai,2229,8,17832
5512,2026-01-05,Sports,Mumbai,4166,9,37494
5513,2025-01-21,Groceries,Hyderabad,189,9,1701
5514,2025-03-26,Clothing,Delhi,1708,8,13664
5515,2024-12-09,Groceries,Chennai,2851,7,19957
5516,2024-09-27,Furniture,Chennai,3308,4,13232
5517,2024-08-24,Groceries,Bangalore,4549,3,13647
5518,2025-10-20,Furniture,Delhi,1141,9,10269
5519,2025-08-11,Clothing,Mumbai,4120,3,12360
5520,2025-01-09,Groceries,Hyderabad,4016,10,40160
5521,2025-10-28,Electronics,Chennai,682,3,2046
5522,2024-12-24,Electronics,Bangalore,627,3,1881
5523,2025-04-16,Electronics,Mumbai,3319,1,3319
5524,2026-03-29,Furniture,Mumbai,3382,1,3382
5525,2025-07-19,Clothing,Bangalore,2343,2,4686
5526,2025-03-28,Furniture,Mumbai,512,7,3584
5527,2026-03-10,Electronics,Mumbai,2427,6,14562
5528,2025-04-24,Clothing,Bangalore,3384,2,6768
5529,2024-11-30,Furniture,Mumbai,2810,7,19670
5530,2024-08-04,Sports,Hyderabad,4596,5,22980
5531,2025-10-11,Furniture,Chennai,2563,5,12815
5532,2025-09-26,Sports,Hyderabad,831,7,5817
5533,2025-06-29,Furniture,Delhi,1579,8,12632
5534,2026-04-27,Clothing,Mumbai,3982,7,27874
5535,2025-05-07,Clothing,Hyderabad,2039,6,12234
5536,2024-07-03,Clothing,Mumbai,3330,1,3330
5537,2025-10-17,Clothing,Bangalore,2901,6,17406
5538,2024-09-22,Sports,Hyderabad,3552,2,7104
5539,2024-11-01,Sports,Hyderabad,963,1,963
5540,2025-02-28,Sports,Chennai,3739,7,26173
5541,2025-07-24,Furniture,Delhi,798,10,7980
5542,2025-03-19,Groceries,Mumbai,3733,6,22398
5543,2025-05-29,Sports,Delhi,2497,3,7491
5544,2025-06-23,Groceries,Chennai,3570,1,3570
5545,2026-03-20,Electronics,Bangalore,4712,2,9424
5546,2025-12-13,Groceries,Bangalore,2937,3,8811
5547,2026-06-24,Electronics,Mumbai,3301,7,23107
5548,2025-11-01,Electronics,Hyderabad,3697,4,14788
5549,2024-08-31,Electronics,Bangalore,251,7,1757
5550,2024-11-05,Furniture,Mumbai,179,6,1074
5551,2026-05-23,Groceries,Hyderabad,4426,9,39834
5552,2024-09-05,Sports,Bangalore,3660,1,3660
5553,2025-06-09,Furniture,Mumbai,3896,5,19480
5554,2024-07-31,Clothing,Mumbai,3758,10,37580
5555,2024-10-16,Clothing,Chennai,4199,7,29393
5556,2025-03-04,Furniture,Bangalore,3713,9,33417
5557,2026-01-02,Electronics,Chennai,2786,10,27860
5558,2026-05-23,Electronics,Chennai,2818,10,28180
5559,2025-04-25,Groceries,Hyderabad,1018,1,1018
5560,2025-08-22,Groceries,Mumbai,1082,4,4328
5561,2025-08-09,Sports,Chennai,3472,9,31248
5562,2025-07-15,Clothing,Mumbai,2156,7,15092
5563,2025-05-05,Electronics,Bangalore,171,9,1539
5564,2024-12-20,Sports,Hyderabad,2150,10,21500
5565,2025-01-10,Sports,Chennai,2779,3,8337
5566,2024-07-02,Furniture,Delhi,405,3,1215
5567,2026-03-13,Sports,Hyderabad,988,8,7904
5568,2026-02-09,Furniture,Delhi,1813,7,12691
5569,2024-09-20,Electronics,Chennai,3081,10,30810
5570,2026-03-11,Groceries,Hyderabad,2719,10,27190
5571,2025-11-07,Sports,Bangalore,4426,10,44260
5572,2024-11-13,Clothing,Mumbai,4091,4,16364
5573,2025-05-27,Furniture,Delhi,4674,1,4674
5574,2025-12-12,Electronics,Bangalore,476,4,1904
5575,2024-10-08,Clothing,Mumbai,4237,2,8474
5576,2026-05-06,Clothing,Chennai,3284,10,32840
5577,2026-03-17,Electronics,Bangalore,3431,3,10293
5578,2025-01-19,Sports,Hyderabad,570,4,2280
5579,2024-07-05,Furniture,Mumbai,1270,6,7620
5580,2026-06-03,Furniture,Mumbai,2979,7,20853
5581,2024-07-19,Furniture,Bangalore,297,3,891
5582,2024-11-26,Sports,Delhi,708,8,5664
5583,2026-01-30,Sports,Hyderabad,3283,7,22981
5584,2026-01-04,Furniture,Mumbai,1896,8,15168
5585,2025-09-20,Furniture,Mumbai,342,8,2736
5586,2026-05-03,Furniture,Hyderabad,1593,3,4779
5587,2025-11-26,Electronics,Mumbai,1034,1,1034
5588,2024-10-08,Electronics,Mumbai,413,3,1239
5589,2025-07-02,Electronics,Delhi,1264,4,5056
5590,2026-02-27,Groceries,Chennai,4716,6,28296
5591,2024-08-01,Sports,Hyderabad,1083,5,5415
5592,2025-12-11,Sports,Hyderabad,1120,8,8960
5593,2025-10-20,Furniture,Mumbai,452,2,904
5594,2025-02-28,Clothing,Mumbai,883,1,883
5595,2026-02-11,Clothing,Mumbai,2926,2,5852
5596,2025-06-05,Furniture,Mumbai,979,10,9790
5597,2025-06-18,Clothing,Delhi,3258,1,3258
5598,2025-06-05,Groceries,Chennai,509,6,3054
5599,2024-08-10,Furniture,Delhi,2076,3,6228
5600,2026-01-25,Groceries,Mumbai,698,5,3490
5601,2025-12-02,Sports,Mumbai,599,4,2396
5602,2026-01-25,Furniture,Chennai,3720,8,29760
5603,2025-09-25,Sports,Hyderabad,847,6,5082
5604,2025-05-22,Sports,Chennai,3695,10,36950
5605,2026-02-27,Sports,Bangalore,4485,2,8970
5606,2025-09-20,Clothing,Mumbai,1178,10,11780
5607,2025-06-25,Groceries,Bangalore,1048,8,8384
5608,2025-11-22,Furniture,Mumbai,4515,2,9030
5609,2026-01-27,Furniture,Hyderabad,3306,10,33060
5610,2025-10-11,Groceries,Hyderabad,4459,7,31213
5611,2024-06-28,Sports,Bangalore,981,2,1962
5612,2024-09-18,Furniture,Delhi,2838,7,19866
5613,2025-01-26,Groceries,Bangalore,1022,5,5110
5614,2026-03-22,Furniture,Bangalore,1694,1,1694
5615,2025-07-28,Sports,Hyderabad,2362,6,14172
5616,2024-08-27,Groceries,Bangalore,3523,7,24661
5617,2025-06-05,Furniture,Chennai,2356,1,2356
5618,2024-12-12,Sports,Delhi,1238,3,3714
5619,2024-12-14,Furniture,Delhi,4648,4,18592
5620,2025-09-27,Clothing,Bangalore,3281,3,9843
5621,2025-10-04,Clothing,Bangalore,1188,2,2376
5622,2025-11-18,Groceries,Mumbai,2952,4,11808
5623,2024-09-11,Electronics,Delhi,3742,4,14968
5624,2025-11-23,Clothing,Mumbai,3580,9,32220
5625,2026-04-26,Groceries,Bangalore,1097,9,9873
5626,2026-03-14,Electronics,Mumbai,187,8,1496
5627,2025-09-07,Clothing,Delhi,1803,4,7212
5628,2025-01-02,Sports,Delhi,455,9,4095
5629,2025-06-12,Groceries,Bangalore,4943,4,19772
5630,2024-12-26,Sports,Delhi,4532,1,4532
5631,2025-05-05,Furniture,Hyderabad,613,7,4291
5632,2026-04-27,Clothing,Mumbai,4286,7,30002
5633,2024-08-20,Furniture,Mumbai,1220,3,3660
5634,2025-10-11,Clothing,Mumbai,3998,9,35982
5635,2025-10-22,Clothing,Hyderabad,4158,2,8316
5636,2025-06-19,Furniture,Chennai,4058,7,28406
5637,2025-04-21,Electronics,Mumbai,1547,10,15470
5638,2025-05-20,Furniture,Mumbai,247,4,988
5639,2024-12-07,Groceries,Bangalore,4513,10,45130
5640,2025-10-03,Electronics,Delhi,2639,9,23751
5641,2025-06-02,Electronics,Chennai,3945,10,39450
5642,2025-09-05,Groceries,Chennai,1733,8,13864
5643,2025-10-01,Furniture,Bangalore,1782,3,5346
5644,2026-02-12,Sports,Hyderabad,1777,4,7108
5645,2024-12-27,Electronics,Chennai,4906,10,49060
5646,2026-01-02,Furniture,Delhi,4477,7,31339
5647,2026-04-24,Groceries,Hyderabad,2634,10,26340
5648,2025-05-21,Electronics,Chennai,3049,4,12196
5649,2026-06-08,Sports,Hyderabad,3186,6,19116
5650,2025-03-14,Electronics,Bangalore,208,9,1872
5651,2025-05-06,Sports,Hyderabad,1042,8,8336
5652,2026-06-16,Furniture,Bangalore,4685,4,18740
5653,2025-08-30,Furniture,Bangalore,4227,9,38043
5654,2024-12-01,Electronics,Chennai,204,9,1836
5655,2026-03-16,Clothing,Bangalore,1604,7,11228
5656,2025-05-09,Groceries,Chennai,4629,3,13887
5657,2025-03-10,Electronics,Bangalore,1810,2,3620
5658,2024-07-30,Groceries,Chennai,4976,6,29856
5659,2026-03-09,Clothing,Chennai,2466,8,19728
5660,2025-04-09,Electronics,Hyderabad,4263,10,42630
5661,2025-10-16,Groceries,Mumbai,1755,8,14040
5662,2024-09-20,Furniture,Delhi,212,2,424
5663,2026-01-11,Electronics,Chennai,4457,5,22285
5664,2026-03-13,Sports,Delhi,2002,1,2002
5665,2024-08-18,Sports,Chennai,3949,1,3949
5666,2024-07-02,Sports,Delhi,4819,3,14457
5667,2025-09-09,Clothing,Chennai,1556,5,7780
5668,2025-04-30,Sports,Delhi,2142,10,21420
5669,2024-08-18,Furniture,Chennai,4767,2,9534
5670,2025-06-09,Furniture,Bangalore,1571,3,4713
5671,2026-06-20,Sports,Chennai,2536,10,25360
5672,2026-01-31,Clothing,Bangalore,4339,6,26034
5673,2025-03-19,Groceries,Mumbai,1417,9,12753
5674,2026-05-30,Furniture,Mumbai,2052,4,8208
5675,2025-11-24,Groceries,Delhi,1476,2,2952
5676,2026-06-02,Electronics,Bangalore,3975,5,19875
5677,2024-11-03,Electronics,Chennai,4396,1,4396
5678,2025-04-05,Furniture,Mumbai,993,6,5958
5679,2026-04-13,Clothing,Chennai,1538,6,9228
5680,2024-08-04,Groceries,Delhi,2410,5,12050
5681,2024-07-02,Furniture,Delhi,1181,10,11810
5682,2025-05-18,Furniture,Chennai,2925,9,26325
5683,2025-11-03,Furniture,Chennai,4604,3,13812
5684,2025-12-03,Sports,Hyderabad,2491,5,12455
5685,2026-04-11,Groceries,Bangalore,1708,3,5124
5686,2025-10-09,Sports,Bangalore,1425,8,11400
5687,2025-03-02,Groceries,Hyderabad,4178,8,33424
5688,2025-08-06,Groceries,Chennai,3826,10,38260
5689,2026-04-30,Groceries,Hyderabad,4747,10,47470
5690,2024-08-20,Furniture,Chennai,1289,8,10312
5691,2024-08-09,Groceries,Delhi,104,1,104
5692,2024-11-28,Groceries,Hyderabad,2050,8,16400
5693,2025-07-20,Furniture,Hyderabad,1247,3,3741
5694,2025-03-25,Groceries,Mumbai,2087,7,14609
5695,2025-10-02,Sports,Hyderabad,3051,2,6102
5696,2025-06-12,Groceries,Bangalore,4178,7,29246
5697,2025-09-07,Furniture,Bangalore,2522,4,10088
5698,2025-07-13,Electronics,Hyderabad,3150,2,6300
5699,2025-03-25,Sports,Delhi,2031,9,18279
5700,2025-10-05,Sports,Delhi,4371,10,43710
5701,2024-12-09,Furniture,Mumbai,4048,8,32384
5702,2025-12-26,Electronics,Chennai,3688,4,14752
5703,2024-10-23,Electronics,Bangalore,1359,5,6795
5704,2025-09-10,Furniture,Hyderabad,4024,8,32192
5705,2024-10-13,Furniture,Mumbai,4649,8,37192
5706,2024-12-30,Furniture,Mumbai,3549,6,21294
5707,2024-07-22,Groceries,Chennai,3715,4,14860
5708,2025-02-24,Furniture,Hyderabad,2225,2,4450
5709,2026-03-31,Groceries,Hyderabad,852,2,1704
5710,2025-12-04,Electronics,Chennai,335,8,2680
5711,2026-01-26,Groceries,Chennai,2603,5,13015
5712,2025-05-01,Sports,Mumbai,2531,9,22779
5713,2024-09-24,Furniture,Hyderabad,3171,10,31710
5714,2025-07-27,Furniture,Hyderabad,1041,9,9369
5715,2025-05-23,Sports,Chennai,612,6,3672
5716,2025-02-08,Clothing,Mumbai,1595,4,6380
5717,2026-03-22,Groceries,Mumbai,1559,9,14031
5718,2025-04-10,Clothing,Bangalore,2073,10,20730
5719,2024-12-30,Sports,Delhi,4474,7,31318
5720,2025-04-25,Sports,Chennai,3903,8,31224
5721,2026-06-16,Groceries,Hyderabad,4130,4,16520
5722,2024-09-16,Furniture,Delhi,2023,2,4046
5723,2024-07-09,Groceries,Delhi,4572,4,18288
5724,2025-02-26,Groceries,Hyderabad,3058,2,6116
5725,2026-06-18,Sports,Mumbai,1459,4,5836
5726,2025-08-17,Groceries,Hyderabad,1784,10,17840
5727,2026-06-09,Sports,Delhi,4079,10,40790
5728,2026-02-07,Groceries,Chennai,887,5,4435
5729,2026-03-29,Sports,Bangalore,1020,5,5100
5730,2026-01-28,Groceries,Mumbai,3299,8,26392
5731,2025-08-26,Furniture,Hyderabad,1819,4,7276
5732,2024-07-23,Sports,Hyderabad,4692,9,42228
5733,2024-10-30,Sports,Hyderabad,3928,9,35352
5734,2024-06-29,Groceries,Bangalore,4550,8,36400
5735,2024-09-27,Clothing,Bangalore,799,10,7990
5736,2024-10-11,Furniture,Chennai,985,1,985
5737,2025-08-20,Electronics,Chennai,4289,10,42890
5738,2025-11-02,Furniture,Bangalore,775,7,5425
5739,2026-04-08,Sports,Hyderabad,4532,6,27192
5740,2024-07-06,Sports,Bangalore,3864,3,11592
5741,2025-06-16,Clothing,Bangalore,4769,4,19076
5742,2025-09-01,Furniture,Bangalore,3216,3,9648
5743,2026-03-27,Clothing,Bangalore,1312,2,2624
5744,2024-12-30,Sports,Mumbai,4060,5,20300
5745,2025-08-13,Clothing,Bangalore,1741,8,13928
5746,2025-12-05,Electronics,Chennai,4267,9,38403
5747,2025-06-24,Furniture,Delhi,653,3,1959
5748,2025-06-15,Sports,Bangalore,1957,1,1957
5749,2025-01-31,Furniture,Bangalore,3036,1,3036
5750,2026-05-05,Groceries,Mumbai,4201,5,21005
5751,2026-04-09,Sports,Mumbai,1740,6,10440
5752,2025-01-24,Electronics,Mumbai,2873,10,28730
5753,2024-10-20,Sports,Bangalore,3662,7,25634
5754,2025-04-13,Clothing,Chennai,2861,1,2861
5755,2025-05-31,Clothing,Bangalore,2828,6,16968
5756,2026-03-08,Clothing,Delhi,2358,6,14148
5757,2026-06-20,Clothing,Bangalore,3980,7,27860
5758,2026-06-16,Groceries,Hyderabad,1874,4,7496
5759,2025-05-27,Clothing,Mumbai,3183,8,25464
5760,2025-09-12,Furniture,Delhi,4931,6,29586
5761,2026-04-13,Sports,Bangalore,2569,2,5138
5762,2024-09-18,Clothing,Mumbai,1304,4,5216
5763,2026-02-11,Clothing,Hyderabad,789,1,789
5764,2026-01-07,Electronics,Chennai,2450,1,2450
5765,2024-11-03,Sports,Bangalore,2443,9,21987
5766,2025-08-27,Clothing,Delhi,4665,4,18660
5767,2025-02-02,Sports,Delhi,1254,5,6270
5768,2025-12-13,Electronics,Chennai,1903,7,13321
5769,2026-01-31,Furniture,Bangalore,565,6,3390
5770,2025-10-04,Groceries,Delhi,714,3,2142
5771,2026-05-06,Sports,Chennai,521,5,2605
5772,2024-08-04,Sports,Delhi,228,1,228
5773,2026-03-28,Furniture,Delhi,1923,3,5769
5774,2026-06-03,Electronics,Bangalore,1212,3,3636
5775,2025-10-25,Electronics,Mumbai,4204,2,8408
5776,2026-02-19,Groceries,Bangalore,3632,5,18160
5777,2025-01-01,Furniture,Bangalore,479,7,3353
5778,2026-01-19,Electronics,Delhi,3842,4,15368
5779,2024-12-13,Clothing,Bangalore,2224,10,22240
5780,2025-09-09,Furniture,Chennai,3204,8,25632
5781,2026-05-17,Electronics,Delhi,2962,9,26658
5782,2025-09-27,Clothing,Mumbai,2089,10,20890
5783,2026-03-31,Sports,Mumbai,3944,10,39440
5784,2025-12-19,Groceries,Hyderabad,970,5,4850
5785,2025-07-06,Electronics,Delhi,4987,10,49870
5786,2025-01-18,Furniture,Mumbai,110,8,880
5787,2026-05-30,Sports,Chennai,4689,10,46890
5788,2025-09-27,Electronics,Bangalore,3824,4,15296
5789,2026-02-23,Electronics,Mumbai,3540,4,14160
5790,2025-06-27,Sports,Delhi,2647,6,15882
5791,2025-09-10,Furniture,Hyderabad,1102,7,7714
5792,2024-07-20,Electronics,Chennai,4884,5,24420
5793,2025-05-05,Clothing,Delhi,3728,4,14912
5794,2024-12-02,Clothing,Delhi,134,10,1340
5795,2025-03-09,Electronics,Mumbai,185,8,1480
5796,2025-05-21,Clothing,Chennai,4855,4,19420
5797,2024-08-18,Furniture,Chennai,3204,1,3204
5798,2024-10-09,Sports,Chennai,3900,6,23400
5799,2025-04-15,Groceries,Delhi,812,4,3248
5800,2025-02-12,Groceries,Hyderabad,4738,10,47380
5801,2024-10-28,Clothing,Hyderabad,2137,6,12822
5802,2024-09-14,Clothing,Delhi,1085,8,8680
5803,2026-01-11,Sports,Delhi,4147,10,41470
5804,2025-08-13,Furniture,Mumbai,1256,10,12560
5805,2025-05-20,Groceries,Delhi,3461,4,13844
5806,2025-01-28,Sports,Chennai,3515,6,21090
5807,2024-07-09,Clothing,Chennai,535,1,535
5808,2025-02-14,Electronics,Chennai,4184,6,25104
5809,2025-08-28,Furniture,Chennai,637,8,5096
5810,2026-01-06,Furniture,Bangalore,1585,2,3170
5811,2025-06-15,Sports,Hyderabad,4657,5,23285
5812,2026-03-08,Sports,Bangalore,2424,8,19392
5813,2024-07-08,Electronics,Bangalore,2456,3,7368
5814,2026-05-30,Groceries,Bangalore,2591,8,20728
5815,2025-11-09,Groceries,Chennai,1796,5,8980
5816,2025-05-03,Clothing,Hyderabad,1599,2,3198
5817,2025-06-06,Sports,Mumbai,2500,1,2500
5818,2024-09-23,Clothing,Delhi,2414,8,19312
5819,2026-06-28,Clothing,Chennai,3610,10,36100
5820,2025-05-10,Sports,Mumbai,1312,8,10496
5821,2025-10-23,Clothing,Delhi,4270,10,42700
5822,2024-11-10,Electronics,Delhi,3770,10,37700
5823,2025-06-14,Sports,Delhi,1308,6,7848
5824,2025-02-13,Sports,Bangalore,4841,2,9682
5825,2025-06-12,Furniture,Bangalore,4762,9,42858
5826,2024-10-25,Furniture,Delhi,1426,7,9982
5827,2025-04-23,Sports,Chennai,2144,1,2144
5828,2025-09-24,Clothing,Bangalore,2593,4,10372
5829,2025-01-20,Groceries,Hyderabad,1151,9,10359
5830,2024-11-24,Clothing,Hyderabad,3271,4,13084
5831,2025-02-18,Clothing,Chennai,4192,3,12576
5832,2024-12-01,Groceries,Chennai,3909,7,27363
5833,2025-02-05,Groceries,Bangalore,4398,3,13194
5834,2025-08-10,Electronics,Hyderabad,740,2,1480
5835,2024-10-23,Groceries,Delhi,3768,8,30144
5836,2025-01-14,Clothing,Mumbai,181,7,1267
5837,2025-10-12,Electronics,Chennai,3252,4,13008
5838,2025-04-16,Groceries,Chennai,1438,3,4314
5839,2024-08-15,Groceries,Hyderabad,2011,6,12066
5840,2024-08-23,Furniture,Delhi,1541,10,15410
5841,2025-04-09,Clothing,Chennai,4660,7,32620
5842,2025-01-02,Sports,Bangalore,4515,2,9030
5843,2025-12-11,Electronics,Chennai,2484,9,22356
5844,2024-10-11,Clothing,Bangalore,2662,7,18634
5845,2025-01-16,Clothing,Hyderabad,1024,7,7168
5846,2026-05-03,Clothing,Delhi,625,9,5625
5847,2024-11-24,Clothing,Bangalore,3535,7,24745
5848,2024-11-23,Groceries,Delhi,4619,9,41571
5849,2026-01-12,Furniture,Mumbai,3829,9,34461
5850,2025-12-29,Electronics,Chennai,734,6,4404
5851,2026-04-16,Electronics,Chennai,4408,3,13224
5852,2024-07-16,Furniture,Delhi,3752,5,18760
5853,2026-03-01,Furniture,Mumbai,1063,6,6378
5854,2025-12-18,Sports,Delhi,3355,2,6710
5855,2024-08-22,Groceries,Delhi,4605,1,4605
5856,2025-11-03,Clothing,Mumbai,2201,5,11005
5857,2024-10-30,Groceries,Hyderabad,4742,10,47420
5858,2025-08-05,Furniture,Delhi,850,1,850
5859,2026-02-14,Clothing,Mumbai,677,5,3385
5860,2025-10-03,Sports,Bangalore,3862,5,19310
5861,2026-02-24,Electronics,Chennai,4876,2,9752
5862,2025-10-15,Electronics,Hyderabad,2991,7,20937
5863,2025-12-28,Electronics,Delhi,846,4,3384
5864,2025-07-29,Clothing,Chennai,3438,8,27504
5865,2026-06-06,Clothing,Hyderabad,3640,9,32760
5866,2025-06-25,Furniture,Mumbai,4028,4,16112
5867,2026-06-14,Groceries,Hyderabad,2302,7,16114
5868,2024-11-12,Electronics,Delhi,2476,1,2476
5869,2026-02-09,Sports,Mumbai,2161,2,4322
5870,2024-08-19,Groceries,Mumbai,3635,4,14540
5871,2024-09-09,Sports,Delhi,3512,1,3512
5872,2024-12-30,Furniture,Mumbai,518,5,2590
5873,2026-03-10,Electronics,Hyderabad,3906,8,31248
5874,2025-03-22,Clothing,Mumbai,515,10,5150
5875,2026-04-08,Electronics,Bangalore,922,9,8298
5876,2025-04-13,Electronics,Delhi,3096,6,18576
5877,2025-07-20,Groceries,Chennai,1702,10,17020
5878,2024-07-28,Electronics,Mumbai,436,3,1308
5879,2026-01-08,Furniture,Hyderabad,4327,6,25962
5880,2024-11-20,Electronics,Bangalore,4570,9,41130
5881,2026-06-16,Groceries,Mumbai,2089,7,14623
5882,2026-02-15,Sports,Chennai,1991,7,13937
5883,2026-04-24,Sports,Mumbai,347,8,2776
5884,2024-09-22,Furniture,Bangalore,1058,6,6348
5885,2025-03-01,Electronics,Mumbai,3512,8,28096
5886,2025-10-04,Electronics,Delhi,1921,10,19210
5887,2026-04-15,Clothing,Chennai,4531,4,18124
5888,2026-02-03,Clothing,Mumbai,540,1,540
5889,2025-12-18,Clothing,Delhi,819,6,4914
5890,2026-05-27,Furniture,Mumbai,1936,6,11616
5891,2024-09-04,Clothing,Chennai,4108,4,16432
5892,2026-04-14,Sports,Bangalore,3983,3,11949
5893,2025-02-01,Furniture,Mumbai,890,4,3560
5894,2024-12-09,Clothing,Chennai,1619,4,6476
5895,2024-12-30,Groceries,Bangalore,971,5,4855
5896,2026-06-18,Electronics,Chennai,346,5,1730
5897,2025-01-22,Electronics,Hyderabad,3443,2,6886
5898,2025-10-02,Sports,Chennai,3037,10,30370
5899,2025-05-26,Furniture,Delhi,816,7,5712
5900,2024-09-27,Clothing,Mumbai,1166,3,3498
5901,2025-06-21,Electronics,Hyderabad,319,3,957
5902,2025-04-29,Groceries,Mumbai,3556,5,17780
5903,2025-03-17,Groceries,Delhi,855,5,4275
5904,2025-01-16,Furniture,Mumbai,430,5,2150
5905,2026-03-21,Furniture,Hyderabad,3853,4,15412
5906,2024-11-16,Clothing,Chennai,4922,8,39376
5907,2024-08-07,Electronics,Chennai,565,2,1130
5908,2026-01-26,Clothing,Hyderabad,4450,3,13350
5909,2025-04-01,Sports,Chennai,3566,4,14264
5910,2025-12-17,Clothing,Delhi,4778,9,43002
5911,2026-06-25,Clothing,Chennai,149,4,596
5912,2025-10-06,Electronics,Chennai,490,8,3920
5913,2025-08-10,Groceries,Delhi,3959,6,23754
5914,2025-12-25,Furniture,Bangalore,1647,9,14823
5915,2026-01-05,Clothing,Bangalore,2864,9,25776
5916,2025-01-20,Electronics,Mumbai,3017,3,9051
5917,2026-05-03,Furniture,Mumbai,3074,4,12296
5918,2026-02-19,Clothing,Hyderabad,340,8,2720
5919,2024-08-21,Groceries,Mumbai,4910,1,4910
5920,2026-06-02,Electronics,Delhi,4466,8,35728
5921,2025-11-01,Groceries,Chennai,3694,3,11082
5922,2026-01-07,Clothing,Hyderabad,1029,9,9261
5923,2024-12-19,Sports,Delhi,4120,6,24720
5924,2026-02-18,Sports,Hyderabad,2249,3,6747
5925,2024-12-18,Clothing,Bangalore,3569,5,17845
5926,2025-06-13,Sports,Mumbai,2045,6,12270
5927,2025-07-06,Furniture,Bangalore,4332,1,4332
5928,2025-10-20,Groceries,Bangalore,1952,9,17568
5929,2024-07-01,Clothing,Hyderabad,3424,4,13696
5930,2026-02-26,Electronics,Delhi,2872,2,5744
5931,2025-11-15,Furniture,Mumbai,213,9,1917
5932,2025-10-16,Groceries,Chennai,3553,2,7106
5933,2024-11-01,Electronics,Hyderabad,202,8,1616
5934,2024-07-15,Clothing,Bangalore,2322,7,16254
5935,2025-08-29,Electronics,Hyderabad,2322,4,9288
5936,2024-11-01,Furniture,Delhi,4196,9,37764
5937,2024-09-09,Groceries,Mumbai,4154,7,29078
5938,2025-04-27,Furniture,Mumbai,1816,7,12712
5939,2024-12-31,Electronics,Chennai,1705,10,17050
5940,2025-04-17,Sports,Delhi,4975,10,49750
5941,2024-08-14,Electronics,Delhi,3496,1,3496
5942,2025-02-24,Clothing,Mumbai,772,2,1544
5943,2025-09-19,Electronics,Hyderabad,3791,10,37910
5944,2025-03-13,Groceries,Delhi,3000,3,9000
5945,2026-06-05,Sports,Hyderabad,994,4,3976
5946,2025-10-15,Groceries,Mumbai,3131,2,6262
5947,2025-11-04,Sports,Mumbai,4667,9,42003
5948,2025-03-19,Clothing,Chennai,3934,3,11802
5949,2024-10-24,Furniture,Mumbai,1537,9,13833
5950,2026-01-20,Groceries,Bangalore,2520,8,20160
5951,2025-12-18,Clothing,Chennai,263,6,1578
5952,2025-05-19,Furniture,Mumbai,1570,1,1570
5953,2025-01-27,Clothing,Chennai,4945,6,29670
5954,2025-07-03,Clothing,Chennai,630,6,3780
5955,2026-04-18,Electronics,Mumbai,1368,9,12312
5956,2026-03-30,Furniture,Bangalore,3942,6,23652
5957,2025-10-19,Electronics,Hyderabad,4709,10,47090
5958,2024-10-16,Groceries,Hyderabad,4009,8,32072
5959,2025-11-12,Furniture,Bangalore,3826,7,26782
5960,2025-08-06,Clothing,Mumbai,4758,7,33306
5961,2025-04-09,Furniture,Hyderabad,1394,8,11152
5962,2025-02-16,Electronics,Chennai,1019,1,1019
5963,2026-03-14,Groceries,Chennai,4032,8,32256
5964,2025-11-05,Sports,Bangalore,3885,4,15540
5965,2026-05-09,Furniture,Chennai,1818,5,9090
5966,2026-01-18,Sports,Bangalore,2359,4,9436
5967,2025-02-20,Clothing,Hyderabad,3059,5,15295
5968,2024-07-10,Electronics,Bangalore,4407,3,13221
5969,2025-07-13,Electronics,Delhi,290,5,1450
5970,2024-08-20,Furniture,Hyderabad,610,1,610
5971,2025-02-26,Groceries,Delhi,411,6,2466
5972,2025-10-12,Electronics,Bangalore,2978,10,29780
5973,2025-12-28,Groceries,Chennai,4214,10,42140
5974,2025-05-28,Furniture,Bangalore,3263,3,9789
5975,2025-02-27,Sports,Mumbai,1089,1,1089
5976,2026-03-20,Groceries,Delhi,1541,9,13869
5977,2026-05-24,Sports,Chennai,1934,5,9670
5978,2025-03-12,Electronics,Mumbai,4173,7,29211
5979,2024-09-07,Electronics,Delhi,212,1,212
5980,2024-12-14,Clothing,Delhi,3484,1,3484
5981,2024-07-22,Clothing,Hyderabad,1480,8,11840
5982,2025-10-26,Groceries,Mumbai,1295,1,1295
5983,2024-06-30,Sports,Hyderabad,3310,6,19860
5984,2024-08-22,Groceries,Delhi,4816,7,33712
5985,2026-06-24,Groceries,Bangalore,3504,8,28032
5986,2025-10-07,Sports,Chennai,3862,10,38620
5987,2025-12-01,Furniture,Bangalore,1634,2,3268
5988,2024-09-26,Clothing,Bangalore,2499,4,9996
5989,2025-08-25,Clothing,Bangalore,4217,2,8434
5990,2025-03-02,Groceries,Bangalore,3056,6,18336
5991,2025-07-28,Sports,Chennai,3424,2,6848
5992,2025-07-28,Furniture,Mumbai,3672,6,22032
5993,2026-01-22,Furniture,Delhi,2939,1,2939
5994,2025-05-18,Sports,Mumbai,2798,9,25182
5995,2026-04-16,Clothing,Chennai,1734,2,3468
5996,2025-10-04,Furniture,Delhi,3852,8,30816
5997,2024-08-08,Sports,Mumbai,4123,1,4123
5998,2024-08-04,Clothing,Delhi,3669,4,14676
5999,2026-01-13,Furniture,Hyderabad,4334,5,21670
6000,2025-06-30,Electronics,Mumbai,1258,6,7548
6001,2024-11-24,Clothing,Chennai,407,7,2849
6002,2026-02-14,Sports,Hyderabad,912,4,3648
6003,2026-04-11,Groceries,Hyderabad,4663,7,32641
6004,2024-07-31,Electronics,Chennai,2601,8,20808
6005,2024-10-14,Clothing,Delhi,3623,6,21738
6006,2026-01-31,Furniture,Delhi,3166,2,6332
6007,2024-09-04,Electronics,Hyderabad,3004,1,3004
6008,2025-04-02,Groceries,Bangalore,440,8,3520
6009,2025-05-25,Sports,Delhi,887,1,887
6010,2024-08-16,Sports,Chennai,1170,6,7020
6011,2026-02-07,Clothing,Delhi,4201,9,37809
6012,2025-08-16,Clothing,Bangalore,2930,6,17580
6013,2026-01-30,Furniture,Bangalore,4247,4,16988
6014,2024-11-01,Furniture,Delhi,4951,6,29706
6015,2025-11-27,Sports,Bangalore,3855,2,7710
6016,2026-02-03,Clothing,Bangalore,3343,9,30087
6017,2025-05-28,Electronics,Chennai,688,3,2064
6018,2024-10-21,Electronics,Chennai,4663,1,4663
6019,2025-01-09,Groceries,Delhi,4501,8,36008
6020,2026-05-13,Sports,Delhi,2732,7,19124
6021,2026-05-24,Groceries,Mumbai,3789,8,30312
6022,2026-03-20,Clothing,Delhi,4943,3,14829
6023,2024-07-08,Sports,Chennai,2168,4,8672
6024,2024-09-27,Groceries,Chennai,844,9,7596
6025,2025-07-20,Sports,Mumbai,1215,9,10935
6026,2025-09-26,Clothing,Delhi,4993,1,4993
6027,2024-08-05,Clothing,Hyderabad,4747,10,47470
6028,2024-11-01,Sports,Chennai,2207,10,22070
6029,2025-10-13,Clothing,Chennai,1043,6,6258
6030,2024-11-20,Groceries,Hyderabad,4036,4,16144
6031,2025-02-03,Furniture,Hyderabad,3414,2,6828
6032,2024-07-03,Furniture,Chennai,3046,6,18276
6033,2024-10-07,Clothing,Bangalore,1483,3,4449
6034,2025-04-23,Furniture,Hyderabad,632,1,632
6035,2026-03-29,Clothing,Delhi,2033,9,18297
6036,2025-07-30,Groceries,Delhi,4403,6,26418
6037,2025-03-06,Furniture,Hyderabad,3199,3,9597
6038,2024-07-15,Furniture,Mumbai,1288,2,2576
6039,2024-11-27,Clothing,Hyderabad,1055,5,5275
6040,2026-02-27,Furniture,Chennai,4567,2,9134
6041,2026-04-27,Clothing,Bangalore,4745,1,4745
6042,2026-02-27,Sports,Chennai,1185,2,2370
6043,2026-01-13,Sports,Chennai,4353,7,30471
6044,2026-03-13,Electronics,Mumbai,2022,3,6066
6045,2025-01-24,Groceries,Chennai,335,8,2680
6046,2025-03-10,Groceries,Chennai,3985,10,39850
6047,2024-08-03,Clothing,Delhi,3378,1,3378
6048,2024-11-04,Groceries,Bangalore,2648,2,5296
6049,2025-10-11,Groceries,Mumbai,3417,8,27336
6050,2025-04-20,Clothing,Bangalore,226,9,2034
6051,2026-03-12,Clothing,Chennai,3179,8,25432
6052,2025-04-22,Furniture,Bangalore,597,2,1194
6053,2024-10-03,Electronics,Chennai,2601,3,7803
6054,2024-09-09,Clothing,Bangalore,1751,2,3502
6055,2026-02-02,Groceries,Hyderabad,295,7,2065
6056,2025-03-08,Clothing,Bangalore,3916,7,27412
6057,2025-12-14,Groceries,Mumbai,654,3,1962
6058,2025-12-15,Sports,Hyderabad,4587,4,18348
6059,2025-06-08,Furniture,Bangalore,1682,8,13456
6060,2026-03-17,Furniture,Delhi,1936,1,1936
6061,2025-10-19,Sports,Mumbai,2043,2,4086
6062,2025-12-22,Furniture,Chennai,2132,1,2132
6063,2026-06-18,Sports,Delhi,3040,4,12160
6064,2024-09-22,Furniture,Bangalore,1186,6,7116
6065,2026-06-02,Sports,Bangalore,2304,7,16128
6066,2024-12-01,Clothing,Hyderabad,4193,1,4193
6067,2026-01-02,Electronics,Mumbai,606,2,1212
6068,2025-04-25,Groceries,Delhi,1713,8,13704
6069,2024-08-05,Clothing,Chennai,4935,6,29610
6070,2025-10-28,Groceries,Chennai,4589,5,22945
6071,2024-10-29,Furniture,Chennai,112,7,784
6072,2024-11-05,Groceries,Bangalore,1944,2,3888
6073,2025-12-08,Furniture,Chennai,585,7,4095
6074,2025-06-30,Electronics,Chennai,3717,2,7434
6075,2024-07-08,Furniture,Mumbai,3638,3,10914
6076,2025-09-24,Sports,Delhi,2077,6,12462
6077,2026-02-09,Electronics,Hyderabad,168,4,672
6078,2025-03-26,Groceries,Mumbai,1347,3,4041
6079,2026-06-11,Sports,Hyderabad,1574,3,4722
6080,2025-03-05,Clothing,Chennai,2211,5,11055
6081,2026-01-01,Sports,Mumbai,3422,7,23954
6082,2026-04-21,Sports,Hyderabad,4883,7,34181
6083,2025-03-02,Electronics,Chennai,3238,3,9714
6084,2025-01-17,Groceries,Delhi,2424,6,14544
6085,2025-07-06,Groceries,Mumbai,4812,5,24060
6086,2025-08-28,Sports,Chennai,1521,9,13689
6087,2026-06-10,Electronics,Bangalore,1971,3,5913
6088,2024-11-14,Clothing,Chennai,1665,7,11655
6089,2026-02-17,Electronics,Bangalore,1787,9,16083
6090,2024-08-05,Groceries,Chennai,1626,10,16260
6091,2026-01-07,Electronics,Chennai,4911,1,4911
6092,2025-08-16,Electronics,Chennai,4070,10,40700
6093,2025-02-20,Groceries,Chennai,3728,8,29824
6094,2024-08-12,Electronics,Mumbai,717,9,6453
6095,2026-03-07,Groceries,Hyderabad,718,2,1436
6096,2026-03-17,Clothing,Delhi,2390,8,19120
6097,2024-07-04,Electronics,Delhi,705,7,4935
6098,2025-12-07,Clothing,Chennai,1821,8,14568
6099,2026-06-08,Groceries,Bangalore,3661,2,7322
6100,2025-06-24,Groceries,Delhi,1808,5,9040
6101,2025-02-07,Sports,Bangalore,2681,6,16086
6102,2025-05-30,Groceries,Mumbai,4773,5,23865
6103,2024-08-28,Clothing,Delhi,4525,5,22625
6104,2026-04-22,Groceries,Chennai,1506,3,4518
6105,2024-07-18,Furniture,Hyderabad,4455,9,40095
6106,2025-07-25,Sports,Mumbai,1781,5,8905
6107,2024-10-05,Clothing,Hyderabad,3264,3,9792
6108,2024-11-13,Furniture,Mumbai,3954,6,23724
6109,2026-02-28,Clothing,Chennai,2442,7,17094
6110,2024-07-26,Furniture,Bangalore,3566,2,7132
6111,2025-05-20,Sports,Mumbai,1808,3,5424
6112,2025-06-23,Sports,Delhi,991,1,991
6113,2025-05-01,Groceries,Chennai,168,1,168
6114,2024-10-28,Electronics,Mumbai,4913,1,4913
6115,2025-09-04,Electronics,Bangalore,4973,5,24865
6116,2024-11-18,Furniture,Delhi,1477,4,5908
6117,2025-09-18,Furniture,Delhi,1652,5,8260
6118,2026-01-14,Electronics,Chennai,2310,4,9240
6119,2025-07-04,Sports,Chennai,1566,7,10962
6120,2025-07-30,Groceries,Bangalore,4458,3,13374
6121,2026-06-06,Clothing,Hyderabad,2739,4,10956
6122,2025-02-18,Clothing,Chennai,4292,9,38628
6123,2024-07-22,Groceries,Bangalore,3493,5,17465
6124,2026-03-25,Sports,Bangalore,3971,9,35739
6125,2026-03-31,Clothing,Bangalore,963,4,3852
6126,2026-04-11,Clothing,Chennai,3197,2,6394
6127,2025-09-10,Sports,Delhi,2469,8,19752
6128,2026-04-14,Clothing,Bangalore,4951,6,29706
6129,2025-03-21,Clothing,Chennai,2735,4,10940
6130,2026-01-15,Electronics,Chennai,962,1,962
6131,2025-02-26,Groceries,Bangalore,3146,9,28314
6132,2025-05-17,Furniture,Bangalore,1132,2,2264
6133,2025-09-04,Sports,Bangalore,998,9,8982
6134,2024-09-05,Sports,Chennai,4272,3,12816
6135,2024-11-25,Furniture,Hyderabad,4192,3,12576
6136,2025-03-03,Electronics,Delhi,4392,3,13176
6137,2025-03-16,Groceries,Bangalore,2660,8,21280
6138,2024-08-05,Electronics,Hyderabad,4850,1,4850
6139,2025-03-20,Sports,Chennai,2769,6,16614
6140,2026-05-30,Electronics,Chennai,148,1,148
6141,2026-06-18,Sports,Hyderabad,2168,2,4336
6142,2024-08-14,Electronics,Delhi,903,9,8127
6143,2026-01-13,Sports,Delhi,3160,6,18960
6144,2026-06-15,Electronics,Mumbai,493,5,2465
6145,2024-11-21,Clothing,Bangalore,4392,6,26352
6146,2025-01-30,Sports,Mumbai,386,2,772
6147,2025-04-25,Clothing,Bangalore,2967,1,2967
6148,2024-11-25,Electronics,Bangalore,3542,3,10626
6149,2024-12-31,Sports,Chennai,1381,1,1381
6150,2026-06-08,Furniture,Delhi,1359,10,13590
6151,2024-08-31,Electronics,Hyderabad,3467,1,3467
6152,2025-05-08,Furniture,Mumbai,2811,9,25299
6153,2025-08-29,Groceries,Hyderabad,3104,1,3104
6154,2026-05-24,Furniture,Delhi,335,2,670
6155,2025-11-02,Clothing,Chennai,4408,4,17632
6156,2024-12-18,Electronics,Hyderabad,2609,5,13045
6157,2026-02-11,Sports,Mumbai,1282,6,7692
6158,2025-09-14,Groceries,Bangalore,567,1,567
6159,2024-12-24,Electronics,Bangalore,1090,6,6540
6160,2024-09-01,Electronics,Bangalore,2086,3,6258
6161,2024-08-25,Sports,Mumbai,2527,7,17689
6162,2025-01-27,Clothing,Mumbai,1668,3,5004
6163,2025-06-22,Groceries,Delhi,4974,8,39792
6164,2026-05-21,Furniture,Delhi,2654,2,5308
6165,2026-03-28,Groceries,Delhi,445,7,3115
6166,2026-05-24,Clothing,Delhi,1068,2,2136
6167,2025-08-18,Furniture,Hyderabad,924,4,3696
6168,2025-12-18,Electronics,Bangalore,737,3,2211
6169,2025-10-21,Furniture,Hyderabad,1206,9,10854
6170,2026-01-10,Electronics,Bangalore,2901,6,17406
6171,2026-05-12,Clothing,Delhi,900,10,9000
6172,2025-03-24,Electronics,Chennai,1227,8,9816
6173,2025-01-21,Electronics,Delhi,2364,1,2364
6174,2025-01-22,Sports,Hyderabad,3775,8,30200
6175,2025-01-17,Sports,Hyderabad,2071,8,16568
6176,2025-07-15,Furniture,Delhi,2227,7,15589
6177,2025-10-05,Groceries,Delhi,4256,8,34048
6178,2025-11-15,Clothing,Bangalore,4936,4,19744
6179,2025-06-01,Electronics,Delhi,254,2,508
6180,2026-04-02,Clothing,Hyderabad,905,8,7240
6181,2026-05-02,Electronics,Mumbai,4650,8,37200
6182,2026-04-16,Electronics,Delhi,3499,6,20994
6183,2024-12-03,Furniture,Chennai,3117,1,3117
6184,2025-05-13,Furniture,Delhi,934,10,9340
6185,2025-08-01,Electronics,Mumbai,860,6,5160
6186,2024-11-24,Clothing,Delhi,1525,8,12200
6187,2025-11-13,Electronics,Bangalore,4087,9,36783
6188,2025-02-17,Electronics,Delhi,3663,10,36630
6189,2025-05-12,Sports,Hyderabad,307,8,2456
6190,2025-02-14,Groceries,Chennai,3390,5,16950
6191,2024-12-01,Groceries,Hyderabad,727,7,5089
6192,2026-03-25,Clothing,Chennai,4773,8,38184
6193,2025-08-15,Clothing,Hyderabad,1071,8,8568
6194,2025-06-10,Furniture,Delhi,2605,2,5210
6195,2024-08-04,Sports,Mumbai,2544,2,5088
6196,2025-12-31,Sports,Chennai,1582,3,4746
6197,2024-09-15,Furniture,Hyderabad,1274,6,7644
6198,2025-08-28,Groceries,Bangalore,4235,3,12705
6199,2024-11-12,Groceries,Delhi,4368,9,39312
6200,2025-07-22,Clothing,Chennai,3567,10,35670
6201,2025-02-21,Groceries,Chennai,797,3,2391
6202,2024-11-06,Electronics,Hyderabad,3613,1,3613
6203,2024-12-25,Electronics,Delhi,4991,3,14973
6204,2025-09-28,Clothing,Bangalore,568,7,3976
6205,2024-11-10,Sports,Hyderabad,4846,2,9692
6206,2025-01-03,Electronics,Hyderabad,4611,2,9222
6207,2024-12-24,Clothing,Hyderabad,2902,1,2902
6208,2025-09-04,Sports,Hyderabad,1322,8,10576
6209,2025-09-04,Sports,Bangalore,4404,5,22020
6210,2025-06-06,Furniture,Hyderabad,2905,7,20335
6211,2025-04-30,Sports,Bangalore,2535,2,5070
6212,2026-06-04,Groceries,Delhi,1632,3,4896
6213,2024-11-29,Electronics,Chennai,3717,6,22302
6214,2025-10-12,Clothing,Delhi,2085,3,6255
6215,2026-04-28,Furniture,Delhi,4355,6,26130
6216,2025-05-11,Furniture,Chennai,4778,7,33446
6217,2026-04-19,Sports,Hyderabad,2405,7,16835
6218,2025-03-18,Sports,Bangalore,2758,3,8274
6219,2026-05-17,Sports,Mumbai,4369,2,8738
6220,2024-12-24,Clothing,Bangalore,2064,10,20640
6221,2025-05-24,Groceries,Delhi,2965,8,23720
6222,2024-07-06,Sports,Chennai,1809,3,5427
6223,2025-03-25,Sports,Hyderabad,1077,4,4308
6224,2025-12-21,Furniture,Delhi,3756,9,33804
6225,2026-03-08,Furniture,Bangalore,289,6,1734
6226,2024-10-03,Groceries,Delhi,2135,4,8540
6227,2025-10-30,Sports,Chennai,2486,5,12430
6228,2025-01-08,Sports,Chennai,176,2,352
6229,2024-12-02,Furniture,Hyderabad,1423,3,4269
6230,2024-12-27,Clothing,Mumbai,3396,4,13584
6231,2026-04-02,Furniture,Mumbai,1482,10,14820
6232,2025-03-06,Groceries,Hyderabad,3626,10,36260
6233,2025-01-19,Electronics,Mumbai,3252,9,29268
6234,2026-06-14,Clothing,Bangalore,431,10,4310
6235,2024-08-07,Clothing,Hyderabad,1227,3,3681
6236,2025-05-26,Furniture,Bangalore,3356,1,3356
6237,2025-06-24,Electronics,Delhi,4970,4,19880
6238,2025-09-24,Clothing,Mumbai,961,3,2883
6239,2024-11-16,Clothing,Delhi,3419,10,34190
6240,2024-09-24,Clothing,Hyderabad,4430,9,39870
6241,2026-06-13,Furniture,Mumbai,1654,1,1654
6242,2025-07-13,Clothing,Bangalore,1127,2,2254
6243,2025-02-03,Furniture,Hyderabad,3198,9,28782
6244,2025-09-16,Groceries,Mumbai,3692,8,29536
6245,2024-10-08,Groceries,Bangalore,3550,5,17750
6246,2026-05-19,Furniture,Mumbai,701,8,5608
6247,2025-10-05,Electronics,Chennai,3442,3,10326
6248,2025-05-19,Groceries,Chennai,2999,3,8997
6249,2024-11-14,Sports,Bangalore,2895,5,14475
6250,2025-10-26,Furniture,Chennai,3163,9,28467
6251,2026-02-02,Furniture,Bangalore,3686,8,29488
6252,2025-09-25,Sports,Delhi,3439,7,24073
6253,2025-03-19,Furniture,Hyderabad,425,8,3400
6254,2025-12-29,Sports,Delhi,903,7,6321
6255,2026-06-08,Clothing,Hyderabad,461,5,2305
6256,2025-04-17,Sports,Mumbai,3712,3,11136
6257,2025-07-22,Clothing,Mumbai,4678,4,18712
6258,2025-02-01,Electronics,Mumbai,2015,9,18135
6259,2025-09-14,Clothing,Delhi,3677,6,22062
6260,2024-07-04,Clothing,Hyderabad,2283,3,6849
6261,2024-07-27,Groceries,Hyderabad,3499,5,17495
6262,2026-03-24,Electronics,Mumbai,3427,7,23989
6263,2025-06-17,Groceries,Delhi,628,6,3768
6264,2025-12-24,Groceries,Bangalore,3896,7,27272
6265,2025-04-21,Electronics,Bangalore,212,9,1908
6266,2026-06-17,Electronics,Mumbai,1667,6,10002
6267,2025-11-24,Clothing,Bangalore,2888,9,25992
6268,2025-12-07,Furniture,Chennai,1944,3,5832
6269,2025-12-20,Electronics,Delhi,1289,2,2578
6270,2024-10-12,Electronics,Chennai,778,8,6224
6271,2025-12-23,Sports,Bangalore,2212,10,22120
6272,2024-09-04,Groceries,Delhi,1427,9,12843
6273,2025-10-10,Electronics,Delhi,2844,6,17064
6274,2025-02-01,Electronics,Mumbai,690,3,2070
6275,2025-07-23,Groceries,Hyderabad,4713,1,4713
6276,2025-10-12,Sports,Delhi,5000,8,40000
6277,2024-11-16,Electronics,Mumbai,587,7,4109
6278,2024-09-01,Clothing,Mumbai,318,10,3180
6279,2025-05-01,Clothing,Mumbai,1433,1,1433
6280,2025-03-25,Furniture,Hyderabad,2208,10,22080
6281,2025-02-18,Groceries,Chennai,1059,7,7413
6282,2025-04-01,Electronics,Hyderabad,2470,4,9880
6283,2024-10-26,Furniture,Chennai,1802,6,10812
6284,2026-05-01,Electronics,Bangalore,4737,7,33159
6285,2026-01-19,Clothing,Delhi,2429,1,2429
6286,2025-09-09,Furniture,Hyderabad,1340,8,10720
6287,2026-04-24,Clothing,Bangalore,1865,6,11190
6288,2025-11-15,Electronics,Bangalore,1945,2,3890
6289,2024-08-24,Groceries,Bangalore,1127,5,5635
6290,2025-03-10,Electronics,Hyderabad,963,7,6741
6291,2024-07-26,Sports,Mumbai,1452,3,4356
6292,2025-01-16,Electronics,Chennai,3962,8,31696
6293,2024-10-12,Electronics,Bangalore,948,7,6636
6294,2026-03-17,Electronics,Chennai,471,6,2826
6295,2024-10-10,Clothing,Hyderabad,694,8,5552
6296,2025-03-31,Electronics,Hyderabad,910,4,3640
6297,2026-03-02,Groceries,Chennai,1840,5,9200
6298,2024-09-05,Clothing,Mumbai,3611,2,7222
6299,2024-07-17,Sports,Chennai,4678,1,4678
6300,2024-12-17,Electronics,Hyderabad,1272,6,7632
6301,2025-07-26,Furniture,Delhi,3038,3,9114
6302,2025-12-23,Sports,Bangalore,2546,10,25460
6303,2026-02-07,Furniture,Bangalore,1409,1,1409
6304,2026-05-30,Furniture,Hyderabad,1473,1,1473
6305,2024-12-11,Clothing,Chennai,3287,8,26296
6306,2025-09-23,Electronics,Bangalore,2737,8,21896
6307,2024-09-14,Sports,Bangalore,3583,4,14332
6308,2024-12-10,Electronics,Chennai,1987,5,9935
6309,2026-05-06,Sports,Hyderabad,1193,2,2386
6310,2025-06-20,Electronics,Mumbai,3201,3,9603
6311,2026-03-27,Sports,Hyderabad,921,2,1842
6312,2025-08-02,Clothing,Bangalore,2296,1,2296
6313,2025-03-21,Clothing,Hyderabad,2566,3,7698
6314,2025-08-25,Sports,Delhi,2464,5,12320
6315,2024-10-12,Electronics,Hyderabad,2461,7,17227
6316,2026-04-04,Furniture,Mumbai,4455,10,44550
6317,2026-03-27,Groceries,Bangalore,3287,6,19722
6318,2025-12-19,Sports,Bangalore,274,5,1370
6319,2024-10-13,Clothing,Hyderabad,769,6,4614
6320,2025-06-09,Sports,Bangalore,1988,3,5964
6321,2024-12-10,Sports,Mumbai,930,6,5580
6322,2025-02-07,Sports,Bangalore,1307,4,5228
6323,2025-01-27,Sports,Mumbai,4496,2,8992
6324,2024-12-31,Sports,Delhi,193,1,193
6325,2026-01-24,Clothing,Delhi,388,1,388
6326,2025-01-12,Sports,Bangalore,1680,10,16800
6327,2025-09-02,Electronics,Delhi,1861,2,3722
6328,2025-06-09,Electronics,Chennai,823,8,6584
6329,2025-05-13,Furniture,Chennai,1169,1,1169
6330,2025-04-18,Electronics,Chennai,4158,1,4158
6331,2025-01-25,Sports,Delhi,2449,4,9796
6332,2026-02-24,Clothing,Delhi,1463,8,11704
6333,2025-12-18,Sports,Hyderabad,3564,2,7128
6334,2024-07-02,Groceries,Chennai,4459,3,13377
6335,2025-02-28,Groceries,Delhi,3134,7,21938
6336,2025-05-23,Electronics,Bangalore,4568,2,9136
6337,2026-02-18,Sports,Bangalore,1871,7,13097
6338,2026-06-03,Sports,Hyderabad,1086,4,4344
6339,2026-06-08,Sports,Mumbai,1664,3,4992
6340,2024-10-24,Groceries,Bangalore,1653,6,9918
6341,2026-01-07,Groceries,Hyderabad,2956,10,29560
6342,2025-07-01,Furniture,Chennai,3788,4,15152
6343,2026-05-14,Clothing,Chennai,1415,4,5660
6344,2024-09-10,Electronics,Chennai,2778,9,25002
6345,2025-11-27,Groceries,Mumbai,1193,5,5965
6346,2024-09-13,Furniture,Bangalore,3515,10,35150
6347,2025-09-27,Clothing,Bangalore,1507,2,3014
6348,2025-03-25,Clothing,Bangalore,2235,10,22350
6349,2025-02-08,Sports,Hyderabad,857,2,1714
6350,2026-01-01,Groceries,Delhi,2142,4,8568
6351,2024-08-13,Clothing,Chennai,3619,2,7238
6352,2025-04-14,Electronics,Chennai,4132,4,16528
6353,2025-05-04,Electronics,Delhi,1179,3,3537
6354,2025-06-01,Groceries,Hyderabad,1472,4,5888
6355,2026-04-10,Electronics,Chennai,2991,1,2991
6356,2024-08-16,Groceries,Hyderabad,2174,1,2174
6357,2024-10-09,Groceries,Chennai,638,5,3190
6358,2026-05-23,Electronics,Delhi,1828,6,10968
6359,2026-05-11,Groceries,Hyderabad,2763,9,24867
6360,2026-04-30,Furniture,Delhi,2263,2,4526
6361,2024-09-27,Electronics,Bangalore,1927,9,17343
6362,2026-04-11,Groceries,Chennai,2747,10,27470
6363,2025-07-27,Clothing,Chennai,4881,6,29286
6364,2025-08-06,Groceries,Mumbai,3668,3,11004
6365,2025-11-10,Groceries,Bangalore,2987,7,20909
6366,2025-11-29,Clothing,Mumbai,1324,7,9268
6367,2024-07-15,Groceries,Bangalore,2787,8,22296
6368,2025-03-12,Sports,Hyderabad,2287,3,6861
6369,2026-03-24,Furniture,Mumbai,818,9,7362
6370,2025-03-03,Clothing,Delhi,3741,10,37410
6371,2026-05-20,Clothing,Delhi,101,2,202
6372,2026-06-03,Sports,Hyderabad,210,6,1260
6373,2026-04-11,Clothing,Bangalore,4013,6,24078
6374,2025-05-13,Sports,Delhi,4087,2,8174
6375,2025-01-27,Sports,Hyderabad,1557,10,15570
6376,2026-04-03,Furniture,Bangalore,3671,5,18355
6377,2025-12-30,Sports,Delhi,2183,4,8732
6378,2026-04-29,Furniture,Mumbai,2534,8,20272
6379,2026-03-12,Groceries,Hyderabad,870,4,3480
6380,2025-10-04,Furniture,Mumbai,4489,5,22445
6381,2025-08-12,Clothing,Chennai,4643,2,9286
6382,2025-04-13,Furniture,Chennai,3872,8,30976
6383,2025-06-03,Electronics,Bangalore,2242,4,8968
6384,2026-04-14,Groceries,Hyderabad,3313,8,26504
6385,2025-04-17,Clothing,Chennai,1501,9,13509
6386,2024-11-04,Furniture,Hyderabad,2079,10,20790
6387,2025-10-18,Electronics,Mumbai,1804,8,14432
6388,2024-12-07,Clothing,Bangalore,1478,7,10346
6389,2024-11-17,Electronics,Chennai,4521,3,13563
6390,2026-05-08,Clothing,Delhi,676,2,1352
6391,2026-02-25,Electronics,Mumbai,3010,6,18060
6392,2025-10-30,Sports,Delhi,2565,6,15390
6393,2026-04-05,Furniture,Hyderabad,3291,3,9873
6394,2025-10-18,Clothing,Mumbai,4470,3,13410
6395,2025-05-10,Furniture,Hyderabad,1704,9,15336
6396,2025-03-22,Electronics,Delhi,461,1,461
6397,2026-03-30,Sports,Delhi,2240,6,13440
6398,2024-09-30,Furniture,Mumbai,1413,5,7065
6399,2024-12-14,Furniture,Chennai,1568,6,9408
6400,2025-08-16,Clothing,Hyderabad,2204,6,13224
6401,2025-09-25,Electronics,Chennai,3185,3,9555
6402,2025-12-21,Sports,Hyderabad,809,9,7281
6403,2025-12-22,Clothing,Bangalore,2454,3,7362
6404,2024-06-30,Clothing,Chennai,2682,1,2682
6405,2024-09-04,Groceries,Chennai,2277,6,13662
6406,2025-03-13,Sports,Delhi,3444,6,20664
6407,2024-12-22,Clothing,Bangalore,2951,1,2951
6408,2024-11-21,Electronics,Bangalore,3562,2,7124
6409,2024-11-03,Clothing,Bangalore,4698,3,14094
6410,2026-01-20,Furniture,Bangalore,4139,3,12417
6411,2026-05-26,Groceries,Chennai,1128,8,9024
6412,2025-10-10,Sports,Chennai,2563,2,5126
6413,2026-06-24,Clothing,Bangalore,2432,8,19456
6414,2026-03-14,Electronics,Hyderabad,4107,8,32856
6415,2025-01-31,Sports,Delhi,3621,10,36210
6416,2025-08-13,Clothing,Chennai,2281,5,11405
6417,2025-08-22,Sports,Chennai,2604,1,2604
6418,2025-03-23,Groceries,Bangalore,2900,10,29000
6419,2025-02-05,Electronics,Bangalore,2550,2,5100
6420,2026-03-08,Clothing,Chennai,1003,2,2006
6421,2024-10-29,Sports,Bangalore,2849,6,17094
6422,2026-05-13,Groceries,Delhi,4176,6,25056
6423,2024-12-22,Groceries,Hyderabad,1766,5,8830
6424,2026-06-22,Furniture,Bangalore,3765,4,15060
6425,2025-05-23,Sports,Mumbai,3910,7,27370
6426,2024-07-11,Clothing,Hyderabad,3538,8,28304
6427,2024-07-28,Groceries,Delhi,2233,10,22330
6428,2024-11-20,Furniture,Hyderabad,3686,4,14744
6429,2024-12-05,Sports,Bangalore,1064,3,3192
6430,2026-01-07,Groceries,Delhi,4036,10,40360
6431,2025-04-14,Sports,Delhi,1451,8,11608
6432,2026-02-04,Furniture,Hyderabad,2885,3,8655
6433,2026-06-11,Clothing,Chennai,827,6,4962
6434,2024-07-29,Furniture,Chennai,1562,6,9372
6435,2026-05-23,Clothing,Delhi,2165,8,17320
6436,2024-07-09,Sports,Bangalore,2511,7,17577
6437,2025-10-19,Electronics,Mumbai,4446,4,17784
6438,2026-05-24,Sports,Hyderabad,3460,7,24220
6439,2024-07-20,Electronics,Chennai,634,2,1268
6440,2026-05-23,Groceries,Hyderabad,1191,6,7146
6441,2026-06-01,Electronics,Chennai,3342,10,33420
6442,2026-02-11,Groceries,Chennai,2273,2,4546
6443,2025-12-07,Electronics,Mumbai,3919,5,19595
6444,2026-06-28,Furniture,Bangalore,3095,5,15475
6445,2024-08-29,Electronics,Delhi,618,4,2472
6446,2026-01-30,Groceries,Hyderabad,453,3,1359
6447,2025-04-08,Electronics,Delhi,2321,3,6963
6448,2025-05-30,Sports,Bangalore,1831,7,12817
6449,2025-05-19,Sports,Delhi,2355,1,2355
6450,2024-12-23,Clothing,Chennai,4123,3,12369
6451,2025-08-09,Clothing,Bangalore,1639,5,8195
6452,2025-09-29,Sports,Mumbai,573,1,573
6453,2026-03-28,Electronics,Bangalore,1459,2,2918
6454,2024-07-14,Clothing,Bangalore,2552,3,7656
6455,2025-06-24,Furniture,Chennai,602,9,5418
6456,2025-06-25,Furniture,Bangalore,1892,7,13244
6457,2026-02-03,Clothing,Bangalore,2676,5,13380
6458,2026-05-15,Clothing,Chennai,2410,1,2410
6459,2024-09-22,Clothing,Delhi,3702,1,3702
6460,2025-02-06,Furniture,Bangalore,3362,10,33620
6461,2025-07-20,Sports,Mumbai,1922,4,7688
6462,2026-04-25,Groceries,Chennai,1073,2,2146
6463,2025-12-01,Groceries,Delhi,1157,1,1157
6464,2025-05-06,Furniture,Delhi,4477,6,26862
6465,2026-03-08,Clothing,Delhi,263,9,2367
6466,2025-08-08,Clothing,Mumbai,4703,3,14109
6467,2026-03-06,Clothing,Hyderabad,4084,1,4084
6468,2026-05-29,Clothing,Delhi,1397,7,9779
6469,2024-10-09,Furniture,Chennai,4294,5,21470
6470,2024-10-15,Electronics,Bangalore,4710,2,9420
6471,2025-04-11,Electronics,Bangalore,2916,7,20412
6472,2025-12-07,Groceries,Hyderabad,1118,7,7826
6473,2025-09-29,Groceries,Mumbai,1018,10,10180
6474,2025-12-13,Groceries,Bangalore,3950,7,27650
6475,2025-11-22,Electronics,Chennai,3038,8,24304
6476,2024-11-11,Clothing,Mumbai,226,9,2034
6477,2025-11-28,Sports,Chennai,1454,2,2908
6478,2025-05-01,Clothing,Delhi,921,1,921
6479,2026-03-04,Furniture,Hyderabad,3452,3,10356
6480,2024-09-29,Clothing,Hyderabad,4316,3,12948
6481,2026-01-04,Sports,Bangalore,3612,7,25284
6482,2025-09-20,Groceries,Mumbai,614,6,3684
6483,2025-08-21,Furniture,Bangalore,4471,7,31297
6484,2025-04-22,Groceries,Hyderabad,2821,4,11284
6485,2026-01-11,Sports,Hyderabad,3069,2,6138
6486,2025-03-15,Electronics,Hyderabad,4752,2,9504
6487,2024-09-02,Clothing,Mumbai,3186,7,22302
6488,2024-08-18,Furniture,Delhi,1725,5,8625
6489,2026-04-10,Sports,Bangalore,4525,10,45250
6490,2024-08-20,Furniture,Mumbai,1282,3,3846
6491,2025-12-08,Furniture,Chennai,803,5,4015
6492,2024-12-21,Furniture,Chennai,4824,8,38592
6493,2025-02-28,Sports,Delhi,1342,2,2684
6494,2025-03-18,Clothing,Bangalore,539,2,1078
6495,2025-03-31,Clothing,Delhi,1589,3,4767
6496,2026-04-12,Electronics,Mumbai,2989,6,17934
6497,2025-11-24,Sports,Mumbai,904,5,4520
6498,2025-07-16,Electronics,Hyderabad,2265,1,2265
6499,2024-11-17,Groceries,Bangalore,3212,5,16060
6500,2024-12-06,Groceries,Hyderabad,1158,10,11580
6501,2024-07-22,Clothing,Delhi,104,1,104
6502,2025-12-02,Groceries,Bangalore,570,7,3990
6503,2025-04-07,Electronics,Bangalore,3349,2,6698
6504,2024-10-11,Groceries,Hyderabad,1546,10,15460
6505,2026-04-14,Clothing,Bangalore,2136,6,12816
6506,2026-03-13,Electronics,Delhi,1422,8,11376
6507,2025-12-03,Sports,Hyderabad,3450,7,24150
6508,2026-01-17,Groceries,Bangalore,407,1,407
6509,2025-06-26,Sports,Hyderabad,1742,8,13936
6510,2025-10-03,Sports,Chennai,1837,8,14696
6511,2025-06-17,Sports,Mumbai,1295,6,7770
6512,2026-03-23,Sports,Chennai,2552,2,5104
6513,2025-05-07,Groceries,Delhi,107,7,749
6514,2025-06-11,Sports,Bangalore,643,1,643
6515,2025-09-06,Clothing,Chennai,3594,10,35940
6516,2026-04-26,Clothing,Hyderabad,3894,5,19470
6517,2025-12-05,Clothing,Chennai,742,6,4452
6518,2026-05-26,Sports,Mumbai,1276,6,7656
6519,2025-11-25,Furniture,Mumbai,2509,8,20072
6520,2024-11-19,Clothing,Hyderabad,4684,1,4684
6521,2026-03-25,Clothing,Mumbai,1906,8,15248
6522,2026-05-12,Clothing,Delhi,3804,1,3804
6523,2025-07-08,Groceries,Hyderabad,364,3,1092
6524,2025-08-31,Sports,Bangalore,1157,8,9256
6525,2025-01-19,Electronics,Delhi,4921,7,34447
6526,2024-09-07,Furniture,Delhi,4344,8,34752
6527,2026-01-04,Furniture,Bangalore,4209,3,12627
6528,2025-01-11,Electronics,Hyderabad,1185,4,4740
6529,2025-08-31,Furniture,Bangalore,3280,10,32800
6530,2024-07-11,Groceries,Delhi,429,9,3861
6531,2025-04-22,Groceries,Hyderabad,2075,6,12450
6532,2025-12-02,Furniture,Mumbai,1253,5,6265
6533,2024-08-25,Furniture,Delhi,4135,3,12405
6534,2026-03-06,Sports,Delhi,460,3,1380
6535,2025-11-26,Furniture,Delhi,4424,4,17696
6536,2026-01-05,Sports,Chennai,2304,8,18432
6537,2024-08-11,Groceries,Chennai,1682,2,3364
6538,2025-01-17,Sports,Chennai,4330,8,34640
6539,2025-01-15,Groceries,Mumbai,1241,7,8687
6540,2024-11-22,Furniture,Hyderabad,3537,7,24759
6541,2024-07-09,Furniture,Hyderabad,1489,4,5956
6542,2024-08-04,Clothing,Delhi,1012,6,6072
6543,2025-12-08,Sports,Delhi,799,2,1598
6544,2025-05-02,Groceries,Bangalore,1731,1,1731
6545,2025-01-14,Clothing,Chennai,2242,10,22420
6546,2025-08-30,Clothing,Bangalore,4080,10,40800
6547,2025-09-22,Furniture,Delhi,3112,2,6224
6548,2025-12-10,Electronics,Chennai,1528,9,13752
6549,2024-07-30,Furniture,Bangalore,1292,1,1292
6550,2025-04-05,Furniture,Delhi,2129,5,10645
6551,2026-03-07,Electronics,Chennai,4978,10,49780
6552,2024-09-16,Furniture,Bangalore,1421,3,4263
6553,2025-02-10,Clothing,Chennai,1477,4,5908
6554,2025-05-05,Furniture,Mumbai,2114,5,10570
6555,2024-12-17,Electronics,Bangalore,525,1,525
6556,2026-05-30,Groceries,Bangalore,2737,4,10948
6557,2025-05-11,Electronics,Mumbai,3382,7,23674
6558,2024-11-13,Groceries,Mumbai,785,10,7850
6559,2025-05-30,Electronics,Mumbai,4093,1,4093
6560,2025-03-28,Electronics,Delhi,2966,2,5932
6561,2026-01-10,Groceries,Bangalore,2772,3,8316
6562,2026-05-21,Groceries,Delhi,2615,1,2615
6563,2025-03-20,Groceries,Delhi,3084,1,3084
6564,2025-11-13,Furniture,Delhi,4463,4,17852
6565,2026-01-13,Furniture,Bangalore,527,8,4216
6566,2024-07-14,Furniture,Hyderabad,3169,6,19014
6567,2025-08-26,Groceries,Chennai,4408,1,4408
6568,2025-08-08,Clothing,Chennai,4286,7,30002
6569,2025-04-15,Clothing,Hyderabad,2498,10,24980
6570,2025-02-13,Groceries,Delhi,2355,1,2355
6571,2026-05-14,Furniture,Chennai,1761,4,7044
6572,2025-12-26,Electronics,Bangalore,4971,8,39768
6573,2026-02-13,Furniture,Hyderabad,4630,9,41670
6574,2025-03-17,Electronics,Hyderabad,2767,7,19369
6575,2025-11-05,Groceries,Delhi,1243,6,7458
6576,2025-01-09,Clothing,Hyderabad,4619,5,23095
6577,2026-05-17,Sports,Bangalore,4465,1,4465
6578,2026-05-16,Groceries,Chennai,3913,3,11739
6579,2025-01-25,Furniture,Delhi,2954,10,29540
6580,2025-04-15,Clothing,Delhi,3749,5,18745
6581,2025-07-18,Clothing,Bangalore,2145,5,10725
6582,2025-02-16,Electronics,Chennai,2395,7,16765
6583,2025-10-11,Clothing,Delhi,2307,4,9228
6584,2025-08-07,Sports,Hyderabad,945,7,6615
6585,2026-05-07,Electronics,Chennai,4518,5,22590
6586,2024-09-04,Groceries,Chennai,455,5,2275
6587,2025-12-19,Furniture,Bangalore,718,2,1436
6588,2026-05-18,Furniture,Bangalore,4200,4,16800
6589,2025-05-04,Clothing,Chennai,3761,7,26327
6590,2025-10-27,Sports,Hyderabad,4873,7,34111
6591,2025-01-03,Groceries,Delhi,1416,7,9912
6592,2025-10-12,Clothing,Chennai,319,5,1595
6593,2026-04-28,Furniture,Hyderabad,1228,6,7368
6594,2026-03-02,Furniture,Delhi,1906,9,17154
6595,2024-12-09,Furniture,Delhi,348,4,1392
6596,2026-05-01,Sports,Delhi,3933,9,35397
6597,2025-03-04,Sports,Delhi,3310,3,9930
6598,2026-03-11,Sports,Chennai,2248,4,8992
6599,2025-02-14,Sports,Delhi,2018,1,2018
6600,2025-01-15,Sports,Mumbai,2703,7,18921
6601,2026-02-11,Clothing,Chennai,4749,3,14247
6602,2026-05-18,Electronics,Bangalore,2928,8,23424
6603,2025-09-10,Groceries,Bangalore,3685,5,18425
6604,2025-01-15,Clothing,Bangalore,3128,8,25024
6605,2024-09-14,Furniture,Chennai,2015,5,10075
6606,2024-09-04,Sports,Hyderabad,198,10,1980
6607,2025-09-19,Groceries,Bangalore,3107,7,21749
6608,2024-10-04,Electronics,Mumbai,1635,4,6540
6609,2025-09-25,Electronics,Hyderabad,2075,3,6225
6610,2024-08-20,Electronics,Hyderabad,4106,2,8212
6611,2025-12-10,Clothing,Mumbai,968,10,9680
6612,2025-05-01,Sports,Bangalore,1898,9,17082
6613,2024-12-31,Sports,Delhi,4670,5,23350
6614,2026-06-23,Clothing,Mumbai,2070,10,20700
6615,2025-05-23,Furniture,Mumbai,4412,1,4412
6616,2026-02-03,Groceries,Hyderabad,651,5,3255
6617,2025-04-09,Furniture,Mumbai,1792,2,3584
6618,2024-10-02,Sports,Bangalore,1329,2,2658
6619,2025-06-07,Clothing,Bangalore,1160,1,1160
6620,2024-09-04,Electronics,Hyderabad,4986,4,19944
6621,2024-11-13,Sports,Bangalore,1517,9,13653
6622,2026-02-05,Furniture,Chennai,2365,2,4730
6623,2026-02-04,Sports,Chennai,1366,6,8196
6624,2024-08-07,Clothing,Chennai,3319,10,33190
6625,2026-03-25,Sports,Bangalore,1640,8,13120
6626,2024-11-18,Clothing,Delhi,1706,5,8530
6627,2024-12-08,Sports,Delhi,1546,10,15460
6628,2024-09-19,Sports,Delhi,1075,1,1075
6629,2024-07-09,Groceries,Delhi,1691,1,1691
6630,2026-03-04,Sports,Delhi,1910,9,17190
6631,2026-06-17,Electronics,Chennai,1729,4,6916
6632,2026-01-28,Furniture,Hyderabad,3227,4,12908
6633,2026-03-25,Clothing,Mumbai,546,6,3276
6634,2024-07-24,Electronics,Chennai,2619,2,5238
6635,2025-03-11,Furniture,Mumbai,3224,5,16120
6636,2026-03-11,Clothing,Hyderabad,1176,8,9408
6637,2025-04-13,Clothing,Mumbai,1713,4,6852
6638,2025-12-22,Furniture,Delhi,4917,2,9834
6639,2026-01-04,Clothing,Chennai,2892,2,5784
6640,2026-05-13,Clothing,Mumbai,3429,8,27432
6641,2025-10-09,Groceries,Bangalore,3155,9,28395
6642,2025-11-26,Groceries,Chennai,2716,7,19012
6643,2024-10-06,Electronics,Chennai,3326,5,16630
6644,2025-02-27,Clothing,Bangalore,1937,2,3874
6645,2024-07-13,Electronics,Mumbai,4623,5,23115
6646,2025-04-21,Electronics,Chennai,1282,3,3846
6647,2025-03-30,Sports,Chennai,4943,9,44487
6648,2026-05-22,Furniture,Mumbai,4368,4,17472
6649,2025-05-23,Electronics,Hyderabad,3643,3,10929
6650,2025-09-19,Clothing,Mumbai,3764,2,7528
6651,2025-09-02,Clothing,Mumbai,2898,7,20286
6652,2024-07-16,Furniture,Chennai,1769,7,12383
6653,2025-11-07,Electronics,Hyderabad,2419,8,19352
6654,2024-10-20,Sports,Chennai,740,5,3700
6655,2026-05-31,Furniture,Bangalore,4391,2,8782
6656,2024-08-25,Furniture,Chennai,2597,2,5194
6657,2026-02-10,Electronics,Chennai,2564,8,20512
6658,2025-02-18,Groceries,Mumbai,3625,6,21750
6659,2025-03-24,Sports,Hyderabad,3224,2,6448
6660,2025-09-23,Electronics,Delhi,3411,8,27288
6661,2024-09-04,Groceries,Bangalore,1942,6,11652
6662,2025-09-17,Clothing,Chennai,1404,5,7020
6663,2025-04-27,Groceries,Bangalore,3235,8,25880
6664,2024-08-24,Electronics,Hyderabad,761,10,7610
6665,2026-06-26,Furniture,Bangalore,189,8,1512
6666,2024-08-10,Furniture,Delhi,4715,6,28290
6667,2025-02-20,Furniture,Mumbai,2726,6,16356
6668,2026-04-11,Sports,Delhi,677,2,1354
6669,2025-06-02,Sports,Mumbai,4297,5,21485
6670,2025-05-29,Electronics,Bangalore,2013,6,12078
6671,2026-03-30,Groceries,Mumbai,903,6,5418
6672,2025-09-25,Clothing,Delhi,1656,5,8280
6673,2024-08-12,Electronics,Mumbai,2046,1,2046
6674,2026-06-17,Clothing,Hyderabad,3200,9,28800
6675,2024-07-10,Furniture,Delhi,1481,1,1481
6676,2025-09-03,Electronics,Delhi,630,2,1260
6677,2024-11-25,Electronics,Bangalore,2418,8,19344
6678,2025-09-16,Clothing,Bangalore,3626,5,18130
6679,2026-06-04,Groceries,Hyderabad,2088,1,2088
6680,2025-10-20,Clothing,Delhi,4303,9,38727
6681,2025-03-05,Furniture,Chennai,4013,9,36117
6682,2026-05-21,Electronics,Mumbai,2133,10,21330
6683,2025-05-10,Groceries,Bangalore,2076,3,6228
6684,2025-10-29,Groceries,Hyderabad,4605,3,13815
6685,2025-05-03,Groceries,Delhi,599,7,4193
6686,2025-08-07,Furniture,Mumbai,1823,10,18230
6687,2024-07-30,Electronics,Chennai,3727,3,11181
6688,2026-01-30,Electronics,Bangalore,437,3,1311
6689,2024-07-02,Groceries,Chennai,4613,4,18452
6690,2024-09-25,Electronics,Chennai,2616,10,26160
6691,2025-01-30,Groceries,Chennai,2944,2,5888
6692,2025-07-05,Electronics,Mumbai,3782,4,15128
6693,2025-05-12,Electronics,Bangalore,3817,10,38170
6694,2025-07-30,Electronics,Bangalore,3202,4,12808
6695,2026-02-04,Furniture,Hyderabad,1034,8,8272
6696,2024-07-10,Sports,Delhi,1471,1,1471
6697,2026-01-31,Groceries,Chennai,4127,2,8254
6698,2026-06-15,Clothing,Mumbai,1982,9,17838
6699,2025-04-28,Groceries,Delhi,1976,9,17784
6700,2025-01-21,Furniture,Hyderabad,4995,3,14985
6701,2026-06-03,Furniture,Delhi,2229,9,20061
6702,2026-03-23,Electronics,Mumbai,2555,8,20440
6703,2025-04-13,Electronics,Mumbai,3248,1,3248
6704,2025-07-21,Furniture,Mumbai,1988,6,11928
6705,2024-10-18,Electronics,Delhi,4211,7,29477
6706,2026-03-18,Sports,Chennai,3459,2,6918
6707,2025-07-07,Electronics,Delhi,4128,2,8256
6708,2025-03-04,Sports,Mumbai,966,5,4830
6709,2025-07-19,Groceries,Mumbai,4631,6,27786
6710,2025-09-16,Clothing,Hyderabad,2492,4,9968
6711,2024-11-28,Sports,Bangalore,164,3,492
6712,2025-02-18,Electronics,Delhi,1813,6,10878
6713,2025-01-19,Furniture,Chennai,3098,2,6196
6714,2024-07-10,Electronics,Hyderabad,3023,8,24184
6715,2025-09-12,Clothing,Mumbai,3228,9,29052
6716,2024-09-08,Sports,Hyderabad,1293,10,12930
6717,2024-09-05,Electronics,Chennai,479,2,958
6718,2025-10-02,Clothing,Bangalore,1227,9,11043
6719,2025-06-28,Clothing,Delhi,3212,4,12848
6720,2026-06-14,Furniture,Hyderabad,2051,7,14357
6721,2026-04-09,Furniture,Hyderabad,4100,1,4100
6722,2025-03-03,Groceries,Mumbai,1488,10,14880
6723,2025-06-21,Furniture,Delhi,3485,5,17425
6724,2025-11-10,Sports,Mumbai,2786,6,16716
6725,2025-08-04,Furniture,Chennai,1150,6,6900
6726,2026-04-07,Clothing,Chennai,1057,7,7399
6727,2024-09-23,Clothing,Delhi,3156,8,25248
6728,2024-12-23,Electronics,Mumbai,3387,8,27096
6729,2025-12-17,Clothing,Chennai,4779,8,38232
6730,2025-03-26,Electronics,Mumbai,2078,2,4156
6731,2025-08-10,Clothing,Chennai,804,5,4020
6732,2025-11-19,Groceries,Mumbai,2640,5,13200
6733,2024-08-05,Groceries,Delhi,2347,1,2347
6734,2025-08-05,Clothing,Delhi,3306,4,13224
6735,2024-12-15,Furniture,Bangalore,2644,7,18508
6736,2024-10-27,Groceries,Bangalore,3952,2,7904
6737,2024-08-12,Furniture,Chennai,2292,3,6876
6738,2025-06-14,Electronics,Bangalore,3052,3,9156
6739,2026-05-25,Furniture,Hyderabad,2166,10,21660
6740,2026-03-25,Furniture,Bangalore,1956,3,5868
6741,2025-01-08,Clothing,Delhi,663,1,663
6742,2025-10-17,Electronics,Bangalore,3625,3,10875
6743,2025-03-02,Furniture,Delhi,3180,6,19080
6744,2026-01-14,Groceries,Bangalore,3401,4,13604
6745,2025-10-14,Groceries,Bangalore,1199,3,3597
6746,2025-06-14,Furniture,Bangalore,279,9,2511
6747,2026-05-23,Electronics,Bangalore,4366,7,30562
6748,2024-09-12,Electronics,Chennai,4377,1,4377
6749,2026-01-20,Sports,Bangalore,819,2,1638
6750,2025-01-10,Clothing,Hyderabad,3258,8,26064
6751,2024-07-25,Sports,Bangalore,985,3,2955
6752,2026-04-04,Groceries,Mumbai,2632,7,18424
6753,2024-08-01,Furniture,Bangalore,4786,8,38288
6754,2025-02-07,Groceries,Mumbai,4394,9,39546
6755,2025-03-18,Sports,Hyderabad,4248,3,12744
6756,2024-11-29,Electronics,Mumbai,2695,9,24255
6757,2025-11-23,Groceries,Delhi,341,1,341
6758,2024-12-29,Groceries,Hyderabad,4535,9,40815
6759,2025-08-30,Groceries,Mumbai,1298,1,1298
6760,2025-07-26,Sports,Hyderabad,3044,7,21308
6761,2025-04-11,Groceries,Chennai,2762,1,2762
6762,2025-05-09,Sports,Mumbai,4420,8,35360
6763,2024-11-21,Sports,Mumbai,2555,7,17885
6764,2024-08-15,Clothing,Hyderabad,2452,1,2452
6765,2024-08-25,Clothing,Mumbai,950,4,3800
6766,2026-04-14,Sports,Bangalore,1010,9,9090
6767,2025-11-30,Furniture,Mumbai,3612,5,18060
6768,2026-04-06,Groceries,Chennai,3016,3,9048
6769,2026-06-02,Electronics,Hyderabad,2909,8,23272
6770,2025-03-09,Groceries,Bangalore,4812,1,4812
6771,2025-09-23,Clothing,Chennai,759,3,2277
6772,2025-08-18,Electronics,Delhi,4654,1,4654
6773,2025-03-11,Sports,Hyderabad,4412,3,13236
6774,2025-10-16,Sports,Bangalore,1924,10,19240
6775,2024-09-27,Furniture,Delhi,4190,7,29330
6776,2024-12-05,Groceries,Hyderabad,1650,5,8250
6777,2024-08-26,Groceries,Chennai,719,2,1438
6778,2025-03-08,Sports,Delhi,4722,4,18888
6779,2025-11-29,Groceries,Hyderabad,2017,8,16136
6780,2024-07-26,Groceries,Delhi,449,2,898
6781,2025-07-26,Electronics,Bangalore,240,4,960
6782,2025-02-25,Groceries,Bangalore,1754,5,8770
6783,2024-07-24,Sports,Hyderabad,3737,9,33633
6784,2026-05-20,Clothing,Delhi,4268,4,17072
6785,2024-11-06,Clothing,Mumbai,2716,7,19012
6786,2026-01-15,Groceries,Hyderabad,2272,8,18176
6787,2026-02-25,Electronics,Delhi,2890,7,20230
6788,2025-07-02,Sports,Bangalore,4155,3,12465
6789,2024-07-18,Electronics,Delhi,317,4,1268
6790,2025-07-07,Electronics,Delhi,1062,1,1062
6791,2025-06-03,Electronics,Delhi,2368,1,2368
6792,2026-04-15,Clothing,Delhi,4848,9,43632
6793,2026-06-03,Electronics,Chennai,845,4,3380
6794,2025-06-21,Clothing,Delhi,3960,9,35640
6795,2025-08-23,Groceries,Mumbai,1374,2,2748
6796,2026-01-28,Clothing,Chennai,2918,2,5836
6797,2025-02-04,Electronics,Bangalore,4291,6,25746
6798,2025-03-02,Clothing,Mumbai,1543,3,4629
6799,2024-12-21,Electronics,Chennai,3951,9,35559
6800,2024-10-11,Electronics,Chennai,3556,1,3556
6801,2024-08-26,Clothing,Delhi,2400,6,14400
6802,2026-01-12,Groceries,Mumbai,4999,5,24995
6803,2026-04-09,Clothing,Mumbai,3125,7,21875
6804,2024-10-27,Groceries,Bangalore,669,1,669
6805,2024-08-25,Groceries,Chennai,553,6,3318
6806,2024-12-25,Sports,Mumbai,4071,1,4071
6807,2024-12-14,Clothing,Hyderabad,797,7,5579
6808,2026-03-07,Clothing,Mumbai,3559,5,17795
6809,2026-05-21,Electronics,Delhi,1473,7,10311
6810,2024-07-19,Groceries,Chennai,3426,9,30834
6811,2026-02-05,Groceries,Mumbai,1687,1,1687
6812,2025-05-23,Groceries,Hyderabad,3224,10,32240
6813,2024-10-31,Furniture,Bangalore,4681,8,37448
6814,2024-08-09,Furniture,Bangalore,3988,4,15952
6815,2024-07-22,Sports,Delhi,3839,9,34551
6816,2025-10-16,Electronics,Hyderabad,1971,10,19710
6817,2024-10-31,Sports,Delhi,3107,5,15535
6818,2024-12-22,Clothing,Hyderabad,4329,6,25974
6819,2025-01-12,Sports,Delhi,772,5,3860
6820,2025-01-30,Clothing,Bangalore,2528,9,22752
6821,2025-10-29,Clothing,Mumbai,4545,1,4545
6822,2025-09-20,Electronics,Hyderabad,4340,6,26040
6823,2025-08-13,Furniture,Bangalore,2476,6,14856
6824,2025-10-10,Electronics,Delhi,4921,10,49210
6825,2025-09-06,Electronics,Bangalore,4524,8,36192
6826,2025-08-16,Furniture,Hyderabad,3213,8,25704
6827,2024-10-19,Clothing,Hyderabad,486,9,4374
6828,2026-05-19,Groceries,Bangalore,2108,7,14756
6829,2025-09-08,Clothing,Mumbai,3670,10,36700
6830,2025-02-16,Clothing,Chennai,4784,2,9568
6831,2026-06-05,Sports,Hyderabad,3718,9,33462
6832,2026-06-28,Electronics,Bangalore,3268,10,32680
6833,2024-12-07,Groceries,Hyderabad,3022,6,18132
6834,2025-04-24,Groceries,Hyderabad,1057,4,4228
6835,2024-07-26,Clothing,Hyderabad,1328,4,5312
6836,2026-03-30,Sports,Chennai,1140,5,5700
6837,2025-05-03,Groceries,Hyderabad,2267,5,11335
6838,2025-06-20,Groceries,Hyderabad,3661,1,3661
6839,2025-01-23,Groceries,Bangalore,1660,4,6640
6840,2025-10-24,Electronics,Hyderabad,682,6,4092
6841,2024-10-20,Furniture,Hyderabad,1783,8,14264
6842,2026-05-22,Furniture,Bangalore,3332,7,23324
6843,2026-04-02,Sports,Bangalore,2177,4,8708
6844,2025-12-13,Clothing,Delhi,186,9,1674
6845,2025-01-31,Sports,Mumbai,2756,4,11024
6846,2025-05-24,Electronics,Bangalore,568,2,1136
6847,2025-12-31,Electronics,Delhi,4362,6,26172
6848,2024-07-26,Groceries,Bangalore,1017,9,9153
6849,2025-01-10,Furniture,Bangalore,2657,9,23913
6850,2026-06-11,Clothing,Bangalore,3975,9,35775
6851,2025-02-17,Furniture,Hyderabad,4933,1,4933
6852,2025-01-07,Electronics,Bangalore,4424,10,44240
6853,2026-06-11,Furniture,Chennai,3454,7,24178
6854,2025-12-14,Furniture,Hyderabad,1395,8,11160
6855,2026-05-15,Furniture,Mumbai,4775,3,14325
6856,2025-11-07,Furniture,Mumbai,2296,8,18368
6857,2025-07-09,Furniture,Delhi,892,6,5352
6858,2026-06-12,Clothing,Mumbai,1346,4,5384
6859,2025-10-16,Sports,Hyderabad,1597,5,7985
6860,2026-02-21,Clothing,Bangalore,1531,3,4593
6861,2025-06-03,Groceries,Chennai,837,4,3348
6862,2024-11-16,Groceries,Chennai,816,9,7344
6863,2025-04-06,Sports,Mumbai,3217,3,9651
6864,2024-06-28,Clothing,Bangalore,2318,6,13908
6865,2024-12-15,Electronics,Bangalore,4015,3,12045
6866,2025-03-20,Electronics,Bangalore,1685,4,6740
6867,2025-01-07,Electronics,Hyderabad,2054,4,8216
6868,2025-11-03,Clothing,Chennai,879,9,7911
6869,2024-08-20,Clothing,Bangalore,1977,6,11862
6870,2026-03-02,Sports,Mumbai,4139,5,20695
6871,2025-01-21,Furniture,Delhi,4672,4,18688
6872,2026-02-12,Groceries,Bangalore,2970,9,26730
6873,2026-06-21,Electronics,Hyderabad,824,9,7416
6874,2026-04-11,Groceries,Delhi,155,6,930
6875,2025-09-21,Furniture,Hyderabad,437,1,437
6876,2025-04-22,Electronics,Bangalore,1602,1,1602
6877,2026-03-03,Electronics,Hyderabad,3146,6,18876
6878,2025-03-03,Electronics,Chennai,3635,5,18175
6879,2025-12-04,Sports,Mumbai,2440,10,24400
6880,2024-09-25,Clothing,Delhi,933,9,8397
6881,2024-11-09,Electronics,Mumbai,287,6,1722
6882,2024-08-23,Furniture,Chennai,4050,8,32400
6883,2025-12-17,Electronics,Mumbai,4630,7,32410
6884,2025-05-29,Sports,Hyderabad,329,7,2303
6885,2025-08-03,Furniture,Mumbai,647,2,1294
6886,2025-03-07,Sports,Chennai,2887,7,20209
6887,2025-04-30,Furniture,Chennai,4741,4,18964
6888,2024-11-13,Electronics,Delhi,2187,1,2187
6889,2025-02-11,Clothing,Mumbai,3019,3,9057
6890,2026-04-27,Clothing,Bangalore,728,5,3640
6891,2026-06-02,Clothing,Bangalore,4607,4,18428
6892,2026-05-21,Furniture,Mumbai,734,2,1468
6893,2024-07-11,Furniture,Mumbai,3375,2,6750
6894,2024-11-08,Clothing,Delhi,2886,1,2886
6895,2026-04-10,Furniture,Mumbai,602,9,5418
6896,2024-09-15,Sports,Bangalore,4449,5,22245
6897,2025-05-14,Sports,Hyderabad,3059,4,12236
6898,2024-08-03,Groceries,Bangalore,2833,1,2833
6899,2025-04-06,Electronics,Mumbai,2789,9,25101
6900,2026-06-12,Groceries,Chennai,2323,2,4646
6901,2024-07-24,Clothing,Delhi,333,4,1332
6902,2026-04-04,Electronics,Chennai,2433,6,14598
6903,2025-09-07,Furniture,Bangalore,1938,9,17442
6904,2025-06-18,Electronics,Hyderabad,4623,2,9246
6905,2025-02-18,Electronics,Mumbai,2395,6,14370
6906,2024-10-13,Groceries,Mumbai,3039,9,27351
6907,2024-09-17,Groceries,Bangalore,4545,10,45450
6908,2026-03-03,Furniture,Mumbai,1428,6,8568
6909,2025-08-17,Clothing,Chennai,409,10,4090
6910,2025-02-20,Clothing,Mumbai,306,9,2754
6911,2024-09-05,Sports,Bangalore,3163,1,3163
6912,2025-04-24,Furniture,Chennai,2359,6,14154
6913,2024-12-29,Sports,Mumbai,2092,5,10460
6914,2025-04-13,Electronics,Bangalore,4984,3,14952
6915,2025-05-15,Furniture,Chennai,2828,8,22624
6916,2026-01-09,Electronics,Mumbai,3473,3,10419
6917,2025-06-27,Sports,Chennai,1338,6,8028
6918,2024-09-27,Clothing,Bangalore,2798,8,22384
6919,2026-02-15,Clothing,Chennai,2344,6,14064
6920,2024-07-30,Clothing,Chennai,557,5,2785
6921,2025-09-16,Sports,Mumbai,2098,1,2098
6922,2025-09-12,Sports,Delhi,1463,6,8778
6923,2024-07-14,Sports,Bangalore,4782,2,9564
6924,2026-06-16,Groceries,Delhi,3151,4,12604
6925,2025-09-14,Groceries,Chennai,3772,1,3772
6926,2024-11-16,Sports,Mumbai,3105,2,6210
6927,2026-04-28,Furniture,Bangalore,2131,1,2131
6928,2025-04-18,Electronics,Delhi,134,6,804
6929,2024-12-20,Furniture,Hyderabad,4238,8,33904
6930,2024-11-05,Electronics,Bangalore,1352,4,5408
6931,2025-07-17,Clothing,Hyderabad,3070,2,6140
6932,2024-09-19,Sports,Bangalore,3558,8,28464
6933,2025-01-29,Sports,Bangalore,1807,10,18070
6934,2025-10-07,Groceries,Hyderabad,1794,5,8970
6935,2025-06-19,Sports,Chennai,2563,6,15378
6936,2025-06-25,Groceries,Mumbai,1359,9,12231
6937,2025-01-09,Furniture,Bangalore,2427,8,19416
6938,2025-12-27,Electronics,Mumbai,4116,3,12348
6939,2024-12-04,Sports,Hyderabad,4866,10,48660
6940,2025-06-30,Clothing,Chennai,2323,9,20907
6941,2026-06-08,Sports,Bangalore,142,2,284
6942,2025-08-04,Furniture,Bangalore,3428,6,20568
6943,2024-08-24,Clothing,Chennai,3622,2,7244
6944,2025-08-14,Groceries,Delhi,4906,6,29436
6945,2025-12-24,Sports,Chennai,531,3,1593
6946,2026-01-18,Clothing,Hyderabad,623,5,3115
6947,2026-03-07,Groceries,Hyderabad,4766,9,42894
6948,2025-09-03,Clothing,Hyderabad,695,3,2085
6949,2025-07-24,Sports,Hyderabad,3527,4,14108
6950,2024-10-16,Furniture,Bangalore,1382,1,1382
6951,2024-07-25,Sports,Bangalore,1538,3,4614
6952,2025-06-20,Furniture,Hyderabad,482,8,3856
6953,2026-03-04,Groceries,Hyderabad,3023,4,12092
6954,2025-04-16,Electronics,Chennai,1775,7,12425
6955,2025-06-29,Groceries,Chennai,314,1,314
6956,2025-08-23,Electronics,Bangalore,761,3,2283
6957,2026-05-24,Groceries,Bangalore,904,8,7232
6958,2024-07-27,Groceries,Mumbai,2597,6,15582
6959,2025-10-07,Electronics,Bangalore,1988,3,5964
6960,2024-12-14,Sports,Chennai,1161,2,2322
6961,2025-07-24,Groceries,Hyderabad,1609,3,4827
6962,2025-07-02,Clothing,Mumbai,2500,7,17500
6963,2026-02-21,Clothing,Hyderabad,1528,3,4584
6964,2025-01-17,Groceries,Hyderabad,4882,6,29292
6965,2024-07-22,Furniture,Bangalore,1543,4,6172
6966,2024-12-10,Furniture,Hyderabad,2229,6,13374
6967,2025-08-22,Clothing,Hyderabad,1630,6,9780
6968,2026-05-09,Sports,Hyderabad,635,5,3175
6969,2025-11-24,Groceries,Hyderabad,2111,4,8444
6970,2025-08-22,Electronics,Delhi,2383,9,21447
6971,2026-04-23,Furniture,Mumbai,1198,8,9584
6972,2025-04-03,Groceries,Bangalore,2074,8,16592
6973,2026-01-09,Furniture,Chennai,3167,9,28503
6974,2025-04-06,Groceries,Delhi,1746,1,1746
6975,2026-01-08,Sports,Hyderabad,1583,10,15830
6976,2025-10-11,Furniture,Delhi,3131,9,28179
6977,2026-04-19,Clothing,Mumbai,2150,2,4300
6978,2026-05-21,Electronics,Delhi,4282,7,29974
6979,2025-01-23,Clothing,Bangalore,3601,9,32409
6980,2026-06-21,Clothing,Delhi,682,6,4092
6981,2025-11-09,Electronics,Mumbai,4270,2,8540
6982,2025-08-05,Groceries,Delhi,1181,4,4724
6983,2025-04-05,Clothing,Bangalore,2977,9,26793
6984,2024-09-29,Groceries,Hyderabad,3423,2,6846
6985,2025-11-08,Furniture,Mumbai,1054,5,5270
6986,2025-04-26,Furniture,Hyderabad,2260,10,22600
6987,2025-06-27,Groceries,Mumbai,3668,1,3668
6988,2025-10-20,Electronics,Bangalore,3754,2,7508
6989,2024-08-14,Furniture,Mumbai,208,8,1664
6990,2026-03-08,Furniture,Mumbai,1866,4,7464
6991,2025-05-15,Electronics,Bangalore,1755,2,3510
6992,2025-05-03,Sports,Mumbai,3544,6,21264
6993,2026-03-08,Electronics,Bangalore,1863,6,11178
6994,2025-03-07,Clothing,Chennai,351,1,351
6995,2025-03-31,Furniture,Mumbai,1448,4,5792
6996,2026-01-12,Furniture,Delhi,4781,8,38248
6997,2024-11-17,Groceries,Bangalore,4573,6,27438
6998,2024-12-12,Clothing,Delhi,2243,5,11215
6999,2024-09-14,Furniture,Chennai,357,8,2856
7000,2025-02-07,Groceries,Mumbai,3166,9,28494
7001,2026-02-21,Clothing,Chennai,2191,7,15337
7002,2025-11-05,Sports,Bangalore,1145,5,5725
7003,2024-09-17,Furniture,Mumbai,230,10,2300
7004,2026-06-01,Furniture,Bangalore,1097,5,5485
7005,2026-01-23,Sports,Delhi,621,5,3105
7006,2025-06-03,Clothing,Mumbai,554,8,4432
7007,2026-04-06,Furniture,Bangalore,881,5,4405
7008,2025-04-28,Clothing,Delhi,3577,7,25039
7009,2025-04-20,Sports,Chennai,3554,8,28432
7010,2025-08-01,Clothing,Hyderabad,3362,9,30258
7011,2025-06-27,Groceries,Mumbai,987,3,2961
7012,2025-12-13,Electronics,Chennai,1218,7,8526
7013,2025-04-30,Furniture,Chennai,999,1,999
7014,2024-10-29,Clothing,Delhi,3970,7,27790
7015,2026-01-12,Furniture,Chennai,4967,7,34769
7016,2025-11-06,Clothing,Bangalore,4116,1,4116
7017,2025-02-08,Electronics,Chennai,4021,5,20105
7018,2025-11-21,Clothing,Delhi,1388,7,9716
7019,2026-03-01,Groceries,Mumbai,1868,4,7472
7020,2025-08-16,Groceries,Delhi,2864,4,11456
7021,2026-01-15,Furniture,Hyderabad,2831,7,19817
7022,2025-08-31,Furniture,Delhi,3360,2,6720
7023,2025-03-25,Clothing,Bangalore,3863,9,34767
7024,2026-05-03,Sports,Mumbai,4951,3,14853
7025,2024-10-14,Sports,Delhi,3803,4,15212
7026,2024-12-28,Sports,Hyderabad,3291,7,23037
7027,2025-12-05,Groceries,Hyderabad,3434,7,24038
7028,2025-11-15,Groceries,Delhi,4782,8,38256
7029,2026-06-10,Sports,Delhi,3866,3,11598
7030,2026-01-05,Clothing,Mumbai,4575,6,27450
7031,2024-12-25,Clothing,Hyderabad,3455,5,17275
7032,2025-09-15,Furniture,Delhi,3182,6,19092
7033,2026-04-09,Furniture,Bangalore,3375,10,33750
7034,2026-03-13,Electronics,Mumbai,4766,8,38128
7035,2025-07-18,Electronics,Bangalore,153,3,459
7036,2025-08-08,Electronics,Delhi,1379,10,13790
7037,2024-10-07,Electronics,Delhi,3009,2,6018
7038,2025-07-17,Furniture,Bangalore,4838,4,19352
7039,2024-07-01,Clothing,Hyderabad,3959,10,39590
7040,2026-04-17,Clothing,Hyderabad,4960,10,49600
7041,2024-08-28,Electronics,Mumbai,2400,4,9600
7042,2026-02-21,Furniture,Mumbai,2176,4,8704
7043,2025-11-04,Groceries,Mumbai,4361,4,17444
7044,2025-10-18,Groceries,Hyderabad,2850,7,19950
7045,2026-01-31,Electronics,Bangalore,1778,9,16002
7046,2025-08-19,Sports,Bangalore,4533,1,4533
7047,2025-09-01,Furniture,Mumbai,1069,7,7483
7048,2024-11-04,Furniture,Mumbai,1365,5,6825
7049,2024-09-21,Groceries,Chennai,136,4,544
7050,2025-06-23,Sports,Bangalore,4362,3,13086
7051,2025-08-04,Clothing,Mumbai,3356,5,16780
7052,2025-06-15,Groceries,Chennai,3232,7,22624
7053,2024-11-09,Groceries,Bangalore,4114,2,8228
7054,2024-12-22,Groceries,Delhi,1539,10,15390
7055,2024-11-05,Groceries,Hyderabad,1695,7,11865
7056,2026-06-13,Clothing,Delhi,1015,8,8120
7057,2024-11-16,Clothing,Bangalore,3500,5,17500
7058,2025-04-01,Clothing,Chennai,2541,1,2541
7059,2026-04-24,Electronics,Hyderabad,3829,1,3829
7060,2025-04-15,Furniture,Hyderabad,1901,8,15208
7061,2025-02-17,Electronics,Mumbai,1969,5,9845
7062,2025-08-19,Furniture,Bangalore,2275,10,22750
7063,2025-08-31,Furniture,Hyderabad,3195,4,12780
7064,2024-10-21,Groceries,Bangalore,1840,4,7360
7065,2025-11-09,Clothing,Delhi,1301,6,7806
7066,2025-10-19,Sports,Delhi,1577,2,3154
7067,2025-07-01,Electronics,Delhi,1531,5,7655
7068,2026-01-24,Sports,Hyderabad,799,10,7990
7069,2024-12-14,Furniture,Mumbai,4967,4,19868
7070,2026-05-27,Groceries,Mumbai,489,8,3912
7071,2025-01-18,Furniture,Chennai,4759,8,38072
7072,2024-11-10,Groceries,Mumbai,3969,4,15876
7073,2025-11-17,Furniture,Mumbai,4402,2,8804
7074,2025-11-15,Clothing,Chennai,725,10,7250
7075,2024-11-25,Groceries,Hyderabad,1799,8,14392
7076,2024-10-01,Electronics,Mumbai,3211,1,3211
7077,2025-02-25,Sports,Bangalore,2432,6,14592
7078,2025-04-20,Electronics,Hyderabad,4724,9,42516
7079,2024-12-06,Clothing,Chennai,759,2,1518
7080,2025-06-26,Groceries,Mumbai,4196,5,20980
7081,2025-02-12,Groceries,Chennai,3132,5,15660
7082,2025-07-16,Groceries,Bangalore,3165,9,28485
7083,2026-05-18,Electronics,Hyderabad,401,5,2005
7084,2026-01-16,Sports,Mumbai,4003,7,28021
7085,2024-10-17,Clothing,Chennai,812,1,812
7086,2025-09-18,Groceries,Bangalore,4103,8,32824
7087,2025-02-06,Furniture,Mumbai,4208,8,33664
7088,2024-12-11,Electronics,Delhi,4130,7,28910
7089,2024-11-28,Furniture,Mumbai,560,10,5600
7090,2025-12-31,Sports,Bangalore,3652,4,14608
7091,2025-12-30,Electronics,Chennai,737,10,7370
7092,2025-01-11,Electronics,Bangalore,4470,2,8940
7093,2025-06-26,Furniture,Bangalore,4480,7,31360
7094,2026-01-03,Sports,Hyderabad,3407,4,13628
7095,2026-01-12,Clothing,Hyderabad,2622,10,26220
7096,2025-11-04,Furniture,Chennai,1383,1,1383
7097,2026-06-22,Sports,Chennai,4989,9,44901
7098,2024-11-04,Groceries,Chennai,2335,3,7005
7099,2025-12-02,Sports,Delhi,270,1,270
7100,2025-07-13,Electronics,Hyderabad,4906,7,34342
7101,2025-03-17,Clothing,Hyderabad,4747,6,28482
7102,2024-09-16,Electronics,Hyderabad,908,10,9080
7103,2025-02-25,Sports,Delhi,1490,5,7450
7104,2025-05-24,Clothing,Mumbai,4698,7,32886
7105,2026-01-07,Sports,Bangalore,1932,3,5796
7106,2025-06-21,Electronics,Hyderabad,480,2,960
7107,2024-08-22,Furniture,Hyderabad,3895,2,7790
7108,2024-07-18,Clothing,Hyderabad,330,1,330
7109,2024-12-09,Groceries,Chennai,762,8,6096
7110,2025-11-29,Groceries,Hyderabad,1584,5,7920
7111,2024-10-29,Furniture,Hyderabad,3660,7,25620
7112,2025-03-01,Groceries,Bangalore,3269,2,6538
7113,2025-06-24,Sports,Chennai,3956,4,15824
7114,2026-01-17,Sports,Hyderabad,413,2,826
7115,2025-06-02,Sports,Chennai,2544,6,15264
7116,2026-05-06,Groceries,Bangalore,3790,5,18950
7117,2025-07-17,Electronics,Chennai,1570,8,12560
7118,2026-02-03,Electronics,Delhi,1930,5,9650
7119,2024-10-13,Sports,Delhi,4796,9,43164
7120,2026-02-13,Electronics,Bangalore,4654,8,37232
7121,2025-03-08,Clothing,Chennai,703,7,4921
7122,2025-09-11,Electronics,Mumbai,4294,2,8588
7123,2024-11-25,Clothing,Delhi,3869,6,23214
7124,2025-05-25,Sports,Delhi,1730,10,17300
7125,2025-05-22,Electronics,Delhi,520,9,4680
7126,2024-11-11,Sports,Delhi,1670,1,1670
7127,2025-09-27,Electronics,Delhi,3675,9,33075
7128,2024-11-09,Sports,Delhi,3290,6,19740
7129,2026-02-01,Sports,Hyderabad,139,4,556
7130,2026-05-27,Sports,Bangalore,2051,5,10255
7131,2026-06-24,Groceries,Bangalore,4690,9,42210
7132,2026-05-30,Electronics,Chennai,211,1,211
7133,2025-04-07,Groceries,Delhi,321,5,1605
7134,2025-01-02,Clothing,Delhi,4490,1,4490
7135,2025-01-07,Furniture,Hyderabad,3583,3,10749
7136,2024-10-21,Clothing,Mumbai,1923,9,17307
7137,2026-02-17,Sports,Hyderabad,1032,7,7224
7138,2024-12-11,Furniture,Hyderabad,2902,10,29020
7139,2026-04-20,Electronics,Mumbai,3039,5,15195
7140,2024-11-26,Clothing,Chennai,2861,4,11444
7141,2025-04-20,Clothing,Chennai,905,7,6335
7142,2025-12-30,Furniture,Hyderabad,1016,6,6096
7143,2025-10-27,Groceries,Hyderabad,2069,8,16552
7144,2024-11-12,Sports,Bangalore,2597,5,12985
7145,2025-08-27,Groceries,Delhi,2457,4,9828
7146,2026-04-24,Clothing,Hyderabad,3681,1,3681
7147,2024-09-05,Electronics,Bangalore,3902,9,35118
7148,2025-07-24,Furniture,Delhi,1155,6,6930
7149,2025-02-25,Clothing,Delhi,1937,10,19370
7150,2024-10-05,Groceries,Chennai,4152,3,12456
7151,2025-02-17,Clothing,Delhi,4446,1,4446
7152,2025-12-26,Sports,Delhi,1453,5,7265
7153,2025-10-08,Groceries,Hyderabad,2319,8,18552
7154,2024-11-13,Electronics,Mumbai,950,6,5700
7155,2025-03-11,Electronics,Chennai,4975,8,39800
7156,2025-04-09,Electronics,Delhi,1685,4,6740
7157,2025-05-09,Electronics,Mumbai,1087,7,7609
7158,2026-01-06,Sports,Mumbai,985,6,5910
7159,2025-03-25,Groceries,Delhi,3918,8,31344
7160,2026-04-15,Groceries,Chennai,1439,2,2878
7161,2024-12-17,Electronics,Bangalore,4177,3,12531
7162,2024-11-14,Furniture,Delhi,990,10,9900
7163,2025-10-05,Groceries,Bangalore,1558,8,12464
7164,2024-09-30,Furniture,Delhi,2736,8,21888
7165,2025-03-30,Groceries,Mumbai,2936,4,11744
7166,2025-09-18,Electronics,Mumbai,4806,7,33642
7167,2026-03-17,Electronics,Mumbai,1771,1,1771
7168,2025-08-12,Clothing,Chennai,3649,2,7298
7169,2025-04-28,Electronics,Chennai,4546,1,4546
7170,2025-08-12,Furniture,Mumbai,2716,8,21728
7171,2025-09-06,Furniture,Hyderabad,2841,8,22728
7172,2025-03-27,Groceries,Mumbai,2872,10,28720
7173,2025-05-17,Electronics,Chennai,3176,6,19056
7174,2024-10-20,Groceries,Mumbai,1177,6,7062
7175,2026-06-09,Furniture,Chennai,1504,7,10528
7176,2025-11-24,Electronics,Hyderabad,2347,10,23470
7177,2024-10-01,Clothing,Chennai,1866,9,16794
7178,2025-06-14,Electronics,Bangalore,2203,9,19827
7179,2024-08-03,Electronics,Hyderabad,4253,9,38277
7180,2024-08-26,Clothing,Mumbai,4411,2,8822
7181,2024-12-09,Groceries,Bangalore,1268,1,1268
7182,2025-09-21,Groceries,Delhi,840,9,7560
7183,2025-06-27,Furniture,Mumbai,2444,2,4888
7184,2025-02-05,Electronics,Chennai,899,6,5394
7185,2026-06-14,Groceries,Bangalore,769,10,7690
7186,2024-12-27,Groceries,Hyderabad,1713,5,8565
7187,2026-05-10,Electronics,Mumbai,3830,3,11490
7188,2025-01-22,Electronics,Delhi,1772,7,12404
7189,2026-03-15,Sports,Chennai,780,5,3900
7190,2026-01-03,Furniture,Mumbai,4945,8,39560
7191,2026-04-10,Clothing,Hyderabad,618,3,1854
7192,2025-03-26,Clothing,Bangalore,678,7,4746
7193,2025-12-03,Furniture,Chennai,1886,9,16974
7194,2025-03-05,Furniture,Chennai,932,6,5592
7195,2026-06-06,Electronics,Delhi,123,1,123
7196,2025-02-14,Furniture,Hyderabad,972,7,6804
7197,2025-07-19,Electronics,Delhi,3212,3,9636
7198,2025-09-04,Electronics,Hyderabad,2774,10,27740
7199,2025-10-02,Sports,Delhi,2602,8,20816
7200,2024-10-07,Furniture,Hyderabad,1700,10,17000
7201,2024-09-13,Sports,Bangalore,4569,1,4569
7202,2025-11-18,Clothing,Bangalore,4504,7,31528
7203,2026-01-04,Clothing,Bangalore,3997,6,23982
7204,2024-08-02,Sports,Hyderabad,3946,6,23676
7205,2024-08-23,Groceries,Hyderabad,2907,4,11628
7206,2025-10-23,Furniture,Bangalore,264,4,1056
7207,2026-02-07,Electronics,Mumbai,1419,5,7095
7208,2025-02-13,Furniture,Chennai,3857,5,19285
7209,2026-05-23,Furniture,Hyderabad,1610,8,12880
7210,2026-05-06,Sports,Hyderabad,2159,1,2159
7211,2025-05-07,Clothing,Delhi,567,2,1134
7212,2025-04-19,Clothing,Mumbai,3169,5,15845
7213,2025-10-07,Sports,Chennai,1987,9,17883
7214,2026-02-14,Electronics,Delhi,2536,4,10144
7215,2026-05-20,Furniture,Delhi,1976,4,7904
7216,2026-05-09,Furniture,Hyderabad,2745,6,16470
7217,2025-07-22,Electronics,Hyderabad,4421,2,8842
7218,2026-02-14,Electronics,Mumbai,1965,4,7860
7219,2024-07-14,Clothing,Hyderabad,445,6,2670
7220,2025-05-17,Sports,Delhi,2741,7,19187
7221,2024-11-12,Furniture,Delhi,4467,6,26802
7222,2025-07-20,Electronics,Delhi,2207,7,15449
7223,2026-06-10,Electronics,Chennai,3025,4,12100
7224,2024-11-24,Sports,Hyderabad,3523,9,31707
7225,2025-08-25,Clothing,Mumbai,407,4,1628
7226,2024-10-13,Sports,Chennai,269,5,1345
7227,2026-05-15,Clothing,Bangalore,4750,3,14250
7228,2025-07-02,Sports,Chennai,2321,7,16247
7229,2025-01-03,Groceries,Mumbai,2270,5,11350
7230,2026-04-23,Clothing,Bangalore,4601,10,46010
7231,2025-10-19,Sports,Hyderabad,4452,4,17808
7232,2025-04-22,Electronics,Delhi,2358,5,11790
7233,2024-06-28,Clothing,Bangalore,3078,3,9234
7234,2026-03-31,Furniture,Delhi,2290,5,11450
7235,2024-08-14,Clothing,Hyderabad,2030,3,6090
7236,2026-03-27,Groceries,Chennai,1337,4,5348
7237,2024-11-06,Clothing,Mumbai,682,8,5456
7238,2025-12-28,Furniture,Mumbai,1837,3,5511
7239,2024-07-21,Clothing,Bangalore,4771,3,14313
7240,2025-01-07,Groceries,Chennai,3477,2,6954
7241,2024-07-05,Electronics,Bangalore,2795,9,25155
7242,2026-05-12,Furniture,Bangalore,3209,5,16045
7243,2024-08-20,Sports,Mumbai,2925,8,23400
7244,2025-03-07,Electronics,Delhi,4257,5,21285
7245,2025-11-21,Clothing,Bangalore,2248,6,13488
7246,2025-12-16,Clothing,Delhi,368,3,1104
7247,2024-08-05,Electronics,Bangalore,828,4,3312
7248,2025-12-15,Clothing,Bangalore,4255,5,21275
7249,2024-12-24,Electronics,Delhi,4351,1,4351
7250,2026-02-17,Sports,Delhi,1790,7,12530
7251,2026-01-10,Groceries,Chennai,858,9,7722
7252,2025-12-24,Clothing,Delhi,4847,3,14541
7253,2026-05-15,Clothing,Hyderabad,1325,6,7950
7254,2025-11-03,Electronics,Chennai,3266,10,32660
7255,2025-06-14,Furniture,Chennai,3501,9,31509
7256,2025-05-24,Clothing,Delhi,4864,6,29184
7257,2025-02-15,Groceries,Hyderabad,2049,1,2049
7258,2024-10-01,Clothing,Chennai,3608,3,10824
7259,2024-07-29,Furniture,Mumbai,3842,8,30736
7260,2025-07-16,Clothing,Hyderabad,4752,8,38016
7261,2025-02-26,Electronics,Mumbai,2054,3,6162
7262,2025-05-17,Clothing,Chennai,2705,10,27050
7263,2025-02-25,Electronics,Chennai,1741,2,3482
7264,2025-01-04,Furniture,Mumbai,1266,3,3798
7265,2025-10-24,Groceries,Chennai,4789,1,4789
7266,2025-07-03,Groceries,Delhi,4927,2,9854
7267,2025-04-15,Clothing,Delhi,4810,2,9620
7268,2024-08-11,Sports,Delhi,3072,6,18432
7269,2025-12-08,Groceries,Hyderabad,2164,5,10820
7270,2024-12-28,Groceries,Mumbai,4486,5,22430
7271,2024-12-03,Furniture,Chennai,2568,2,5136
7272,2025-06-22,Groceries,Bangalore,4761,7,33327
7273,2026-06-21,Sports,Mumbai,1284,2,2568
7274,2025-05-04,Electronics,Hyderabad,4580,7,32060
7275,2026-04-14,Sports,Delhi,1530,2,3060
7276,2026-02-03,Clothing,Bangalore,2549,4,10196
7277,2025-12-09,Groceries,Delhi,4313,10,43130
7278,2024-11-27,Electronics,Chennai,974,10,9740
7279,2025-01-14,Electronics,Bangalore,3331,1,3331
7280,2024-08-05,Furniture,Mumbai,3214,5,16070
7281,2026-05-28,Electronics,Mumbai,2750,10,27500
7282,2026-01-20,Electronics,Delhi,1064,4,4256
7283,2025-10-13,Furniture,Chennai,1370,6,8220
7284,2024-12-07,Sports,Chennai,3405,6,20430
7285,2025-02-14,Sports,Delhi,4455,5,22275
7286,2025-05-31,Furniture,Hyderabad,4586,9,41274
7287,2025-01-24,Sports,Chennai,1357,5,6785
7288,2024-09-18,Clothing,Mumbai,3550,1,3550
7289,2025-05-04,Furniture,Delhi,3550,7,24850
7290,2025-04-10,Clothing,Hyderabad,4541,2,9082
7291,2024-12-05,Groceries,Mumbai,3408,1,3408
7292,2024-07-23,Clothing,Chennai,4032,1,4032
7293,2025-03-11,Clothing,Delhi,3354,1,3354
7294,2024-08-25,Clothing,Mumbai,4027,7,28189
7295,2024-10-14,Groceries,Delhi,3087,7,21609
7296,2026-05-17,Clothing,Hyderabad,2580,6,15480
7297,2024-09-24,Electronics,Bangalore,1731,10,17310
7298,2025-05-12,Groceries,Delhi,3069,8,24552
7299,2025-05-10,Sports,Mumbai,1721,9,15489
7300,2025-11-07,Furniture,Mumbai,1121,1,1121
7301,2025-11-28,Electronics,Hyderabad,3843,4,15372
7302,2025-01-11,Groceries,Bangalore,3518,6,21108
7303,2025-08-28,Sports,Mumbai,3605,8,28840
7304,2025-10-28,Groceries,Hyderabad,1731,5,8655
7305,2024-08-18,Sports,Bangalore,1305,8,10440
7306,2024-09-06,Furniture,Hyderabad,2485,7,17395
7307,2024-12-23,Groceries,Mumbai,1036,7,7252
7308,2025-09-12,Furniture,Delhi,2252,2,4504
7309,2025-04-03,Furniture,Delhi,3238,4,12952
7310,2025-08-27,Electronics,Mumbai,1210,6,7260
7311,2025-04-06,Groceries,Chennai,2109,7,14763
7312,2024-09-09,Groceries,Hyderabad,927,2,1854
7313,2024-10-15,Sports,Chennai,1349,6,8094
7314,2026-05-19,Groceries,Mumbai,2406,5,12030
7315,2024-12-04,Sports,Bangalore,1795,3,5385
7316,2026-06-25,Sports,Bangalore,3762,10,37620
7317,2026-03-01,Sports,Bangalore,3644,1,3644
7318,2025-02-06,Furniture,Bangalore,1613,6,9678
7319,2025-10-28,Sports,Hyderabad,4419,7,30933
7320,2025-10-18,Groceries,Mumbai,3903,5,19515
7321,2026-05-09,Furniture,Mumbai,3156,1,3156
7322,2025-01-26,Furniture,Delhi,1495,10,14950
7323,2024-09-30,Sports,Mumbai,4319,4,17276
7324,2024-10-15,Sports,Delhi,1077,8,8616
7325,2025-06-08,Furniture,Delhi,1983,8,15864
7326,2025-08-14,Electronics,Mumbai,1909,6,11454
7327,2025-07-09,Sports,Hyderabad,1625,3,4875
7328,2026-01-01,Electronics,Mumbai,1635,1,1635
7329,2026-01-22,Groceries,Bangalore,118,6,708
7330,2025-02-16,Furniture,Hyderabad,226,3,678
7331,2025-12-28,Furniture,Chennai,750,2,1500
7332,2024-09-01,Electronics,Delhi,3063,10,30630
7333,2026-03-10,Groceries,Bangalore,1055,9,9495
7334,2025-03-22,Furniture,Bangalore,417,1,417
7335,2025-11-17,Electronics,Bangalore,1986,2,3972
7336,2025-05-29,Sports,Chennai,470,2,940
7337,2025-12-18,Sports,Delhi,4901,9,44109
7338,2025-01-15,Sports,Bangalore,1368,2,2736
7339,2024-12-21,Groceries,Delhi,4123,6,24738
7340,2025-11-06,Clothing,Hyderabad,153,5,765
7341,2024-09-10,Sports,Delhi,4160,9,37440
7342,2025-01-05,Groceries,Chennai,257,1,257
7343,2025-05-23,Clothing,Bangalore,4969,10,49690
7344,2025-04-11,Groceries,Hyderabad,1919,4,7676
7345,2025-12-28,Groceries,Chennai,3998,5,19990
7346,2026-01-24,Sports,Bangalore,831,4,3324
7347,2026-03-08,Furniture,Chennai,3039,1,3039
7348,2025-03-08,Sports,Delhi,3853,5,19265
7349,2026-06-06,Sports,Delhi,757,2,1514
7350,2025-11-23,Furniture,Delhi,4320,2,8640
7351,2026-02-17,Sports,Delhi,2039,6,12234
7352,2024-07-13,Groceries,Delhi,411,9,3699
7353,2025-08-19,Groceries,Hyderabad,4551,6,27306
7354,2025-08-10,Furniture,Delhi,3710,3,11130
7355,2024-11-28,Groceries,Chennai,3607,10,36070
7356,2025-07-15,Electronics,Hyderabad,2978,5,14890
7357,2025-05-19,Electronics,Chennai,2226,9,20034
7358,2025-05-30,Groceries,Delhi,2604,5,13020
7359,2026-01-02,Sports,Bangalore,2329,1,2329
7360,2025-03-23,Groceries,Hyderabad,1948,10,19480
7361,2026-04-07,Electronics,Delhi,529,2,1058
7362,2025-10-09,Groceries,Mumbai,2820,9,25380
7363,2026-04-03,Furniture,Chennai,3504,6,21024
7364,2025-03-08,Clothing,Mumbai,1355,1,1355
7365,2026-01-08,Clothing,Delhi,3384,4,13536
7366,2025-12-21,Furniture,Delhi,2589,4,10356
7367,2024-12-07,Electronics,Chennai,4489,4,17956
7368,2025-03-22,Furniture,Delhi,4321,8,34568
7369,2025-07-03,Sports,Bangalore,2442,10,24420
7370,2025-08-25,Groceries,Delhi,2148,10,21480
7371,2026-01-07,Furniture,Mumbai,4369,1,4369
7372,2024-12-21,Sports,Hyderabad,3641,7,25487
7373,2025-01-14,Groceries,Bangalore,3801,1,3801
7374,2025-04-13,Groceries,Mumbai,2237,4,8948
7375,2025-02-01,Clothing,Mumbai,2796,5,13980
7376,2026-03-05,Sports,Hyderabad,4107,8,32856
7377,2025-07-25,Furniture,Bangalore,3394,9,30546
7378,2025-06-24,Furniture,Bangalore,4823,4,19292
7379,2026-02-06,Clothing,Mumbai,4333,7,30331
7380,2026-06-11,Groceries,Mumbai,2794,5,13970
7381,2025-04-24,Clothing,Bangalore,823,5,4115
7382,2024-07-07,Sports,Hyderabad,2852,9,25668
7383,2025-04-19,Groceries,Mumbai,2415,1,2415
7384,2026-02-06,Furniture,Mumbai,739,4,2956
7385,2025-01-12,Electronics,Delhi,3727,10,37270
7386,2025-01-14,Groceries,Hyderabad,4909,8,39272
7387,2024-08-17,Furniture,Chennai,4514,2,9028
7388,2026-03-18,Furniture,Hyderabad,1071,6,6426
7389,2025-11-03,Sports,Delhi,1665,4,6660
7390,2025-10-22,Groceries,Delhi,2781,6,16686
7391,2024-10-26,Furniture,Chennai,3948,9,35532
7392,2025-07-23,Clothing,Hyderabad,1753,6,10518
7393,2025-11-12,Electronics,Delhi,3364,10,33640
7394,2024-11-28,Clothing,Chennai,909,1,909
7395,2025-02-02,Furniture,Bangalore,2215,4,8860
7396,2025-10-08,Electronics,Bangalore,1531,6,9186
7397,2024-07-18,Groceries,Mumbai,1641,4,6564
7398,2026-02-14,Sports,Chennai,1492,5,7460
7399,2026-01-03,Groceries,Hyderabad,1602,6,9612
7400,2025-01-06,Groceries,Bangalore,4162,7,29134
7401,2024-08-28,Clothing,Bangalore,4341,4,17364
7402,2026-05-21,Clothing,Mumbai,267,6,1602
7403,2024-08-07,Groceries,Chennai,2760,7,19320
7404,2024-06-30,Furniture,Bangalore,2840,1,2840
7405,2025-08-16,Electronics,Delhi,3710,3,11130
7406,2025-12-12,Sports,Mumbai,2145,5,10725
7407,2025-01-31,Sports,Bangalore,816,1,816
7408,2025-09-27,Groceries,Mumbai,3023,1,3023
7409,2025-05-26,Furniture,Bangalore,4310,8,34480
7410,2026-05-19,Sports,Delhi,4561,1,4561
7411,2025-11-15,Furniture,Bangalore,4846,3,14538
7412,2024-08-03,Sports,Delhi,2297,1,2297
7413,2025-08-01,Furniture,Hyderabad,3188,9,28692
7414,2024-09-11,Electronics,Hyderabad,2706,3,8118
7415,2024-11-12,Groceries,Mumbai,1750,2,3500
7416,2025-08-08,Groceries,Hyderabad,3376,8,27008
7417,2025-05-16,Groceries,Bangalore,396,7,2772
7418,2024-08-24,Electronics,Chennai,3166,1,3166
7419,2025-06-18,Sports,Chennai,2979,7,20853
7420,2025-06-09,Electronics,Bangalore,1866,4,7464
7421,2026-06-16,Groceries,Delhi,2482,3,7446
7422,2025-02-10,Furniture,Bangalore,4035,10,40350
7423,2024-07-03,Sports,Mumbai,3042,10,30420
7424,2025-05-19,Sports,Hyderabad,4380,7,30660
7425,2026-05-23,Groceries,Hyderabad,1797,9,16173
7426,2024-10-12,Groceries,Mumbai,4863,4,19452
7427,2024-08-03,Sports,Delhi,3490,1,3490
7428,2025-11-06,Groceries,Mumbai,1116,4,4464
7429,2025-09-21,Groceries,Chennai,2171,5,10855
7430,2026-02-21,Clothing,Mumbai,4639,5,23195
7431,2025-10-05,Clothing,Delhi,611,9,5499
7432,2026-06-18,Electronics,Bangalore,4221,4,16884
7433,2026-01-28,Groceries,Chennai,2354,1,2354
7434,2026-04-01,Clothing,Bangalore,2297,1,2297
7435,2025-08-29,Sports,Hyderabad,507,1,507
7436,2025-03-25,Groceries,Hyderabad,586,3,1758
7437,2025-11-16,Electronics,Hyderabad,1348,5,6740
7438,2026-06-25,Furniture,Mumbai,4924,2,9848
7439,2026-02-18,Furniture,Bangalore,3776,1,3776
7440,2025-08-09,Groceries,Mumbai,1682,3,5046
7441,2026-01-10,Furniture,Chennai,3596,8,28768
7442,2025-06-11,Clothing,Hyderabad,4959,8,39672
7443,2025-08-24,Clothing,Chennai,4816,3,14448
7444,2024-07-15,Furniture,Hyderabad,4222,9,37998
7445,2025-10-29,Furniture,Delhi,2475,10,24750
7446,2024-09-28,Sports,Delhi,2827,3,8481
7447,2024-10-08,Sports,Chennai,3334,1,3334
7448,2025-12-16,Sports,Delhi,458,10,4580
7449,2025-08-21,Electronics,Mumbai,937,5,4685
7450,2024-09-16,Electronics,Delhi,2423,8,19384
7451,2025-06-07,Clothing,Hyderabad,2170,10,21700
7452,2025-11-10,Furniture,Bangalore,445,3,1335
7453,2024-11-06,Clothing,Hyderabad,2611,8,20888
7454,2025-04-21,Furniture,Hyderabad,3073,1,3073
7455,2025-02-27,Groceries,Bangalore,1181,8,9448
7456,2025-10-25,Clothing,Delhi,4094,5,20470
7457,2025-10-20,Furniture,Chennai,2403,8,19224
7458,2025-10-05,Groceries,Delhi,4396,6,26376
7459,2024-10-06,Furniture,Delhi,4330,2,8660
7460,2025-05-15,Sports,Mumbai,3210,4,12840
7461,2024-10-19,Groceries,Delhi,1642,4,6568
7462,2025-03-20,Furniture,Chennai,1385,2,2770
7463,2025-06-25,Clothing,Delhi,619,7,4333
7464,2025-09-16,Clothing,Hyderabad,820,3,2460
7465,2026-05-25,Groceries,Delhi,2536,3,7608
7466,2026-05-17,Sports,Hyderabad,4416,5,22080
7467,2025-09-24,Furniture,Chennai,1949,8,15592
7468,2025-06-02,Clothing,Delhi,3614,8,28912
7469,2025-12-27,Clothing,Delhi,861,6,5166
7470,2025-07-08,Furniture,Delhi,4073,4,16292
7471,2025-05-09,Furniture,Mumbai,4736,6,28416
7472,2026-06-02,Electronics,Chennai,962,4,3848
7473,2024-11-21,Sports,Bangalore,2905,1,2905
7474,2025-12-08,Groceries,Mumbai,3078,10,30780
7475,2024-10-03,Electronics,Mumbai,4826,1,4826
7476,2025-12-02,Clothing,Mumbai,1549,8,12392
7477,2024-08-23,Clothing,Chennai,2800,3,8400
7478,2025-06-08,Electronics,Hyderabad,4631,9,41679
7479,2025-03-30,Sports,Delhi,4059,5,20295
7480,2025-07-17,Furniture,Bangalore,3672,10,36720
7481,2026-03-05,Clothing,Hyderabad,303,2,606
7482,2024-11-08,Sports,Bangalore,308,7,2156
7483,2025-11-18,Electronics,Bangalore,4878,6,29268
7484,2024-08-27,Clothing,Hyderabad,1603,9,14427
7485,2026-01-26,Electronics,Mumbai,3770,9,33930
7486,2025-12-11,Furniture,Mumbai,2173,8,17384
7487,2026-06-09,Electronics,Mumbai,4656,7,32592
7488,2026-04-02,Sports,Hyderabad,2274,8,18192
7489,2025-05-12,Electronics,Mumbai,358,2,716
7490,2025-04-05,Electronics,Chennai,1042,4,4168
7491,2024-07-17,Furniture,Delhi,2606,2,5212
7492,2025-01-12,Sports,Bangalore,2061,5,10305
7493,2025-08-25,Clothing,Hyderabad,4115,2,8230
7494,2025-10-19,Furniture,Mumbai,3745,6,22470
7495,2024-08-13,Clothing,Delhi,2893,8,23144
7496,2026-01-17,Electronics,Bangalore,3582,2,7164
7497,2025-08-27,Furniture,Mumbai,1386,9,12474
7498,2025-12-21,Sports,Bangalore,2729,2,5458
7499,2025-07-10,Furniture,Delhi,4788,2,9576
7500,2025-08-05,Furniture,Delhi,3630,1,3630
7501,2025-07-31,Sports,Delhi,1463,5,7315
7502,2025-11-07,Clothing,Mumbai,1973,1,1973
7503,2024-09-26,Sports,Mumbai,3710,7,25970
7504,2024-08-26,Electronics,Bangalore,2755,7,19285
7505,2025-11-28,Clothing,Mumbai,1294,2,2588
7506,2025-05-14,Electronics,Bangalore,933,1,933
7507,2025-04-28,Clothing,Chennai,1450,8,11600
7508,2024-12-08,Sports,Chennai,4461,5,22305
7509,2026-05-13,Furniture,Delhi,4988,2,9976
7510,2025-09-22,Furniture,Bangalore,4341,10,43410
7511,2024-07-02,Groceries,Bangalore,1905,1,1905
7512,2025-07-26,Groceries,Chennai,562,1,562
7513,2024-11-27,Groceries,Delhi,1552,5,7760
7514,2026-02-20,Clothing,Delhi,920,7,6440
7515,2024-09-10,Electronics,Mumbai,1378,2,2756
7516,2025-05-13,Groceries,Bangalore,4290,8,34320
7517,2026-04-18,Electronics,Bangalore,835,10,8350
7518,2024-12-24,Clothing,Delhi,3983,4,15932
7519,2025-08-24,Sports,Hyderabad,1485,1,1485
7520,2025-09-16,Groceries,Bangalore,168,9,1512
7521,2024-07-23,Furniture,Delhi,2797,7,19579
7522,2025-02-02,Electronics,Delhi,3528,5,17640
7523,2025-11-09,Groceries,Delhi,4666,10,46660
7524,2025-03-08,Sports,Chennai,4260,6,25560
7525,2025-01-14,Furniture,Chennai,4192,1,4192
7526,2025-04-25,Electronics,Delhi,2328,5,11640
7527,2026-04-17,Furniture,Delhi,3288,1,3288
7528,2024-09-20,Furniture,Mumbai,103,1,103
7529,2026-03-01,Sports,Bangalore,2116,7,14812
7530,2025-03-25,Furniture,Chennai,3080,3,9240
7531,2025-05-02,Groceries,Hyderabad,2857,1,2857
7532,2025-09-09,Sports,Chennai,1893,6,11358
7533,2025-05-11,Electronics,Mumbai,3240,3,9720
7534,2025-06-03,Electronics,Chennai,181,1,181
7535,2026-03-02,Groceries,Mumbai,1673,7,11711
7536,2024-11-09,Groceries,Delhi,1424,9,12816
7537,2025-09-27,Clothing,Bangalore,3354,3,10062
7538,2026-03-12,Furniture,Delhi,3011,2,6022
7539,2024-10-05,Clothing,Delhi,2503,10,25030
7540,2024-07-12,Clothing,Chennai,1106,1,1106
7541,2026-03-05,Sports,Chennai,2362,8,18896
7542,2024-07-15,Furniture,Chennai,3494,4,13976
7543,2024-08-29,Groceries,Mumbai,1468,6,8808
7544,2026-05-05,Clothing,Delhi,2381,4,9524
7545,2025-04-13,Clothing,Chennai,809,10,8090
7546,2025-06-09,Furniture,Hyderabad,3429,5,17145
7547,2025-06-01,Sports,Chennai,727,9,6543
7548,2024-12-31,Furniture,Delhi,4948,5,24740
7549,2024-09-20,Clothing,Mumbai,215,3,645
7550,2026-05-02,Furniture,Hyderabad,1000,9,9000
7551,2025-12-01,Sports,Bangalore,2651,5,13255
7552,2025-01-24,Sports,Chennai,3569,10,35690
7553,2025-04-22,Sports,Hyderabad,4944,8,39552
7554,2024-07-24,Clothing,Delhi,3557,10,35570
7555,2025-04-12,Furniture,Mumbai,3510,2,7020
7556,2026-05-25,Clothing,Mumbai,571,9,5139
7557,2025-09-17,Sports,Chennai,446,6,2676
7558,2025-01-17,Furniture,Hyderabad,2144,10,21440
7559,2026-03-11,Sports,Mumbai,1215,3,3645
7560,2025-10-18,Groceries,Delhi,4138,10,41380
7561,2024-11-10,Groceries,Hyderabad,910,2,1820
7562,2024-07-15,Electronics,Bangalore,1261,5,6305
7563,2025-04-19,Furniture,Hyderabad,3357,8,26856
7564,2026-01-20,Sports,Chennai,1084,3,3252
7565,2024-11-23,Groceries,Mumbai,4622,5,23110
7566,2025-08-10,Sports,Hyderabad,1036,5,5180
7567,2025-09-09,Electronics,Chennai,4524,1,4524
7568,2024-11-03,Sports,Chennai,1755,10,17550
7569,2026-06-19,Groceries,Chennai,1259,1,1259
7570,2025-03-26,Sports,Chennai,2278,10,22780
7571,2026-06-08,Clothing,Mumbai,3831,1,3831
7572,2024-12-12,Groceries,Hyderabad,3957,5,19785
7573,2024-10-02,Sports,Delhi,4080,8,32640
7574,2024-11-04,Furniture,Mumbai,3534,5,17670
7575,2025-05-12,Clothing,Delhi,628,9,5652
7576,2025-06-09,Groceries,Chennai,4992,7,34944
7577,2025-01-11,Groceries,Delhi,3164,9,28476
7578,2026-03-01,Clothing,Delhi,2919,7,20433
7579,2026-04-10,Sports,Chennai,2285,2,4570
7580,2025-12-30,Sports,Bangalore,675,5,3375
7581,2025-09-29,Furniture,Mumbai,2313,4,9252
7582,2025-11-26,Clothing,Delhi,3309,1,3309
7583,2025-07-18,Sports,Bangalore,4558,6,27348
7584,2026-01-03,Sports,Bangalore,3250,7,22750
7585,2025-02-12,Groceries,Hyderabad,2117,9,19053
7586,2025-05-07,Groceries,Chennai,2897,6,17382
7587,2026-06-09,Furniture,Chennai,3975,2,7950
7588,2025-10-28,Groceries,Bangalore,4161,6,24966
7589,2025-03-28,Electronics,Bangalore,748,5,3740
7590,2026-01-18,Clothing,Chennai,2353,1,2353
7591,2025-12-02,Groceries,Hyderabad,3331,8,26648
7592,2025-09-19,Electronics,Bangalore,2948,10,29480
7593,2024-12-11,Groceries,Delhi,1360,1,1360
7594,2026-05-16,Clothing,Delhi,1874,5,9370
7595,2024-07-15,Electronics,Delhi,1081,7,7567
7596,2025-07-25,Sports,Delhi,3212,8,25696
7597,2024-10-15,Electronics,Bangalore,2183,5,10915
7598,2024-11-05,Groceries,Mumbai,215,1,215
7599,2025-12-03,Clothing,Bangalore,2762,10,27620
7600,2024-10-06,Electronics,Mumbai,2014,1,2014
7601,2025-10-09,Electronics,Mumbai,4394,1,4394
7602,2025-03-13,Furniture,Chennai,4602,7,32214
7603,2025-08-10,Furniture,Hyderabad,4203,6,25218
7604,2025-12-18,Sports,Mumbai,685,6,4110
7605,2024-10-30,Sports,Hyderabad,3737,7,26159
7606,2025-09-12,Furniture,Hyderabad,2816,2,5632
7607,2025-08-15,Groceries,Chennai,4959,10,49590
7608,2024-11-28,Clothing,Delhi,561,7,3927
7609,2025-06-10,Furniture,Mumbai,2988,10,29880
7610,2025-03-09,Electronics,Chennai,2433,4,9732
7611,2025-11-01,Groceries,Mumbai,1678,1,1678
7612,2025-12-02,Clothing,Bangalore,3229,10,32290
7613,2024-11-28,Groceries,Hyderabad,3192,3,9576
7614,2025-11-15,Furniture,Hyderabad,1559,8,12472
7615,2025-05-12,Groceries,Mumbai,1258,3,3774
7616,2026-02-18,Electronics,Delhi,1707,10,17070
7617,2025-08-19,Furniture,Chennai,4543,10,45430
7618,2026-01-25,Furniture,Mumbai,3219,7,22533
7619,2024-11-28,Clothing,Delhi,858,5,4290
7620,2025-04-21,Electronics,Delhi,3613,1,3613
7621,2025-11-28,Clothing,Mumbai,3243,2,6486
7622,2024-12-14,Furniture,Chennai,4022,1,4022
7623,2024-11-03,Electronics,Mumbai,2410,6,14460
7624,2024-11-21,Clothing,Delhi,1148,5,5740
7625,2024-10-31,Sports,Bangalore,4053,7,28371
7626,2025-07-09,Furniture,Delhi,4619,7,32333
7627,2025-10-04,Electronics,Chennai,1166,8,9328
7628,2025-01-09,Clothing,Hyderabad,3949,10,39490
7629,2025-11-06,Sports,Chennai,2102,1,2102
7630,2025-12-11,Sports,Chennai,1823,4,7292
7631,2026-02-11,Groceries,Bangalore,3233,3,9699
7632,2025-08-20,Electronics,Mumbai,1439,10,14390
7633,2024-10-18,Furniture,Delhi,2104,1,2104
7634,2025-09-18,Electronics,Bangalore,465,7,3255
7635,2025-06-11,Electronics,Bangalore,2565,2,5130
7636,2026-01-12,Furniture,Chennai,1393,4,5572
7637,2024-11-09,Clothing,Bangalore,3962,2,7924
7638,2025-11-30,Clothing,Chennai,1521,2,3042
7639,2025-06-15,Electronics,Bangalore,1678,4,6712
7640,2025-04-15,Electronics,Mumbai,4499,6,26994
7641,2025-02-28,Furniture,Delhi,1646,5,8230
7642,2025-07-22,Electronics,Chennai,1794,5,8970
7643,2026-03-31,Groceries,Delhi,262,6,1572
7644,2025-05-13,Clothing,Chennai,4161,2,8322
7645,2026-06-13,Sports,Chennai,1638,2,3276
7646,2025-09-06,Clothing,Chennai,1466,5,7330
7647,2025-06-03,Sports,Hyderabad,634,7,4438
7648,2026-01-14,Sports,Hyderabad,4574,1,4574
7649,2024-07-27,Sports,Mumbai,4281,9,38529
7650,2024-11-26,Groceries,Mumbai,1334,3,4002
7651,2025-09-08,Sports,Hyderabad,4813,2,9626
7652,2025-03-31,Electronics,Delhi,3635,6,21810
7653,2025-06-10,Groceries,Bangalore,1836,9,16524
7654,2025-12-23,Clothing,Hyderabad,776,6,4656
7655,2025-09-28,Groceries,Mumbai,2693,5,13465
7656,2024-08-19,Electronics,Chennai,3054,1,3054
7657,2025-07-01,Groceries,Delhi,3569,2,7138
7658,2024-10-21,Electronics,Mumbai,571,1,571
7659,2025-03-04,Groceries,Mumbai,1362,1,1362
7660,2026-06-09,Electronics,Bangalore,640,10,6400
7661,2024-08-21,Furniture,Hyderabad,4228,1,4228
7662,2024-07-09,Clothing,Chennai,3353,4,13412
7663,2025-07-25,Electronics,Chennai,3871,10,38710
7664,2024-12-28,Sports,Bangalore,4022,9,36198
7665,2025-02-26,Furniture,Bangalore,1780,8,14240
7666,2025-05-18,Electronics,Hyderabad,4120,3,12360
7667,2025-10-06,Clothing,Bangalore,1525,6,9150
7668,2025-12-06,Groceries,Hyderabad,4707,5,23535
7669,2025-08-25,Electronics,Mumbai,3327,5,16635
7670,2024-10-14,Furniture,Mumbai,4344,3,13032
7671,2026-02-13,Groceries,Bangalore,1136,9,10224
7672,2025-02-17,Furniture,Mumbai,3994,2,7988
7673,2026-03-22,Electronics,Hyderabad,752,3,2256
7674,2026-01-31,Clothing,Mumbai,2940,6,17640
7675,2025-04-30,Clothing,Hyderabad,2800,3,8400
7676,2025-09-04,Clothing,Chennai,1898,3,5694
7677,2024-09-02,Furniture,Mumbai,2401,5,12005
7678,2025-04-17,Electronics,Hyderabad,3859,7,27013
7679,2025-12-15,Furniture,Delhi,4062,9,36558
7680,2025-04-02,Groceries,Bangalore,346,3,1038
7681,2024-07-01,Sports,Hyderabad,534,10,5340
7682,2024-08-28,Furniture,Chennai,3414,10,34140
7683,2025-09-05,Sports,Mumbai,657,4,2628
7684,2024-11-27,Clothing,Bangalore,4355,8,34840
7685,2025-05-17,Sports,Mumbai,1241,10,12410
7686,2026-02-26,Furniture,Hyderabad,3177,3,9531
7687,2026-03-02,Furniture,Hyderabad,1857,6,11142
7688,2024-07-09,Clothing,Hyderabad,4807,8,38456
7689,2024-07-17,Electronics,Delhi,2035,8,16280
7690,2025-10-03,Furniture,Chennai,3929,2,7858
7691,2024-12-07,Furniture,Delhi,4398,1,4398
7692,2025-02-13,Electronics,Bangalore,3622,6,21732
7693,2025-09-07,Clothing,Bangalore,4459,7,31213
7694,2025-03-09,Furniture,Mumbai,3493,3,10479
7695,2024-08-15,Electronics,Bangalore,2282,1,2282
7696,2026-01-20,Furniture,Bangalore,4821,6,28926
7697,2026-05-03,Furniture,Mumbai,3402,9,30618
7698,2025-01-23,Furniture,Mumbai,2503,1,2503
7699,2025-10-10,Clothing,Delhi,1479,4,5916
7700,2026-06-17,Furniture,Hyderabad,2519,7,17633
7701,2024-10-26,Sports,Bangalore,4320,7,30240
7702,2025-05-17,Electronics,Mumbai,3607,6,21642
7703,2025-06-02,Groceries,Mumbai,4839,2,9678
7704,2026-01-07,Furniture,Bangalore,2002,5,10010
7705,2026-06-20,Furniture,Chennai,2251,6,13506
7706,2026-05-31,Furniture,Hyderabad,1770,6,10620
7707,2024-11-18,Groceries,Hyderabad,3814,6,22884
7708,2024-09-17,Groceries,Bangalore,960,8,7680
7709,2025-10-04,Groceries,Bangalore,4587,6,27522
7710,2025-10-24,Groceries,Delhi,2616,10,26160
7711,2025-08-05,Groceries,Hyderabad,4653,7,32571
7712,2024-09-24,Electronics,Bangalore,4958,1,4958
7713,2025-06-17,Groceries,Chennai,100,2,200
7714,2024-12-13,Sports,Bangalore,157,2,314
7715,2025-11-25,Furniture,Mumbai,2675,4,10700
7716,2024-10-23,Sports,Hyderabad,1063,2,2126
7717,2026-06-09,Sports,Bangalore,3501,5,17505
7718,2024-12-31,Sports,Chennai,826,8,6608
7719,2025-12-21,Electronics,Mumbai,213,4,852
7720,2025-02-20,Furniture,Chennai,222,4,888
7721,2024-11-19,Groceries,Delhi,4640,5,23200
7722,2025-01-13,Furniture,Delhi,2577,8,20616
7723,2025-05-05,Groceries,Delhi,4186,6,25116
7724,2026-05-05,Clothing,Chennai,4651,8,37208
7725,2026-05-24,Electronics,Chennai,2115,7,14805
7726,2026-01-29,Furniture,Hyderabad,4660,3,13980
7727,2024-10-19,Electronics,Bangalore,586,1,586
7728,2025-07-12,Electronics,Bangalore,1169,2,2338
7729,2024-11-02,Electronics,Chennai,979,8,7832
7730,2025-04-23,Sports,Bangalore,480,4,1920
7731,2026-04-27,Sports,Bangalore,3755,7,26285
7732,2025-10-10,Groceries,Delhi,4613,1,4613
7733,2025-01-28,Sports,Mumbai,585,4,2340
7734,2025-09-26,Sports,Hyderabad,3509,7,24563
7735,2025-09-17,Sports,Hyderabad,779,2,1558
7736,2024-11-02,Groceries,Hyderabad,120,2,240
7737,2026-01-07,Groceries,Hyderabad,4836,2,9672
7738,2024-08-04,Sports,Hyderabad,3143,8,25144
7739,2024-07-23,Groceries,Hyderabad,2405,9,21645
7740,2024-07-05,Clothing,Hyderabad,4588,2,9176
7741,2026-04-27,Groceries,Hyderabad,1878,5,9390
7742,2024-07-03,Furniture,Chennai,1739,9,15651
7743,2025-09-23,Electronics,Delhi,1365,6,8190
7744,2025-09-30,Furniture,Mumbai,4432,10,44320
7745,2025-11-08,Groceries,Chennai,3717,4,14868
7746,2026-03-11,Furniture,Delhi,4523,4,18092
7747,2025-10-20,Sports,Mumbai,1735,4,6940
7748,2026-05-31,Electronics,Chennai,2561,6,15366
7749,2026-05-12,Clothing,Delhi,2388,8,19104
7750,2025-05-05,Sports,Bangalore,1169,2,2338
7751,2026-03-05,Groceries,Bangalore,2149,3,6447
7752,2025-04-07,Clothing,Mumbai,544,2,1088
7753,2024-12-17,Clothing,Delhi,3349,10,33490
7754,2026-06-05,Electronics,Hyderabad,2196,7,15372
7755,2025-06-25,Groceries,Hyderabad,3443,9,30987
7756,2026-03-17,Clothing,Delhi,2383,7,16681
7757,2026-04-25,Groceries,Bangalore,4180,10,41800
7758,2026-05-03,Electronics,Bangalore,4411,4,17644
7759,2026-04-18,Clothing,Mumbai,3032,7,21224
7760,2025-12-13,Furniture,Mumbai,923,4,3692
7761,2024-06-28,Groceries,Bangalore,3775,7,26425
7762,2025-12-24,Furniture,Hyderabad,2240,3,6720
7763,2025-09-20,Clothing,Mumbai,4689,9,42201
7764,2025-10-01,Groceries,Bangalore,1905,10,19050
7765,2026-02-17,Sports,Bangalore,2509,1,2509
7766,2024-12-16,Groceries,Hyderabad,115,5,575
7767,2025-01-22,Furniture,Chennai,1648,6,9888
7768,2025-03-29,Electronics,Mumbai,3160,1,3160
7769,2026-04-12,Groceries,Mumbai,4005,2,8010
7770,2025-07-10,Groceries,Chennai,2771,2,5542
7771,2025-07-17,Electronics,Bangalore,3905,1,3905
7772,2025-12-24,Clothing,Hyderabad,763,1,763
7773,2026-02-01,Sports,Mumbai,4040,9,36360
7774,2026-05-02,Clothing,Mumbai,2477,10,24770
7775,2026-05-08,Electronics,Mumbai,2054,1,2054
7776,2026-06-19,Furniture,Chennai,891,4,3564
7777,2025-02-21,Electronics,Bangalore,3721,3,11163
7778,2024-10-08,Sports,Chennai,1028,8,8224
7779,2025-11-22,Sports,Chennai,4206,6,25236
7780,2025-08-27,Furniture,Chennai,476,8,3808
7781,2025-03-18,Electronics,Hyderabad,526,10,5260
7782,2024-07-29,Sports,Delhi,4364,3,13092
7783,2026-04-14,Groceries,Chennai,3797,4,15188
7784,2024-09-25,Clothing,Bangalore,3271,8,26168
7785,2025-09-02,Sports,Chennai,4076,7,28532
7786,2026-06-02,Electronics,Delhi,4047,5,20235
7787,2024-07-16,Sports,Chennai,2026,6,12156
7788,2024-12-14,Furniture,Delhi,309,4,1236
7789,2025-07-16,Furniture,Chennai,250,2,500
7790,2026-04-11,Electronics,Chennai,2747,9,24723
7791,2025-02-12,Groceries,Bangalore,3724,1,3724
7792,2024-07-31,Groceries,Mumbai,1642,4,6568
7793,2024-10-20,Sports,Delhi,361,1,361
7794,2026-04-24,Sports,Delhi,4605,3,13815
7795,2026-01-08,Sports,Mumbai,2532,10,25320
7796,2026-06-03,Sports,Bangalore,3365,5,16825
7797,2025-05-25,Sports,Chennai,2104,6,12624
7798,2026-06-10,Electronics,Hyderabad,2041,1,2041
7799,2024-09-24,Electronics,Bangalore,1498,9,13482
7800,2026-05-15,Furniture,Delhi,1285,4,5140
7801,2025-09-28,Furniture,Chennai,2879,2,5758
7802,2025-12-30,Sports,Chennai,805,6,4830
7803,2025-05-04,Clothing,Delhi,1303,5,6515
7804,2024-07-12,Furniture,Bangalore,3272,1,3272
7805,2026-05-13,Groceries,Chennai,2135,2,4270
7806,2025-03-17,Sports,Delhi,4395,4,17580
7807,2025-07-28,Electronics,Chennai,3056,2,6112
7808,2024-12-19,Sports,Mumbai,797,3,2391
7809,2025-01-18,Electronics,Mumbai,4291,7,30037
7810,2025-08-06,Electronics,Chennai,2295,2,4590
7811,2025-06-03,Clothing,Chennai,4935,4,19740
7812,2026-04-16,Furniture,Delhi,3944,6,23664
7813,2026-04-07,Electronics,Delhi,4729,10,47290
7814,2024-10-26,Sports,Delhi,1514,3,4542
7815,2026-02-09,Groceries,Hyderabad,4493,1,4493
7816,2025-04-10,Clothing,Chennai,3132,6,18792
7817,2025-07-22,Sports,Hyderabad,4259,6,25554
7818,2025-09-10,Clothing,Bangalore,4436,1,4436
7819,2025-06-22,Clothing,Bangalore,4669,4,18676
7820,2025-10-07,Sports,Mumbai,3449,6,20694
7821,2024-11-05,Electronics,Mumbai,2517,7,17619
7822,2025-05-25,Furniture,Chennai,4072,9,36648
7823,2025-01-28,Groceries,Hyderabad,4244,3,12732
7824,2025-05-08,Electronics,Delhi,4804,3,14412
7825,2026-05-04,Furniture,Delhi,3262,10,32620
7826,2026-06-06,Electronics,Delhi,3706,2,7412
7827,2025-07-27,Electronics,Hyderabad,1246,5,6230
7828,2026-02-11,Groceries,Hyderabad,4594,9,41346
7829,2026-05-20,Sports,Chennai,147,5,735
7830,2025-11-24,Electronics,Delhi,1552,5,7760
7831,2024-11-13,Furniture,Bangalore,2209,10,22090
7832,2025-02-24,Electronics,Hyderabad,2834,9,25506
7833,2025-09-14,Sports,Chennai,3287,6,19722
7834,2025-06-29,Groceries,Mumbai,3024,8,24192
7835,2025-10-13,Furniture,Mumbai,4477,4,17908
7836,2025-12-22,Electronics,Bangalore,4506,9,40554
7837,2025-09-01,Furniture,Bangalore,260,3,780
7838,2025-10-02,Furniture,Hyderabad,2701,5,13505
7839,2026-02-11,Clothing,Bangalore,1746,6,10476
7840,2024-08-01,Clothing,Chennai,4842,4,19368
7841,2026-01-07,Electronics,Hyderabad,4533,10,45330
7842,2024-07-30,Clothing,Hyderabad,4072,4,16288
7843,2025-12-26,Sports,Chennai,4801,1,4801
7844,2026-01-14,Groceries,Hyderabad,1507,10,15070
7845,2026-05-05,Clothing,Chennai,4167,6,25002
7846,2025-09-02,Groceries,Chennai,2576,1,2576
7847,2025-03-01,Electronics,Chennai,4646,5,23230
7848,2024-07-27,Furniture,Bangalore,3350,8,26800
7849,2026-06-16,Groceries,Mumbai,687,6,4122
7850,2024-10-09,Furniture,Delhi,2187,6,13122
7851,2025-09-28,Electronics,Delhi,1656,8,13248
7852,2025-06-26,Electronics,Mumbai,3809,7,26663
7853,2026-04-03,Clothing,Mumbai,4399,1,4399
7854,2025-03-28,Electronics,Hyderabad,122,3,366
7855,2026-01-21,Clothing,Bangalore,2905,6,17430
7856,2024-07-13,Furniture,Delhi,4463,5,22315
7857,2026-01-18,Clothing,Hyderabad,1495,4,5980
7858,2025-02-03,Groceries,Mumbai,3687,9,33183
7859,2024-11-03,Clothing,Delhi,3877,1,3877
7860,2024-12-14,Furniture,Chennai,2266,1,2266
7861,2025-01-01,Clothing,Bangalore,3592,4,14368
7862,2025-01-11,Furniture,Mumbai,920,2,1840
7863,2024-08-20,Furniture,Bangalore,2558,5,12790
7864,2025-04-28,Clothing,Mumbai,1466,10,14660
7865,2026-02-05,Electronics,Mumbai,1753,6,10518
7866,2025-02-09,Electronics,Mumbai,1276,10,12760
7867,2025-09-16,Groceries,Mumbai,1305,7,9135
7868,2025-02-09,Furniture,Mumbai,3893,4,15572
7869,2025-06-23,Groceries,Delhi,3861,9,34749
7870,2025-12-11,Furniture,Mumbai,4389,1,4389
7871,2025-10-28,Furniture,Mumbai,1395,1,1395
7872,2024-10-08,Electronics,Delhi,115,10,1150
7873,2025-06-18,Furniture,Hyderabad,3845,10,38450
7874,2025-07-12,Sports,Chennai,508,8,4064
7875,2026-03-04,Groceries,Delhi,4154,6,24924
7876,2026-01-31,Clothing,Hyderabad,2883,9,25947
7877,2025-01-08,Electronics,Chennai,3112,9,28008
7878,2025-09-30,Clothing,Chennai,1484,3,4452
7879,2024-07-08,Electronics,Bangalore,2560,6,15360
7880,2025-07-02,Clothing,Chennai,4803,3,14409
7881,2026-02-28,Clothing,Chennai,962,4,3848
7882,2024-07-21,Clothing,Delhi,3345,6,20070
7883,2024-09-25,Sports,Chennai,3620,4,14480
7884,2026-05-18,Electronics,Delhi,1419,3,4257
7885,2025-01-02,Groceries,Mumbai,2990,8,23920
7886,2026-02-11,Clothing,Delhi,779,4,3116
7887,2024-06-28,Electronics,Mumbai,2768,10,27680
7888,2025-10-26,Electronics,Bangalore,4138,6,24828
7889,2024-07-14,Groceries,Hyderabad,2273,4,9092
7890,2024-10-27,Electronics,Chennai,3217,5,16085
7891,2025-04-27,Groceries,Hyderabad,1937,5,9685
7892,2024-07-03,Clothing,Mumbai,4261,7,29827
7893,2024-07-15,Electronics,Hyderabad,3374,10,33740
7894,2025-03-30,Furniture,Delhi,2271,4,9084
7895,2025-04-13,Electronics,Bangalore,1050,6,6300
7896,2026-04-24,Sports,Hyderabad,145,3,435
7897,2025-12-28,Groceries,Hyderabad,3802,9,34218
7898,2025-12-23,Sports,Hyderabad,4430,1,4430
7899,2025-07-12,Electronics,Bangalore,1206,3,3618
7900,2026-01-27,Sports,Bangalore,294,5,1470
7901,2026-02-20,Furniture,Bangalore,3156,5,15780
7902,2025-09-14,Furniture,Chennai,1442,2,2884
7903,2025-03-24,Electronics,Chennai,3919,5,19595
7904,2025-07-15,Clothing,Delhi,3211,8,25688
7905,2025-09-09,Groceries,Bangalore,2610,8,20880
7906,2026-02-03,Furniture,Mumbai,601,6,3606
7907,2025-01-16,Sports,Bangalore,1690,3,5070
7908,2025-06-30,Groceries,Bangalore,4149,6,24894
7909,2025-06-27,Sports,Hyderabad,4534,7,31738
7910,2024-12-12,Clothing,Chennai,1493,9,13437
7911,2024-12-04,Electronics,Hyderabad,4520,2,9040
7912,2026-04-02,Groceries,Hyderabad,4820,2,9640
7913,2024-07-07,Clothing,Hyderabad,2369,9,21321
7914,2026-05-30,Sports,Delhi,4225,10,42250
7915,2024-07-21,Furniture,Mumbai,3724,7,26068
7916,2025-05-26,Sports,Mumbai,2198,7,15386
7917,2025-07-16,Electronics,Mumbai,4163,10,41630
7918,2024-12-13,Groceries,Delhi,2976,5,14880
7919,2025-05-14,Furniture,Bangalore,4060,4,16240
7920,2024-07-15,Sports,Bangalore,2726,10,27260
7921,2026-05-10,Sports,Delhi,1798,7,12586
7922,2024-07-30,Sports,Mumbai,3213,9,28917
7923,2026-05-03,Furniture,Bangalore,1430,10,14300
7924,2024-10-17,Electronics,Chennai,1133,6,6798
7925,2025-06-02,Furniture,Mumbai,3767,1,3767
7926,2026-06-27,Furniture,Delhi,4420,5,22100
7927,2025-04-14,Furniture,Hyderabad,3778,7,26446
7928,2025-02-23,Electronics,Delhi,124,1,124
7929,2025-05-15,Groceries,Bangalore,1862,10,18620
7930,2026-04-22,Groceries,Chennai,1704,5,8520
7931,2025-06-12,Electronics,Chennai,1709,5,8545
7932,2025-04-17,Furniture,Bangalore,1223,8,9784
7933,2026-03-16,Sports,Bangalore,4635,4,18540
7934,2026-06-13,Electronics,Mumbai,2014,7,14098
7935,2025-06-13,Electronics,Hyderabad,3630,6,21780
7936,2025-07-25,Clothing,Mumbai,3674,5,18370
7937,2025-02-27,Clothing,Bangalore,1711,4,6844
7938,2024-10-18,Groceries,Delhi,3530,1,3530
7939,2025-06-26,Groceries,Delhi,3502,1,3502
7940,2025-02-15,Furniture,Mumbai,2549,8,20392
7941,2025-12-12,Sports,Delhi,118,3,354
7942,2024-10-07,Electronics,Delhi,3622,4,14488
7943,2025-04-07,Sports,Mumbai,4251,4,17004
7944,2025-04-19,Sports,Bangalore,3318,1,3318
7945,2025-12-01,Groceries,Mumbai,966,10,9660
7946,2025-01-04,Groceries,Delhi,1470,10,14700
7947,2025-03-29,Electronics,Chennai,1123,7,7861
7948,2026-03-09,Electronics,Hyderabad,1540,1,1540
7949,2025-10-14,Groceries,Delhi,1497,1,1497
7950,2024-09-25,Groceries,Hyderabad,3323,2,6646
7951,2024-10-13,Groceries,Mumbai,4067,1,4067
7952,2025-09-04,Sports,Bangalore,169,8,1352
7953,2026-02-20,Electronics,Hyderabad,3996,9,35964
7954,2025-02-06,Electronics,Chennai,3496,9,31464
7955,2025-11-20,Electronics,Chennai,4563,4,18252
7956,2026-06-14,Sports,Hyderabad,1932,8,15456
7957,2025-09-23,Furniture,Mumbai,4601,2,9202
7958,2025-09-06,Furniture,Delhi,1713,4,6852
7959,2025-06-11,Furniture,Chennai,2070,4,8280
7960,2026-04-09,Sports,Chennai,2158,5,10790
7961,2025-07-21,Furniture,Chennai,2150,5,10750
7962,2025-08-28,Sports,Delhi,4905,3,14715
7963,2025-06-22,Clothing,Delhi,3711,2,7422
7964,2026-05-09,Clothing,Delhi,431,5,2155
7965,2025-08-10,Sports,Hyderabad,1931,7,13517
7966,2025-03-09,Groceries,Hyderabad,3768,10,37680
7967,2024-11-02,Furniture,Mumbai,1209,9,10881
7968,2026-01-23,Groceries,Bangalore,324,3,972
7969,2024-11-15,Sports,Chennai,2560,6,15360
7970,2025-12-20,Groceries,Chennai,2442,9,21978
7971,2025-05-08,Furniture,Bangalore,499,9,4491
7972,2026-06-17,Clothing,Mumbai,944,7,6608
7973,2025-11-19,Sports,Mumbai,4550,1,4550
7974,2026-03-07,Groceries,Bangalore,2105,7,14735
7975,2026-04-04,Furniture,Hyderabad,1260,8,10080
7976,2026-03-18,Furniture,Mumbai,3423,5,17115
7977,2024-11-15,Electronics,Delhi,790,5,3950
7978,2025-06-07,Furniture,Delhi,4543,2,9086
7979,2025-10-03,Clothing,Hyderabad,2742,8,21936
7980,2024-11-03,Sports,Chennai,3764,10,37640
7981,2025-05-16,Sports,Mumbai,310,1,310
7982,2025-03-30,Electronics,Delhi,3312,4,13248
7983,2025-02-17,Groceries,Mumbai,4854,2,9708
7984,2025-01-17,Clothing,Chennai,3745,10,37450
7985,2025-01-01,Electronics,Delhi,772,3,2316
7986,2024-07-24,Groceries,Mumbai,3352,10,33520
7987,2025-08-13,Furniture,Hyderabad,1374,2,2748
7988,2025-09-03,Sports,Bangalore,581,3,1743
7989,2025-08-01,Sports,Bangalore,4167,9,37503
7990,2025-05-28,Clothing,Chennai,1816,2,3632
7991,2025-05-06,Furniture,Mumbai,2758,3,8274
7992,2025-02-20,Electronics,Delhi,4611,6,27666
7993,2026-06-28,Clothing,Delhi,4706,7,32942
7994,2025-11-12,Electronics,Mumbai,2850,1,2850
7995,2025-11-12,Electronics,Chennai,4100,10,41000
7996,2026-01-04,Groceries,Bangalore,1870,1,1870
7997,2026-05-06,Sports,Delhi,4236,7,29652
7998,2025-08-30,Furniture,Chennai,1596,1,1596
7999,2025-04-05,Sports,Chennai,3157,5,15785
8000,2024-08-25,Sports,Mumbai,2748,5,13740
8001,2024-11-15,Clothing,Delhi,4940,4,19760
8002,2025-12-24,Sports,Delhi,1156,9,10404
8003,2026-02-15,Electronics,Delhi,4858,4,19432
8004,2025-01-16,Clothing,Delhi,4376,9,39384
8005,2026-02-20,Sports,Mumbai,112,3,336
8006,2024-12-03,Furniture,Hyderabad,3872,4,15488
8007,2024-10-17,Groceries,Bangalore,1611,1,1611
8008,2026-05-26,Clothing,Chennai,2893,5,14465
8009,2025-10-13,Electronics,Delhi,408,7,2856
8010,2025-06-30,Furniture,Hyderabad,2710,9,24390
8011,2026-03-19,Groceries,Delhi,3534,5,17670
8012,2025-04-06,Electronics,Chennai,313,7,2191
8013,2025-04-12,Clothing,Bangalore,314,5,1570
8014,2024-11-04,Groceries,Delhi,1196,2,2392
8015,2026-02-22,Clothing,Hyderabad,1966,2,3932
8016,2024-11-02,Clothing,Chennai,4292,9,38628
8017,2024-08-07,Furniture,Bangalore,1589,6,9534
8018,2026-05-29,Furniture,Mumbai,4077,8,32616
8019,2025-12-17,Sports,Hyderabad,197,2,394
8020,2025-04-05,Sports,Bangalore,3063,1,3063
8021,2025-09-29,Furniture,Mumbai,3166,8,25328
8022,2025-03-02,Groceries,Hyderabad,3245,8,25960
8023,2025-01-29,Furniture,Delhi,1262,4,5048
8024,2025-04-08,Sports,Hyderabad,1509,1,1509
8025,2025-10-17,Electronics,Bangalore,1243,10,12430
8026,2025-03-14,Clothing,Delhi,2147,4,8588
8027,2024-11-21,Furniture,Chennai,4150,2,8300
8028,2024-09-23,Clothing,Mumbai,2813,10,28130
8029,2025-07-25,Groceries,Mumbai,3295,3,9885
8030,2025-08-23,Clothing,Bangalore,4456,6,26736
8031,2026-03-08,Sports,Delhi,886,10,8860
8032,2026-03-28,Furniture,Chennai,2988,2,5976
8033,2024-11-13,Groceries,Chennai,3459,1,3459
8034,2025-09-19,Clothing,Mumbai,2030,7,14210
8035,2026-02-27,Clothing,Bangalore,4445,7,31115
8036,2025-06-24,Groceries,Hyderabad,1214,8,9712
8037,2024-09-28,Groceries,Hyderabad,867,7,6069
8038,2024-12-19,Furniture,Hyderabad,4538,1,4538
8039,2026-01-08,Furniture,Mumbai,3186,7,22302
8040,2026-01-22,Sports,Bangalore,677,6,4062
8041,2026-03-01,Electronics,Bangalore,4685,3,14055
8042,2025-07-06,Electronics,Delhi,751,8,6008
8043,2026-04-29,Furniture,Hyderabad,4064,7,28448
8044,2025-02-25,Sports,Mumbai,1441,8,11528
8045,2024-10-27,Groceries,Hyderabad,2929,3,8787
8046,2025-04-11,Sports,Mumbai,622,4,2488
8047,2025-04-29,Furniture,Delhi,1535,6,9210
8048,2024-09-13,Furniture,Mumbai,2637,1,2637
8049,2026-04-21,Sports,Mumbai,2329,5,11645
8050,2025-06-22,Furniture,Delhi,4699,7,32893
8051,2026-02-13,Groceries,Bangalore,2427,9,21843
8052,2025-08-07,Clothing,Delhi,773,4,3092
8053,2025-05-29,Furniture,Mumbai,3795,10,37950
8054,2025-01-15,Sports,Bangalore,625,9,5625
8055,2025-04-25,Clothing,Delhi,1763,6,10578
8056,2024-10-29,Electronics,Delhi,647,7,4529
8057,2026-01-06,Sports,Chennai,4554,2,9108
8058,2026-03-18,Groceries,Chennai,2950,7,20650
8059,2026-04-20,Groceries,Hyderabad,2993,8,23944
8060,2025-07-10,Groceries,Delhi,160,3,480
8061,2026-04-26,Electronics,Hyderabad,4571,5,22855
8062,2025-01-18,Clothing,Mumbai,3493,8,27944
8063,2024-08-25,Clothing,Delhi,179,1,179
8064,2024-11-18,Electronics,Hyderabad,2815,1,2815
8065,2025-04-21,Electronics,Chennai,4992,10,49920
8066,2025-04-20,Electronics,Bangalore,3598,9,32382
8067,2026-04-26,Clothing,Hyderabad,3644,4,14576
8068,2025-11-24,Groceries,Chennai,4986,2,9972
8069,2025-07-18,Electronics,Bangalore,1012,3,3036
8070,2026-04-30,Clothing,Delhi,4267,8,34136
8071,2025-03-16,Electronics,Bangalore,4906,7,34342
8072,2026-01-19,Sports,Mumbai,877,4,3508
8073,2025-03-17,Furniture,Hyderabad,917,4,3668
8074,2025-01-14,Clothing,Hyderabad,312,4,1248
8075,2024-08-19,Groceries,Delhi,2886,2,5772
8076,2026-05-25,Clothing,Delhi,1664,3,4992
8077,2024-09-18,Sports,Hyderabad,4138,6,24828
8078,2025-08-27,Sports,Delhi,3177,9,28593
8079,2026-04-08,Electronics,Hyderabad,3209,7,22463
8080,2025-06-17,Furniture,Bangalore,578,6,3468
8081,2025-08-08,Clothing,Bangalore,1860,1,1860
8082,2025-06-17,Electronics,Hyderabad,1581,7,11067
8083,2026-05-08,Clothing,Delhi,1020,8,8160
8084,2024-09-28,Furniture,Bangalore,1011,5,5055
8085,2026-04-19,Electronics,Delhi,1800,6,10800
8086,2025-11-26,Clothing,Bangalore,1491,4,5964
8087,2026-04-02,Electronics,Hyderabad,617,5,3085
8088,2024-09-18,Sports,Hyderabad,2585,1,2585
8089,2026-01-05,Sports,Delhi,4718,3,14154
8090,2026-03-15,Electronics,Hyderabad,1890,2,3780
8091,2025-06-20,Sports,Chennai,1816,5,9080
8092,2025-03-24,Furniture,Bangalore,4611,5,23055
8093,2025-09-16,Furniture,Delhi,3983,9,35847
8094,2025-08-12,Groceries,Mumbai,1383,8,11064
8095,2025-07-15,Groceries,Mumbai,800,7,5600
8096,2025-04-21,Sports,Mumbai,2216,5,11080
8097,2026-05-01,Electronics,Mumbai,4601,5,23005
8098,2024-11-17,Furniture,Delhi,4566,6,27396
8099,2026-06-15,Groceries,Delhi,3047,3,9141
8100,2026-05-18,Furniture,Mumbai,1028,5,5140
8101,2025-09-30,Sports,Delhi,3171,6,19026
8102,2024-12-30,Groceries,Chennai,2176,8,17408
8103,2026-05-24,Sports,Hyderabad,4744,7,33208
8104,2024-08-05,Sports,Hyderabad,3589,8,28712
8105,2026-04-04,Clothing,Chennai,2502,10,25020
8106,2024-10-08,Sports,Bangalore,2845,10,28450
8107,2025-01-07,Electronics,Chennai,4716,5,23580
8108,2024-09-11,Electronics,Bangalore,214,4,856
8109,2026-06-12,Furniture,Hyderabad,1096,7,7672
8110,2025-08-03,Clothing,Hyderabad,1961,3,5883
8111,2025-01-24,Electronics,Bangalore,2033,5,10165
8112,2026-01-03,Sports,Bangalore,369,10,3690
8113,2024-07-17,Furniture,Mumbai,3593,10,35930
8114,2025-05-21,Groceries,Bangalore,4674,6,28044
8115,2025-09-23,Electronics,Hyderabad,3693,2,7386
8116,2025-06-11,Groceries,Chennai,409,1,409
8117,2024-08-16,Electronics,Mumbai,2702,2,5404
8118,2026-03-19,Furniture,Hyderabad,4604,8,36832
8119,2024-06-30,Sports,Bangalore,3274,1,3274
8120,2024-10-29,Electronics,Mumbai,1894,10,18940
8121,2025-08-09,Groceries,Bangalore,1165,3,3495
8122,2025-04-17,Clothing,Bangalore,1117,4,4468
8123,2025-02-25,Groceries,Hyderabad,2891,10,28910
8124,2026-04-28,Furniture,Bangalore,1497,10,14970
8125,2026-02-08,Electronics,Bangalore,1206,1,1206
8126,2025-03-29,Groceries,Mumbai,303,7,2121
8127,2024-09-08,Electronics,Mumbai,2513,8,20104
8128,2025-06-20,Clothing,Hyderabad,1173,8,9384
8129,2026-01-08,Clothing,Mumbai,1084,7,7588
8130,2026-06-06,Clothing,Bangalore,4227,8,33816
8131,2024-07-06,Clothing,Hyderabad,3772,8,30176
8132,2025-01-12,Electronics,Hyderabad,1349,8,10792
8133,2026-01-04,Electronics,Hyderabad,4581,1,4581
8134,2024-12-01,Electronics,Hyderabad,4701,9,42309
8135,2024-10-26,Clothing,Mumbai,1355,3,4065
8136,2025-06-26,Groceries,Mumbai,2058,5,10290
8137,2025-10-10,Clothing,Bangalore,3295,2,6590
8138,2025-03-10,Clothing,Mumbai,1058,1,1058
8139,2026-03-18,Clothing,Mumbai,1419,4,5676
8140,2026-03-12,Electronics,Mumbai,4043,3,12129
8141,2025-02-28,Electronics,Delhi,1541,2,3082
8142,2025-03-26,Electronics,Hyderabad,3535,7,24745
8143,2026-06-24,Electronics,Delhi,1396,3,4188
8144,2026-06-22,Sports,Mumbai,734,2,1468
8145,2025-07-21,Groceries,Mumbai,368,5,1840
8146,2024-08-14,Furniture,Mumbai,4161,9,37449
8147,2025-04-11,Furniture,Mumbai,1745,5,8725
8148,2024-10-14,Groceries,Chennai,526,3,1578
8149,2024-11-22,Furniture,Hyderabad,4661,6,27966
8150,2026-03-05,Groceries,Chennai,3821,4,15284
8151,2024-10-17,Groceries,Bangalore,1818,7,12726
8152,2026-03-24,Sports,Mumbai,3332,4,13328
8153,2025-04-25,Sports,Hyderabad,951,9,8559
8154,2026-05-25,Electronics,Chennai,137,1,137
8155,2025-06-10,Electronics,Hyderabad,1636,2,3272
8156,2025-07-21,Clothing,Bangalore,2337,6,14022
8157,2024-10-23,Sports,Mumbai,3421,3,10263
8158,2024-07-11,Furniture,Hyderabad,349,7,2443
8159,2025-08-18,Groceries,Hyderabad,4913,2,9826
8160,2025-06-14,Furniture,Chennai,664,3,1992
8161,2024-09-10,Groceries,Chennai,3481,9,31329
8162,2026-02-17,Sports,Mumbai,104,4,416
8163,2024-07-18,Clothing,Bangalore,2112,1,2112
8164,2026-05-29,Furniture,Chennai,4679,8,37432
8165,2024-09-23,Furniture,Bangalore,4084,9,36756
8166,2025-04-13,Electronics,Bangalore,4141,10,41410
8167,2026-02-21,Groceries,Chennai,4056,2,8112
8168,2025-06-28,Groceries,Delhi,3064,5,15320
8169,2024-09-29,Furniture,Delhi,1568,2,3136
8170,2025-03-31,Furniture,Chennai,4644,6,27864
8171,2025-04-19,Furniture,Bangalore,982,8,7856
8172,2026-02-03,Clothing,Bangalore,4092,7,28644
8173,2025-05-04,Clothing,Hyderabad,287,10,2870
8174,2025-08-11,Electronics,Hyderabad,1020,4,4080
8175,2026-01-02,Groceries,Delhi,1768,5,8840
8176,2025-10-31,Sports,Delhi,4030,3,12090
8177,2026-06-15,Clothing,Hyderabad,2992,1,2992
8178,2026-02-02,Furniture,Mumbai,3487,1,3487
8179,2024-08-01,Clothing,Chennai,4603,8,36824
8180,2025-11-25,Clothing,Bangalore,4636,8,37088
8181,2024-12-25,Furniture,Delhi,4712,9,42408
8182,2024-12-24,Furniture,Hyderabad,4923,3,14769
8183,2025-06-23,Electronics,Hyderabad,300,8,2400
8184,2024-08-12,Sports,Chennai,2048,8,16384
8185,2024-07-27,Groceries,Bangalore,2209,9,19881
8186,2025-11-20,Sports,Mumbai,903,7,6321
8187,2025-04-28,Clothing,Chennai,1336,8,10688
8188,2026-05-17,Groceries,Hyderabad,425,4,1700
8189,2024-09-01,Electronics,Mumbai,184,5,920
8190,2026-06-03,Groceries,Bangalore,162,6,972
8191,2024-10-18,Sports,Hyderabad,3364,3,10092
8192,2024-10-05,Sports,Hyderabad,321,9,2889
8193,2025-07-25,Clothing,Hyderabad,2038,10,20380
8194,2024-11-06,Sports,Mumbai,3457,5,17285
8195,2024-08-15,Electronics,Chennai,4962,4,19848
8196,2025-07-11,Clothing,Chennai,3612,6,21672
8197,2024-09-11,Groceries,Delhi,2846,9,25614
8198,2025-01-14,Groceries,Hyderabad,4036,1,4036
8199,2025-10-30,Groceries,Mumbai,263,10,2630
8200,2025-10-15,Sports,Delhi,4671,4,18684
8201,2024-12-01,Clothing,Bangalore,4331,7,30317
8202,2025-08-24,Furniture,Chennai,2963,5,14815
8203,2026-05-07,Sports,Hyderabad,3560,2,7120
8204,2026-02-23,Groceries,Bangalore,281,10,2810
8205,2026-05-25,Sports,Chennai,2348,8,18784
8206,2024-07-14,Sports,Mumbai,4342,10,43420
8207,2026-04-02,Groceries,Delhi,4312,6,25872
8208,2026-06-09,Groceries,Bangalore,3691,8,29528
8209,2025-12-03,Groceries,Bangalore,2065,9,18585
8210,2026-04-27,Electronics,Chennai,1172,9,10548
8211,2024-11-13,Clothing,Delhi,3265,9,29385
8212,2024-09-08,Groceries,Mumbai,1137,1,1137
8213,2025-05-10,Electronics,Mumbai,3172,9,28548
8214,2024-09-28,Electronics,Mumbai,4288,10,42880
8215,2026-06-17,Groceries,Bangalore,480,7,3360
8216,2026-04-29,Clothing,Chennai,2576,10,25760
8217,2025-10-18,Clothing,Mumbai,161,6,966
8218,2025-06-04,Clothing,Bangalore,1884,5,9420
8219,2025-08-09,Groceries,Bangalore,3136,8,25088
8220,2025-08-25,Electronics,Chennai,763,1,763
8221,2025-05-01,Clothing,Delhi,3090,9,27810
8222,2025-10-18,Electronics,Mumbai,2202,4,8808
8223,2024-07-11,Clothing,Hyderabad,3780,2,7560
8224,2025-04-04,Electronics,Hyderabad,3250,6,19500
8225,2025-09-29,Furniture,Hyderabad,2189,3,6567
8226,2026-06-09,Groceries,Delhi,2606,8,20848
8227,2024-08-18,Clothing,Mumbai,2563,2,5126
8228,2025-07-26,Furniture,Hyderabad,1907,9,17163
8229,2024-10-04,Sports,Delhi,3213,6,19278
8230,2024-11-28,Clothing,Hyderabad,268,5,1340
8231,2025-12-02,Furniture,Delhi,560,8,4480
8232,2025-09-05,Clothing,Delhi,1721,9,15489
8233,2025-08-20,Sports,Mumbai,2677,10,26770
8234,2025-07-14,Clothing,Mumbai,1356,8,10848
8235,2025-02-08,Electronics,Bangalore,3448,2,6896
8236,2025-08-02,Sports,Bangalore,3496,8,27968
8237,2026-06-15,Furniture,Hyderabad,2159,10,21590
8238,2024-11-14,Furniture,Delhi,2387,9,21483
8239,2026-05-06,Furniture,Bangalore,948,7,6636
8240,2025-09-01,Clothing,Mumbai,2854,3,8562
8241,2025-03-04,Clothing,Bangalore,468,1,468
8242,2025-10-23,Sports,Delhi,3549,4,14196
8243,2024-08-11,Sports,Bangalore,729,4,2916
8244,2024-09-25,Electronics,Bangalore,1288,1,1288
8245,2025-01-05,Groceries,Mumbai,3500,6,21000
8246,2025-02-28,Clothing,Delhi,888,8,7104
8247,2025-05-25,Furniture,Mumbai,4895,10,48950
8248,2026-01-25,Furniture,Hyderabad,2887,8,23096
8249,2025-12-31,Clothing,Hyderabad,4232,10,42320
8250,2024-12-15,Furniture,Hyderabad,414,10,4140
8251,2024-11-03,Sports,Bangalore,4554,8,36432
8252,2025-06-30,Groceries,Bangalore,4987,4,19948
8253,2025-12-05,Electronics,Hyderabad,3308,7,23156
8254,2025-07-11,Groceries,Hyderabad,531,9,4779
8255,2025-01-31,Electronics,Delhi,3367,1,3367
8256,2026-04-24,Groceries,Bangalore,320,9,2880
8257,2025-03-13,Electronics,Bangalore,2041,7,14287
8258,2025-08-11,Electronics,Delhi,3874,1,3874
8259,2025-10-18,Groceries,Delhi,4144,7,29008
8260,2026-04-28,Clothing,Bangalore,2847,4,11388
8261,2025-06-16,Sports,Mumbai,3618,6,21708
8262,2024-07-11,Sports,Mumbai,2389,7,16723
8263,2025-07-07,Sports,Delhi,1254,6,7524
8264,2025-05-21,Furniture,Delhi,334,3,1002
8265,2026-01-21,Clothing,Delhi,4665,4,18660
8266,2025-01-01,Electronics,Mumbai,3908,8,31264
8267,2024-10-25,Electronics,Bangalore,4384,9,39456
8268,2026-04-19,Groceries,Delhi,3937,10,39370
8269,2026-05-02,Groceries,Chennai,390,2,780
8270,2024-07-11,Electronics,Hyderabad,996,5,4980
8271,2026-02-23,Furniture,Hyderabad,1570,2,3140
8272,2026-01-11,Clothing,Mumbai,518,10,5180
8273,2024-10-19,Sports,Chennai,2917,9,26253
8274,2025-04-14,Clothing,Chennai,2113,10,21130
8275,2025-02-25,Groceries,Bangalore,1964,2,3928
8276,2025-01-10,Groceries,Bangalore,2115,3,6345
8277,2025-07-08,Clothing,Mumbai,2283,7,15981
8278,2024-07-11,Sports,Chennai,1840,7,12880
8279,2024-07-26,Furniture,Delhi,2912,5,14560
8280,2026-03-11,Sports,Bangalore,2595,3,7785
8281,2026-03-06,Clothing,Chennai,3512,10,35120
8282,2025-12-27,Groceries,Hyderabad,4888,3,14664
8283,2026-06-13,Groceries,Bangalore,4935,8,39480
8284,2026-04-30,Clothing,Mumbai,4795,7,33565
8285,2025-11-04,Clothing,Hyderabad,4368,2,8736
8286,2025-10-03,Groceries,Chennai,2451,10,24510
8287,2024-12-23,Groceries,Chennai,356,9,3204
8288,2025-05-06,Furniture,Delhi,2706,4,10824
8289,2025-07-19,Furniture,Delhi,4554,5,22770
8290,2026-01-09,Furniture,Delhi,422,1,422
8291,2024-09-29,Groceries,Delhi,1980,10,19800
8292,2024-11-05,Groceries,Bangalore,1294,7,9058
8293,2025-12-24,Furniture,Chennai,4961,5,24805
8294,2025-08-03,Electronics,Delhi,1739,2,3478
8295,2026-01-12,Electronics,Bangalore,1504,4,6016
8296,2026-05-29,Furniture,Mumbai,2642,2,5284
8297,2026-04-07,Furniture,Bangalore,1400,6,8400
8298,2026-02-21,Clothing,Hyderabad,4392,4,17568
8299,2025-05-14,Sports,Mumbai,3453,5,17265
8300,2024-10-08,Groceries,Mumbai,4709,5,23545
8301,2025-05-06,Furniture,Mumbai,1296,4,5184
8302,2025-05-14,Clothing,Hyderabad,107,3,321
8303,2025-07-02,Clothing,Chennai,428,6,2568
8304,2025-02-12,Furniture,Chennai,2312,10,23120
8305,2025-09-21,Electronics,Bangalore,1936,5,9680
8306,2025-11-04,Electronics,Delhi,3874,7,27118
8307,2025-08-30,Groceries,Mumbai,1347,3,4041
8308,2026-06-05,Sports,Bangalore,1497,2,2994
8309,2024-06-28,Sports,Bangalore,3504,3,10512
8310,2024-11-28,Clothing,Bangalore,2961,2,5922
8311,2024-12-08,Sports,Hyderabad,2114,7,14798
8312,2024-08-21,Furniture,Hyderabad,1259,10,12590
8313,2026-02-16,Groceries,Hyderabad,971,7,6797
8314,2024-12-12,Furniture,Hyderabad,4195,4,16780
8315,2024-12-15,Groceries,Hyderabad,4754,5,23770
8316,2025-02-25,Clothing,Hyderabad,4904,9,44136
8317,2025-06-04,Furniture,Bangalore,2715,3,8145
8318,2025-02-05,Groceries,Delhi,330,7,2310
8319,2024-10-05,Groceries,Chennai,2620,3,7860
8320,2025-08-16,Groceries,Hyderabad,4096,9,36864
8321,2026-03-30,Clothing,Hyderabad,2023,3,6069
8322,2025-10-28,Clothing,Chennai,3266,10,32660
8323,2026-05-14,Groceries,Bangalore,2434,9,21906
8324,2024-07-14,Sports,Mumbai,1047,2,2094
8325,2026-02-26,Furniture,Chennai,2606,8,20848
8326,2024-10-23,Electronics,Mumbai,2826,1,2826
8327,2025-06-02,Furniture,Bangalore,665,1,665
8328,2025-06-11,Electronics,Delhi,4198,1,4198
8329,2026-03-01,Furniture,Chennai,1598,8,12784
8330,2024-11-09,Sports,Hyderabad,1154,7,8078
8331,2024-09-02,Groceries,Bangalore,2528,1,2528
8332,2025-10-06,Furniture,Bangalore,227,10,2270
8333,2026-04-27,Clothing,Bangalore,1196,6,7176
8334,2025-06-18,Groceries,Hyderabad,527,5,2635
8335,2025-07-07,Sports,Bangalore,111,5,555
8336,2025-05-03,Clothing,Mumbai,409,7,2863
8337,2025-05-31,Sports,Mumbai,803,2,1606
8338,2025-01-03,Sports,Mumbai,2828,9,25452
8339,2024-12-21,Furniture,Hyderabad,2390,4,9560
8340,2024-08-12,Groceries,Chennai,4058,3,12174
8341,2025-04-08,Furniture,Hyderabad,4373,5,21865
8342,2026-01-19,Furniture,Chennai,1646,1,1646
8343,2025-12-19,Groceries,Bangalore,1353,10,13530
8344,2025-12-24,Clothing,Delhi,4350,4,17400
8345,2025-12-28,Sports,Hyderabad,4386,6,26316
8346,2025-01-05,Groceries,Chennai,3446,8,27568
8347,2026-02-12,Groceries,Mumbai,1168,8,9344
8348,2026-04-25,Clothing,Bangalore,1915,3,5745
8349,2026-03-25,Sports,Chennai,4022,1,4022
8350,2026-02-19,Furniture,Delhi,1349,2,2698
8351,2026-04-12,Furniture,Bangalore,1700,4,6800
8352,2025-10-02,Electronics,Delhi,3894,5,19470
8353,2024-09-14,Clothing,Chennai,2709,3,8127
8354,2025-12-21,Groceries,Delhi,999,9,8991
8355,2025-06-02,Furniture,Bangalore,1316,5,6580
8356,2025-05-14,Groceries,Bangalore,3987,3,11961
8357,2026-03-07,Furniture,Delhi,4307,5,21535
8358,2025-05-30,Sports,Chennai,2934,10,29340
8359,2025-11-26,Electronics,Bangalore,2902,6,17412
8360,2024-12-28,Electronics,Chennai,1370,6,8220
8361,2026-05-05,Furniture,Bangalore,3140,10,31400
8362,2026-04-11,Electronics,Chennai,4074,4,16296
8363,2025-10-18,Electronics,Chennai,3685,10,36850
8364,2025-06-28,Clothing,Chennai,3269,7,22883
8365,2024-08-10,Furniture,Mumbai,994,8,7952
8366,2024-08-26,Groceries,Delhi,1751,7,12257
8367,2024-11-29,Furniture,Mumbai,2399,7,16793
8368,2025-12-03,Electronics,Chennai,1747,8,13976
8369,2026-02-19,Groceries,Delhi,1990,4,7960
8370,2026-01-11,Sports,Chennai,1449,7,10143
8371,2024-08-17,Furniture,Mumbai,2269,6,13614
8372,2025-03-15,Furniture,Chennai,3051,6,18306
8373,2026-03-04,Clothing,Hyderabad,1235,5,6175
8374,2025-11-09,Clothing,Delhi,910,8,7280
8375,2025-02-20,Furniture,Hyderabad,3181,4,12724
8376,2025-11-06,Sports,Hyderabad,2284,5,11420
8377,2026-02-13,Groceries,Hyderabad,3403,5,17015
8378,2025-01-15,Electronics,Delhi,3516,2,7032
8379,2025-02-05,Sports,Chennai,800,10,8000
8380,2024-06-28,Clothing,Delhi,521,6,3126
8381,2026-02-08,Groceries,Delhi,3141,6,18846
8382,2024-12-13,Furniture,Hyderabad,3871,10,38710
8383,2025-10-18,Furniture,Mumbai,258,9,2322
8384,2024-07-13,Sports,Mumbai,4313,8,34504
8385,2026-02-02,Clothing,Chennai,2376,9,21384
8386,2024-09-05,Furniture,Delhi,179,10,1790
8387,2025-05-27,Groceries,Chennai,476,10,4760
8388,2025-07-30,Sports,Mumbai,1586,7,11102
8389,2026-05-11,Electronics,Chennai,2914,5,14570
8390,2024-08-18,Groceries,Hyderabad,817,4,3268
8391,2025-04-20,Electronics,Delhi,4396,8,35168
8392,2024-07-13,Electronics,Bangalore,2787,4,11148
8393,2025-06-18,Clothing,Chennai,2961,5,14805
8394,2024-07-02,Sports,Chennai,4482,5,22410
8395,2024-12-02,Clothing,Chennai,2066,8,16528
8396,2025-11-09,Furniture,Chennai,3420,3,10260
8397,2025-06-24,Groceries,Mumbai,2273,10,22730
8398,2026-06-21,Electronics,Hyderabad,275,5,1375
8399,2024-11-09,Groceries,Hyderabad,440,7,3080
8400,2024-07-01,Clothing,Hyderabad,2215,2,4430
8401,2025-09-19,Sports,Bangalore,812,5,4060
8402,2025-05-06,Sports,Bangalore,1801,5,9005
8403,2025-03-15,Groceries,Chennai,3485,9,31365
8404,2025-06-23,Clothing,Bangalore,763,9,6867
8405,2025-02-05,Sports,Chennai,1093,7,7651
8406,2024-10-23,Clothing,Mumbai,3655,3,10965
8407,2025-09-19,Electronics,Mumbai,3307,6,19842
8408,2025-06-29,Groceries,Hyderabad,3504,7,24528
8409,2025-01-29,Furniture,Bangalore,3243,8,25944
8410,2025-12-30,Electronics,Delhi,1560,1,1560
8411,2025-08-31,Electronics,Bangalore,865,4,3460
8412,2024-07-31,Groceries,Hyderabad,4206,4,16824
8413,2025-05-09,Clothing,Mumbai,1419,3,4257
8414,2025-10-18,Electronics,Chennai,2700,1,2700
8415,2025-12-25,Furniture,Delhi,1920,3,5760
8416,2026-05-16,Electronics,Bangalore,3629,2,7258
8417,2025-01-24,Clothing,Bangalore,3323,6,19938
8418,2025-09-27,Furniture,Delhi,4823,10,48230
8419,2025-08-02,Clothing,Delhi,2986,10,29860
8420,2024-07-25,Furniture,Bangalore,3643,2,7286
8421,2025-12-14,Electronics,Hyderabad,4923,6,29538
8422,2025-01-29,Furniture,Hyderabad,1076,3,3228
8423,2025-01-12,Furniture,Delhi,660,1,660
8424,2025-11-05,Sports,Hyderabad,3370,2,6740
8425,2025-07-22,Furniture,Chennai,1527,8,12216
8426,2025-02-06,Clothing,Hyderabad,3191,1,3191
8427,2026-01-01,Clothing,Chennai,3366,3,10098
8428,2024-12-25,Electronics,Mumbai,1707,5,8535
8429,2025-05-23,Electronics,Hyderabad,1339,2,2678
8430,2024-11-15,Electronics,Chennai,4730,5,23650
8431,2024-08-21,Clothing,Delhi,472,9,4248
8432,2025-10-08,Groceries,Hyderabad,4439,9,39951
8433,2026-01-31,Furniture,Bangalore,2261,2,4522
8434,2026-04-07,Furniture,Hyderabad,4654,5,23270
8435,2024-12-27,Groceries,Bangalore,3909,8,31272
8436,2026-01-08,Furniture,Mumbai,3886,9,34974
8437,2024-07-25,Sports,Chennai,3699,5,18495
8438,2025-04-19,Clothing,Delhi,2787,8,22296
8439,2024-07-25,Groceries,Chennai,2554,9,22986
8440,2024-11-29,Clothing,Delhi,411,2,822
8441,2024-11-20,Furniture,Chennai,1300,8,10400
8442,2025-12-17,Electronics,Bangalore,2583,9,23247
8443,2024-11-06,Clothing,Delhi,1034,3,3102
8444,2025-07-02,Groceries,Chennai,1901,10,19010
8445,2026-03-06,Clothing,Bangalore,2175,3,6525
8446,2025-07-10,Clothing,Delhi,3030,7,21210
8447,2025-03-30,Furniture,Hyderabad,2679,4,10716
8448,2024-11-20,Clothing,Hyderabad,518,2,1036
8449,2024-09-15,Groceries,Delhi,4850,10,48500
8450,2026-05-22,Furniture,Hyderabad,2568,9,23112
8451,2025-11-03,Sports,Chennai,2117,2,4234
8452,2025-05-23,Electronics,Hyderabad,4728,1,4728
8453,2024-07-08,Electronics,Mumbai,504,6,3024
8454,2025-03-27,Furniture,Bangalore,1777,2,3554
8455,2025-11-18,Clothing,Chennai,1730,6,10380
8456,2025-03-27,Sports,Delhi,3406,2,6812
8457,2026-01-01,Clothing,Bangalore,3568,3,10704
8458,2026-01-06,Furniture,Hyderabad,1596,8,12768
8459,2025-11-18,Furniture,Chennai,1213,9,10917
8460,2024-07-17,Electronics,Chennai,4404,6,26424
8461,2025-11-16,Groceries,Chennai,4937,1,4937
8462,2025-06-04,Electronics,Bangalore,3342,8,26736
8463,2025-10-09,Furniture,Mumbai,2063,9,18567
8464,2025-04-20,Groceries,Hyderabad,3692,10,36920
8465,2025-02-27,Clothing,Mumbai,1301,8,10408
8466,2024-10-27,Groceries,Mumbai,2500,1,2500
8467,2024-09-23,Furniture,Mumbai,4492,8,35936
8468,2026-03-06,Electronics,Hyderabad,2860,9,25740
8469,2025-12-30,Electronics,Chennai,2604,10,26040
8470,2026-05-30,Furniture,Mumbai,2715,4,10860
8471,2025-03-03,Clothing,Hyderabad,1999,9,17991
8472,2025-04-02,Sports,Bangalore,3266,2,6532
8473,2024-11-10,Electronics,Chennai,1514,5,7570
8474,2025-09-04,Electronics,Chennai,1989,3,5967
8475,2025-05-20,Furniture,Delhi,4013,8,32104
8476,2024-10-14,Groceries,Chennai,1865,2,3730
8477,2024-12-08,Groceries,Chennai,3160,7,22120
8478,2026-06-26,Sports,Delhi,2501,2,5002
8479,2024-10-06,Furniture,Chennai,518,6,3108
8480,2025-08-02,Sports,Delhi,3258,5,16290
8481,2025-02-12,Furniture,Bangalore,1239,5,6195
8482,2024-11-19,Furniture,Bangalore,2761,1,2761
8483,2024-11-11,Groceries,Delhi,4225,2,8450
8484,2026-03-04,Groceries,Delhi,778,1,778
8485,2026-01-19,Electronics,Chennai,3242,2,6484
8486,2024-12-25,Clothing,Chennai,1763,3,5289
8487,2026-06-02,Electronics,Hyderabad,4951,9,44559
8488,2025-04-07,Furniture,Hyderabad,1691,10,16910
8489,2025-10-18,Groceries,Delhi,1665,2,3330
8490,2025-10-03,Clothing,Bangalore,3765,6,22590
8491,2024-11-17,Groceries,Mumbai,4638,4,18552
8492,2026-04-03,Clothing,Mumbai,2355,10,23550
8493,2024-09-18,Sports,Hyderabad,1643,10,16430
8494,2025-09-13,Electronics,Delhi,3232,1,3232
8495,2025-05-28,Electronics,Delhi,4382,10,43820
8496,2024-09-21,Electronics,Delhi,1705,9,15345
8497,2025-10-31,Groceries,Hyderabad,2413,8,19304
8498,2024-12-24,Electronics,Delhi,4862,1,4862
8499,2025-04-28,Groceries,Hyderabad,1067,4,4268
8500,2026-06-15,Electronics,Bangalore,1978,6,11868
8501,2025-01-12,Furniture,Hyderabad,3976,4,15904
8502,2025-04-26,Groceries,Chennai,2526,7,17682
8503,2024-10-29,Sports,Mumbai,3938,7,27566
8504,2025-07-21,Sports,Mumbai,4069,6,24414
8505,2026-02-17,Furniture,Mumbai,3417,7,23919
8506,2025-12-07,Furniture,Delhi,418,4,1672
8507,2025-02-28,Furniture,Mumbai,2721,7,19047
8508,2026-05-23,Electronics,Bangalore,3635,10,36350
8509,2026-03-07,Electronics,Delhi,3593,7,25151
8510,2025-02-03,Groceries,Chennai,4489,4,17956
8511,2024-08-21,Electronics,Mumbai,4808,6,28848
8512,2026-01-07,Furniture,Mumbai,3849,4,15396
8513,2025-02-19,Sports,Delhi,893,3,2679
8514,2026-05-08,Furniture,Mumbai,725,2,1450
8515,2025-04-07,Electronics,Chennai,2100,5,10500
8516,2025-09-03,Sports,Hyderabad,1392,3,4176
8517,2025-01-27,Electronics,Delhi,666,3,1998
8518,2026-02-22,Furniture,Mumbai,3010,10,30100
8519,2026-03-04,Electronics,Hyderabad,3739,6,22434
8520,2025-12-16,Clothing,Bangalore,1121,6,6726
8521,2025-12-13,Electronics,Bangalore,912,7,6384
8522,2025-06-03,Electronics,Delhi,1114,8,8912
8523,2025-02-03,Electronics,Hyderabad,4722,5,23610
8524,2025-06-25,Clothing,Mumbai,3980,7,27860
8525,2025-08-19,Electronics,Mumbai,3614,2,7228
8526,2026-04-11,Furniture,Chennai,4734,7,33138
8527,2025-05-01,Groceries,Hyderabad,2739,10,27390
8528,2024-07-03,Sports,Delhi,2779,7,19453
8529,2025-09-28,Sports,Bangalore,3555,7,24885
8530,2024-12-06,Sports,Delhi,240,3,720
8531,2026-03-14,Clothing,Delhi,4396,6,26376
8532,2025-08-11,Sports,Hyderabad,2779,10,27790
8533,2025-08-31,Furniture,Delhi,2492,7,17444
8534,2025-11-29,Clothing,Hyderabad,4182,8,33456
8535,2024-10-14,Groceries,Bangalore,3150,3,9450
8536,2025-10-05,Furniture,Bangalore,1139,7,7973
8537,2025-06-18,Groceries,Hyderabad,2146,9,19314
8538,2024-12-03,Sports,Delhi,4321,3,12963
8539,2025-01-05,Electronics,Bangalore,255,1,255
8540,2024-09-11,Electronics,Mumbai,4330,6,25980
8541,2025-05-15,Furniture,Delhi,3175,2,6350
8542,2024-10-19,Electronics,Hyderabad,4618,5,23090
8543,2026-06-04,Clothing,Delhi,319,9,2871
8544,2024-12-07,Groceries,Bangalore,2627,7,18389
8545,2026-02-01,Groceries,Delhi,2049,4,8196
8546,2026-06-16,Groceries,Chennai,4539,1,4539
8547,2025-03-08,Electronics,Bangalore,2612,7,18284
8548,2025-10-06,Groceries,Bangalore,3328,1,3328
8549,2025-05-04,Groceries,Mumbai,4865,7,34055
8550,2024-08-07,Furniture,Bangalore,901,1,901
8551,2026-06-15,Electronics,Hyderabad,1526,6,9156
8552,2024-09-04,Electronics,Hyderabad,4541,3,13623
8553,2025-10-11,Clothing,Delhi,1688,10,16880
8554,2024-12-20,Furniture,Chennai,4625,6,27750
8555,2026-01-20,Electronics,Bangalore,329,1,329
8556,2025-10-26,Furniture,Mumbai,814,5,4070
8557,2025-06-23,Furniture,Hyderabad,4156,4,16624
8558,2025-10-01,Sports,Hyderabad,1418,5,7090
8559,2024-11-15,Groceries,Mumbai,3308,6,19848
8560,2026-06-20,Groceries,Delhi,892,4,3568
8561,2025-05-04,Electronics,Delhi,709,4,2836
8562,2024-11-01,Groceries,Mumbai,1357,9,12213
8563,2026-06-26,Electronics,Delhi,1796,8,14368
8564,2025-06-11,Furniture,Bangalore,3573,6,21438
8565,2026-03-28,Clothing,Bangalore,1385,10,13850
8566,2025-04-26,Groceries,Delhi,4525,5,22625
8567,2026-03-21,Electronics,Mumbai,2148,3,6444
8568,2025-10-06,Furniture,Delhi,3150,7,22050
8569,2024-11-01,Electronics,Delhi,3986,8,31888
8570,2026-03-18,Electronics,Hyderabad,601,2,1202
8571,2024-08-04,Groceries,Mumbai,3998,2,7996
8572,2025-07-13,Electronics,Hyderabad,1016,4,4064
8573,2024-07-22,Groceries,Delhi,4363,10,43630
8574,2026-03-16,Sports,Delhi,3075,8,24600
8575,2025-01-11,Furniture,Delhi,4760,9,42840
8576,2026-05-02,Groceries,Chennai,1286,1,1286
8577,2024-08-02,Electronics,Chennai,236,4,944
8578,2025-10-30,Furniture,Hyderabad,3538,4,14152
8579,2025-04-03,Clothing,Delhi,1331,9,11979
8580,2026-05-29,Electronics,Hyderabad,3731,1,3731
8581,2025-02-04,Sports,Bangalore,4298,3,12894
8582,2026-02-06,Electronics,Bangalore,934,2,1868
8583,2025-08-19,Groceries,Hyderabad,3472,6,20832
8584,2025-06-21,Sports,Hyderabad,3453,10,34530
8585,2025-10-12,Clothing,Mumbai,3514,7,24598
8586,2026-05-21,Furniture,Chennai,1492,5,7460
8587,2026-01-14,Sports,Mumbai,1073,2,2146
8588,2025-02-10,Groceries,Bangalore,3669,7,25683
8589,2025-05-04,Electronics,Delhi,743,6,4458
8590,2024-10-26,Clothing,Delhi,4909,10,49090
8591,2025-03-15,Clothing,Hyderabad,683,6,4098
8592,2026-05-23,Sports,Hyderabad,1858,7,13006
8593,2026-04-27,Clothing,Chennai,4991,3,14973
8594,2025-02-17,Electronics,Bangalore,1462,4,5848
8595,2024-09-13,Groceries,Mumbai,4170,3,12510
8596,2024-07-14,Sports,Delhi,980,2,1960
8597,2026-05-21,Furniture,Bangalore,4098,3,12294
8598,2026-01-10,Sports,Bangalore,3933,7,27531
8599,2024-10-18,Groceries,Chennai,2404,2,4808
8600,2025-01-21,Electronics,Hyderabad,1902,3,5706
8601,2025-09-05,Furniture,Hyderabad,3095,5,15475
8602,2024-11-06,Furniture,Bangalore,4664,1,4664
8603,2025-03-31,Electronics,Chennai,261,9,2349
8604,2025-02-26,Furniture,Mumbai,4371,2,8742
8605,2025-07-24,Clothing,Mumbai,2414,10,24140
8606,2025-03-11,Electronics,Delhi,1297,10,12970
8607,2025-07-03,Furniture,Chennai,4353,5,21765
8608,2024-07-21,Groceries,Mumbai,4444,1,4444
8609,2026-04-07,Clothing,Mumbai,2873,9,25857
8610,2026-06-14,Groceries,Delhi,732,4,2928
8611,2026-03-08,Sports,Bangalore,2684,3,8052
8612,2024-09-21,Clothing,Hyderabad,3195,4,12780
8613,2025-06-07,Furniture,Mumbai,4562,10,45620
8614,2025-09-26,Clothing,Hyderabad,3811,2,7622
8615,2025-08-21,Sports,Delhi,1948,2,3896
8616,2025-02-22,Sports,Delhi,1013,10,10130
8617,2026-05-03,Furniture,Delhi,635,9,5715
8618,2025-02-27,Clothing,Delhi,3003,1,3003
8619,2025-04-26,Furniture,Bangalore,771,8,6168
8620,2024-07-09,Groceries,Bangalore,4686,1,4686
8621,2025-07-19,Electronics,Delhi,256,9,2304
8622,2025-04-01,Sports,Hyderabad,852,1,852
8623,2025-06-14,Clothing,Mumbai,4134,8,33072
8624,2024-08-25,Groceries,Delhi,957,8,7656
8625,2025-03-08,Sports,Chennai,2538,9,22842
8626,2024-07-03,Clothing,Delhi,2201,2,4402
8627,2025-12-19,Groceries,Bangalore,2773,2,5546
8628,2026-04-17,Electronics,Hyderabad,4200,10,42000
8629,2026-05-04,Sports,Delhi,4432,3,13296
8630,2025-09-17,Clothing,Hyderabad,4244,5,21220
8631,2025-01-16,Furniture,Bangalore,4953,2,9906
8632,2026-03-20,Groceries,Hyderabad,3583,9,32247
8633,2026-03-21,Electronics,Bangalore,2926,5,14630
8634,2025-11-07,Electronics,Bangalore,2069,1,2069
8635,2025-10-09,Clothing,Chennai,2541,2,5082
8636,2025-07-14,Furniture,Delhi,1954,5,9770
8637,2026-04-30,Sports,Chennai,1212,6,7272
8638,2026-01-19,Groceries,Chennai,4036,3,12108
8639,2026-03-17,Groceries,Bangalore,2694,4,10776
8640,2024-06-30,Electronics,Hyderabad,4537,6,27222
8641,2025-05-19,Clothing,Delhi,2485,2,4970
8642,2024-10-13,Electronics,Chennai,2982,8,23856
8643,2024-12-27,Groceries,Mumbai,3607,8,28856
8644,2024-07-06,Sports,Bangalore,4267,3,12801
8645,2025-04-20,Sports,Bangalore,2555,6,15330
8646,2026-04-26,Clothing,Chennai,4552,5,22760
8647,2025-06-27,Clothing,Delhi,692,7,4844
8648,2026-02-10,Sports,Delhi,1215,1,1215
8649,2025-02-23,Groceries,Hyderabad,2583,6,15498
8650,2025-09-01,Electronics,Delhi,2426,10,24260
8651,2025-11-24,Electronics,Chennai,4718,10,47180
8652,2026-01-26,Groceries,Mumbai,3342,6,20052
8653,2026-06-05,Clothing,Bangalore,1375,3,4125
8654,2025-04-24,Electronics,Hyderabad,569,10,5690
8655,2024-07-08,Furniture,Chennai,1758,9,15822
8656,2025-11-05,Sports,Chennai,565,2,1130
8657,2026-04-04,Furniture,Delhi,3735,7,26145
8658,2026-03-31,Electronics,Mumbai,3885,10,38850
8659,2025-08-08,Clothing,Chennai,2345,2,4690
8660,2024-10-07,Furniture,Chennai,3279,6,19674
8661,2026-01-24,Sports,Hyderabad,3625,1,3625
8662,2025-12-08,Sports,Mumbai,3268,4,13072
8663,2025-09-05,Furniture,Bangalore,3974,4,15896
8664,2024-12-14,Groceries,Bangalore,880,7,6160
8665,2025-02-03,Electronics,Mumbai,3461,2,6922
8666,2025-10-06,Furniture,Hyderabad,3013,10,30130
8667,2026-05-10,Clothing,Hyderabad,2110,2,4220
8668,2025-01-29,Electronics,Hyderabad,3733,3,11199
8669,2026-02-21,Furniture,Chennai,771,10,7710
8670,2025-04-08,Electronics,Mumbai,4390,10,43900
8671,2025-02-09,Electronics,Bangalore,3282,2,6564
8672,2024-08-26,Clothing,Mumbai,2510,2,5020
8673,2026-02-23,Clothing,Hyderabad,1035,5,5175
8674,2026-01-15,Groceries,Hyderabad,330,8,2640
8675,2024-06-28,Electronics,Bangalore,158,7,1106
8676,2025-07-05,Electronics,Bangalore,1048,2,2096
8677,2025-11-21,Sports,Hyderabad,1362,2,2724
8678,2024-08-23,Clothing,Bangalore,2945,8,23560
8679,2024-08-27,Sports,Delhi,1645,1,1645
8680,2024-12-19,Groceries,Chennai,1780,6,10680
8681,2026-01-23,Groceries,Chennai,4082,4,16328
8682,2024-11-13,Groceries,Delhi,4528,1,4528
8683,2025-07-25,Sports,Mumbai,1294,5,6470
8684,2025-06-06,Furniture,Hyderabad,4356,4,17424
8685,2025-09-02,Furniture,Bangalore,907,3,2721
8686,2024-08-17,Clothing,Bangalore,3073,6,18438
8687,2026-05-24,Sports,Mumbai,3522,8,28176
8688,2025-07-08,Electronics,Mumbai,2195,5,10975
8689,2025-06-14,Sports,Hyderabad,173,3,519
8690,2025-08-19,Groceries,Hyderabad,3004,3,9012
8691,2024-09-12,Sports,Mumbai,4666,4,18664
8692,2025-02-22,Sports,Mumbai,3824,2,7648
8693,2025-11-03,Electronics,Delhi,4778,9,43002
8694,2025-01-19,Sports,Hyderabad,1301,8,10408
8695,2025-09-10,Sports,Chennai,1660,1,1660
8696,2025-09-28,Clothing,Delhi,2942,9,26478
8697,2025-03-13,Clothing,Delhi,3151,10,31510
8698,2024-11-04,Clothing,Chennai,1968,3,5904
8699,2025-06-17,Electronics,Bangalore,3164,1,3164
8700,2024-11-01,Furniture,Mumbai,4759,10,47590
8701,2025-08-01,Clothing,Mumbai,4198,9,37782
8702,2025-10-04,Electronics,Delhi,4959,2,9918
8703,2026-03-27,Sports,Hyderabad,4627,10,46270
8704,2025-10-05,Groceries,Hyderabad,3595,1,3595
8705,2025-01-21,Groceries,Delhi,2596,4,10384
8706,2024-07-06,Sports,Chennai,565,5,2825
8707,2025-05-04,Groceries,Delhi,482,4,1928
8708,2026-01-11,Sports,Delhi,4210,9,37890
8709,2025-09-30,Groceries,Delhi,1116,7,7812
8710,2025-08-11,Groceries,Chennai,3478,1,3478
8711,2025-05-26,Furniture,Bangalore,1280,3,3840
8712,2024-08-06,Sports,Mumbai,4098,6,24588
8713,2025-12-07,Electronics,Delhi,4655,6,27930
8714,2026-05-01,Groceries,Delhi,616,6,3696
8715,2026-02-24,Groceries,Hyderabad,3126,4,12504
8716,2026-02-18,Electronics,Mumbai,3865,9,34785
8717,2024-11-18,Groceries,Delhi,3257,5,16285
8718,2025-10-27,Groceries,Bangalore,4907,8,39256
8719,2025-11-17,Sports,Delhi,4515,3,13545
8720,2025-06-11,Furniture,Mumbai,1124,7,7868
8721,2025-12-05,Electronics,Chennai,2776,2,5552
8722,2025-09-18,Groceries,Delhi,1454,5,7270
8723,2025-11-16,Groceries,Chennai,789,4,3156
8724,2024-10-26,Groceries,Delhi,4151,10,41510
8725,2026-01-14,Electronics,Bangalore,4238,5,21190
8726,2024-07-11,Groceries,Bangalore,1019,9,9171
8727,2024-07-10,Groceries,Delhi,1889,10,18890
8728,2026-06-28,Groceries,Chennai,3058,4,12232
8729,2025-03-04,Electronics,Mumbai,4680,9,42120
8730,2024-11-01,Sports,Mumbai,3312,4,13248
8731,2025-10-01,Groceries,Mumbai,776,6,4656
8732,2026-04-22,Sports,Bangalore,672,5,3360
8733,2026-06-24,Sports,Bangalore,398,9,3582
8734,2025-03-19,Furniture,Bangalore,3038,2,6076
8735,2025-01-06,Sports,Hyderabad,3512,6,21072
8736,2024-08-11,Sports,Bangalore,535,7,3745
8737,2026-05-29,Sports,Mumbai,724,5,3620
8738,2026-03-04,Groceries,Chennai,1269,1,1269
8739,2026-02-22,Sports,Mumbai,4880,6,29280
8740,2024-11-16,Clothing,Bangalore,2283,1,2283
8741,2025-06-12,Clothing,Delhi,3226,2,6452
8742,2024-07-21,Electronics,Hyderabad,2794,4,11176
8743,2025-02-16,Clothing,Bangalore,4895,7,34265
8744,2025-09-30,Groceries,Mumbai,620,7,4340
8745,2025-08-19,Groceries,Bangalore,2664,1,2664
8746,2024-08-28,Clothing,Chennai,4142,10,41420
8747,2026-05-08,Sports,Mumbai,467,1,467
8748,2026-02-02,Clothing,Bangalore,2278,7,15946
8749,2025-07-20,Furniture,Bangalore,356,6,2136
8750,2025-06-15,Electronics,Delhi,1345,4,5380
8751,2026-02-06,Electronics,Hyderabad,900,5,4500
8752,2024-11-01,Groceries,Mumbai,1477,5,7385
8753,2025-04-24,Clothing,Delhi,4750,4,19000
8754,2026-01-27,Groceries,Chennai,4729,2,9458
8755,2024-07-21,Furniture,Delhi,2875,10,28750
8756,2025-10-30,Electronics,Delhi,123,8,984
8757,2026-04-27,Groceries,Mumbai,4058,1,4058
8758,2025-06-16,Electronics,Chennai,4056,5,20280
8759,2025-02-23,Clothing,Chennai,1527,1,1527
8760,2025-03-24,Groceries,Hyderabad,3180,1,3180
8761,2025-04-10,Electronics,Hyderabad,3676,10,36760
8762,2026-05-25,Furniture,Hyderabad,3925,6,23550
8763,2026-04-02,Sports,Chennai,1641,1,1641
8764,2024-07-31,Furniture,Chennai,3603,8,28824
8765,2024-11-08,Clothing,Chennai,912,2,1824
8766,2025-03-12,Sports,Hyderabad,2076,6,12456
8767,2026-02-24,Clothing,Delhi,1034,6,6204
8768,2025-06-27,Furniture,Mumbai,4073,10,40730
8769,2025-02-16,Furniture,Mumbai,1422,10,14220
8770,2026-03-21,Electronics,Hyderabad,2671,9,24039
8771,2026-06-03,Groceries,Hyderabad,1258,4,5032
8772,2026-03-29,Sports,Hyderabad,4154,6,24924
8773,2024-11-05,Groceries,Chennai,3980,9,35820
8774,2025-09-05,Groceries,Hyderabad,1583,5,7915
8775,2024-11-22,Sports,Delhi,2595,6,15570
8776,2026-05-12,Groceries,Bangalore,815,2,1630
8777,2024-09-04,Groceries,Delhi,3724,10,37240
8778,2025-01-31,Electronics,Chennai,3744,3,11232
8779,2025-08-30,Electronics,Chennai,4119,7,28833
8780,2025-12-04,Electronics,Hyderabad,2102,1,2102
8781,2025-06-14,Furniture,Delhi,635,4,2540
8782,2026-02-08,Sports,Chennai,374,1,374
8783,2026-06-14,Sports,Delhi,931,5,4655
8784,2025-09-04,Furniture,Bangalore,4739,8,37912
8785,2025-05-05,Sports,Bangalore,4003,8,32024
8786,2024-09-02,Clothing,Chennai,3444,9,30996
8787,2024-08-22,Electronics,Mumbai,661,10,6610
8788,2026-01-01,Clothing,Hyderabad,4234,5,21170
8789,2026-03-09,Groceries,Chennai,1767,9,15903
8790,2025-07-29,Groceries,Delhi,4122,8,32976
8791,2026-01-16,Electronics,Mumbai,1219,3,3657
8792,2026-02-16,Clothing,Bangalore,4085,2,8170
8793,2025-07-31,Sports,Bangalore,3299,3,9897
8794,2025-01-24,Sports,Mumbai,4956,3,14868
8795,2026-06-11,Sports,Mumbai,1167,3,3501
8796,2025-05-09,Furniture,Mumbai,525,3,1575
8797,2025-02-12,Clothing,Delhi,4783,9,43047
8798,2026-01-29,Clothing,Mumbai,139,3,417
8799,2025-09-06,Sports,Mumbai,3998,7,27986
8800,2025-10-12,Groceries,Mumbai,1729,10,17290
8801,2026-04-19,Sports,Delhi,1906,5,9530
8802,2026-06-06,Groceries,Mumbai,1702,2,3404
8803,2025-01-03,Sports,Delhi,964,6,5784
8804,2025-05-06,Furniture,Bangalore,2368,7,16576
8805,2024-11-13,Groceries,Bangalore,441,3,1323
8806,2026-05-07,Groceries,Hyderabad,4859,9,43731
8807,2025-11-12,Groceries,Bangalore,1577,8,12616
8808,2024-11-03,Furniture,Delhi,2245,7,15715
8809,2026-06-19,Electronics,Bangalore,4540,4,18160
8810,2024-10-21,Groceries,Hyderabad,1401,5,7005
8811,2024-08-27,Clothing,Mumbai,4772,4,19088
8812,2025-01-12,Electronics,Mumbai,4888,7,34216
8813,2025-05-18,Furniture,Delhi,4291,10,42910
8814,2026-01-23,Electronics,Bangalore,3424,1,3424
8815,2024-08-27,Sports,Bangalore,727,5,3635
8816,2026-06-23,Clothing,Chennai,2822,3,8466
8817,2026-02-23,Clothing,Mumbai,554,6,3324
8818,2024-10-13,Clothing,Bangalore,4154,7,29078
8819,2025-09-19,Electronics,Chennai,4596,10,45960
8820,2026-04-11,Furniture,Chennai,2751,3,8253
8821,2025-08-24,Electronics,Bangalore,368,6,2208
8822,2026-04-17,Groceries,Mumbai,936,10,9360
8823,2024-07-03,Electronics,Hyderabad,557,7,3899
8824,2025-06-17,Furniture,Chennai,2864,4,11456
8825,2024-11-03,Groceries,Mumbai,871,5,4355
8826,2025-02-16,Sports,Mumbai,4013,8,32104
8827,2025-12-11,Clothing,Mumbai,4460,9,40140
8828,2024-11-25,Furniture,Chennai,3881,8,31048
8829,2025-02-27,Groceries,Chennai,4303,8,34424
8830,2024-09-10,Electronics,Delhi,1184,9,10656
8831,2026-03-18,Clothing,Mumbai,2242,2,4484
8832,2024-12-28,Clothing,Hyderabad,277,6,1662
8833,2026-02-28,Electronics,Delhi,126,4,504
8834,2024-07-18,Electronics,Chennai,782,5,3910
8835,2026-06-19,Furniture,Hyderabad,4124,3,12372
8836,2025-02-13,Groceries,Bangalore,3623,3,10869
8837,2024-08-08,Sports,Bangalore,3999,8,31992
8838,2025-12-03,Electronics,Delhi,1394,6,8364
8839,2026-01-17,Clothing,Delhi,136,9,1224
8840,2025-04-13,Groceries,Bangalore,3754,2,7508
8841,2024-11-24,Sports,Delhi,4948,7,34636
8842,2026-06-25,Groceries,Delhi,2474,2,4948
8843,2025-02-09,Furniture,Mumbai,1931,1,1931
8844,2024-07-04,Clothing,Hyderabad,1613,6,9678
8845,2025-12-29,Furniture,Hyderabad,4176,1,4176
8846,2025-05-23,Clothing,Chennai,3320,7,23240
8847,2025-08-31,Sports,Hyderabad,1911,2,3822
8848,2026-02-03,Furniture,Mumbai,3235,1,3235
8849,2024-12-26,Electronics,Delhi,2767,2,5534
8850,2025-10-19,Furniture,Mumbai,4753,2,9506
8851,2025-04-09,Sports,Delhi,736,1,736
8852,2024-10-15,Clothing,Bangalore,1029,10,10290
8853,2025-07-21,Sports,Chennai,4794,5,23970
8854,2025-09-21,Clothing,Bangalore,2289,9,20601
8855,2024-11-19,Electronics,Mumbai,1955,8,15640
8856,2026-05-12,Sports,Delhi,4523,4,18092
8857,2026-05-14,Furniture,Mumbai,522,9,4698
8858,2026-03-06,Sports,Hyderabad,3102,4,12408
8859,2026-04-02,Sports,Chennai,4000,1,4000
8860,2025-08-17,Electronics,Mumbai,3920,8,31360
8861,2025-01-27,Furniture,Bangalore,1824,2,3648
8862,2025-05-03,Sports,Bangalore,788,1,788
8863,2025-12-28,Electronics,Hyderabad,2095,8,16760
8864,2024-10-28,Furniture,Mumbai,4345,8,34760
8865,2025-06-21,Electronics,Delhi,3806,6,22836
8866,2025-10-13,Electronics,Hyderabad,1177,8,9416
8867,2025-06-06,Furniture,Hyderabad,4441,10,44410
8868,2025-06-17,Furniture,Hyderabad,768,9,6912
8869,2025-01-07,Clothing,Hyderabad,3126,2,6252
8870,2024-09-18,Furniture,Bangalore,3015,6,18090
8871,2025-08-29,Sports,Bangalore,4824,1,4824
8872,2025-01-04,Sports,Mumbai,497,10,4970
8873,2025-10-27,Sports,Hyderabad,3232,5,16160
8874,2025-08-31,Groceries,Hyderabad,4279,4,17116
8875,2025-05-25,Groceries,Mumbai,3887,7,27209
8876,2025-10-21,Sports,Chennai,2445,4,9780
8877,2026-02-20,Clothing,Chennai,397,6,2382
8878,2024-11-28,Groceries,Hyderabad,3416,7,23912
8879,2025-05-07,Furniture,Mumbai,2335,10,23350
8880,2024-08-12,Groceries,Chennai,2780,10,27800
8881,2025-03-28,Clothing,Hyderabad,2797,10,27970
8882,2025-02-22,Sports,Chennai,1191,7,8337
8883,2026-04-15,Groceries,Hyderabad,4477,9,40293
8884,2026-02-25,Furniture,Bangalore,4514,3,13542
8885,2025-08-11,Electronics,Delhi,414,5,2070
8886,2024-07-04,Groceries,Chennai,1714,7,11998
8887,2025-03-14,Furniture,Chennai,270,6,1620
8888,2024-09-27,Groceries,Delhi,4190,3,12570
8889,2026-05-17,Clothing,Bangalore,3953,9,35577
8890,2026-01-21,Groceries,Delhi,4815,10,48150
8891,2024-10-22,Furniture,Hyderabad,4653,2,9306
8892,2025-08-26,Electronics,Delhi,254,4,1016
8893,2025-08-10,Furniture,Hyderabad,4530,4,18120
8894,2026-01-08,Electronics,Delhi,2415,7,16905
8895,2026-06-15,Electronics,Bangalore,781,10,7810
8896,2025-10-17,Sports,Hyderabad,886,1,886
8897,2024-11-07,Electronics,Delhi,4391,3,13173
8898,2025-03-25,Furniture,Delhi,3779,8,30232
8899,2024-08-12,Furniture,Hyderabad,3485,3,10455
8900,2025-08-23,Electronics,Chennai,759,9,6831
8901,2026-05-23,Sports,Mumbai,3597,4,14388
8902,2026-06-02,Sports,Bangalore,521,5,2605
8903,2025-06-03,Groceries,Bangalore,2348,7,16436
8904,2025-04-27,Clothing,Delhi,416,6,2496
8905,2026-02-19,Sports,Bangalore,2009,4,8036
8906,2024-12-28,Electronics,Chennai,772,5,3860
8907,2025-06-28,Clothing,Mumbai,2248,10,22480
8908,2025-12-14,Groceries,Mumbai,3094,6,18564
8909,2024-09-11,Groceries,Delhi,1005,3,3015
8910,2024-09-16,Groceries,Delhi,4971,6,29826
8911,2024-09-12,Furniture,Hyderabad,860,10,8600
8912,2025-12-06,Furniture,Chennai,863,1,863
8913,2024-08-12,Clothing,Chennai,2844,1,2844
8914,2026-05-15,Electronics,Hyderabad,2032,5,10160
8915,2026-04-03,Electronics,Delhi,3340,7,23380
8916,2026-03-10,Furniture,Chennai,541,1,541
8917,2026-06-28,Clothing,Mumbai,1328,1,1328
8918,2025-07-02,Electronics,Chennai,4687,4,18748
8919,2024-08-15,Sports,Chennai,4866,6,29196
8920,2026-01-07,Clothing,Bangalore,961,5,4805
8921,2025-11-20,Electronics,Bangalore,4004,7,28028
8922,2025-05-02,Furniture,Chennai,355,2,710
8923,2024-08-05,Sports,Bangalore,3212,1,3212
8924,2025-11-12,Clothing,Mumbai,2018,8,16144
8925,2026-02-11,Sports,Mumbai,2472,6,14832
8926,2024-10-16,Groceries,Hyderabad,2459,6,14754
8927,2025-06-09,Electronics,Delhi,1060,10,10600
8928,2025-01-23,Clothing,Mumbai,2857,3,8571
8929,2025-07-15,Sports,Chennai,2907,10,29070
8930,2025-10-19,Electronics,Bangalore,3915,7,27405
8931,2024-07-02,Sports,Chennai,1972,8,15776
8932,2024-09-02,Sports,Bangalore,1816,3,5448
8933,2025-05-11,Electronics,Mumbai,3117,1,3117
8934,2024-11-02,Groceries,Mumbai,1790,3,5370
8935,2024-08-29,Electronics,Hyderabad,1641,8,13128
8936,2025-05-23,Sports,Hyderabad,2711,7,18977
8937,2025-12-13,Sports,Delhi,2308,8,18464
8938,2024-09-27,Clothing,Hyderabad,4217,3,12651
8939,2026-04-25,Sports,Bangalore,2267,9,20403
8940,2025-05-01,Electronics,Hyderabad,1728,6,10368
8941,2026-06-28,Sports,Bangalore,4076,1,4076
8942,2024-12-23,Sports,Mumbai,336,10,3360
8943,2025-03-04,Groceries,Chennai,4413,3,13239
8944,2025-06-06,Clothing,Hyderabad,725,9,6525
8945,2026-01-28,Clothing,Mumbai,2308,5,11540
8946,2026-03-04,Furniture,Hyderabad,4492,3,13476
8947,2024-10-22,Furniture,Hyderabad,4840,8,38720
8948,2024-07-05,Electronics,Mumbai,2224,8,17792
8949,2025-05-13,Clothing,Mumbai,586,9,5274
8950,2026-03-30,Electronics,Delhi,3568,6,21408
8951,2025-05-24,Groceries,Mumbai,1179,9,10611
8952,2025-03-09,Clothing,Bangalore,3472,10,34720
8953,2026-04-26,Electronics,Mumbai,4983,6,29898
8954,2024-07-10,Groceries,Delhi,4972,6,29832
8955,2024-10-18,Electronics,Chennai,782,3,2346
8956,2024-09-12,Furniture,Mumbai,1861,9,16749
8957,2025-01-31,Electronics,Mumbai,184,8,1472
8958,2024-12-19,Electronics,Delhi,4330,2,8660
8959,2024-09-11,Furniture,Chennai,4501,10,45010
8960,2024-07-25,Clothing,Delhi,4028,4,16112
8961,2025-11-16,Sports,Hyderabad,561,2,1122
8962,2024-11-19,Furniture,Hyderabad,3533,7,24731
8963,2025-10-14,Furniture,Hyderabad,4298,7,30086
8964,2025-04-25,Groceries,Mumbai,3279,10,32790
8965,2024-07-20,Clothing,Bangalore,946,9,8514
8966,2026-02-16,Clothing,Hyderabad,1720,10,17200
8967,2025-03-17,Electronics,Mumbai,1934,2,3868
8968,2025-01-27,Furniture,Hyderabad,961,5,4805
8969,2026-06-22,Clothing,Mumbai,1876,7,13132
8970,2025-09-28,Electronics,Bangalore,4118,6,24708
8971,2025-08-05,Clothing,Hyderabad,4716,3,14148
8972,2025-09-22,Electronics,Mumbai,2168,10,21680
8973,2024-12-13,Sports,Mumbai,2223,5,11115
8974,2024-11-16,Sports,Chennai,4860,1,4860
8975,2024-09-10,Groceries,Mumbai,1503,7,10521
8976,2024-11-10,Sports,Delhi,3070,3,9210
8977,2024-12-22,Groceries,Mumbai,1102,4,4408
8978,2024-11-29,Clothing,Chennai,2135,1,2135
8979,2025-10-08,Furniture,Mumbai,3986,2,7972
8980,2026-05-28,Furniture,Delhi,3482,1,3482
8981,2024-08-04,Clothing,Chennai,1166,3,3498
8982,2026-01-26,Groceries,Hyderabad,213,9,1917
8983,2026-03-31,Furniture,Bangalore,3914,6,23484
8984,2024-07-10,Clothing,Bangalore,4528,1,4528
8985,2025-04-25,Electronics,Mumbai,4443,7,31101
8986,2025-09-07,Sports,Delhi,4277,1,4277
8987,2025-12-28,Groceries,Chennai,3470,10,34700
8988,2025-03-01,Clothing,Bangalore,4140,7,28980
8989,2025-04-15,Electronics,Chennai,4605,2,9210
8990,2025-06-22,Clothing,Delhi,4247,8,33976
8991,2025-05-29,Furniture,Delhi,3106,8,24848
8992,2025-11-01,Electronics,Chennai,3738,10,37380
8993,2025-06-05,Furniture,Hyderabad,3182,8,25456
8994,2026-05-04,Groceries,Hyderabad,3154,6,18924
8995,2025-01-23,Groceries,Delhi,3932,4,15728
8996,2026-03-22,Groceries,Hyderabad,4178,5,20890
8997,2026-06-25,Furniture,Hyderabad,3058,2,6116
8998,2025-02-13,Groceries,Bangalore,2133,6,12798
8999,2026-06-16,Groceries,Mumbai,3420,3,10260
9000,2025-10-25,Furniture,Hyderabad,3293,1,3293
9001,2025-01-16,Electronics,Bangalore,2052,6,12312
9002,2024-12-20,Sports,Chennai,1994,2,3988
9003,2024-07-30,Sports,Bangalore,4671,10,46710
9004,2026-06-16,Electronics,Hyderabad,4073,7,28511
9005,2025-02-27,Electronics,Delhi,2485,4,9940
9006,2024-06-28,Sports,Delhi,2159,2,4318
9007,2025-06-03,Groceries,Chennai,3967,2,7934
9008,2024-09-04,Furniture,Bangalore,3086,10,30860
9009,2025-08-27,Groceries,Chennai,1140,5,5700
9010,2024-12-01,Furniture,Chennai,822,1,822
9011,2025-05-19,Clothing,Hyderabad,1775,9,15975
9012,2026-03-19,Electronics,Delhi,790,5,3950
9013,2025-02-28,Furniture,Delhi,3395,3,10185
9014,2024-06-30,Clothing,Hyderabad,1790,8,14320
9015,2025-12-22,Clothing,Chennai,4543,5,22715
9016,2024-09-01,Sports,Bangalore,4386,7,30702
9017,2025-04-04,Electronics,Chennai,333,10,3330
9018,2025-08-24,Sports,Chennai,1924,2,3848
9019,2026-03-14,Sports,Delhi,2131,2,4262
9020,2024-12-03,Sports,Chennai,4477,9,40293
9021,2024-12-30,Furniture,Bangalore,1754,1,1754
9022,2024-11-01,Sports,Mumbai,4686,1,4686
9023,2026-01-01,Sports,Hyderabad,4189,6,25134
9024,2024-11-17,Sports,Mumbai,4810,10,48100
9025,2024-08-07,Electronics,Mumbai,3844,3,11532
9026,2025-07-01,Clothing,Chennai,2324,10,23240
9027,2025-12-04,Electronics,Chennai,3370,5,16850
9028,2024-09-15,Clothing,Delhi,3826,8,30608
9029,2024-08-25,Sports,Delhi,3468,2,6936
9030,2024-10-03,Furniture,Chennai,2255,8,18040
9031,2024-07-05,Electronics,Hyderabad,1755,3,5265
9032,2025-04-20,Sports,Chennai,4062,3,12186
9033,2024-09-17,Clothing,Hyderabad,660,9,5940
9034,2025-07-14,Clothing,Bangalore,157,9,1413
9035,2024-08-26,Clothing,Hyderabad,832,3,2496
9036,2025-09-23,Sports,Hyderabad,143,8,1144
9037,2025-08-20,Sports,Mumbai,2360,6,14160
9038,2024-12-17,Clothing,Chennai,196,4,784
9039,2024-09-29,Clothing,Mumbai,257,8,2056
9040,2025-07-16,Groceries,Mumbai,1126,4,4504
9041,2025-06-03,Electronics,Chennai,3948,10,39480
9042,2026-03-26,Clothing,Bangalore,4960,4,19840
9043,2025-11-08,Clothing,Hyderabad,4261,4,17044
9044,2026-02-27,Furniture,Chennai,3928,1,3928
9045,2025-01-10,Sports,Delhi,3811,6,22866
9046,2026-05-04,Groceries,Chennai,3134,10,31340
9047,2025-10-31,Sports,Chennai,4332,10,43320
9048,2026-05-06,Sports,Delhi,912,8,7296
9049,2026-06-21,Groceries,Mumbai,3314,7,23198
9050,2025-04-02,Sports,Chennai,3169,4,12676
9051,2026-04-24,Sports,Delhi,3922,5,19610
9052,2026-02-19,Electronics,Mumbai,2844,2,5688
9053,2025-04-09,Electronics,Delhi,975,2,1950
9054,2024-09-16,Groceries,Hyderabad,1036,2,2072
9055,2025-10-22,Groceries,Hyderabad,3688,5,18440
9056,2026-01-30,Sports,Delhi,714,9,6426
9057,2025-02-01,Clothing,Chennai,3836,4,15344
9058,2025-12-30,Clothing,Hyderabad,2227,5,11135
9059,2024-11-10,Furniture,Delhi,2264,8,18112
9060,2026-04-20,Electronics,Hyderabad,3700,9,33300
9061,2025-10-11,Electronics,Hyderabad,2180,4,8720
9062,2025-09-10,Clothing,Delhi,3447,5,17235
9063,2025-10-31,Furniture,Bangalore,3466,4,13864
9064,2025-04-29,Furniture,Hyderabad,260,1,260
9065,2024-08-18,Furniture,Hyderabad,238,10,2380
9066,2024-09-30,Sports,Bangalore,2127,8,17016
9067,2024-07-06,Sports,Delhi,1362,1,1362
9068,2024-08-04,Clothing,Hyderabad,1521,5,7605
9069,2025-01-08,Furniture,Chennai,893,3,2679
9070,2025-05-04,Sports,Bangalore,179,6,1074
9071,2024-10-14,Groceries,Delhi,220,8,1760
9072,2024-10-08,Clothing,Bangalore,3709,7,25963
9073,2024-09-30,Furniture,Hyderabad,3294,1,3294
9074,2026-03-07,Electronics,Delhi,3072,6,18432
9075,2025-10-22,Furniture,Mumbai,4810,4,19240
9076,2025-02-08,Clothing,Hyderabad,2312,6,13872
9077,2026-02-14,Furniture,Hyderabad,1382,6,8292
9078,2025-05-31,Groceries,Bangalore,2453,8,19624
9079,2025-08-29,Furniture,Bangalore,3452,2,6904
9080,2025-03-01,Sports,Hyderabad,4275,7,29925
9081,2024-07-08,Groceries,Hyderabad,4885,7,34195
9082,2024-11-14,Furniture,Delhi,3828,3,11484
9083,2025-11-07,Electronics,Hyderabad,1918,8,15344
9084,2025-04-09,Groceries,Hyderabad,2481,9,22329
9085,2026-03-24,Electronics,Bangalore,2285,6,13710
9086,2026-05-25,Clothing,Mumbai,877,9,7893
9087,2025-06-15,Groceries,Delhi,769,1,769
9088,2026-05-06,Sports,Hyderabad,2287,1,2287
9089,2026-04-24,Furniture,Mumbai,1833,9,16497
9090,2026-06-27,Groceries,Hyderabad,1786,9,16074
9091,2024-09-28,Furniture,Hyderabad,1207,4,4828
9092,2026-02-24,Clothing,Bangalore,4550,5,22750
9093,2026-01-11,Sports,Hyderabad,3960,7,27720
9094,2025-04-14,Electronics,Mumbai,3453,3,10359
9095,2024-12-27,Sports,Mumbai,2303,1,2303
9096,2024-12-22,Groceries,Delhi,1834,4,7336
9097,2024-11-21,Clothing,Bangalore,2318,10,23180
9098,2026-04-03,Electronics,Mumbai,1010,6,6060
9099,2025-05-26,Furniture,Bangalore,3317,2,6634
9100,2026-04-10,Sports,Delhi,4174,6,25044
9101,2026-06-10,Electronics,Delhi,4867,3,14601
9102,2025-07-19,Furniture,Mumbai,4577,7,32039
9103,2025-06-16,Furniture,Hyderabad,4673,3,14019
9104,2026-06-01,Electronics,Bangalore,3715,8,29720
9105,2024-11-21,Groceries,Delhi,3183,9,28647
9106,2024-10-12,Furniture,Hyderabad,3697,4,14788
9107,2025-11-19,Electronics,Chennai,2898,7,20286
9108,2025-03-22,Sports,Delhi,2402,1,2402
9109,2024-09-26,Clothing,Mumbai,2755,4,11020
9110,2026-03-02,Clothing,Hyderabad,3838,2,7676
9111,2026-02-14,Groceries,Chennai,4647,10,46470
9112,2025-02-23,Clothing,Mumbai,111,9,999
9113,2025-02-04,Furniture,Bangalore,3565,3,10695
9114,2024-12-06,Clothing,Mumbai,2081,5,10405
9115,2026-04-21,Sports,Delhi,4107,7,28749
9116,2024-11-23,Electronics,Hyderabad,863,3,2589
9117,2025-05-02,Furniture,Hyderabad,4766,4,19064
9118,2024-12-09,Groceries,Hyderabad,2256,9,20304
9119,2025-07-05,Groceries,Chennai,1593,7,11151
9120,2026-02-25,Sports,Mumbai,1532,1,1532
9121,2026-01-14,Electronics,Delhi,3517,1,3517
9122,2024-07-06,Clothing,Delhi,3713,7,25991
9123,2025-10-24,Groceries,Hyderabad,4448,9,40032
9124,2025-09-10,Furniture,Delhi,614,4,2456
9125,2025-06-16,Sports,Delhi,4672,4,18688
9126,2025-10-08,Groceries,Delhi,3946,2,7892
9127,2024-07-24,Furniture,Mumbai,4824,7,33768
9128,2026-04-01,Furniture,Delhi,2205,5,11025
9129,2026-01-27,Groceries,Bangalore,1887,1,1887
9130,2024-12-21,Electronics,Chennai,457,9,4113
9131,2026-05-19,Electronics,Bangalore,4907,8,39256
9132,2025-12-22,Furniture,Delhi,3126,5,15630
9133,2024-07-10,Groceries,Mumbai,681,8,5448
9134,2025-07-25,Electronics,Chennai,1888,4,7552
9135,2024-09-21,Clothing,Hyderabad,4325,10,43250
9136,2025-09-09,Groceries,Hyderabad,497,6,2982
9137,2025-09-14,Electronics,Hyderabad,929,1,929
9138,2026-05-19,Clothing,Hyderabad,2850,5,14250
9139,2024-08-17,Groceries,Delhi,1710,3,5130
9140,2025-05-28,Sports,Hyderabad,1724,5,8620
9141,2024-11-08,Groceries,Mumbai,2167,10,21670
9142,2025-07-02,Electronics,Mumbai,788,9,7092
9143,2025-12-10,Sports,Delhi,1073,2,2146
9144,2024-08-30,Sports,Delhi,3279,4,13116
9145,2025-02-02,Clothing,Hyderabad,733,2,1466
9146,2025-03-11,Electronics,Bangalore,915,5,4575
9147,2026-04-20,Electronics,Mumbai,2518,3,7554
9148,2025-02-16,Groceries,Delhi,2595,10,25950
9149,2026-01-31,Electronics,Hyderabad,124,2,248
9150,2025-07-01,Furniture,Mumbai,4314,5,21570
9151,2024-07-06,Groceries,Chennai,1450,6,8700
9152,2026-01-25,Clothing,Bangalore,4287,1,4287
9153,2026-03-02,Clothing,Chennai,2885,9,25965
9154,2026-02-10,Electronics,Chennai,3345,1,3345
9155,2024-09-06,Sports,Delhi,529,1,529
9156,2024-11-26,Sports,Hyderabad,536,5,2680
9157,2025-06-10,Clothing,Bangalore,1590,10,15900
9158,2025-02-20,Sports,Mumbai,3485,2,6970
9159,2026-06-14,Electronics,Hyderabad,2208,3,6624
9160,2025-08-15,Groceries,Chennai,280,1,280
9161,2024-09-22,Electronics,Bangalore,1164,2,2328
9162,2025-09-07,Groceries,Delhi,2208,3,6624
9163,2025-06-21,Electronics,Hyderabad,926,2,1852
9164,2026-06-07,Sports,Delhi,3816,6,22896
9165,2025-09-18,Electronics,Bangalore,1429,7,10003
9166,2025-11-29,Electronics,Chennai,463,5,2315
9167,2025-10-23,Sports,Bangalore,3543,6,21258
9168,2025-12-01,Furniture,Mumbai,2184,3,6552
9169,2024-10-23,Electronics,Chennai,3003,6,18018
9170,2025-02-20,Furniture,Bangalore,3563,1,3563
9171,2026-06-26,Clothing,Mumbai,2123,10,21230
9172,2025-04-12,Groceries,Mumbai,114,6,684
9173,2026-01-09,Groceries,Mumbai,2449,7,17143
9174,2025-01-03,Clothing,Chennai,3655,10,36550
9175,2024-12-13,Clothing,Hyderabad,4149,1,4149
9176,2025-05-06,Furniture,Chennai,900,3,2700
9177,2025-09-17,Clothing,Delhi,2693,4,10772
9178,2024-08-09,Clothing,Bangalore,4206,6,25236
9179,2025-07-02,Electronics,Mumbai,4650,7,32550
9180,2024-11-27,Furniture,Mumbai,891,6,5346
9181,2024-10-19,Sports,Hyderabad,3502,8,28016
9182,2026-03-11,Clothing,Delhi,559,4,2236
9183,2024-09-21,Furniture,Chennai,4360,2,8720
9184,2025-05-01,Sports,Bangalore,3721,4,14884
9185,2025-11-26,Sports,Hyderabad,4594,2,9188
9186,2025-02-06,Furniture,Chennai,2797,8,22376
9187,2025-02-26,Clothing,Bangalore,3502,7,24514
9188,2024-10-28,Clothing,Mumbai,173,6,1038
9189,2025-08-29,Clothing,Mumbai,3919,8,31352
9190,2024-10-12,Sports,Delhi,313,8,2504
9191,2024-09-19,Electronics,Mumbai,1142,2,2284
9192,2024-10-08,Furniture,Hyderabad,1610,7,11270
9193,2025-01-19,Clothing,Hyderabad,2712,5,13560
9194,2025-11-04,Sports,Mumbai,4379,9,39411
9195,2026-01-26,Electronics,Mumbai,1633,2,3266
9196,2026-02-11,Sports,Bangalore,2655,9,23895
9197,2026-01-24,Clothing,Chennai,3945,7,27615
9198,2025-11-08,Sports,Mumbai,3104,6,18624
9199,2026-04-20,Sports,Hyderabad,1281,6,7686
9200,2025-10-10,Groceries,Hyderabad,3909,7,27363
9201,2025-12-16,Clothing,Delhi,2223,6,13338
9202,2024-12-15,Clothing,Mumbai,4678,4,18712
9203,2026-06-17,Sports,Bangalore,1957,5,9785
9204,2025-01-20,Electronics,Chennai,2888,2,5776
9205,2025-08-15,Clothing,Chennai,755,9,6795
9206,2024-08-18,Furniture,Delhi,655,1,655
9207,2024-07-01,Electronics,Bangalore,242,8,1936
9208,2025-01-17,Clothing,Hyderabad,3799,9,34191
9209,2025-08-09,Electronics,Chennai,243,1,243
9210,2025-09-18,Groceries,Hyderabad,3267,5,16335
9211,2025-12-02,Electronics,Bangalore,4360,9,39240
9212,2026-02-14,Furniture,Chennai,521,4,2084
9213,2025-12-01,Electronics,Bangalore,4340,5,21700
9214,2025-03-24,Furniture,Bangalore,4378,3,13134
9215,2025-04-22,Clothing,Hyderabad,1901,4,7604
9216,2024-11-27,Clothing,Delhi,345,7,2415
9217,2025-07-26,Furniture,Chennai,856,9,7704
9218,2025-02-15,Furniture,Bangalore,2768,6,16608
9219,2025-09-26,Furniture,Hyderabad,3794,10,37940
9220,2024-09-01,Electronics,Mumbai,631,9,5679
9221,2025-12-25,Sports,Delhi,1552,9,13968
9222,2025-07-10,Groceries,Chennai,4604,7,32228
9223,2024-10-31,Furniture,Bangalore,1214,9,10926
9224,2025-02-28,Electronics,Mumbai,3501,9,31509
9225,2026-03-20,Electronics,Hyderabad,1387,3,4161
9226,2025-10-04,Clothing,Delhi,4691,4,18764
9227,2024-07-12,Electronics,Mumbai,498,8,3984
9228,2026-03-26,Clothing,Mumbai,4515,4,18060
9229,2026-02-05,Furniture,Bangalore,2054,7,14378
9230,2024-07-31,Clothing,Chennai,2212,1,2212
9231,2025-02-01,Clothing,Chennai,3550,9,31950
9232,2025-05-07,Groceries,Bangalore,2430,8,19440
9233,2025-08-18,Clothing,Mumbai,3215,9,28935
9234,2025-03-29,Electronics,Bangalore,131,6,786
9235,2026-01-07,Groceries,Hyderabad,3054,7,21378
9236,2026-01-16,Clothing,Hyderabad,4249,3,12747
9237,2026-02-18,Clothing,Delhi,264,7,1848
9238,2025-07-02,Furniture,Chennai,3867,6,23202
9239,2025-02-09,Furniture,Chennai,3471,5,17355
9240,2024-07-25,Electronics,Mumbai,2474,6,14844
9241,2026-06-19,Furniture,Chennai,2194,4,8776
9242,2026-06-24,Clothing,Bangalore,2636,2,5272
9243,2024-07-12,Electronics,Mumbai,2727,1,2727
9244,2025-02-01,Clothing,Mumbai,3875,10,38750
9245,2024-12-28,Electronics,Mumbai,3388,7,23716
9246,2025-03-26,Furniture,Delhi,4004,6,24024
9247,2025-10-24,Electronics,Bangalore,2035,1,2035
9248,2024-12-12,Furniture,Chennai,1289,10,12890
9249,2025-09-06,Groceries,Chennai,4870,8,38960
9250,2024-12-10,Sports,Bangalore,3791,4,15164
9251,2025-09-08,Sports,Hyderabad,101,9,909
9252,2024-12-06,Clothing,Delhi,2187,9,19683
9253,2025-12-03,Electronics,Hyderabad,821,2,1642
9254,2024-12-21,Sports,Hyderabad,670,8,5360
9255,2026-03-04,Clothing,Delhi,1158,8,9264
9256,2025-02-08,Clothing,Chennai,2996,8,23968
9257,2026-06-26,Groceries,Chennai,2194,1,2194
9258,2024-10-30,Sports,Mumbai,564,5,2820
9259,2026-01-17,Sports,Mumbai,4326,2,8652
9260,2025-07-18,Groceries,Chennai,4841,9,43569
9261,2024-09-20,Furniture,Chennai,1361,1,1361
9262,2025-07-25,Sports,Chennai,1764,5,8820
9263,2025-09-10,Electronics,Chennai,2688,7,18816
9264,2026-01-11,Clothing,Mumbai,2337,7,16359
9265,2024-11-30,Furniture,Hyderabad,451,2,902
9266,2025-05-09,Electronics,Bangalore,3074,6,18444
9267,2025-02-01,Clothing,Hyderabad,1943,5,9715
9268,2024-08-20,Groceries,Chennai,3606,8,28848
9269,2025-01-02,Electronics,Delhi,1554,2,3108
9270,2025-01-19,Clothing,Delhi,3160,7,22120
9271,2025-08-10,Clothing,Bangalore,2463,6,14778
9272,2026-04-19,Groceries,Bangalore,3238,5,16190
9273,2026-01-07,Clothing,Hyderabad,130,6,780
9274,2026-01-13,Electronics,Delhi,4450,9,40050
9275,2026-02-08,Sports,Hyderabad,2834,8,22672
9276,2025-05-23,Groceries,Bangalore,1262,2,2524
9277,2025-09-11,Furniture,Delhi,4306,2,8612
9278,2025-04-04,Furniture,Chennai,2391,4,9564
9279,2024-12-26,Furniture,Bangalore,2780,10,27800
9280,2024-10-02,Groceries,Mumbai,4539,4,18156
9281,2025-05-09,Electronics,Hyderabad,690,10,6900
9282,2026-03-03,Clothing,Delhi,2141,1,2141
9283,2025-08-04,Sports,Hyderabad,4326,1,4326
9284,2025-12-22,Furniture,Chennai,4568,6,27408
9285,2025-01-04,Groceries,Delhi,2837,3,8511
9286,2024-07-17,Clothing,Bangalore,3177,8,25416
9287,2024-10-12,Sports,Hyderabad,743,2,1486
9288,2026-05-03,Clothing,Bangalore,2777,9,24993
9289,2025-08-06,Groceries,Bangalore,4647,1,4647
9290,2025-05-21,Furniture,Mumbai,4449,5,22245
9291,2025-12-09,Furniture,Hyderabad,2656,5,13280
9292,2026-03-02,Sports,Hyderabad,920,9,8280
9293,2026-05-27,Clothing,Hyderabad,723,3,2169
9294,2025-09-20,Furniture,Hyderabad,1443,3,4329
9295,2026-06-17,Furniture,Bangalore,4263,3,12789
9296,2024-08-11,Electronics,Delhi,3866,1,3866
9297,2026-01-29,Furniture,Hyderabad,3245,10,32450
9298,2026-06-14,Groceries,Mumbai,118,10,1180
9299,2025-07-14,Electronics,Delhi,2280,3,6840
9300,2025-01-31,Groceries,Mumbai,320,4,1280
9301,2026-05-13,Electronics,Chennai,1543,9,13887
9302,2026-04-22,Sports,Delhi,1202,5,6010
9303,2025-04-29,Furniture,Delhi,3216,2,6432
9304,2024-11-16,Sports,Delhi,3209,1,3209
9305,2025-10-27,Electronics,Mumbai,3464,8,27712
9306,2026-01-15,Electronics,Bangalore,2343,10,23430
9307,2025-06-12,Furniture,Mumbai,2384,10,23840
9308,2024-12-14,Clothing,Mumbai,4294,10,42940
9309,2024-10-12,Furniture,Chennai,1506,10,15060
9310,2025-07-28,Electronics,Delhi,119,5,595
9311,2024-08-23,Clothing,Bangalore,206,1,206
9312,2026-06-05,Electronics,Chennai,4625,6,27750
9313,2026-06-14,Electronics,Chennai,1225,3,3675
9314,2026-01-29,Sports,Mumbai,1484,10,14840
9315,2026-01-25,Groceries,Chennai,890,3,2670
9316,2024-08-24,Sports,Hyderabad,1441,7,10087
9317,2024-10-26,Sports,Bangalore,4845,1,4845
9318,2024-08-04,Sports,Mumbai,3672,6,22032
9319,2025-06-02,Electronics,Mumbai,2134,8,17072
9320,2026-06-19,Groceries,Bangalore,1316,9,11844
9321,2025-01-06,Clothing,Chennai,3144,10,31440
9322,2025-04-10,Clothing,Mumbai,4674,9,42066
9323,2024-11-09,Sports,Bangalore,1231,4,4924
9324,2025-04-29,Groceries,Chennai,4363,6,26178
9325,2024-10-05,Clothing,Chennai,263,8,2104
9326,2025-06-28,Clothing,Bangalore,3768,5,18840
9327,2025-04-22,Electronics,Chennai,1782,9,16038
9328,2025-05-05,Clothing,Mumbai,1591,4,6364
9329,2024-07-21,Furniture,Hyderabad,3292,10,32920
9330,2025-07-04,Clothing,Mumbai,2978,8,23824
9331,2024-11-12,Groceries,Mumbai,2761,2,5522
9332,2024-11-30,Electronics,Bangalore,2312,1,2312
9333,2025-11-12,Sports,Bangalore,1098,10,10980
9334,2024-12-31,Electronics,Chennai,1684,2,3368
9335,2026-04-25,Furniture,Chennai,4709,3,14127
9336,2026-02-26,Sports,Chennai,3269,4,13076
9337,2024-09-18,Furniture,Mumbai,1594,10,15940
9338,2025-01-10,Electronics,Delhi,2088,7,14616
9339,2024-08-10,Groceries,Hyderabad,3602,1,3602
9340,2025-07-10,Electronics,Delhi,2486,1,2486
9341,2024-07-12,Groceries,Mumbai,1292,8,10336
9342,2024-10-02,Electronics,Hyderabad,3520,4,14080
9343,2025-06-20,Furniture,Delhi,3847,5,19235
9344,2025-05-06,Clothing,Bangalore,1546,8,12368
9345,2025-03-23,Furniture,Mumbai,587,7,4109
9346,2026-05-02,Clothing,Hyderabad,460,1,460
9347,2025-08-17,Sports,Hyderabad,2823,4,11292
9348,2024-09-03,Sports,Hyderabad,2045,1,2045
9349,2026-02-22,Clothing,Hyderabad,4434,2,8868
9350,2026-06-10,Groceries,Chennai,2414,3,7242
9351,2024-10-26,Groceries,Hyderabad,872,1,872
9352,2025-12-13,Electronics,Hyderabad,1433,5,7165
9353,2025-11-05,Groceries,Bangalore,4824,1,4824
9354,2026-06-21,Electronics,Chennai,1756,10,17560
9355,2025-11-01,Electronics,Mumbai,4320,5,21600
9356,2024-11-06,Groceries,Chennai,1762,4,7048
9357,2025-12-28,Furniture,Mumbai,3613,3,10839
9358,2026-02-02,Clothing,Delhi,2643,7,18501
9359,2025-08-01,Furniture,Delhi,3357,10,33570
9360,2026-05-02,Sports,Mumbai,979,9,8811
9361,2026-04-23,Electronics,Chennai,4852,10,48520
9362,2025-08-26,Electronics,Hyderabad,4994,10,49940
9363,2025-03-19,Groceries,Bangalore,1661,2,3322
9364,2025-04-21,Furniture,Mumbai,2135,8,17080
9365,2025-09-17,Groceries,Bangalore,393,7,2751
9366,2026-04-21,Clothing,Delhi,2976,8,23808
9367,2024-09-08,Furniture,Mumbai,3387,4,13548
9368,2025-06-03,Clothing,Mumbai,358,5,1790
9369,2024-12-05,Groceries,Hyderabad,1741,1,1741
9370,2025-07-25,Clothing,Hyderabad,3365,5,16825
9371,2025-04-01,Furniture,Mumbai,3478,5,17390
9372,2026-01-27,Electronics,Delhi,1589,6,9534
9373,2026-03-14,Furniture,Chennai,148,8,1184
9374,2025-09-18,Electronics,Mumbai,4215,7,29505
9375,2025-01-09,Clothing,Delhi,3568,3,10704
9376,2024-10-17,Sports,Delhi,3577,3,10731
9377,2025-06-02,Groceries,Mumbai,3276,3,9828
9378,2025-12-05,Groceries,Hyderabad,3678,7,25746
9379,2026-03-18,Groceries,Chennai,4914,4,19656
9380,2025-10-29,Furniture,Mumbai,984,7,6888
9381,2026-06-11,Electronics,Chennai,3572,8,28576
9382,2024-10-11,Groceries,Hyderabad,2682,2,5364
9383,2025-11-19,Groceries,Delhi,2113,7,14791
9384,2025-03-16,Electronics,Hyderabad,1297,7,9079
9385,2025-04-18,Sports,Bangalore,2058,3,6174
9386,2024-11-01,Clothing,Delhi,4499,4,17996
9387,2025-02-21,Furniture,Mumbai,2299,3,6897
9388,2024-10-02,Groceries,Chennai,4097,10,40970
9389,2025-01-10,Groceries,Bangalore,2787,7,19509
9390,2024-12-24,Clothing,Hyderabad,560,1,560
9391,2024-10-19,Furniture,Delhi,1849,9,16641
9392,2025-06-07,Furniture,Delhi,281,1,281
9393,2026-01-09,Electronics,Bangalore,3287,2,6574
9394,2026-04-28,Clothing,Hyderabad,4405,8,35240
9395,2024-12-16,Furniture,Delhi,327,2,654
9396,2024-08-21,Furniture,Bangalore,3727,8,29816
9397,2025-12-21,Furniture,Chennai,1074,6,6444
9398,2025-06-19,Sports,Hyderabad,1183,8,9464
9399,2025-04-18,Groceries,Chennai,2176,5,10880
9400,2025-02-21,Electronics,Bangalore,2239,8,17912
9401,2025-11-17,Electronics,Bangalore,3976,6,23856
9402,2025-05-05,Sports,Delhi,1234,8,9872
9403,2024-10-19,Electronics,Delhi,1676,2,3352
9404,2025-11-19,Sports,Hyderabad,1744,8,13952
9405,2026-02-25,Electronics,Mumbai,1447,3,4341
9406,2024-12-20,Electronics,Chennai,4504,4,18016
9407,2026-03-16,Furniture,Delhi,116,10,1160
9408,2025-06-23,Sports,Chennai,1434,8,11472
9409,2024-09-01,Sports,Bangalore,2366,2,4732
9410,2025-09-20,Groceries,Hyderabad,2383,3,7149
9411,2025-10-17,Sports,Delhi,1397,4,5588
9412,2025-10-18,Sports,Hyderabad,3729,2,7458
9413,2024-07-27,Sports,Mumbai,2499,4,9996
9414,2024-10-16,Furniture,Mumbai,1818,7,12726
9415,2025-11-10,Groceries,Hyderabad,2845,7,19915
9416,2024-09-15,Furniture,Delhi,1295,9,11655
9417,2024-11-06,Furniture,Chennai,3646,1,3646
9418,2025-09-14,Clothing,Chennai,3299,1,3299
9419,2025-07-06,Groceries,Hyderabad,4055,4,16220
9420,2025-03-20,Sports,Delhi,2650,4,10600
9421,2025-04-04,Electronics,Hyderabad,1358,10,13580
9422,2026-01-31,Groceries,Hyderabad,2021,1,2021
9423,2026-05-22,Furniture,Mumbai,4967,5,24835
9424,2025-09-10,Groceries,Mumbai,700,3,2100
9425,2026-04-15,Groceries,Hyderabad,1343,5,6715
9426,2025-01-23,Groceries,Bangalore,3350,6,20100
9427,2024-09-11,Sports,Mumbai,169,1,169
9428,2025-03-25,Sports,Mumbai,1081,3,3243
9429,2026-04-06,Sports,Hyderabad,1604,3,4812
9430,2025-05-11,Clothing,Bangalore,3713,5,18565
9431,2024-10-19,Groceries,Bangalore,4696,3,14088
9432,2025-10-12,Furniture,Mumbai,1452,9,13068
9433,2024-12-11,Groceries,Hyderabad,4386,3,13158
9434,2026-03-03,Clothing,Hyderabad,2939,10,29390
9435,2025-05-30,Clothing,Bangalore,385,9,3465
9436,2026-03-18,Groceries,Delhi,1971,5,9855
9437,2024-08-11,Furniture,Mumbai,4053,2,8106
9438,2024-11-23,Electronics,Delhi,3142,3,9426
9439,2025-10-09,Electronics,Bangalore,2610,1,2610
9440,2024-07-29,Groceries,Mumbai,1801,3,5403
9441,2025-04-05,Sports,Chennai,1658,9,14922
9442,2025-04-28,Electronics,Hyderabad,4755,2,9510
9443,2024-09-17,Electronics,Bangalore,2918,10,29180
9444,2026-02-11,Sports,Bangalore,4349,6,26094
9445,2025-05-18,Clothing,Delhi,2230,4,8920
9446,2026-05-24,Clothing,Chennai,1426,8,11408
9447,2026-01-13,Clothing,Chennai,2688,5,13440
9448,2025-11-02,Electronics,Hyderabad,1167,8,9336
9449,2025-08-06,Electronics,Bangalore,2688,10,26880
9450,2024-11-04,Groceries,Mumbai,4615,5,23075
9451,2024-08-06,Groceries,Delhi,140,4,560
9452,2026-01-25,Electronics,Mumbai,1525,5,7625
9453,2026-03-18,Clothing,Chennai,2712,9,24408
9454,2025-05-03,Sports,Bangalore,1193,9,10737
9455,2025-01-05,Clothing,Hyderabad,2609,6,15654
9456,2026-03-27,Sports,Delhi,4903,3,14709
9457,2024-11-16,Furniture,Bangalore,1492,9,13428
9458,2025-12-14,Electronics,Mumbai,736,7,5152
9459,2025-10-26,Furniture,Delhi,939,5,4695
9460,2024-08-11,Clothing,Chennai,519,1,519
9461,2025-08-31,Sports,Mumbai,1007,9,9063
9462,2025-02-04,Clothing,Chennai,4973,10,49730
9463,2025-02-23,Electronics,Delhi,108,8,864
9464,2026-04-07,Electronics,Delhi,904,8,7232
9465,2026-03-11,Groceries,Mumbai,3081,4,12324
9466,2025-05-30,Sports,Hyderabad,2529,2,5058
9467,2026-05-21,Furniture,Chennai,2696,9,24264
9468,2025-02-14,Groceries,Bangalore,400,5,2000
9469,2024-07-29,Clothing,Mumbai,3433,8,27464
9470,2025-07-18,Clothing,Hyderabad,3657,1,3657
9471,2026-03-08,Sports,Delhi,4991,6,29946
9472,2024-07-18,Groceries,Delhi,823,3,2469
9473,2025-06-25,Furniture,Mumbai,2668,6,16008
9474,2024-10-31,Sports,Mumbai,323,4,1292
9475,2025-01-11,Sports,Mumbai,3826,3,11478
9476,2025-08-04,Sports,Hyderabad,2400,2,4800
9477,2024-08-04,Sports,Chennai,5000,3,15000
9478,2025-06-24,Electronics,Chennai,1318,1,1318
9479,2024-07-02,Furniture,Delhi,2602,6,15612
9480,2026-05-13,Sports,Mumbai,1181,1,1181
9481,2024-08-02,Furniture,Hyderabad,3308,5,16540
9482,2026-01-01,Electronics,Hyderabad,615,2,1230
9483,2026-05-27,Groceries,Bangalore,1752,10,17520
9484,2025-02-18,Clothing,Hyderabad,682,10,6820
9485,2026-05-12,Groceries,Hyderabad,2883,6,17298
9486,2024-07-16,Sports,Chennai,4025,4,16100
9487,2024-11-19,Furniture,Hyderabad,2341,8,18728
9488,2024-11-06,Clothing,Chennai,1091,8,8728
9489,2026-06-03,Groceries,Mumbai,4996,4,19984
9490,2026-01-11,Sports,Bangalore,2356,1,2356
9491,2025-02-17,Electronics,Hyderabad,4702,2,9404
9492,2026-06-20,Groceries,Bangalore,762,9,6858
9493,2024-11-04,Groceries,Chennai,3824,7,26768
9494,2026-02-04,Furniture,Hyderabad,2086,8,16688
9495,2025-12-13,Electronics,Delhi,571,3,1713
9496,2026-02-13,Furniture,Bangalore,4762,1,4762
9497,2024-08-07,Electronics,Bangalore,439,3,1317
9498,2024-07-01,Furniture,Mumbai,217,1,217
9499,2025-03-10,Groceries,Mumbai,3024,3,9072
9500,2025-05-19,Electronics,Bangalore,4700,1,4700
9501,2025-08-21,Furniture,Bangalore,4782,9,43038
9502,2024-07-31,Clothing,Hyderabad,1035,9,9315
9503,2025-11-08,Clothing,Delhi,2108,7,14756
9504,2025-01-30,Groceries,Hyderabad,2966,3,8898
9505,2025-06-29,Sports,Bangalore,3118,9,28062
9506,2026-05-09,Groceries,Bangalore,383,9,3447
9507,2024-10-31,Furniture,Bangalore,3248,10,32480
9508,2025-03-30,Electronics,Hyderabad,4219,10,42190
9509,2024-10-06,Electronics,Hyderabad,3647,9,32823
9510,2026-03-04,Sports,Hyderabad,4537,6,27222
9511,2024-11-01,Sports,Bangalore,822,5,4110
9512,2024-07-14,Groceries,Chennai,4887,7,34209
9513,2026-02-13,Clothing,Bangalore,2642,5,13210
9514,2025-09-25,Electronics,Mumbai,1939,3,5817
9515,2025-12-23,Groceries,Delhi,4115,10,41150
9516,2025-11-01,Clothing,Hyderabad,4115,7,28805
9517,2025-08-10,Furniture,Bangalore,514,8,4112
9518,2025-05-17,Sports,Bangalore,3555,3,10665
9519,2024-09-01,Sports,Hyderabad,1321,4,5284
9520,2025-09-03,Sports,Delhi,2442,10,24420
9521,2024-11-10,Furniture,Hyderabad,4420,7,30940
9522,2025-09-16,Clothing,Delhi,2091,6,12546
9523,2026-05-06,Clothing,Mumbai,240,5,1200
9524,2025-03-25,Groceries,Mumbai,1930,9,17370
9525,2026-01-05,Sports,Delhi,595,4,2380
9526,2025-01-25,Electronics,Bangalore,1363,5,6815
9527,2025-03-15,Sports,Mumbai,1285,6,7710
9528,2024-11-13,Groceries,Hyderabad,691,10,6910
9529,2025-08-26,Groceries,Delhi,1242,3,3726
9530,2025-09-22,Groceries,Chennai,2746,3,8238
9531,2024-11-21,Sports,Hyderabad,3805,7,26635
9532,2026-01-10,Electronics,Mumbai,1646,10,16460
9533,2025-04-01,Furniture,Mumbai,3037,2,6074
9534,2026-06-20,Groceries,Hyderabad,4363,4,17452
9535,2024-07-08,Clothing,Chennai,929,7,6503
9536,2025-12-06,Groceries,Delhi,929,2,1858
9537,2025-09-18,Furniture,Delhi,2896,1,2896
9538,2026-05-19,Sports,Chennai,2114,5,10570
9539,2024-07-31,Electronics,Delhi,1994,9,17946
9540,2026-02-20,Sports,Bangalore,249,5,1245
9541,2025-08-14,Sports,Hyderabad,1304,5,6520
9542,2024-09-06,Furniture,Chennai,3474,1,3474
9543,2024-07-12,Clothing,Chennai,4774,6,28644
9544,2025-11-09,Clothing,Bangalore,3509,10,35090
9545,2026-05-30,Electronics,Chennai,4979,2,9958
9546,2025-11-24,Electronics,Hyderabad,1182,7,8274
9547,2026-02-04,Sports,Hyderabad,1385,8,11080
9548,2024-09-24,Clothing,Bangalore,4216,8,33728
9549,2025-08-12,Sports,Chennai,2413,1,2413
9550,2025-05-03,Sports,Delhi,4013,3,12039
9551,2024-07-20,Clothing,Chennai,4394,4,17576
9552,2024-12-16,Clothing,Bangalore,2151,2,4302
9553,2024-08-17,Groceries,Bangalore,2870,3,8610
9554,2024-09-11,Electronics,Bangalore,1801,6,10806
9555,2025-08-23,Electronics,Mumbai,1681,10,16810
9556,2026-02-09,Clothing,Delhi,3097,1,3097
9557,2026-05-09,Groceries,Chennai,1670,9,15030
9558,2025-06-04,Furniture,Delhi,4589,3,13767
9559,2026-01-16,Furniture,Chennai,4525,2,9050
9560,2026-03-07,Groceries,Hyderabad,1736,3,5208
9561,2025-09-24,Sports,Chennai,4662,7,32634
9562,2026-03-01,Clothing,Hyderabad,1709,5,8545
9563,2025-01-25,Clothing,Chennai,1590,10,15900
9564,2026-06-23,Groceries,Hyderabad,814,6,4884
9565,2025-06-12,Clothing,Mumbai,2111,9,18999
9566,2024-08-07,Electronics,Delhi,1140,10,11400
9567,2026-03-07,Furniture,Chennai,2645,4,10580
9568,2025-02-11,Furniture,Hyderabad,3690,9,33210
9569,2024-11-17,Sports,Hyderabad,134,10,1340
9570,2024-12-17,Furniture,Delhi,4211,8,33688
9571,2025-08-05,Furniture,Bangalore,4792,2,9584
9572,2026-02-15,Furniture,Hyderabad,3463,4,13852
9573,2026-05-24,Furniture,Bangalore,3502,8,28016
9574,2024-10-04,Sports,Delhi,2566,7,17962
9575,2025-10-14,Groceries,Chennai,3263,1,3263
9576,2025-04-17,Clothing,Hyderabad,4799,7,33593
9577,2024-12-12,Sports,Hyderabad,2978,6,17868
9578,2026-06-14,Groceries,Mumbai,1608,5,8040
9579,2024-09-05,Clothing,Hyderabad,4550,7,31850
9580,2026-06-08,Clothing,Hyderabad,4104,9,36936
9581,2024-12-31,Groceries,Bangalore,1833,7,12831
9582,2024-08-29,Sports,Mumbai,2853,5,14265
9583,2025-05-16,Electronics,Mumbai,4101,4,16404
9584,2025-04-18,Sports,Bangalore,1407,7,9849
9585,2026-06-12,Electronics,Delhi,105,3,315
9586,2025-03-02,Sports,Mumbai,2337,4,9348
9587,2025-02-22,Furniture,Mumbai,677,3,2031
9588,2024-10-27,Furniture,Mumbai,2315,10,23150
9589,2025-12-13,Groceries,Hyderabad,4632,5,23160
9590,2025-10-24,Groceries,Delhi,2918,6,17508
9591,2025-10-22,Groceries,Hyderabad,4605,6,27630
9592,2025-11-05,Clothing,Bangalore,4861,10,48610
9593,2024-10-05,Electronics,Chennai,1701,2,3402
9594,2026-04-16,Electronics,Mumbai,4972,9,44748
9595,2026-05-05,Electronics,Mumbai,2708,6,16248
9596,2026-05-14,Groceries,Mumbai,4472,3,13416
9597,2026-04-01,Groceries,Mumbai,1478,7,10346
9598,2025-04-07,Sports,Mumbai,1883,9,16947
9599,2025-12-17,Furniture,Mumbai,4337,10,43370
9600,2025-08-27,Clothing,Hyderabad,1350,4,5400
9601,2025-09-05,Groceries,Mumbai,4213,1,4213
9602,2026-01-14,Sports,Delhi,3229,4,12916
9603,2024-11-05,Furniture,Bangalore,2159,9,19431
9604,2024-09-04,Clothing,Hyderabad,2601,10,26010
9605,2025-09-30,Clothing,Chennai,2794,1,2794
9606,2026-04-26,Groceries,Bangalore,3988,4,15952
9607,2025-09-17,Sports,Bangalore,4465,8,35720
9608,2024-09-02,Groceries,Mumbai,3921,8,31368
9609,2025-10-04,Clothing,Delhi,4853,9,43677
9610,2025-06-11,Clothing,Mumbai,3845,5,19225
9611,2024-09-24,Furniture,Mumbai,3939,8,31512
9612,2025-04-02,Clothing,Hyderabad,4683,3,14049
9613,2025-03-27,Groceries,Bangalore,279,5,1395
9614,2026-06-18,Sports,Bangalore,2758,5,13790
9615,2024-09-29,Sports,Mumbai,1708,10,17080
9616,2026-06-23,Furniture,Chennai,1060,10,10600
9617,2025-11-15,Electronics,Delhi,4494,5,22470
9618,2025-11-26,Groceries,Delhi,347,2,694
9619,2025-12-08,Sports,Chennai,3169,7,22183
9620,2026-05-15,Electronics,Chennai,1130,5,5650
9621,2026-01-12,Electronics,Hyderabad,4497,5,22485
9622,2025-01-14,Electronics,Delhi,4466,2,8932
9623,2025-12-25,Furniture,Chennai,2862,8,22896
9624,2025-12-18,Electronics,Hyderabad,483,3,1449
9625,2025-02-20,Sports,Hyderabad,2516,2,5032
9626,2025-10-05,Groceries,Chennai,4844,3,14532
9627,2026-03-15,Electronics,Hyderabad,4984,8,39872
9628,2024-08-27,Sports,Mumbai,4759,3,14277
9629,2024-11-30,Sports,Hyderabad,1177,7,8239
9630,2025-01-01,Electronics,Delhi,2019,8,16152
9631,2025-06-22,Groceries,Hyderabad,4850,6,29100
9632,2025-04-17,Electronics,Chennai,2428,9,21852
9633,2025-10-05,Groceries,Bangalore,2361,7,16527
9634,2024-08-24,Clothing,Chennai,4738,10,47380
9635,2024-11-02,Furniture,Mumbai,680,3,2040
9636,2024-12-04,Electronics,Chennai,792,9,7128
9637,2024-07-16,Clothing,Bangalore,1210,3,3630
9638,2025-05-06,Electronics,Bangalore,575,10,5750
9639,2024-09-14,Sports,Bangalore,4768,2,9536
9640,2026-06-04,Electronics,Mumbai,502,1,502
9641,2026-03-22,Sports,Delhi,939,4,3756
9642,2024-10-21,Sports,Delhi,3018,8,24144
9643,2026-05-23,Groceries,Mumbai,4063,2,8126
9644,2024-12-05,Sports,Bangalore,1440,3,4320
9645,2024-07-07,Clothing,Mumbai,2753,9,24777
9646,2025-04-01,Clothing,Bangalore,1649,7,11543
9647,2025-03-02,Groceries,Hyderabad,4541,2,9082
9648,2026-04-17,Furniture,Hyderabad,4103,7,28721
9649,2025-12-20,Electronics,Chennai,698,5,3490
9650,2024-11-18,Groceries,Mumbai,1394,1,1394
9651,2026-05-19,Electronics,Chennai,1573,3,4719
9652,2025-07-10,Sports,Chennai,2761,7,19327
9653,2025-06-12,Electronics,Delhi,916,7,6412
9654,2025-11-08,Groceries,Bangalore,185,10,1850
9655,2025-08-31,Clothing,Hyderabad,3424,5,17120
9656,2026-03-19,Groceries,Hyderabad,2714,4,10856
9657,2026-02-05,Electronics,Bangalore,1962,5,9810
9658,2026-02-15,Clothing,Hyderabad,2579,6,15474
9659,2024-11-03,Sports,Hyderabad,4901,9,44109
9660,2024-08-26,Furniture,Mumbai,1285,4,5140
9661,2024-10-08,Furniture,Delhi,1071,4,4284
9662,2024-12-19,Clothing,Mumbai,3846,10,38460
9663,2025-06-11,Groceries,Bangalore,2775,1,2775
9664,2025-10-23,Groceries,Mumbai,1583,1,1583
9665,2025-09-01,Sports,Bangalore,1113,3,3339
9666,2025-08-15,Groceries,Hyderabad,4092,1,4092
9667,2024-08-13,Furniture,Delhi,310,8,2480
9668,2025-06-16,Furniture,Bangalore,1440,9,12960
9669,2025-08-11,Furniture,Mumbai,1164,6,6984
9670,2026-05-18,Furniture,Hyderabad,2545,5,12725
9671,2026-03-21,Furniture,Delhi,3678,5,18390
9672,2026-06-15,Groceries,Hyderabad,2791,3,8373
9673,2025-06-21,Clothing,Bangalore,3045,3,9135
9674,2026-04-27,Sports,Bangalore,1916,1,1916
9675,2024-12-21,Furniture,Chennai,4688,3,14064
9676,2025-05-18,Clothing,Delhi,3631,9,32679
9677,2025-01-09,Furniture,Delhi,3455,6,20730
9678,2024-11-03,Clothing,Mumbai,2421,6,14526
9679,2024-12-09,Clothing,Mumbai,3503,9,31527
9680,2025-01-31,Furniture,Bangalore,2003,1,2003
9681,2025-04-21,Groceries,Delhi,336,8,2688
9682,2026-03-09,Clothing,Delhi,1134,2,2268
9683,2025-01-11,Furniture,Mumbai,2769,10,27690
9684,2026-03-22,Sports,Hyderabad,1809,4,7236
9685,2025-12-20,Groceries,Mumbai,4307,4,17228
9686,2026-04-18,Electronics,Mumbai,1755,7,12285
9687,2025-03-17,Electronics,Mumbai,3423,2,6846
9688,2024-06-28,Sports,Delhi,1373,7,9611
9689,2026-05-31,Groceries,Delhi,3730,5,18650
9690,2025-07-29,Furniture,Chennai,951,5,4755
9691,2025-06-26,Electronics,Hyderabad,4781,2,9562
9692,2024-11-22,Groceries,Chennai,4367,6,26202
9693,2025-08-05,Clothing,Chennai,1592,3,4776
9694,2025-11-30,Clothing,Delhi,3692,7,25844
9695,2024-08-07,Groceries,Chennai,845,2,1690
9696,2024-11-13,Furniture,Hyderabad,4101,8,32808
9697,2026-01-14,Electronics,Hyderabad,2138,9,19242
9698,2025-03-03,Clothing,Delhi,4204,5,21020
9699,2025-02-22,Furniture,Hyderabad,2308,4,9232
9700,2026-01-25,Sports,Chennai,3073,6,18438
9701,2025-02-04,Clothing,Delhi,432,2,864
9702,2026-01-11,Sports,Mumbai,4950,4,19800
9703,2024-07-07,Electronics,Hyderabad,1790,1,1790
9704,2026-01-18,Furniture,Bangalore,3644,10,36440
9705,2026-06-22,Electronics,Bangalore,3537,7,24759
9706,2024-08-09,Electronics,Bangalore,4864,2,9728
9707,2025-05-01,Furniture,Chennai,1255,5,6275
9708,2026-05-30,Groceries,Delhi,2959,5,14795
9709,2025-05-02,Furniture,Hyderabad,1799,9,16191
9710,2024-12-28,Clothing,Chennai,1404,9,12636
9711,2026-02-20,Electronics,Mumbai,2307,2,4614
9712,2024-11-17,Clothing,Mumbai,1006,1,1006
9713,2025-01-16,Electronics,Bangalore,4482,10,44820
9714,2025-09-25,Clothing,Hyderabad,2288,1,2288
9715,2025-08-19,Groceries,Hyderabad,142,4,568
9716,2024-08-08,Electronics,Chennai,4137,7,28959
9717,2024-10-13,Furniture,Delhi,1368,2,2736
9718,2025-09-07,Clothing,Chennai,2975,9,26775
9719,2024-07-16,Sports,Bangalore,3463,3,10389
9720,2026-04-27,Groceries,Chennai,3518,1,3518
9721,2025-12-28,Furniture,Chennai,295,6,1770
9722,2025-09-14,Sports,Delhi,4737,8,37896
9723,2025-07-22,Clothing,Delhi,219,8,1752
9724,2026-03-03,Clothing,Hyderabad,1114,7,7798
9725,2025-07-07,Sports,Hyderabad,3886,10,38860
9726,2025-03-21,Electronics,Chennai,2160,9,19440
9727,2024-11-01,Groceries,Delhi,2588,5,12940
9728,2025-05-17,Groceries,Mumbai,3188,4,12752
9729,2024-11-18,Clothing,Delhi,4836,4,19344
9730,2024-08-02,Clothing,Chennai,3691,9,33219
9731,2025-11-08,Clothing,Delhi,4283,1,4283
9732,2025-08-27,Groceries,Bangalore,2534,8,20272
9733,2024-11-18,Electronics,Chennai,2062,4,8248
9734,2025-05-05,Electronics,Delhi,2155,5,10775
9735,2026-05-10,Groceries,Bangalore,2830,5,14150
9736,2024-12-16,Groceries,Delhi,4548,7,31836
9737,2025-07-29,Clothing,Delhi,4251,8,34008
9738,2024-07-16,Sports,Chennai,3336,6,20016
9739,2026-03-11,Clothing,Bangalore,2921,8,23368
9740,2026-03-10,Groceries,Bangalore,2807,7,19649
9741,2026-03-29,Groceries,Hyderabad,1227,10,12270
9742,2024-10-20,Clothing,Delhi,2146,4,8584
9743,2025-08-25,Sports,Chennai,402,5,2010
9744,2025-02-08,Clothing,Chennai,503,6,3018
9745,2025-04-10,Electronics,Mumbai,2999,2,5998
9746,2025-11-15,Furniture,Bangalore,4345,1,4345
9747,2025-10-22,Furniture,Mumbai,3744,1,3744
9748,2025-11-05,Furniture,Mumbai,4408,1,4408
9749,2025-05-04,Furniture,Chennai,2835,8,22680
9750,2025-05-22,Sports,Bangalore,4327,6,25962
9751,2025-08-24,Clothing,Chennai,229,7,1603
9752,2025-02-05,Furniture,Hyderabad,3174,10,31740
9753,2025-10-29,Furniture,Chennai,351,4,1404
9754,2025-09-25,Clothing,Chennai,280,3,840
9755,2024-09-10,Furniture,Mumbai,4821,1,4821
9756,2025-09-14,Clothing,Mumbai,3874,2,7748
9757,2025-12-20,Sports,Chennai,3825,2,7650
9758,2026-01-14,Clothing,Bangalore,3950,1,3950
9759,2024-10-09,Sports,Bangalore,232,5,1160
9760,2025-12-14,Clothing,Hyderabad,2344,6,14064
9761,2025-11-29,Furniture,Chennai,3442,2,6884
9762,2025-07-06,Clothing,Bangalore,1551,4,6204
9763,2026-06-17,Clothing,Mumbai,3180,6,19080
9764,2025-08-16,Groceries,Delhi,1594,1,1594
9765,2026-02-04,Clothing,Hyderabad,127,7,889
9766,2025-01-04,Electronics,Hyderabad,2910,6,17460
9767,2026-03-30,Groceries,Hyderabad,204,9,1836
9768,2024-09-29,Electronics,Bangalore,171,6,1026
9769,2025-05-06,Groceries,Hyderabad,3224,2,6448
9770,2024-08-18,Groceries,Mumbai,708,9,6372
9771,2025-02-01,Electronics,Mumbai,1410,2,2820
9772,2024-09-18,Furniture,Delhi,525,7,3675
9773,2026-05-14,Groceries,Hyderabad,4282,6,25692
9774,2024-09-14,Groceries,Delhi,3712,2,7424
9775,2024-07-27,Furniture,Bangalore,1647,3,4941
9776,2026-01-21,Groceries,Delhi,2805,4,11220
9777,2025-03-08,Groceries,Delhi,1050,4,4200
9778,2026-05-04,Groceries,Mumbai,140,7,980
9779,2026-06-14,Furniture,Delhi,3898,5,19490
9780,2025-09-20,Clothing,Chennai,1667,5,8335
9781,2025-05-20,Clothing,Hyderabad,4084,1,4084
9782,2025-12-15,Sports,Chennai,343,10,3430
9783,2024-12-16,Clothing,Hyderabad,4239,1,4239
9784,2026-02-27,Clothing,Bangalore,1032,7,7224
9785,2025-09-16,Sports,Chennai,3855,3,11565
9786,2025-07-20,Clothing,Delhi,971,5,4855
9787,2024-08-12,Groceries,Mumbai,2888,9,25992
9788,2026-01-14,Electronics,Bangalore,1968,7,13776
9789,2025-11-06,Electronics,Chennai,1650,1,1650
9790,2026-02-16,Groceries,Delhi,1437,10,14370
9791,2026-03-31,Electronics,Delhi,2511,9,22599
9792,2025-06-27,Electronics,Delhi,3994,4,15976
9793,2025-07-24,Clothing,Mumbai,3935,1,3935
9794,2025-05-21,Sports,Chennai,374,2,748
9795,2025-05-28,Furniture,Delhi,3386,6,20316
9796,2025-01-31,Groceries,Bangalore,2125,10,21250
9797,2025-02-25,Electronics,Hyderabad,2060,3,6180
9798,2025-08-22,Furniture,Delhi,1412,2,2824
9799,2026-01-24,Clothing,Bangalore,4874,5,24370
9800,2024-11-18,Clothing,Mumbai,2956,3,8868
9801,2024-10-30,Groceries,Delhi,884,5,4420
9802,2025-05-12,Clothing,Delhi,3046,2,6092
9803,2025-08-10,Furniture,Chennai,4485,7,31395
9804,2026-02-02,Sports,Bangalore,3007,1,3007
9805,2025-01-22,Electronics,Chennai,654,4,2616
9806,2026-05-29,Groceries,Mumbai,3497,2,6994
9807,2025-07-11,Sports,Bangalore,2380,8,19040
9808,2024-11-21,Clothing,Delhi,3784,9,34056
9809,2025-03-21,Electronics,Delhi,824,3,2472
9810,2024-12-22,Sports,Chennai,3356,5,16780
9811,2024-10-15,Groceries,Delhi,3294,6,19764
9812,2026-03-13,Electronics,Hyderabad,4987,5,24935
9813,2025-03-31,Clothing,Chennai,1030,6,6180
9814,2026-02-14,Furniture,Mumbai,3055,3,9165
9815,2025-08-21,Furniture,Mumbai,596,10,5960
9816,2024-10-11,Sports,Mumbai,3248,4,12992
9817,2025-09-08,Electronics,Chennai,3548,1,3548
9818,2025-05-31,Furniture,Mumbai,4313,2,8626
9819,2025-03-16,Clothing,Chennai,516,9,4644
9820,2024-08-12,Furniture,Mumbai,1379,1,1379
9821,2025-03-21,Clothing,Chennai,1382,4,5528
9822,2024-07-23,Furniture,Chennai,3651,10,36510
9823,2025-12-10,Clothing,Delhi,1034,10,10340
9824,2025-01-14,Clothing,Chennai,1362,10,13620
9825,2025-06-22,Groceries,Hyderabad,4115,5,20575
9826,2025-01-21,Furniture,Chennai,4423,10,44230
9827,2025-11-03,Electronics,Bangalore,1979,5,9895
9828,2024-07-26,Clothing,Delhi,1741,7,12187
9829,2024-10-07,Electronics,Bangalore,3329,7,23303
9830,2025-08-19,Sports,Hyderabad,2874,6,17244
9831,2025-07-28,Furniture,Bangalore,142,3,426
9832,2025-11-01,Clothing,Mumbai,2146,4,8584
9833,2026-05-18,Groceries,Hyderabad,444,10,4440
9834,2024-11-19,Electronics,Mumbai,1206,3,3618
9835,2025-07-12,Sports,Mumbai,3927,4,15708
9836,2024-11-28,Clothing,Mumbai,1950,4,7800
9837,2025-05-28,Furniture,Delhi,4073,4,16292
9838,2025-12-07,Groceries,Mumbai,1333,7,9331
9839,2024-11-20,Groceries,Bangalore,2596,6,15576
9840,2026-04-12,Sports,Mumbai,1105,5,5525
9841,2026-03-08,Sports,Chennai,862,1,862
9842,2025-07-14,Groceries,Hyderabad,1435,10,14350
9843,2025-02-19,Electronics,Mumbai,4326,5,21630
9844,2025-05-29,Groceries,Delhi,4193,9,37737
9845,2026-02-17,Groceries,Chennai,840,10,8400
9846,2026-01-02,Clothing,Chennai,2723,9,24507
9847,2025-09-27,Furniture,Mumbai,278,1,278
9848,2024-10-10,Groceries,Bangalore,3774,7,26418
9849,2025-04-09,Groceries,Delhi,3514,4,14056
9850,2026-03-08,Furniture,Mumbai,3708,3,11124
9851,2025-12-12,Furniture,Delhi,1168,7,8176
9852,2026-06-12,Groceries,Delhi,3902,10,39020
9853,2025-02-06,Furniture,Delhi,4853,10,48530
9854,2025-11-17,Clothing,Hyderabad,2200,7,15400
9855,2024-07-31,Electronics,Chennai,2327,9,20943
9856,2026-05-19,Furniture,Hyderabad,851,5,4255
9857,2024-10-17,Furniture,Delhi,4655,6,27930
9858,2026-03-24,Sports,Mumbai,4889,2,9778
9859,2025-10-06,Electronics,Bangalore,4166,4,16664
9860,2025-09-02,Furniture,Hyderabad,768,6,4608
9861,2025-11-16,Groceries,Hyderabad,2389,7,16723
9862,2026-03-04,Groceries,Chennai,1483,1,1483
9863,2024-11-26,Groceries,Chennai,1793,4,7172
9864,2025-04-09,Clothing,Mumbai,1371,5,6855
9865,2025-03-27,Electronics,Chennai,410,5,2050
9866,2026-01-02,Sports,Chennai,302,7,2114
9867,2025-06-06,Sports,Chennai,3549,5,17745
9868,2024-12-29,Electronics,Chennai,1001,2,2002
9869,2026-04-23,Sports,Bangalore,1675,3,5025
9870,2024-10-12,Groceries,Chennai,1406,4,5624
9871,2025-03-24,Furniture,Mumbai,3381,5,16905
9872,2024-09-24,Electronics,Bangalore,3825,6,22950
9873,2024-07-22,Clothing,Chennai,1705,5,8525
9874,2025-06-28,Electronics,Bangalore,4980,8,39840
9875,2025-05-28,Clothing,Hyderabad,4627,1,4627
9876,2025-01-19,Electronics,Bangalore,4465,4,17860
9877,2024-10-23,Furniture,Bangalore,546,5,2730
9878,2025-07-10,Electronics,Bangalore,2554,10,25540
9879,2025-01-10,Electronics,Delhi,3421,10,34210
9880,2025-06-01,Groceries,Hyderabad,2465,10,24650
9881,2025-01-09,Clothing,Bangalore,1006,8,8048
9882,2026-03-31,Electronics,Delhi,3551,6,21306
9883,2025-10-01,Clothing,Chennai,2401,6,14406
9884,2025-06-21,Sports,Delhi,2566,2,5132
9885,2025-11-18,Clothing,Chennai,2948,2,5896
9886,2026-01-15,Sports,Mumbai,3580,7,25060
9887,2025-05-25,Clothing,Chennai,225,5,1125
9888,2025-06-10,Groceries,Mumbai,2253,6,13518
9889,2026-04-01,Groceries,Hyderabad,4923,4,19692
9890,2026-06-25,Groceries,Delhi,3854,9,34686
9891,2026-06-04,Furniture,Mumbai,3119,5,15595
9892,2026-01-10,Furniture,Chennai,2001,8,16008
9893,2024-07-27,Sports,Bangalore,2979,1,2979
9894,2026-03-26,Furniture,Mumbai,4117,6,24702
9895,2026-02-14,Clothing,Mumbai,2024,10,20240
9896,2025-04-04,Groceries,Hyderabad,2176,6,13056
9897,2026-03-24,Sports,Delhi,2922,2,5844
9898,2025-04-29,Furniture,Bangalore,1446,9,13014
9899,2025-10-09,Sports,Bangalore,758,3,2274
9900,2025-09-07,Electronics,Mumbai,2799,8,22392
9901,2025-11-08,Electronics,Mumbai,1547,1,1547
9902,2025-11-19,Electronics,Bangalore,389,3,1167
9903,2025-02-21,Sports,Hyderabad,3605,1,3605
9904,2026-06-15,Clothing,Chennai,3124,6,18744
9905,2024-10-08,Clothing,Hyderabad,3296,1,3296
9906,2025-05-02,Furniture,Mumbai,3933,1,3933
9907,2025-11-04,Electronics,Bangalore,816,6,4896
9908,2024-07-09,Groceries,Chennai,2269,1,2269
9909,2025-08-12,Clothing,Delhi,992,5,4960
9910,2025-04-25,Clothing,Chennai,560,9,5040
9911,2025-03-05,Electronics,Bangalore,2259,9,20331
9912,2025-05-31,Clothing,Bangalore,2680,3,8040
9913,2025-12-24,Clothing,Bangalore,4297,6,25782
9914,2025-04-28,Sports,Delhi,3258,4,13032
9915,2024-09-24,Electronics,Hyderabad,1293,6,7758
9916,2025-10-30,Groceries,Bangalore,3323,7,23261
9917,2025-10-09,Clothing,Chennai,3686,6,22116
9918,2025-09-24,Electronics,Chennai,1866,10,18660
9919,2025-07-19,Clothing,Bangalore,1454,2,2908
9920,2026-05-04,Clothing,Hyderabad,3816,6,22896
9921,2026-04-25,Furniture,Delhi,1855,5,9275
9922,2025-01-15,Sports,Chennai,4597,1,4597
9923,2024-10-27,Clothing,Delhi,2866,5,14330
9924,2025-04-02,Sports,Chennai,1094,4,4376
9925,2026-06-24,Electronics,Hyderabad,4508,10,45080
9926,2025-02-14,Sports,Mumbai,3125,1,3125
9927,2025-01-12,Furniture,Hyderabad,2495,4,9980
9928,2024-11-21,Sports,Hyderabad,1958,1,1958
9929,2025-02-23,Sports,Bangalore,2527,4,10108
9930,2025-11-14,Furniture,Hyderabad,3838,9,34542
9931,2024-09-03,Groceries,Mumbai,3180,3,9540
9932,2025-11-19,Clothing,Delhi,4131,3,12393
9933,2025-02-17,Groceries,Bangalore,4204,2,8408
9934,2025-06-30,Electronics,Delhi,2968,6,17808
9935,2024-10-27,Groceries,Hyderabad,2656,5,13280
9936,2024-09-18,Groceries,Hyderabad,4513,8,36104
9937,2025-06-23,Clothing,Hyderabad,2445,2,4890
9938,2025-08-26,Furniture,Mumbai,952,6,5712
9939,2024-07-05,Sports,Delhi,393,2,786
9940,2025-09-30,Sports,Hyderabad,871,10,8710
9941,2026-04-15,Sports,Bangalore,101,3,303
9942,2026-02-23,Groceries,Mumbai,3229,6,19374
9943,2026-04-05,Clothing,Mumbai,132,3,396
9944,2025-09-16,Groceries,Delhi,4035,2,8070
9945,2025-04-06,Electronics,Delhi,3923,2,7846
9946,2025-09-01,Groceries,Bangalore,2422,4,9688
9947,2026-06-15,Furniture,Mumbai,979,6,5874
9948,2025-03-27,Electronics,Bangalore,4944,8,39552
9949,2025-01-16,Groceries,Hyderabad,950,2,1900
9950,2024-10-29,Sports,Bangalore,775,1,775
9951,2026-03-16,Clothing,Chennai,2606,4,10424
9952,2025-01-30,Sports,Mumbai,4507,1,4507
9953,2025-04-14,Electronics,Hyderabad,735,7,5145
9954,2024-09-18,Groceries,Hyderabad,3075,6,18450
9955,2026-02-21,Furniture,Bangalore,3984,4,15936
9956,2025-12-09,Electronics,Hyderabad,483,10,4830
9957,2025-11-06,Electronics,Chennai,4977,6,29862
9958,2025-10-07,Electronics,Bangalore,3021,7,21147
9959,2025-09-07,Groceries,Delhi,4322,2,8644
9960,2025-10-14,Clothing,Hyderabad,1404,5,7020
9961,2025-04-28,Clothing,Mumbai,2220,8,17760
9962,2025-11-12,Clothing,Chennai,277,1,277
9963,2025-06-11,Groceries,Bangalore,1838,8,14704
9964,2025-02-28,Sports,Chennai,3149,10,31490
9965,2025-11-29,Sports,Chennai,3312,7,23184
9966,2025-11-13,Furniture,Delhi,2334,6,14004
9967,2026-06-15,Clothing,Bangalore,2781,10,27810
9968,2024-11-21,Electronics,Bangalore,4799,7,33593
9969,2024-10-27,Groceries,Bangalore,1033,10,10330
9970,2026-02-28,Groceries,Bangalore,194,9,1746
9971,2025-07-18,Clothing,Bangalore,2059,4,8236
9972,2026-01-04,Furniture,Bangalore,1839,10,18390
9973,2025-02-23,Sports,Mumbai,2850,8,22800
9974,2024-09-19,Electronics,Chennai,2187,1,2187
9975,2024-12-15,Sports,Chennai,1172,4,4688
9976,2025-04-16,Groceries,Chennai,331,2,662
9977,2026-01-16,Sports,Delhi,3699,3,11097
9978,2024-09-30,Furniture,Chennai,395,1,395
9979,2026-01-24,Groceries,Delhi,1756,3,5268
9980,2026-05-02,Sports,Mumbai,229,1,229
9981,2025-01-12,Groceries,Delhi,1378,6,8268
9982,2024-11-06,Sports,Mumbai,304,7,2128
9983,2025-07-18,Clothing,Delhi,4545,8,36360
9984,2025-09-09,Clothing,Delhi,1183,3,3549
9985,2024-10-27,Furniture,Bangalore,1540,1,1540
9986,2024-07-07,Sports,Bangalore,2790,3,8370
9987,2026-06-16,Sports,Hyderabad,4127,3,12381
9988,2026-04-22,Electronics,Chennai,1843,3,5529
9989,2025-12-30,Clothing,Delhi,1509,5,7545
9990,2025-11-10,Electronics,Chennai,3306,9,29754
9991,2026-06-17,Electronics,Mumbai,1639,10,16390
9992,2025-09-06,Groceries,Chennai,3757,3,11271
9993,2025-11-19,Clothing,Mumbai,928,7,6496
9994,2024-07-27,Clothing,Mumbai,4943,1,4943
9995,2024-12-07,Electronics,Hyderabad,3084,10,30840
9996,2025-04-20,Electronics,Delhi,2915,10,29150
9997,2026-02-02,Groceries,Bangalore,2203,10,22030
9998,2024-10-16,Furniture,Mumbai,2043,6,12258
9999,2026-05-18,Electronics,Hyderabad,347,10,3470
10000,2024-10-25,Electronics,Delhi,604,9,5436
