Order_ID,Order_Date,Category,City,Price,Quantity,Revenue,Year,Month,Day,Weekday,Product
1,2025-12-28,Clothing,Delhi,1925,6,11550,2025,12,28,Sunday,Camera
2,2025-03-30,Sports,Bangalore,4956,2,9912,2025,3,30,Sunday,Camera
3,2025-11-18,Clothing,Bangalore,2852,6,17112,2025,11,18,Tuesday,TV
4,2026-04-25,Sports,Hyderabad,4696,9,42264,2026,4,25,Saturday,Camera
5,2026-05-10,Electronics,Bangalore,2063,1,2063,2026,5,10,Sunday,Watch
6,2025-03-12,Furniture,Hyderabad,4837,3,14511,2025,3,12,Wednesday,Watch
7,2026-04-04,Sports,Bangalore,2806,4,11224,2026,4,4,Saturday,Keyboard
8,2024-07-13,Sports,Delhi,558,6,3348,2024,7,13,Saturday,Watch
9,2025-09-26,Groceries,Mumbai,4723,9,42507,2025,9,26,Friday,Phone
10,2026-01-16,Sports,Hyderabad,2784,8,22272,2026,1,16,Friday,Keyboard
11,2025-10-28,Groceries,Delhi,149,8,1192,2025,10,28,Tuesday,Bag
12,2024-07-31,Electronics,Mumbai,283,6,1698,2024,7,31,Wednesday,Watch
13,2026-03-23,Clothing,Mumbai,675,2,1350,2026,3,23,Monday,Headphones
14,2025-10-22,Electronics,Hyderabad,3512,6,21072,2025,10,22,Wednesday,Tablet
15,2025-08-06,Furniture,Bangalore,1432,9,12888,2025,8,6,Wednesday,TV
16,2026-03-05,Furniture,Chennai,713,9,6417,2026,3,5,Thursday,Bag
17,2024-11-12,Electronics,Chennai,3498,10,34980,2024,11,12,Tuesday,Bag
18,2024-10-03,Clothing,Chennai,4845,7,33915,2024,10,3,Thursday,Bag
19,2025-07-02,Clothing,Hyderabad,2243,7,15701,2025,7,2,Wednesday,Headphones
20,2024-07-20,Clothing,Chennai,4045,6,24270,2024,7,20,Saturday,Bag
21,2026-06-12,Clothing,Bangalore,1887,4,7548,2026,6,12,Friday,Watch
22,2025-07-03,Clothing,Mumbai,897,10,8970,2025,7,3,Thursday,Watch
23,2024-10-24,Furniture,Delhi,167,2,334,2024,10,24,Thursday,Tablet
24,2026-04-08,Sports,Hyderabad,550,7,3850,2026,4,8,Wednesday,Laptop
25,2025-07-06,Furniture,Chennai,1424,4,5696,2025,7,6,Sunday,Phone
26,2026-02-13,Furniture,Chennai,4998,2,9996,2026,2,13,Friday,TV
27,2024-07-26,Furniture,Delhi,4662,2,9324,2024,7,26,Friday,Watch
28,2025-02-07,Clothing,Hyderabad,1679,6,10074,2025,2,7,Friday,Tablet
29,2025-08-18,Furniture,Bangalore,1486,8,11888,2025,8,18,Monday,Shoes
30,2025-11-20,Groceries,Delhi,289,7,2023,2025,11,20,Thursday,Headphones
31,2026-01-10,Furniture,Chennai,3698,6,22188,2026,1,10,Saturday,Camera
32,2024-08-21,Sports,Hyderabad,1345,8,10760,2024,8,21,Wednesday,Bag
33,2025-01-13,Electronics,Hyderabad,4132,4,16528,2025,1,13,Monday,TV
34,2024-07-26,Electronics,Mumbai,2560,2,5120,2024,7,26,Friday,Headphones
35,2025-12-26,Clothing,Chennai,1547,4,6188,2025,12,26,Friday,Phone
36,2024-08-21,Groceries,Hyderabad,1299,6,7794,2024,8,21,Wednesday,Camera
37,2026-06-21,Sports,Chennai,2343,1,2343,2026,6,21,Sunday,Headphones
38,2026-06-21,Furniture,Chennai,2904,7,20328,2026,6,21,Sunday,Keyboard
39,2024-08-14,Furniture,Hyderabad,2094,5,10470,2024,8,14,Wednesday,Laptop
40,2024-09-26,Sports,Chennai,1644,8,13152,2024,9,26,Thursday,Bag
41,2024-09-15,Sports,Mumbai,590,2,1180,2024,9,15,Sunday,TV
42,2025-11-15,Sports,Delhi,2050,1,2050,2025,11,15,Saturday,Tablet
43,2025-12-08,Electronics,Bangalore,289,10,2890,2025,12,8,Monday,TV
44,2025-02-08,Clothing,Chennai,2512,5,12560,2025,2,8,Saturday,Watch
45,2025-02-24,Sports,Bangalore,2896,7,20272,2025,2,24,Monday,Watch
46,2025-10-13,Furniture,Chennai,4233,8,33864,2025,10,13,Monday,Phone
47,2024-08-13,Sports,Hyderabad,3940,3,11820,2024,8,13,Tuesday,Watch
48,2025-05-20,Groceries,Bangalore,3824,7,26768,2025,5,20,Tuesday,Shoes
49,2025-07-11,Groceries,Mumbai,2503,6,15018,2025,7,11,Friday,Tablet
50,2025-11-14,Sports,Delhi,479,8,3832,2025,11,14,Friday,Laptop
51,2025-09-21,Groceries,Delhi,1926,8,15408,2025,9,21,Sunday,Phone
52,2025-06-21,Sports,Hyderabad,3780,7,26460,2025,6,21,Saturday,Watch
53,2025-01-22,Groceries,Delhi,2265,5,11325,2025,1,22,Wednesday,Headphones
54,2024-11-03,Furniture,Bangalore,4794,8,38352,2024,11,3,Sunday,Shoes
55,2025-12-28,Electronics,Mumbai,4071,6,24426,2025,12,28,Sunday,Camera
56,2025-06-08,Electronics,Bangalore,1534,3,4602,2025,6,8,Sunday,Shoes
57,2025-01-14,Furniture,Bangalore,4437,1,4437,2025,1,14,Tuesday,Camera
58,2024-07-21,Groceries,Chennai,2649,8,21192,2024,7,21,Sunday,Camera
59,2026-02-27,Furniture,Mumbai,4968,10,49680,2026,2,27,Friday,Laptop
60,2025-03-10,Groceries,Hyderabad,4895,10,48950,2025,3,10,Monday,Headphones
61,2024-06-28,Sports,Bangalore,2022,4,8088,2024,6,28,Friday,TV
62,2024-12-11,Electronics,Delhi,3457,10,34570,2024,12,11,Wednesday,Camera
63,2024-10-04,Electronics,Chennai,2651,1,2651,2024,10,4,Friday,Tablet
64,2024-12-08,Electronics,Bangalore,1861,2,3722,2024,12,8,Sunday,Keyboard
65,2026-03-03,Electronics,Mumbai,4447,3,13341,2026,3,3,Tuesday,Laptop
66,2025-06-12,Furniture,Chennai,137,9,1233,2025,6,12,Thursday,Tablet
67,2024-08-15,Furniture,Hyderabad,4786,6,28716,2024,8,15,Thursday,Tablet
68,2025-06-25,Groceries,Bangalore,4871,9,43839,2025,6,25,Wednesday,Bag
69,2025-12-27,Sports,Mumbai,103,8,824,2025,12,27,Saturday,Tablet
70,2026-04-06,Electronics,Bangalore,2825,1,2825,2026,4,6,Monday,Bag
71,2025-04-26,Furniture,Mumbai,4434,4,17736,2025,4,26,Saturday,Phone
72,2025-08-17,Furniture,Mumbai,4611,10,46110,2025,8,17,Sunday,Keyboard
73,2025-09-05,Sports,Delhi,417,3,1251,2025,9,5,Friday,Headphones
74,2025-03-21,Electronics,Mumbai,3179,8,25432,2025,3,21,Friday,Keyboard
75,2024-12-22,Groceries,Chennai,2615,5,13075,2024,12,22,Sunday,Camera
76,2026-06-26,Groceries,Mumbai,3992,4,15968,2026,6,26,Friday,Bag
77,2026-06-16,Sports,Chennai,1837,10,18370,2026,6,16,Tuesday,Camera
78,2024-09-05,Sports,Chennai,2776,10,27760,2024,9,5,Thursday,Headphones
79,2024-08-29,Electronics,Chennai,2642,3,7926,2024,8,29,Thursday,Laptop
80,2025-03-27,Groceries,Mumbai,2838,1,2838,2025,3,27,Thursday,Headphones
81,2025-11-16,Clothing,Hyderabad,1136,3,3408,2025,11,16,Sunday,Headphones
82,2024-08-18,Sports,Delhi,4779,3,14337,2024,8,18,Sunday,Shoes
83,2024-08-16,Sports,Bangalore,2557,10,25570,2024,8,16,Friday,Shoes
84,2026-05-17,Sports,Mumbai,347,4,1388,2026,5,17,Sunday,Tablet
85,2025-04-28,Groceries,Hyderabad,772,4,3088,2025,4,28,Monday,Watch
86,2024-08-05,Sports,Bangalore,1433,6,8598,2024,8,5,Monday,Laptop
87,2024-09-04,Sports,Chennai,2976,8,23808,2024,9,4,Wednesday,Headphones
88,2024-12-10,Clothing,Mumbai,2058,6,12348,2024,12,10,Tuesday,Keyboard
89,2024-10-27,Groceries,Hyderabad,2381,1,2381,2024,10,27,Sunday,Laptop
90,2026-03-14,Furniture,Hyderabad,3153,2,6306,2026,3,14,Saturday,Laptop
91,2025-05-16,Sports,Bangalore,712,10,7120,2025,5,16,Friday,Watch
92,2024-09-26,Electronics,Delhi,3793,3,11379,2024,9,26,Thursday,Watch
93,2025-12-17,Sports,Hyderabad,3963,3,11889,2025,12,17,Wednesday,Laptop
94,2024-12-06,Clothing,Delhi,3525,7,24675,2024,12,6,Friday,Bag
95,2025-04-04,Electronics,Mumbai,1534,10,15340,2025,4,4,Friday,Watch
96,2024-12-11,Furniture,Bangalore,510,7,3570,2024,12,11,Wednesday,Tablet
97,2025-01-22,Furniture,Mumbai,3555,10,35550,2025,1,22,Wednesday,Tablet
98,2026-06-28,Sports,Hyderabad,2052,6,12312,2026,6,28,Sunday,Shoes
99,2025-03-07,Furniture,Delhi,1588,2,3176,2025,3,7,Friday,TV
100,2024-10-15,Groceries,Delhi,4723,7,33061,2024,10,15,Tuesday,Watch
101,2025-06-07,Furniture,Delhi,1693,5,8465,2025,6,7,Saturday,Tablet
102,2025-02-02,Groceries,Delhi,3711,8,29688,2025,2,2,Sunday,Bag
103,2026-06-06,Sports,Chennai,455,7,3185,2026,6,6,Saturday,Tablet
104,2024-07-11,Electronics,Bangalore,696,8,5568,2024,7,11,Thursday,Shoes
105,2026-05-23,Furniture,Chennai,1046,3,3138,2026,5,23,Saturday,TV
106,2025-10-01,Electronics,Delhi,4260,1,4260,2025,10,1,Wednesday,Watch
107,2025-12-17,Groceries,Bangalore,2891,5,14455,2025,12,17,Wednesday,Phone
108,2026-04-27,Groceries,Mumbai,4508,2,9016,2026,4,27,Monday,Camera
109,2024-08-02,Furniture,Chennai,2502,3,7506,2024,8,2,Friday,Bag
110,2026-01-06,Groceries,Chennai,4558,9,41022,2026,1,6,Tuesday,Camera
111,2025-01-14,Clothing,Mumbai,2735,9,24615,2025,1,14,Tuesday,Headphones
112,2025-04-09,Furniture,Hyderabad,3356,6,20136,2025,4,9,Wednesday,Tablet
113,2026-02-15,Furniture,Chennai,1225,9,11025,2026,2,15,Sunday,Laptop
114,2026-06-20,Groceries,Hyderabad,1441,5,7205,2026,6,20,Saturday,Watch
115,2025-06-04,Furniture,Mumbai,142,2,284,2025,6,4,Wednesday,Headphones
116,2026-05-20,Groceries,Bangalore,3069,8,24552,2026,5,20,Wednesday,Watch
117,2024-07-09,Electronics,Bangalore,321,2,642,2024,7,9,Tuesday,Tablet
118,2025-09-29,Groceries,Delhi,4147,10,41470,2025,9,29,Monday,Shoes
119,2026-01-26,Clothing,Chennai,2965,6,17790,2026,1,26,Monday,Laptop
120,2024-11-30,Sports,Bangalore,1665,5,8325,2024,11,30,Saturday,Phone
121,2024-10-16,Sports,Mumbai,2688,7,18816,2024,10,16,Wednesday,Watch
122,2026-04-20,Groceries,Delhi,361,2,722,2026,4,20,Monday,Bag
123,2024-12-29,Clothing,Hyderabad,3992,10,39920,2024,12,29,Sunday,Tablet
124,2026-06-24,Groceries,Bangalore,1748,7,12236,2026,6,24,Wednesday,Phone
125,2025-09-23,Clothing,Hyderabad,1253,9,11277,2025,9,23,Tuesday,TV
126,2026-06-24,Clothing,Delhi,2658,7,18606,2026,6,24,Wednesday,Keyboard
127,2026-03-25,Furniture,Chennai,726,5,3630,2026,3,25,Wednesday,Laptop
128,2026-04-18,Groceries,Chennai,1258,9,11322,2026,4,18,Saturday,Tablet
129,2025-09-05,Sports,Hyderabad,2864,4,11456,2025,9,5,Friday,Shoes
130,2024-12-30,Sports,Chennai,4692,2,9384,2024,12,30,Monday,Headphones
131,2025-04-22,Furniture,Bangalore,331,10,3310,2025,4,22,Tuesday,Watch
132,2025-02-24,Clothing,Bangalore,2464,3,7392,2025,2,24,Monday,Laptop
133,2025-08-19,Furniture,Hyderabad,4393,8,35144,2025,8,19,Tuesday,Headphones
134,2024-09-29,Clothing,Mumbai,890,8,7120,2024,9,29,Sunday,Tablet
135,2025-01-24,Electronics,Hyderabad,1701,4,6804,2025,1,24,Friday,Headphones
136,2025-10-24,Sports,Chennai,626,4,2504,2025,10,24,Friday,Shoes
137,2025-02-06,Groceries,Mumbai,3363,6,20178,2025,2,6,Thursday,TV
138,2026-04-10,Furniture,Chennai,1889,7,13223,2026,4,10,Friday,Tablet
139,2025-09-08,Clothing,Mumbai,1291,10,12910,2025,9,8,Monday,Bag
140,2025-02-11,Sports,Chennai,3508,1,3508,2025,2,11,Tuesday,Bag
141,2024-11-27,Sports,Mumbai,2952,6,17712,2024,11,27,Wednesday,Bag
142,2025-02-23,Groceries,Bangalore,3930,3,11790,2025,2,23,Sunday,Watch
143,2026-05-21,Furniture,Bangalore,4243,1,4243,2026,5,21,Thursday,Tablet
144,2025-10-31,Sports,Bangalore,2445,10,24450,2025,10,31,Friday,TV
145,2024-08-17,Clothing,Delhi,3626,8,29008,2024,8,17,Saturday,Phone
146,2025-03-03,Electronics,Mumbai,2581,2,5162,2025,3,3,Monday,TV
147,2026-05-22,Electronics,Mumbai,236,10,2360,2026,5,22,Friday,Camera
148,2025-02-18,Sports,Hyderabad,1532,1,1532,2025,2,18,Tuesday,Tablet
149,2026-01-18,Electronics,Mumbai,4334,1,4334,2026,1,18,Sunday,TV
150,2025-03-06,Sports,Mumbai,1324,9,11916,2025,3,6,Thursday,TV
151,2025-08-02,Sports,Mumbai,955,10,9550,2025,8,2,Saturday,Phone
152,2026-05-02,Groceries,Chennai,1834,2,3668,2026,5,2,Saturday,Camera
153,2026-02-28,Furniture,Chennai,5000,9,45000,2026,2,28,Saturday,Shoes
154,2025-12-05,Furniture,Delhi,4980,6,29880,2025,12,5,Friday,Phone
155,2025-01-21,Electronics,Mumbai,4088,6,24528,2025,1,21,Tuesday,Bag
156,2026-02-01,Groceries,Delhi,3864,6,23184,2026,2,1,Sunday,Laptop
157,2025-03-16,Electronics,Mumbai,1730,7,12110,2025,3,16,Sunday,Laptop
158,2024-11-12,Sports,Delhi,3042,3,9126,2024,11,12,Tuesday,Bag
159,2025-06-23,Electronics,Mumbai,3502,3,10506,2025,6,23,Monday,Headphones
160,2026-01-08,Groceries,Delhi,843,4,3372,2026,1,8,Thursday,TV
161,2026-02-19,Furniture,Delhi,2315,4,9260,2026,2,19,Thursday,Camera
162,2025-03-02,Sports,Bangalore,2097,5,10485,2025,3,2,Sunday,Laptop
163,2024-11-24,Electronics,Hyderabad,736,9,6624,2024,11,24,Sunday,Laptop
164,2026-04-29,Electronics,Mumbai,3741,9,33669,2026,4,29,Wednesday,Bag
165,2024-08-23,Furniture,Hyderabad,487,4,1948,2024,8,23,Friday,Laptop
166,2025-07-13,Furniture,Hyderabad,4728,9,42552,2025,7,13,Sunday,Shoes
167,2025-02-17,Clothing,Bangalore,3228,7,22596,2025,2,17,Monday,TV
168,2025-10-05,Clothing,Mumbai,3482,4,13928,2025,10,5,Sunday,Watch
169,2025-03-23,Groceries,Hyderabad,1213,3,3639,2025,3,23,Sunday,Laptop
170,2025-06-15,Electronics,Hyderabad,2687,6,16122,2025,6,15,Sunday,Tablet
171,2025-05-09,Electronics,Mumbai,369,1,369,2025,5,9,Friday,Headphones
172,2025-06-07,Groceries,Bangalore,1741,5,8705,2025,6,7,Saturday,Laptop
173,2025-07-05,Sports,Hyderabad,4299,3,12897,2025,7,5,Saturday,Shoes
174,2025-03-21,Groceries,Mumbai,429,1,429,2025,3,21,Friday,Watch
175,2025-12-12,Groceries,Delhi,1571,2,3142,2025,12,12,Friday,Camera
176,2025-09-29,Groceries,Mumbai,4974,1,4974,2025,9,29,Monday,Keyboard
177,2025-03-23,Electronics,Hyderabad,4612,5,23060,2025,3,23,Sunday,Bag
178,2024-10-06,Clothing,Mumbai,1025,7,7175,2024,10,6,Sunday,Headphones
179,2025-06-09,Furniture,Mumbai,983,7,6881,2025,6,9,Monday,Shoes
180,2024-08-27,Sports,Bangalore,1589,4,6356,2024,8,27,Tuesday,Laptop
181,2024-11-20,Groceries,Chennai,1597,1,1597,2024,11,20,Wednesday,TV
182,2025-03-18,Sports,Bangalore,1958,6,11748,2025,3,18,Tuesday,Camera
183,2025-08-13,Groceries,Hyderabad,3572,5,17860,2025,8,13,Wednesday,Camera
184,2025-01-05,Sports,Chennai,4470,1,4470,2025,1,5,Sunday,Bag
185,2024-09-10,Electronics,Hyderabad,600,10,6000,2024,9,10,Tuesday,TV
186,2025-07-30,Groceries,Bangalore,2219,9,19971,2025,7,30,Wednesday,Tablet
187,2025-12-22,Furniture,Bangalore,1566,6,9396,2025,12,22,Monday,Headphones
188,2025-08-17,Groceries,Hyderabad,3814,7,26698,2025,8,17,Sunday,Watch
189,2025-01-10,Electronics,Chennai,4725,10,47250,2025,1,10,Friday,Bag
190,2025-04-25,Furniture,Chennai,1999,4,7996,2025,4,25,Friday,Headphones
191,2026-05-18,Groceries,Chennai,2246,4,8984,2026,5,18,Monday,Watch
192,2025-08-06,Groceries,Hyderabad,2440,1,2440,2025,8,6,Wednesday,Watch
193,2024-11-15,Sports,Hyderabad,1543,6,9258,2024,11,15,Friday,Watch
194,2024-07-09,Furniture,Delhi,2345,1,2345,2024,7,9,Tuesday,TV
195,2026-02-01,Electronics,Bangalore,2761,8,22088,2026,2,1,Sunday,Bag
196,2026-02-09,Electronics,Delhi,712,1,712,2026,2,9,Monday,Camera
197,2026-01-05,Electronics,Bangalore,2303,6,13818,2026,1,5,Monday,Keyboard
198,2025-03-07,Sports,Hyderabad,4634,3,13902,2025,3,7,Friday,Camera
199,2025-04-23,Sports,Mumbai,3306,7,23142,2025,4,23,Wednesday,Headphones
200,2026-01-29,Electronics,Hyderabad,490,3,1470,2026,1,29,Thursday,Bag
201,2025-09-09,Electronics,Chennai,2784,8,22272,2025,9,9,Tuesday,Bag
202,2025-06-07,Groceries,Mumbai,651,3,1953,2025,6,7,Saturday,Bag
203,2025-05-08,Sports,Delhi,794,9,7146,2025,5,8,Thursday,Keyboard
204,2025-09-10,Furniture,Bangalore,4448,2,8896,2025,9,10,Wednesday,Phone
205,2025-10-18,Electronics,Chennai,247,9,2223,2025,10,18,Saturday,Tablet
206,2024-11-05,Electronics,Bangalore,817,6,4902,2024,11,5,Tuesday,Shoes
207,2024-06-28,Furniture,Mumbai,381,5,1905,2024,6,28,Friday,Camera
208,2025-02-05,Furniture,Bangalore,109,2,218,2025,2,5,Wednesday,Shoes
209,2025-09-10,Sports,Bangalore,1951,7,13657,2025,9,10,Wednesday,Watch
210,2025-12-17,Sports,Bangalore,3364,9,30276,2025,12,17,Wednesday,Camera
211,2026-02-27,Electronics,Chennai,1578,9,14202,2026,2,27,Friday,Watch
212,2026-04-09,Furniture,Chennai,1797,7,12579,2026,4,9,Thursday,Shoes
213,2024-07-28,Furniture,Hyderabad,2943,1,2943,2024,7,28,Sunday,Keyboard
214,2026-03-24,Groceries,Bangalore,3309,5,16545,2026,3,24,Tuesday,Tablet
215,2026-02-27,Groceries,Bangalore,1047,7,7329,2026,2,27,Friday,Camera
216,2024-11-14,Groceries,Hyderabad,3174,2,6348,2024,11,14,Thursday,Camera
217,2025-06-06,Sports,Delhi,1227,6,7362,2025,6,6,Friday,TV
218,2024-07-06,Furniture,Mumbai,3664,8,29312,2024,7,6,Saturday,Camera
219,2025-12-18,Electronics,Bangalore,2570,4,10280,2025,12,18,Thursday,TV
220,2026-04-02,Clothing,Bangalore,2814,8,22512,2026,4,2,Thursday,Shoes
221,2025-04-17,Clothing,Hyderabad,590,7,4130,2025,4,17,Thursday,Watch
222,2026-02-07,Electronics,Delhi,331,5,1655,2026,2,7,Saturday,Laptop
223,2025-04-26,Sports,Delhi,3717,2,7434,2025,4,26,Saturday,Watch
224,2025-10-12,Furniture,Delhi,2167,3,6501,2025,10,12,Sunday,Shoes
225,2026-04-21,Electronics,Delhi,4913,2,9826,2026,4,21,Tuesday,Laptop
226,2025-07-16,Clothing,Mumbai,1021,7,7147,2025,7,16,Wednesday,Laptop
227,2024-12-27,Electronics,Chennai,2873,8,22984,2024,12,27,Friday,Laptop
228,2025-08-09,Sports,Chennai,517,7,3619,2025,8,9,Saturday,Watch
229,2025-08-27,Clothing,Hyderabad,831,4,3324,2025,8,27,Wednesday,Shoes
230,2025-11-28,Electronics,Delhi,2187,2,4374,2025,11,28,Friday,Phone
231,2026-01-16,Clothing,Mumbai,4877,10,48770,2026,1,16,Friday,TV
232,2026-05-15,Sports,Chennai,479,7,3353,2026,5,15,Friday,Headphones
233,2026-06-22,Furniture,Mumbai,2787,6,16722,2026,6,22,Monday,Laptop
234,2025-08-28,Electronics,Chennai,4923,3,14769,2025,8,28,Thursday,Keyboard
235,2025-12-29,Electronics,Hyderabad,517,6,3102,2025,12,29,Monday,Watch
236,2025-08-13,Furniture,Delhi,2634,8,21072,2025,8,13,Wednesday,Shoes
237,2026-06-19,Groceries,Bangalore,507,8,4056,2026,6,19,Friday,Bag
238,2026-06-25,Furniture,Bangalore,3687,6,22122,2026,6,25,Thursday,Shoes
239,2025-03-19,Clothing,Chennai,3212,10,32120,2025,3,19,Wednesday,Tablet
240,2026-06-08,Furniture,Hyderabad,4619,7,32333,2026,6,8,Monday,Shoes
241,2024-08-14,Clothing,Bangalore,4624,5,23120,2024,8,14,Wednesday,Bag
242,2025-04-15,Groceries,Hyderabad,3017,3,9051,2025,4,15,Tuesday,Camera
243,2025-07-18,Sports,Delhi,3708,7,25956,2025,7,18,Friday,Keyboard
244,2025-09-29,Electronics,Bangalore,3622,3,10866,2025,9,29,Monday,Tablet
245,2024-09-04,Clothing,Mumbai,2841,3,8523,2024,9,4,Wednesday,Laptop
246,2024-11-26,Groceries,Hyderabad,4549,3,13647,2024,11,26,Tuesday,Bag
247,2025-01-15,Sports,Hyderabad,311,3,933,2025,1,15,Wednesday,Tablet
248,2026-06-06,Groceries,Bangalore,3342,2,6684,2026,6,6,Saturday,Watch
249,2025-12-16,Clothing,Hyderabad,3169,5,15845,2025,12,16,Tuesday,Camera
250,2025-05-07,Sports,Mumbai,4678,6,28068,2025,5,7,Wednesday,Camera
251,2024-11-06,Groceries,Mumbai,751,8,6008,2024,11,6,Wednesday,Bag
252,2025-10-24,Sports,Hyderabad,4944,9,44496,2025,10,24,Friday,Watch
253,2024-12-15,Furniture,Chennai,2720,10,27200,2024,12,15,Sunday,Camera
254,2025-02-21,Electronics,Delhi,4992,6,29952,2025,2,21,Friday,Camera
255,2024-08-02,Electronics,Delhi,4665,8,37320,2024,8,2,Friday,Camera
256,2025-06-20,Electronics,Hyderabad,480,5,2400,2025,6,20,Friday,Watch
257,2024-08-27,Clothing,Hyderabad,942,9,8478,2024,8,27,Tuesday,Phone
258,2025-12-28,Electronics,Chennai,2176,10,21760,2025,12,28,Sunday,TV
259,2026-06-05,Groceries,Chennai,3286,4,13144,2026,6,5,Friday,Tablet
260,2026-05-01,Sports,Mumbai,4003,2,8006,2026,5,1,Friday,Watch
261,2026-04-25,Sports,Chennai,3390,7,23730,2026,4,25,Saturday,Keyboard
262,2025-01-10,Groceries,Bangalore,1726,2,3452,2025,1,10,Friday,Camera
263,2025-03-09,Electronics,Delhi,4126,5,20630,2025,3,9,Sunday,Headphones
264,2026-03-06,Clothing,Hyderabad,3788,1,3788,2026,3,6,Friday,Keyboard
265,2024-07-29,Sports,Chennai,2468,1,2468,2024,7,29,Monday,Bag
266,2025-05-07,Sports,Chennai,3225,10,32250,2025,5,7,Wednesday,TV
267,2025-07-27,Groceries,Hyderabad,196,7,1372,2025,7,27,Sunday,Headphones
268,2024-11-15,Clothing,Bangalore,3731,7,26117,2024,11,15,Friday,TV
269,2025-10-23,Electronics,Delhi,375,1,375,2025,10,23,Thursday,Shoes
270,2024-07-04,Clothing,Hyderabad,288,1,288,2024,7,4,Thursday,Tablet
271,2025-01-24,Electronics,Chennai,528,2,1056,2025,1,24,Friday,Camera
272,2026-02-18,Furniture,Hyderabad,242,4,968,2026,2,18,Wednesday,Tablet
273,2025-03-24,Electronics,Bangalore,978,6,5868,2025,3,24,Monday,Tablet
274,2025-01-06,Groceries,Bangalore,3544,2,7088,2025,1,6,Monday,Watch
275,2024-08-16,Clothing,Chennai,3748,7,26236,2024,8,16,Friday,Laptop
276,2026-04-04,Clothing,Chennai,4851,7,33957,2026,4,4,Saturday,Watch
277,2024-12-12,Groceries,Chennai,1426,1,1426,2024,12,12,Thursday,Tablet
278,2025-10-14,Electronics,Hyderabad,169,4,676,2025,10,14,Tuesday,Camera
279,2024-08-27,Furniture,Mumbai,1714,9,15426,2024,8,27,Tuesday,Headphones
280,2024-06-30,Clothing,Delhi,557,1,557,2024,6,30,Sunday,TV
281,2024-08-16,Clothing,Delhi,3491,10,34910,2024,8,16,Friday,Keyboard
282,2025-11-15,Electronics,Hyderabad,1620,10,16200,2025,11,15,Saturday,Watch
283,2026-03-02,Electronics,Mumbai,3692,3,11076,2026,3,2,Monday,TV
284,2024-08-12,Groceries,Chennai,1683,8,13464,2024,8,12,Monday,Shoes
285,2025-02-17,Groceries,Hyderabad,1830,7,12810,2025,2,17,Monday,Headphones
286,2024-09-12,Electronics,Chennai,4107,7,28749,2024,9,12,Thursday,TV
287,2025-09-07,Clothing,Delhi,937,3,2811,2025,9,7,Sunday,Headphones
288,2025-10-23,Sports,Chennai,1260,5,6300,2025,10,23,Thursday,Phone
289,2026-06-16,Clothing,Chennai,4429,1,4429,2026,6,16,Tuesday,Laptop
290,2025-06-23,Clothing,Delhi,2300,10,23000,2025,6,23,Monday,TV
291,2026-06-22,Groceries,Bangalore,2499,1,2499,2026,6,22,Monday,Laptop
292,2024-10-27,Electronics,Bangalore,3489,10,34890,2024,10,27,Sunday,Tablet
293,2025-05-30,Groceries,Bangalore,1320,7,9240,2025,5,30,Friday,Keyboard
294,2025-08-10,Groceries,Mumbai,1877,9,16893,2025,8,10,Sunday,Shoes
295,2025-06-10,Electronics,Chennai,3132,9,28188,2025,6,10,Tuesday,Phone
296,2025-11-15,Electronics,Hyderabad,3890,1,3890,2025,11,15,Saturday,Bag
297,2024-12-17,Electronics,Chennai,578,5,2890,2024,12,17,Tuesday,Headphones
298,2026-04-17,Clothing,Mumbai,581,10,5810,2026,4,17,Friday,TV
299,2024-08-06,Furniture,Bangalore,2222,7,15554,2024,8,6,Tuesday,Shoes
300,2026-02-06,Furniture,Mumbai,4077,10,40770,2026,2,6,Friday,Shoes
301,2024-07-31,Clothing,Bangalore,886,8,7088,2024,7,31,Wednesday,Shoes
302,2026-03-08,Electronics,Mumbai,2856,4,11424,2026,3,8,Sunday,Bag
303,2024-08-30,Clothing,Hyderabad,2180,1,2180,2024,8,30,Friday,Camera
304,2025-12-03,Clothing,Mumbai,3483,1,3483,2025,12,3,Wednesday,Headphones
305,2025-07-17,Sports,Hyderabad,3144,7,22008,2025,7,17,Thursday,Phone
306,2026-03-06,Sports,Delhi,4396,4,17584,2026,3,6,Friday,Watch
307,2025-08-05,Groceries,Mumbai,1150,7,8050,2025,8,5,Tuesday,Headphones
308,2025-07-14,Furniture,Hyderabad,2771,2,5542,2025,7,14,Monday,Keyboard
309,2026-06-19,Clothing,Mumbai,830,10,8300,2026,6,19,Friday,Headphones
310,2026-04-06,Clothing,Delhi,3940,6,23640,2026,4,6,Monday,Laptop
311,2026-04-08,Clothing,Chennai,1061,1,1061,2026,4,8,Wednesday,Laptop
312,2025-08-12,Clothing,Bangalore,2996,2,5992,2025,8,12,Tuesday,Camera
313,2024-09-06,Furniture,Hyderabad,3177,1,3177,2024,9,6,Friday,Shoes
314,2024-07-11,Sports,Bangalore,4460,1,4460,2024,7,11,Thursday,TV
315,2024-12-31,Electronics,Chennai,3481,10,34810,2024,12,31,Tuesday,Watch
316,2026-05-20,Furniture,Mumbai,2758,6,16548,2026,5,20,Wednesday,Headphones
317,2024-11-03,Groceries,Hyderabad,421,6,2526,2024,11,3,Sunday,Watch
318,2025-10-12,Sports,Bangalore,4581,8,36648,2025,10,12,Sunday,Bag
319,2025-08-19,Electronics,Delhi,530,5,2650,2025,8,19,Tuesday,Camera
320,2025-09-27,Electronics,Bangalore,2022,7,14154,2025,9,27,Saturday,Shoes
321,2025-10-23,Electronics,Hyderabad,3099,9,27891,2025,10,23,Thursday,Laptop
322,2024-11-22,Furniture,Chennai,1578,4,6312,2024,11,22,Friday,Watch
323,2024-08-05,Electronics,Hyderabad,2915,10,29150,2024,8,5,Monday,Tablet
324,2026-01-07,Sports,Hyderabad,1455,1,1455,2026,1,7,Wednesday,Tablet
325,2025-01-09,Groceries,Hyderabad,844,7,5908,2025,1,9,Thursday,Bag
326,2025-12-06,Sports,Mumbai,4723,5,23615,2025,12,6,Saturday,Watch
327,2025-06-06,Groceries,Hyderabad,2829,5,14145,2025,6,6,Friday,Laptop
328,2024-10-30,Sports,Chennai,1560,1,1560,2024,10,30,Wednesday,Keyboard
329,2026-03-31,Groceries,Hyderabad,1402,10,14020,2026,3,31,Tuesday,Headphones
330,2025-08-17,Groceries,Delhi,2865,8,22920,2025,8,17,Sunday,Shoes
331,2024-09-27,Electronics,Hyderabad,621,6,3726,2024,9,27,Friday,Camera
332,2026-06-19,Sports,Delhi,827,8,6616,2026,6,19,Friday,Camera
333,2026-03-28,Clothing,Delhi,725,9,6525,2026,3,28,Saturday,Camera
334,2026-05-22,Furniture,Hyderabad,2797,4,11188,2026,5,22,Friday,Laptop
335,2025-11-03,Electronics,Chennai,111,6,666,2025,11,3,Monday,Keyboard
336,2025-07-13,Clothing,Mumbai,3027,6,18162,2025,7,13,Sunday,Headphones
337,2024-10-18,Groceries,Mumbai,651,10,6510,2024,10,18,Friday,Shoes
338,2025-01-20,Groceries,Delhi,506,10,5060,2025,1,20,Monday,Keyboard
339,2025-09-11,Electronics,Hyderabad,2471,2,4942,2025,9,11,Thursday,TV
340,2025-07-31,Electronics,Chennai,3765,5,18825,2025,7,31,Thursday,Headphones
341,2024-08-22,Groceries,Bangalore,953,5,4765,2024,8,22,Thursday,Tablet
342,2026-05-31,Electronics,Chennai,665,4,2660,2026,5,31,Sunday,Shoes
343,2025-03-18,Furniture,Chennai,2420,2,4840,2025,3,18,Tuesday,Camera
344,2026-04-08,Electronics,Bangalore,4738,10,47380,2026,4,8,Wednesday,Keyboard
345,2025-04-18,Clothing,Chennai,3234,2,6468,2025,4,18,Friday,Phone
346,2026-03-22,Furniture,Chennai,3386,9,30474,2026,3,22,Sunday,Bag
347,2025-10-26,Sports,Chennai,3619,4,14476,2025,10,26,Sunday,Phone
348,2025-01-21,Clothing,Hyderabad,568,4,2272,2025,1,21,Tuesday,Headphones
349,2025-04-21,Electronics,Mumbai,3403,1,3403,2025,4,21,Monday,Shoes
350,2024-10-17,Groceries,Chennai,2152,9,19368,2024,10,17,Thursday,Keyboard
351,2024-10-28,Sports,Bangalore,2656,6,15936,2024,10,28,Monday,Headphones
352,2026-01-29,Sports,Hyderabad,1734,3,5202,2026,1,29,Thursday,Laptop
353,2024-12-05,Electronics,Mumbai,4806,4,19224,2024,12,5,Thursday,Laptop
354,2025-01-15,Sports,Hyderabad,3867,3,11601,2025,1,15,Wednesday,Laptop
355,2024-12-27,Furniture,Hyderabad,584,1,584,2024,12,27,Friday,Headphones
356,2025-11-10,Clothing,Delhi,3407,2,6814,2025,11,10,Monday,Watch
357,2025-12-23,Clothing,Hyderabad,3540,3,10620,2025,12,23,Tuesday,Watch
358,2026-06-06,Furniture,Delhi,2607,5,13035,2026,6,6,Saturday,TV
359,2025-07-31,Sports,Hyderabad,1815,10,18150,2025,7,31,Thursday,Bag
360,2025-04-14,Groceries,Delhi,2453,8,19624,2025,4,14,Monday,Watch
361,2025-08-17,Clothing,Chennai,974,6,5844,2025,8,17,Sunday,Watch
362,2024-09-02,Furniture,Mumbai,3447,3,10341,2024,9,2,Monday,Keyboard
363,2025-01-31,Furniture,Delhi,497,4,1988,2025,1,31,Friday,Shoes
364,2025-09-14,Furniture,Delhi,4064,10,40640,2025,9,14,Sunday,Shoes
365,2026-03-11,Sports,Chennai,3260,9,29340,2026,3,11,Wednesday,Bag
366,2025-11-06,Electronics,Chennai,752,6,4512,2025,11,6,Thursday,Bag
367,2026-05-23,Clothing,Delhi,3940,3,11820,2026,5,23,Saturday,Watch
368,2025-11-14,Groceries,Hyderabad,314,1,314,2025,11,14,Friday,Keyboard
369,2025-03-09,Furniture,Delhi,1639,1,1639,2025,3,9,Sunday,Headphones
370,2024-10-12,Clothing,Chennai,1585,6,9510,2024,10,12,Saturday,Tablet
371,2024-09-14,Groceries,Bangalore,3298,6,19788,2024,9,14,Saturday,Keyboard
372,2025-01-05,Furniture,Mumbai,4487,10,44870,2025,1,5,Sunday,Bag
373,2025-09-18,Furniture,Chennai,675,4,2700,2025,9,18,Thursday,Keyboard
374,2024-07-26,Electronics,Hyderabad,3155,2,6310,2024,7,26,Friday,Shoes
375,2025-03-09,Electronics,Hyderabad,3017,3,9051,2025,3,9,Sunday,Headphones
376,2024-12-08,Sports,Chennai,866,10,8660,2024,12,8,Sunday,TV
377,2026-01-01,Electronics,Bangalore,2618,5,13090,2026,1,1,Thursday,Phone
378,2026-04-02,Furniture,Chennai,4738,8,37904,2026,4,2,Thursday,Laptop
379,2025-10-19,Electronics,Delhi,3126,4,12504,2025,10,19,Sunday,Headphones
380,2024-11-14,Electronics,Bangalore,3878,1,3878,2024,11,14,Thursday,Tablet
381,2026-06-13,Sports,Hyderabad,3291,8,26328,2026,6,13,Saturday,Headphones
382,2025-11-02,Furniture,Mumbai,4294,1,4294,2025,11,2,Sunday,Bag
383,2025-01-25,Sports,Bangalore,1809,2,3618,2025,1,25,Saturday,Tablet
384,2024-10-13,Sports,Chennai,3305,5,16525,2024,10,13,Sunday,Tablet
385,2025-05-28,Furniture,Bangalore,4449,9,40041,2025,5,28,Wednesday,Bag
386,2025-12-21,Furniture,Chennai,4047,1,4047,2025,12,21,Sunday,Headphones
387,2025-10-19,Sports,Bangalore,2445,7,17115,2025,10,19,Sunday,TV
388,2025-03-04,Groceries,Chennai,1201,4,4804,2025,3,4,Tuesday,Camera
389,2024-12-09,Clothing,Chennai,1350,1,1350,2024,12,9,Monday,Watch
390,2026-05-09,Sports,Bangalore,4270,3,12810,2026,5,9,Saturday,Bag
391,2026-03-12,Electronics,Hyderabad,4086,3,12258,2026,3,12,Thursday,Tablet
392,2025-12-19,Groceries,Hyderabad,1456,2,2912,2025,12,19,Friday,Bag
393,2025-01-15,Clothing,Delhi,4376,2,8752,2025,1,15,Wednesday,Tablet
394,2025-12-17,Furniture,Delhi,2728,7,19096,2025,12,17,Wednesday,Tablet
395,2024-09-16,Clothing,Bangalore,3687,4,14748,2024,9,16,Monday,Bag
396,2026-06-17,Clothing,Delhi,3165,4,12660,2026,6,17,Wednesday,Camera
397,2025-03-26,Electronics,Mumbai,1135,8,9080,2025,3,26,Wednesday,Tablet
398,2025-11-14,Sports,Delhi,3990,1,3990,2025,11,14,Friday,Tablet
399,2025-10-12,Furniture,Chennai,3695,1,3695,2025,10,12,Sunday,Keyboard
400,2025-01-10,Electronics,Bangalore,1536,3,4608,2025,1,10,Friday,Headphones
401,2026-06-01,Groceries,Mumbai,1597,8,12776,2026,6,1,Monday,Headphones
402,2026-04-16,Electronics,Bangalore,4546,5,22730,2026,4,16,Thursday,Watch
403,2025-04-23,Clothing,Delhi,4125,7,28875,2025,4,23,Wednesday,TV
404,2024-10-02,Clothing,Delhi,4012,9,36108,2024,10,2,Wednesday,Watch
405,2024-11-11,Clothing,Mumbai,2960,4,11840,2024,11,11,Monday,TV
406,2024-07-15,Groceries,Bangalore,2264,8,18112,2024,7,15,Monday,Tablet
407,2025-02-18,Groceries,Delhi,3826,10,38260,2025,2,18,Tuesday,Bag
408,2025-05-18,Furniture,Hyderabad,1479,7,10353,2025,5,18,Sunday,Phone
409,2026-01-10,Sports,Mumbai,4349,8,34792,2026,1,10,Saturday,TV
410,2025-02-27,Clothing,Delhi,992,3,2976,2025,2,27,Thursday,Tablet
411,2025-07-31,Furniture,Hyderabad,3828,1,3828,2025,7,31,Thursday,Headphones
412,2026-01-15,Groceries,Bangalore,4080,3,12240,2026,1,15,Thursday,Watch
413,2025-02-20,Groceries,Bangalore,559,8,4472,2025,2,20,Thursday,Bag
414,2026-01-16,Groceries,Hyderabad,765,6,4590,2026,1,16,Friday,Headphones
415,2025-06-02,Electronics,Mumbai,397,7,2779,2025,6,2,Monday,Shoes
416,2026-06-11,Clothing,Chennai,2217,10,22170,2026,6,11,Thursday,Laptop
417,2026-06-12,Furniture,Bangalore,2649,2,5298,2026,6,12,Friday,Tablet
418,2025-09-09,Clothing,Hyderabad,1047,7,7329,2025,9,9,Tuesday,Watch
419,2025-10-09,Furniture,Hyderabad,3074,2,6148,2025,10,9,Thursday,Keyboard
420,2025-07-23,Sports,Bangalore,4757,1,4757,2025,7,23,Wednesday,Watch
421,2024-08-05,Furniture,Hyderabad,423,10,4230,2024,8,5,Monday,Laptop
422,2024-07-08,Sports,Delhi,1809,3,5427,2024,7,8,Monday,Phone
423,2026-01-04,Sports,Mumbai,310,5,1550,2026,1,4,Sunday,Tablet
424,2025-04-25,Sports,Mumbai,4107,2,8214,2025,4,25,Friday,Tablet
425,2025-02-05,Sports,Bangalore,4326,8,34608,2025,2,5,Wednesday,Phone
426,2025-03-03,Groceries,Bangalore,4704,6,28224,2025,3,3,Monday,TV
427,2024-10-21,Electronics,Hyderabad,4326,6,25956,2024,10,21,Monday,Keyboard
428,2025-04-23,Furniture,Chennai,3537,10,35370,2025,4,23,Wednesday,TV
429,2025-07-08,Clothing,Delhi,1862,1,1862,2025,7,8,Tuesday,Headphones
430,2024-09-21,Electronics,Hyderabad,2056,3,6168,2024,9,21,Saturday,TV
431,2025-06-05,Sports,Bangalore,2562,2,5124,2025,6,5,Thursday,Headphones
432,2025-01-18,Sports,Chennai,3882,2,7764,2025,1,18,Saturday,Headphones
433,2025-06-23,Groceries,Chennai,3009,10,30090,2025,6,23,Monday,Watch
434,2025-03-20,Sports,Chennai,2525,2,5050,2025,3,20,Thursday,Tablet
435,2025-11-23,Electronics,Mumbai,1272,6,7632,2025,11,23,Sunday,Phone
436,2025-06-10,Electronics,Delhi,4353,4,17412,2025,6,10,Tuesday,Laptop
437,2025-08-30,Groceries,Mumbai,2434,7,17038,2025,8,30,Saturday,Shoes
438,2026-01-06,Furniture,Bangalore,259,4,1036,2026,1,6,Tuesday,Shoes
439,2024-11-23,Furniture,Mumbai,2325,10,23250,2024,11,23,Saturday,Keyboard
440,2024-10-20,Furniture,Hyderabad,4446,8,35568,2024,10,20,Sunday,Keyboard
441,2026-01-01,Sports,Bangalore,1835,7,12845,2026,1,1,Thursday,Tablet
442,2025-08-02,Sports,Mumbai,306,4,1224,2025,8,2,Saturday,Camera
443,2025-02-27,Sports,Chennai,2100,5,10500,2025,2,27,Thursday,Bag
444,2024-07-25,Clothing,Bangalore,1584,4,6336,2024,7,25,Thursday,Laptop
445,2025-03-10,Clothing,Delhi,3664,7,25648,2025,3,10,Monday,Phone
446,2025-11-07,Sports,Delhi,4531,7,31717,2025,11,7,Friday,Bag
447,2025-02-16,Furniture,Chennai,2476,2,4952,2025,2,16,Sunday,Shoes
448,2026-06-16,Clothing,Hyderabad,577,4,2308,2026,6,16,Tuesday,Shoes
449,2024-11-12,Sports,Mumbai,1887,6,11322,2024,11,12,Tuesday,TV
450,2026-03-26,Furniture,Delhi,525,1,525,2026,3,26,Thursday,Headphones
451,2024-08-15,Sports,Delhi,2307,2,4614,2024,8,15,Thursday,Keyboard
452,2026-05-05,Sports,Bangalore,4307,1,4307,2026,5,5,Tuesday,Tablet
453,2025-10-18,Electronics,Delhi,1640,1,1640,2025,10,18,Saturday,Headphones
454,2025-12-26,Clothing,Bangalore,2214,8,17712,2025,12,26,Friday,Camera
455,2026-04-20,Furniture,Delhi,4484,5,22420,2026,4,20,Monday,Tablet
456,2025-01-07,Furniture,Mumbai,3659,2,7318,2025,1,7,Tuesday,Watch
457,2025-10-06,Furniture,Delhi,3465,2,6930,2025,10,6,Monday,Watch
458,2026-01-17,Furniture,Mumbai,4036,5,20180,2026,1,17,Saturday,TV
459,2026-01-26,Furniture,Mumbai,4168,5,20840,2026,1,26,Monday,Tablet
460,2024-07-18,Furniture,Chennai,4176,6,25056,2024,7,18,Thursday,Headphones
461,2025-06-29,Furniture,Delhi,3124,2,6248,2025,6,29,Sunday,Laptop
462,2026-02-25,Clothing,Bangalore,3054,2,6108,2026,2,25,Wednesday,Camera
463,2025-08-25,Furniture,Mumbai,4544,6,27264,2025,8,25,Monday,Keyboard
464,2025-02-17,Furniture,Mumbai,1774,6,10644,2025,2,17,Monday,Shoes
465,2025-08-19,Electronics,Hyderabad,3240,9,29160,2025,8,19,Tuesday,Shoes
466,2024-12-16,Sports,Bangalore,2508,1,2508,2024,12,16,Monday,Tablet
467,2024-12-18,Sports,Hyderabad,4925,2,9850,2024,12,18,Wednesday,TV
468,2024-12-07,Electronics,Chennai,3294,6,19764,2024,12,7,Saturday,Laptop
469,2024-08-10,Groceries,Bangalore,4353,7,30471,2024,8,10,Saturday,Watch
470,2025-03-26,Sports,Bangalore,4152,7,29064,2025,3,26,Wednesday,Headphones
471,2026-04-15,Electronics,Hyderabad,4252,10,42520,2026,4,15,Wednesday,Bag
472,2025-07-21,Clothing,Mumbai,3884,4,15536,2025,7,21,Monday,TV
473,2025-06-09,Clothing,Delhi,631,5,3155,2025,6,9,Monday,Keyboard
474,2025-06-20,Groceries,Mumbai,1433,5,7165,2025,6,20,Friday,Laptop
475,2024-07-19,Sports,Hyderabad,3120,9,28080,2024,7,19,Friday,Tablet
476,2025-09-29,Electronics,Mumbai,471,3,1413,2025,9,29,Monday,Shoes
477,2026-02-03,Sports,Chennai,3446,4,13784,2026,2,3,Tuesday,TV
478,2025-10-24,Sports,Delhi,2859,10,28590,2025,10,24,Friday,Headphones
479,2026-04-08,Clothing,Hyderabad,3270,6,19620,2026,4,8,Wednesday,Phone
480,2025-02-14,Clothing,Mumbai,2838,5,14190,2025,2,14,Friday,TV
481,2024-11-24,Electronics,Chennai,2016,6,12096,2024,11,24,Sunday,Laptop
482,2024-10-17,Groceries,Delhi,2806,8,22448,2024,10,17,Thursday,Bag
483,2025-07-22,Furniture,Chennai,1205,6,7230,2025,7,22,Tuesday,Tablet
484,2026-02-15,Clothing,Delhi,1556,7,10892,2026,2,15,Sunday,Laptop
485,2025-07-26,Groceries,Delhi,4783,5,23915,2025,7,26,Saturday,Bag
486,2025-05-15,Sports,Mumbai,2087,10,20870,2025,5,15,Thursday,Keyboard
487,2025-08-13,Sports,Delhi,2704,6,16224,2025,8,13,Wednesday,Phone
488,2026-04-12,Furniture,Mumbai,4900,5,24500,2026,4,12,Sunday,Tablet
489,2026-05-31,Groceries,Bangalore,4577,9,41193,2026,5,31,Sunday,Tablet
490,2025-08-16,Electronics,Hyderabad,805,6,4830,2025,8,16,Saturday,Bag
491,2025-07-04,Furniture,Chennai,2384,3,7152,2025,7,4,Friday,Laptop
492,2025-01-12,Groceries,Bangalore,4856,9,43704,2025,1,12,Sunday,Bag
493,2024-07-15,Furniture,Bangalore,4381,7,30667,2024,7,15,Monday,Laptop
494,2025-02-05,Groceries,Mumbai,2561,5,12805,2025,2,5,Wednesday,Laptop
495,2026-04-19,Electronics,Delhi,868,2,1736,2026,4,19,Sunday,Shoes
496,2025-12-19,Furniture,Chennai,358,8,2864,2025,12,19,Friday,Phone
497,2026-02-19,Groceries,Bangalore,4646,4,18584,2026,2,19,Thursday,Tablet
498,2026-02-02,Furniture,Delhi,4639,6,27834,2026,2,2,Monday,Shoes
499,2026-02-17,Clothing,Bangalore,2113,4,8452,2026,2,17,Tuesday,TV
500,2025-07-06,Furniture,Delhi,2579,9,23211,2025,7,6,Sunday,Keyboard
501,2025-06-15,Groceries,Chennai,3309,10,33090,2025,6,15,Sunday,Keyboard
502,2026-01-22,Furniture,Delhi,3319,9,29871,2026,1,22,Thursday,Bag
503,2024-12-03,Sports,Delhi,3967,2,7934,2024,12,3,Tuesday,Laptop
504,2026-06-28,Groceries,Hyderabad,501,4,2004,2026,6,28,Sunday,TV
505,2025-10-29,Groceries,Bangalore,2932,10,29320,2025,10,29,Wednesday,Bag
506,2025-06-12,Electronics,Chennai,324,2,648,2025,6,12,Thursday,Camera
507,2024-11-22,Electronics,Delhi,3381,8,27048,2024,11,22,Friday,TV
508,2025-02-04,Clothing,Bangalore,3973,6,23838,2025,2,4,Tuesday,Watch
509,2026-05-06,Electronics,Hyderabad,3696,6,22176,2026,5,6,Wednesday,Tablet
510,2024-08-28,Electronics,Hyderabad,1467,1,1467,2024,8,28,Wednesday,Headphones
511,2026-02-11,Furniture,Mumbai,1930,1,1930,2026,2,11,Wednesday,Bag
512,2025-01-14,Sports,Chennai,3199,5,15995,2025,1,14,Tuesday,Keyboard
513,2025-03-06,Furniture,Chennai,3342,7,23394,2025,3,6,Thursday,TV
514,2024-11-15,Furniture,Bangalore,2170,6,13020,2024,11,15,Friday,Headphones
515,2025-08-17,Clothing,Mumbai,1932,5,9660,2025,8,17,Sunday,Watch
516,2025-09-11,Electronics,Delhi,4968,1,4968,2025,9,11,Thursday,Headphones
517,2025-11-13,Electronics,Chennai,2005,9,18045,2025,11,13,Thursday,Headphones
518,2025-05-08,Sports,Chennai,1987,10,19870,2025,5,8,Thursday,Camera
519,2025-04-01,Furniture,Mumbai,2350,8,18800,2025,4,1,Tuesday,Keyboard
520,2026-04-06,Sports,Chennai,2011,3,6033,2026,4,6,Monday,Watch
521,2024-08-31,Electronics,Hyderabad,3476,8,27808,2024,8,31,Saturday,Watch
522,2024-10-11,Groceries,Mumbai,3568,8,28544,2024,10,11,Friday,Camera
523,2025-06-16,Groceries,Bangalore,3306,1,3306,2025,6,16,Monday,Watch
524,2025-05-04,Sports,Bangalore,4546,7,31822,2025,5,4,Sunday,Bag
525,2024-07-04,Clothing,Mumbai,3877,5,19385,2024,7,4,Thursday,Shoes
526,2025-07-06,Groceries,Bangalore,2965,5,14825,2025,7,6,Sunday,TV
527,2026-03-30,Clothing,Hyderabad,2469,8,19752,2026,3,30,Monday,Tablet
528,2024-07-31,Furniture,Mumbai,3736,1,3736,2024,7,31,Wednesday,TV
529,2024-10-31,Furniture,Mumbai,2548,10,25480,2024,10,31,Thursday,Bag
530,2024-10-14,Groceries,Chennai,4278,4,17112,2024,10,14,Monday,Shoes
531,2025-02-10,Electronics,Chennai,501,6,3006,2025,2,10,Monday,Headphones
532,2024-11-05,Furniture,Mumbai,4515,10,45150,2024,11,5,Tuesday,Camera
533,2024-08-18,Sports,Bangalore,4645,5,23225,2024,8,18,Sunday,Headphones
534,2024-12-15,Electronics,Bangalore,3596,7,25172,2024,12,15,Sunday,TV
535,2024-07-07,Clothing,Bangalore,1005,4,4020,2024,7,7,Sunday,Tablet
536,2024-09-07,Groceries,Delhi,3001,4,12004,2024,9,7,Saturday,Camera
537,2024-10-15,Clothing,Bangalore,4917,10,49170,2024,10,15,Tuesday,Phone
538,2025-06-22,Groceries,Bangalore,1735,9,15615,2025,6,22,Sunday,Keyboard
539,2025-07-25,Clothing,Delhi,2787,5,13935,2025,7,25,Friday,Watch
540,2024-09-16,Furniture,Hyderabad,3789,7,26523,2024,9,16,Monday,Bag
541,2025-06-14,Sports,Delhi,2742,1,2742,2025,6,14,Saturday,Laptop
542,2025-01-06,Groceries,Delhi,2687,10,26870,2025,1,6,Monday,Shoes
543,2024-09-11,Electronics,Chennai,2797,5,13985,2024,9,11,Wednesday,Tablet
544,2026-03-18,Clothing,Delhi,1188,2,2376,2026,3,18,Wednesday,Headphones
545,2025-07-10,Clothing,Bangalore,1618,4,6472,2025,7,10,Thursday,Shoes
546,2026-02-23,Electronics,Mumbai,868,2,1736,2026,2,23,Monday,Keyboard
547,2024-10-20,Electronics,Bangalore,1754,3,5262,2024,10,20,Sunday,Laptop
548,2026-03-22,Clothing,Mumbai,3531,5,17655,2026,3,22,Sunday,Bag
549,2026-05-08,Electronics,Hyderabad,1084,4,4336,2026,5,8,Friday,Laptop
550,2025-05-11,Furniture,Bangalore,1760,3,5280,2025,5,11,Sunday,Camera
551,2026-01-27,Electronics,Hyderabad,1542,4,6168,2026,1,27,Tuesday,Phone
552,2024-07-16,Electronics,Delhi,4665,6,27990,2024,7,16,Tuesday,Camera
553,2025-07-12,Electronics,Hyderabad,4402,8,35216,2025,7,12,Saturday,TV
554,2025-02-02,Clothing,Mumbai,3970,9,35730,2025,2,2,Sunday,Bag
555,2024-12-19,Furniture,Delhi,1100,6,6600,2024,12,19,Thursday,Tablet
556,2024-09-12,Electronics,Mumbai,4908,4,19632,2024,9,12,Thursday,Bag
557,2026-06-02,Groceries,Delhi,1071,8,8568,2026,6,2,Tuesday,TV
558,2025-07-19,Furniture,Mumbai,489,7,3423,2025,7,19,Saturday,Camera
559,2024-08-03,Clothing,Delhi,841,9,7569,2024,8,3,Saturday,Laptop
560,2025-06-02,Furniture,Delhi,3385,2,6770,2025,6,2,Monday,Phone
561,2024-07-12,Sports,Delhi,209,6,1254,2024,7,12,Friday,Headphones
562,2025-04-30,Electronics,Chennai,1729,8,13832,2025,4,30,Wednesday,Shoes
563,2024-12-22,Sports,Mumbai,4356,10,43560,2024,12,22,Sunday,TV
564,2025-05-05,Furniture,Delhi,798,3,2394,2025,5,5,Monday,Phone
565,2025-04-02,Furniture,Bangalore,3597,4,14388,2025,4,2,Wednesday,Keyboard
566,2026-01-31,Sports,Bangalore,4724,6,28344,2026,1,31,Saturday,Shoes
567,2026-06-20,Electronics,Delhi,3920,8,31360,2026,6,20,Saturday,Tablet
568,2024-08-23,Clothing,Chennai,2299,5,11495,2024,8,23,Friday,Laptop
569,2025-03-24,Groceries,Delhi,1909,3,5727,2025,3,24,Monday,Camera
570,2025-12-12,Groceries,Bangalore,4401,5,22005,2025,12,12,Friday,Tablet
571,2025-04-27,Groceries,Hyderabad,1439,9,12951,2025,4,27,Sunday,TV
572,2024-08-29,Furniture,Chennai,2513,2,5026,2024,8,29,Thursday,Camera
573,2025-10-15,Groceries,Delhi,529,7,3703,2025,10,15,Wednesday,Laptop
574,2025-05-27,Clothing,Hyderabad,273,8,2184,2025,5,27,Tuesday,Keyboard
575,2026-03-20,Groceries,Hyderabad,1250,8,10000,2026,3,20,Friday,Camera
576,2024-11-06,Sports,Delhi,871,10,8710,2024,11,6,Wednesday,Bag
577,2024-07-17,Furniture,Hyderabad,1225,10,12250,2024,7,17,Wednesday,Shoes
578,2025-12-11,Clothing,Bangalore,500,9,4500,2025,12,11,Thursday,Bag
579,2025-12-15,Sports,Delhi,594,2,1188,2025,12,15,Monday,Shoes
580,2025-05-24,Furniture,Chennai,3156,2,6312,2025,5,24,Saturday,Shoes
581,2025-03-11,Groceries,Delhi,3935,9,35415,2025,3,11,Tuesday,Camera
582,2026-01-19,Groceries,Hyderabad,3494,5,17470,2026,1,19,Monday,Keyboard
583,2026-05-10,Groceries,Chennai,2260,5,11300,2026,5,10,Sunday,Keyboard
584,2024-07-25,Furniture,Delhi,3098,2,6196,2024,7,25,Thursday,Watch
585,2024-10-04,Sports,Hyderabad,4629,8,37032,2024,10,4,Friday,Bag
586,2026-06-16,Electronics,Delhi,2637,10,26370,2026,6,16,Tuesday,Bag
587,2026-06-19,Furniture,Chennai,3989,4,15956,2026,6,19,Friday,Phone
588,2024-10-04,Groceries,Chennai,2993,7,20951,2024,10,4,Friday,Phone
589,2025-02-10,Groceries,Hyderabad,1999,5,9995,2025,2,10,Monday,Headphones
590,2026-03-22,Clothing,Mumbai,2194,7,15358,2026,3,22,Sunday,Keyboard
591,2025-05-19,Furniture,Mumbai,4769,10,47690,2025,5,19,Monday,Tablet
592,2026-03-08,Sports,Hyderabad,413,9,3717,2026,3,8,Sunday,Shoes
593,2025-09-01,Clothing,Bangalore,444,6,2664,2025,9,1,Monday,TV
594,2026-01-19,Clothing,Bangalore,2525,9,22725,2026,1,19,Monday,Shoes
595,2024-10-08,Electronics,Mumbai,1736,8,13888,2024,10,8,Tuesday,Tablet
596,2025-10-07,Electronics,Delhi,3751,6,22506,2025,10,7,Tuesday,Tablet
597,2025-07-16,Furniture,Chennai,244,8,1952,2025,7,16,Wednesday,Tablet
598,2026-05-13,Furniture,Delhi,2100,1,2100,2026,5,13,Wednesday,Watch
599,2024-12-18,Electronics,Delhi,723,7,5061,2024,12,18,Wednesday,Watch
600,2026-03-20,Electronics,Delhi,1776,4,7104,2026,3,20,Friday,Camera
601,2024-11-07,Sports,Bangalore,2586,3,7758,2024,11,7,Thursday,Keyboard
602,2026-05-29,Furniture,Delhi,3875,1,3875,2026,5,29,Friday,Watch
603,2026-03-26,Electronics,Mumbai,1170,2,2340,2026,3,26,Thursday,Phone
604,2025-09-17,Clothing,Bangalore,4773,3,14319,2025,9,17,Wednesday,Bag
605,2024-10-20,Clothing,Delhi,2679,1,2679,2024,10,20,Sunday,Bag
606,2025-04-06,Furniture,Chennai,1832,7,12824,2025,4,6,Sunday,Watch
607,2026-04-02,Furniture,Mumbai,4702,9,42318,2026,4,2,Thursday,Camera
608,2025-04-27,Groceries,Bangalore,1103,1,1103,2025,4,27,Sunday,TV
609,2025-08-04,Electronics,Hyderabad,3492,7,24444,2025,8,4,Monday,Camera
610,2026-06-24,Sports,Hyderabad,3032,2,6064,2026,6,24,Wednesday,Headphones
611,2025-12-16,Furniture,Hyderabad,3579,9,32211,2025,12,16,Tuesday,Phone
612,2024-12-23,Groceries,Delhi,1249,7,8743,2024,12,23,Monday,Keyboard
613,2025-02-15,Sports,Delhi,2535,10,25350,2025,2,15,Saturday,Keyboard
614,2024-08-03,Sports,Bangalore,2791,10,27910,2024,8,3,Saturday,Phone
615,2025-03-20,Clothing,Chennai,4238,9,38142,2025,3,20,Thursday,Laptop
616,2026-01-22,Furniture,Chennai,997,2,1994,2026,1,22,Thursday,Bag
617,2025-06-18,Groceries,Bangalore,3421,1,3421,2025,6,18,Wednesday,Keyboard
618,2026-02-03,Groceries,Mumbai,3432,9,30888,2026,2,3,Tuesday,Camera
619,2024-07-29,Furniture,Bangalore,3434,6,20604,2024,7,29,Monday,Shoes
620,2025-08-10,Electronics,Delhi,147,1,147,2025,8,10,Sunday,TV
621,2024-07-11,Clothing,Bangalore,3840,5,19200,2024,7,11,Thursday,Shoes
622,2026-02-14,Groceries,Bangalore,327,6,1962,2026,2,14,Saturday,Headphones
623,2025-11-24,Clothing,Hyderabad,1743,9,15687,2025,11,24,Monday,Keyboard
624,2024-09-29,Electronics,Delhi,1164,9,10476,2024,9,29,Sunday,TV
625,2024-10-29,Electronics,Delhi,2149,1,2149,2024,10,29,Tuesday,TV
626,2025-06-24,Electronics,Delhi,353,1,353,2025,6,24,Tuesday,Tablet
627,2026-03-07,Electronics,Hyderabad,460,4,1840,2026,3,7,Saturday,Camera
628,2024-12-08,Clothing,Mumbai,1405,6,8430,2024,12,8,Sunday,Watch
629,2026-04-30,Furniture,Hyderabad,1512,6,9072,2026,4,30,Thursday,Keyboard
630,2024-10-23,Furniture,Bangalore,1856,2,3712,2024,10,23,Wednesday,Watch
631,2025-04-04,Electronics,Chennai,3858,3,11574,2025,4,4,Friday,Keyboard
632,2025-09-24,Electronics,Mumbai,900,4,3600,2025,9,24,Wednesday,Laptop
633,2026-03-22,Sports,Delhi,3165,2,6330,2026,3,22,Sunday,Keyboard
634,2025-09-14,Groceries,Chennai,2155,2,4310,2025,9,14,Sunday,Watch
635,2024-07-24,Clothing,Chennai,2278,8,18224,2024,7,24,Wednesday,Shoes
636,2025-06-06,Clothing,Delhi,947,9,8523,2025,6,6,Friday,Bag
637,2025-09-14,Sports,Bangalore,1787,5,8935,2025,9,14,Sunday,Keyboard
638,2024-08-18,Electronics,Chennai,899,4,3596,2024,8,18,Sunday,Laptop
639,2025-02-09,Clothing,Mumbai,2736,7,19152,2025,2,9,Sunday,Tablet
640,2025-12-30,Electronics,Delhi,3881,10,38810,2025,12,30,Tuesday,TV
641,2026-02-13,Furniture,Delhi,2818,1,2818,2026,2,13,Friday,Tablet
642,2024-08-16,Sports,Bangalore,1235,2,2470,2024,8,16,Friday,Bag
643,2025-01-19,Sports,Delhi,3899,10,38990,2025,1,19,Sunday,TV
644,2025-01-13,Sports,Delhi,1497,8,11976,2025,1,13,Monday,Phone
645,2025-07-06,Furniture,Mumbai,2463,4,9852,2025,7,6,Sunday,Shoes
646,2026-06-11,Clothing,Mumbai,3607,9,32463,2026,6,11,Thursday,Headphones
647,2024-10-05,Electronics,Delhi,2665,6,15990,2024,10,5,Saturday,Tablet
648,2025-05-09,Furniture,Mumbai,442,9,3978,2025,5,9,Friday,Phone
649,2025-01-26,Sports,Mumbai,2194,4,8776,2025,1,26,Sunday,Keyboard
650,2026-01-17,Furniture,Bangalore,1087,3,3261,2026,1,17,Saturday,Shoes
651,2024-11-01,Sports,Hyderabad,1018,3,3054,2024,11,1,Friday,Laptop
652,2024-08-28,Electronics,Hyderabad,3803,10,38030,2024,8,28,Wednesday,Laptop
653,2024-11-01,Clothing,Delhi,1592,1,1592,2024,11,1,Friday,Shoes
654,2026-02-27,Electronics,Mumbai,3169,5,15845,2026,2,27,Friday,Laptop
655,2024-10-26,Furniture,Delhi,2466,6,14796,2024,10,26,Saturday,Camera
656,2026-03-03,Sports,Mumbai,3805,5,19025,2026,3,3,Tuesday,Tablet
657,2025-05-06,Electronics,Bangalore,2833,2,5666,2025,5,6,Tuesday,TV
658,2024-10-14,Clothing,Hyderabad,449,9,4041,2024,10,14,Monday,Watch
659,2025-01-23,Groceries,Hyderabad,1227,9,11043,2025,1,23,Thursday,Headphones
660,2025-09-22,Sports,Hyderabad,691,10,6910,2025,9,22,Monday,Tablet
661,2024-08-20,Groceries,Hyderabad,520,9,4680,2024,8,20,Tuesday,Bag
662,2026-03-17,Groceries,Mumbai,1547,8,12376,2026,3,17,Tuesday,Laptop
663,2024-11-01,Electronics,Bangalore,4427,2,8854,2024,11,1,Friday,Watch
664,2026-01-26,Sports,Mumbai,948,2,1896,2026,1,26,Monday,Phone
665,2026-03-08,Groceries,Mumbai,1466,5,7330,2026,3,8,Sunday,Camera
666,2025-10-07,Sports,Delhi,1070,5,5350,2025,10,7,Tuesday,Headphones
667,2025-10-09,Electronics,Delhi,955,10,9550,2025,10,9,Thursday,Headphones
668,2024-08-31,Furniture,Mumbai,1020,6,6120,2024,8,31,Saturday,Camera
669,2026-06-12,Clothing,Delhi,2138,2,4276,2026,6,12,Friday,TV
670,2024-09-28,Electronics,Bangalore,3330,6,19980,2024,9,28,Saturday,Watch
671,2025-08-11,Furniture,Bangalore,933,8,7464,2025,8,11,Monday,Camera
672,2024-10-14,Groceries,Bangalore,1232,5,6160,2024,10,14,Monday,Laptop
673,2026-06-05,Electronics,Delhi,3994,5,19970,2026,6,5,Friday,Tablet
674,2024-09-18,Groceries,Chennai,1258,10,12580,2024,9,18,Wednesday,TV
675,2024-11-18,Groceries,Bangalore,1079,1,1079,2024,11,18,Monday,Camera
676,2024-08-18,Furniture,Chennai,4144,7,29008,2024,8,18,Sunday,Headphones
677,2025-12-02,Clothing,Bangalore,1775,10,17750,2025,12,2,Tuesday,Bag
678,2024-12-06,Groceries,Hyderabad,2818,10,28180,2024,12,6,Friday,Tablet
679,2024-10-16,Furniture,Mumbai,2870,4,11480,2024,10,16,Wednesday,Keyboard
680,2024-12-20,Sports,Hyderabad,2010,4,8040,2024,12,20,Friday,TV
681,2024-11-18,Furniture,Bangalore,4976,4,19904,2024,11,18,Monday,Watch
682,2025-02-06,Furniture,Bangalore,1249,10,12490,2025,2,6,Thursday,Shoes
683,2026-02-16,Clothing,Chennai,3812,9,34308,2026,2,16,Monday,TV
684,2026-02-13,Clothing,Delhi,930,2,1860,2026,2,13,Friday,Watch
685,2024-12-11,Sports,Bangalore,3314,2,6628,2024,12,11,Wednesday,Tablet
686,2024-07-03,Clothing,Delhi,2789,1,2789,2024,7,3,Wednesday,Shoes
687,2024-11-03,Furniture,Hyderabad,2296,4,9184,2024,11,3,Sunday,Watch
688,2025-10-14,Groceries,Bangalore,2430,3,7290,2025,10,14,Tuesday,Laptop
689,2024-12-28,Electronics,Delhi,750,5,3750,2024,12,28,Saturday,Phone
690,2025-09-25,Clothing,Bangalore,2844,1,2844,2025,9,25,Thursday,Headphones
691,2026-01-05,Sports,Hyderabad,4145,2,8290,2026,1,5,Monday,Keyboard
692,2025-07-27,Furniture,Bangalore,510,5,2550,2025,7,27,Sunday,TV
693,2024-10-15,Furniture,Hyderabad,2004,4,8016,2024,10,15,Tuesday,Camera
694,2024-12-27,Electronics,Delhi,3654,5,18270,2024,12,27,Friday,Headphones
695,2026-02-01,Furniture,Chennai,571,7,3997,2026,2,1,Sunday,Keyboard
696,2025-04-26,Groceries,Chennai,3557,2,7114,2025,4,26,Saturday,Headphones
697,2025-02-10,Groceries,Chennai,1535,2,3070,2025,2,10,Monday,Headphones
698,2024-12-27,Electronics,Mumbai,4553,1,4553,2024,12,27,Friday,Tablet
699,2026-04-30,Electronics,Delhi,1695,3,5085,2026,4,30,Thursday,Keyboard
700,2025-08-05,Groceries,Delhi,4656,8,37248,2025,8,5,Tuesday,Headphones
701,2025-06-06,Furniture,Bangalore,1901,6,11406,2025,6,6,Friday,Shoes
702,2025-04-27,Electronics,Mumbai,731,1,731,2025,4,27,Sunday,Laptop
703,2026-03-28,Furniture,Bangalore,3089,7,21623,2026,3,28,Saturday,Tablet
704,2024-11-22,Clothing,Mumbai,1350,4,5400,2024,11,22,Friday,Headphones
705,2025-08-29,Electronics,Hyderabad,3333,1,3333,2025,8,29,Friday,Laptop
706,2025-12-26,Clothing,Delhi,3399,1,3399,2025,12,26,Friday,Keyboard
707,2026-06-27,Sports,Mumbai,3427,10,34270,2026,6,27,Saturday,Bag
708,2025-04-24,Furniture,Bangalore,4727,4,18908,2025,4,24,Thursday,TV
709,2025-10-07,Sports,Hyderabad,631,2,1262,2025,10,7,Tuesday,Tablet
710,2025-02-12,Groceries,Mumbai,1935,4,7740,2025,2,12,Wednesday,Phone
711,2025-04-22,Sports,Chennai,1215,7,8505,2025,4,22,Tuesday,Watch
712,2026-04-08,Sports,Delhi,2219,1,2219,2026,4,8,Wednesday,Bag
713,2026-06-23,Electronics,Bangalore,2602,4,10408,2026,6,23,Tuesday,Camera
714,2025-12-04,Electronics,Bangalore,3261,8,26088,2025,12,4,Thursday,Phone
715,2025-04-01,Groceries,Hyderabad,3943,4,15772,2025,4,1,Tuesday,Watch
716,2026-03-06,Furniture,Chennai,1054,5,5270,2026,3,6,Friday,Watch
717,2025-01-21,Groceries,Delhi,3395,7,23765,2025,1,21,Tuesday,Laptop
718,2024-07-23,Groceries,Hyderabad,4076,4,16304,2024,7,23,Tuesday,Keyboard
719,2026-05-18,Sports,Bangalore,2864,4,11456,2026,5,18,Monday,Bag
720,2025-07-13,Groceries,Hyderabad,203,10,2030,2025,7,13,Sunday,Phone
721,2024-12-21,Electronics,Chennai,2111,7,14777,2024,12,21,Saturday,Keyboard
722,2025-07-31,Groceries,Chennai,1756,5,8780,2025,7,31,Thursday,Phone
723,2026-01-25,Sports,Chennai,1953,5,9765,2026,1,25,Sunday,Camera
724,2026-01-10,Clothing,Bangalore,3496,4,13984,2026,1,10,Saturday,Bag
725,2024-08-08,Clothing,Delhi,3412,1,3412,2024,8,8,Thursday,Laptop
726,2025-04-10,Groceries,Delhi,4900,1,4900,2025,4,10,Thursday,Tablet
727,2025-06-30,Electronics,Mumbai,1518,5,7590,2025,6,30,Monday,Keyboard
728,2024-10-06,Clothing,Bangalore,3712,4,14848,2024,10,6,Sunday,Phone
729,2025-01-08,Groceries,Mumbai,3105,2,6210,2025,1,8,Wednesday,Bag
730,2025-10-13,Clothing,Mumbai,1673,4,6692,2025,10,13,Monday,Bag
731,2025-11-13,Clothing,Bangalore,1084,2,2168,2025,11,13,Thursday,TV
732,2025-11-12,Groceries,Bangalore,4950,6,29700,2025,11,12,Wednesday,Headphones
733,2025-04-17,Electronics,Delhi,2942,1,2942,2025,4,17,Thursday,Keyboard
734,2026-02-03,Sports,Bangalore,1270,9,11430,2026,2,3,Tuesday,Camera
735,2024-07-17,Electronics,Chennai,367,2,734,2024,7,17,Wednesday,Bag
736,2026-05-04,Furniture,Chennai,3545,4,14180,2026,5,4,Monday,Phone
737,2025-10-13,Furniture,Bangalore,4551,3,13653,2025,10,13,Monday,Phone
738,2025-05-14,Electronics,Chennai,669,6,4014,2025,5,14,Wednesday,Phone
739,2025-09-09,Sports,Hyderabad,768,7,5376,2025,9,9,Tuesday,Tablet
740,2026-02-19,Sports,Chennai,1473,4,5892,2026,2,19,Thursday,TV
741,2025-08-09,Electronics,Delhi,4185,4,16740,2025,8,9,Saturday,TV
742,2025-09-24,Electronics,Hyderabad,855,1,855,2025,9,24,Wednesday,Headphones
743,2025-03-23,Sports,Chennai,1030,6,6180,2025,3,23,Sunday,Phone
744,2024-10-16,Groceries,Bangalore,3424,9,30816,2024,10,16,Wednesday,Tablet
745,2025-06-08,Groceries,Hyderabad,679,8,5432,2025,6,8,Sunday,Headphones
746,2025-06-30,Groceries,Hyderabad,212,10,2120,2025,6,30,Monday,Bag
747,2025-05-04,Electronics,Delhi,717,7,5019,2025,5,4,Sunday,Camera
748,2024-12-05,Clothing,Chennai,2213,1,2213,2024,12,5,Thursday,Laptop
749,2025-01-06,Electronics,Delhi,3259,5,16295,2025,1,6,Monday,TV
750,2025-02-19,Groceries,Mumbai,4422,10,44220,2025,2,19,Wednesday,TV
751,2024-07-31,Groceries,Bangalore,3005,4,12020,2024,7,31,Wednesday,Watch
752,2025-07-24,Clothing,Chennai,156,4,624,2025,7,24,Thursday,Camera
753,2024-10-28,Sports,Delhi,3511,1,3511,2024,10,28,Monday,Watch
754,2026-05-09,Groceries,Hyderabad,722,4,2888,2026,5,9,Saturday,Phone
755,2024-08-23,Sports,Bangalore,3241,2,6482,2024,8,23,Friday,Camera
756,2025-06-09,Electronics,Bangalore,1020,8,8160,2025,6,9,Monday,Shoes
757,2025-03-28,Clothing,Chennai,1880,10,18800,2025,3,28,Friday,Bag
758,2026-05-04,Furniture,Hyderabad,2416,7,16912,2026,5,4,Monday,Headphones
759,2024-08-26,Clothing,Delhi,2864,1,2864,2024,8,26,Monday,Keyboard
760,2025-03-16,Sports,Bangalore,1231,10,12310,2025,3,16,Sunday,Bag
761,2026-04-26,Clothing,Mumbai,1565,6,9390,2026,4,26,Sunday,Headphones
762,2026-02-24,Furniture,Delhi,1511,2,3022,2026,2,24,Tuesday,Laptop
763,2026-06-02,Sports,Delhi,848,1,848,2026,6,2,Tuesday,Headphones
764,2026-03-23,Groceries,Mumbai,2931,6,17586,2026,3,23,Monday,Laptop
765,2026-05-16,Clothing,Chennai,2606,9,23454,2026,5,16,Saturday,TV
766,2025-12-27,Clothing,Bangalore,737,7,5159,2025,12,27,Saturday,Headphones
767,2024-10-13,Electronics,Chennai,100,7,700,2024,10,13,Sunday,Watch
768,2025-12-28,Furniture,Mumbai,2825,10,28250,2025,12,28,Sunday,Phone
769,2025-07-26,Sports,Delhi,1023,5,5115,2025,7,26,Saturday,Headphones
770,2024-12-06,Sports,Bangalore,326,2,652,2024,12,6,Friday,Headphones
771,2025-11-27,Clothing,Chennai,762,4,3048,2025,11,27,Thursday,Phone
772,2026-02-25,Clothing,Bangalore,1957,7,13699,2026,2,25,Wednesday,Keyboard
773,2026-02-21,Groceries,Delhi,598,2,1196,2026,2,21,Saturday,Laptop
774,2024-08-08,Furniture,Delhi,4438,6,26628,2024,8,8,Thursday,Watch
775,2025-06-03,Groceries,Chennai,1054,6,6324,2025,6,3,Tuesday,Shoes
776,2025-11-28,Electronics,Chennai,4562,1,4562,2025,11,28,Friday,Shoes
777,2026-02-12,Electronics,Mumbai,3389,6,20334,2026,2,12,Thursday,Camera
778,2025-03-03,Electronics,Chennai,4471,8,35768,2025,3,3,Monday,Laptop
779,2025-08-11,Electronics,Delhi,824,7,5768,2025,8,11,Monday,Shoes
780,2025-04-21,Groceries,Chennai,3153,2,6306,2025,4,21,Monday,Phone
781,2026-01-19,Groceries,Hyderabad,3158,8,25264,2026,1,19,Monday,Shoes
782,2026-03-06,Sports,Hyderabad,1184,5,5920,2026,3,6,Friday,Bag
783,2025-02-07,Electronics,Bangalore,3410,9,30690,2025,2,7,Friday,Shoes
784,2026-04-04,Electronics,Hyderabad,3691,6,22146,2026,4,4,Saturday,Watch
785,2025-03-02,Sports,Hyderabad,2129,8,17032,2025,3,2,Sunday,Headphones
786,2025-10-29,Groceries,Bangalore,4789,7,33523,2025,10,29,Wednesday,Watch
787,2025-08-16,Sports,Delhi,3809,9,34281,2025,8,16,Saturday,Bag
788,2025-04-28,Furniture,Chennai,4473,3,13419,2025,4,28,Monday,Headphones
789,2025-01-19,Furniture,Hyderabad,4926,1,4926,2025,1,19,Sunday,TV
790,2025-10-22,Clothing,Bangalore,1789,3,5367,2025,10,22,Wednesday,Phone
791,2024-10-30,Sports,Chennai,1684,9,15156,2024,10,30,Wednesday,Keyboard
792,2026-01-27,Furniture,Delhi,2684,1,2684,2026,1,27,Tuesday,Camera
793,2025-06-28,Clothing,Hyderabad,596,4,2384,2025,6,28,Saturday,Phone
794,2025-08-15,Sports,Delhi,2430,8,19440,2025,8,15,Friday,Laptop
795,2025-01-21,Sports,Delhi,3792,10,37920,2025,1,21,Tuesday,Watch
796,2024-11-17,Electronics,Chennai,2996,7,20972,2024,11,17,Sunday,Laptop
797,2024-11-23,Electronics,Mumbai,2829,1,2829,2024,11,23,Saturday,Keyboard
798,2026-01-29,Electronics,Bangalore,2187,1,2187,2026,1,29,Thursday,Camera
799,2025-06-04,Groceries,Bangalore,4162,7,29134,2025,6,4,Wednesday,Phone
800,2024-07-13,Electronics,Delhi,852,4,3408,2024,7,13,Saturday,TV
801,2025-09-11,Sports,Bangalore,4941,2,9882,2025,9,11,Thursday,Headphones
802,2026-03-03,Sports,Chennai,1719,8,13752,2026,3,3,Tuesday,Shoes
803,2025-03-26,Electronics,Bangalore,414,5,2070,2025,3,26,Wednesday,Headphones
804,2025-07-01,Furniture,Mumbai,4344,7,30408,2025,7,1,Tuesday,Headphones
805,2025-01-18,Sports,Delhi,1085,9,9765,2025,1,18,Saturday,Bag
806,2026-04-09,Furniture,Hyderabad,872,9,7848,2026,4,9,Thursday,Watch
807,2024-10-22,Sports,Delhi,2405,6,14430,2024,10,22,Tuesday,Laptop
808,2026-05-10,Groceries,Hyderabad,1247,6,7482,2026,5,10,Sunday,Bag
809,2026-02-08,Electronics,Hyderabad,608,7,4256,2026,2,8,Sunday,Laptop
810,2024-10-21,Electronics,Hyderabad,4532,9,40788,2024,10,21,Monday,Headphones
811,2024-08-20,Electronics,Mumbai,4211,4,16844,2024,8,20,Tuesday,Camera
812,2024-11-22,Clothing,Delhi,2458,9,22122,2024,11,22,Friday,Tablet
813,2025-06-25,Groceries,Hyderabad,2912,4,11648,2025,6,25,Wednesday,Watch
814,2025-06-27,Sports,Mumbai,502,3,1506,2025,6,27,Friday,Headphones
815,2025-03-17,Electronics,Delhi,4780,6,28680,2025,3,17,Monday,Camera
816,2025-11-17,Furniture,Mumbai,3222,8,25776,2025,11,17,Monday,Tablet
817,2026-03-11,Electronics,Chennai,3872,1,3872,2026,3,11,Wednesday,Keyboard
818,2024-08-10,Furniture,Bangalore,825,1,825,2024,8,10,Saturday,Bag
819,2025-01-08,Sports,Delhi,2091,4,8364,2025,1,8,Wednesday,Headphones
820,2024-07-29,Clothing,Hyderabad,3936,7,27552,2024,7,29,Monday,Laptop
821,2025-01-06,Groceries,Chennai,1400,5,7000,2025,1,6,Monday,Bag
822,2024-07-04,Electronics,Mumbai,4345,8,34760,2024,7,4,Thursday,Watch
823,2026-06-05,Sports,Chennai,2964,10,29640,2026,6,5,Friday,Laptop
824,2024-11-01,Electronics,Delhi,1717,6,10302,2024,11,1,Friday,Headphones
825,2025-02-22,Clothing,Hyderabad,899,5,4495,2025,2,22,Saturday,Shoes
826,2026-05-19,Sports,Chennai,2755,4,11020,2026,5,19,Tuesday,Headphones
827,2024-12-31,Electronics,Bangalore,214,5,1070,2024,12,31,Tuesday,TV
828,2025-09-06,Groceries,Bangalore,618,8,4944,2025,9,6,Saturday,Laptop
829,2025-01-20,Furniture,Delhi,4246,1,4246,2025,1,20,Monday,TV
830,2025-12-25,Groceries,Hyderabad,3118,3,9354,2025,12,25,Thursday,Laptop
831,2025-04-08,Sports,Bangalore,788,8,6304,2025,4,8,Tuesday,Camera
832,2025-09-30,Furniture,Chennai,557,2,1114,2025,9,30,Tuesday,Tablet
833,2024-07-17,Sports,Chennai,1751,2,3502,2024,7,17,Wednesday,Bag
834,2026-01-02,Groceries,Mumbai,697,5,3485,2026,1,2,Friday,Phone
835,2025-09-10,Clothing,Delhi,721,3,2163,2025,9,10,Wednesday,Watch
836,2026-05-04,Electronics,Hyderabad,1726,6,10356,2026,5,4,Monday,Shoes
837,2024-08-22,Sports,Hyderabad,2835,1,2835,2024,8,22,Thursday,Camera
838,2025-06-12,Electronics,Mumbai,4205,3,12615,2025,6,12,Thursday,Laptop
839,2025-01-29,Electronics,Mumbai,2947,8,23576,2025,1,29,Wednesday,Shoes
840,2025-04-22,Electronics,Hyderabad,712,2,1424,2025,4,22,Tuesday,Keyboard
841,2026-01-08,Sports,Mumbai,901,6,5406,2026,1,8,Thursday,Camera
842,2026-03-06,Electronics,Bangalore,3993,6,23958,2026,3,6,Friday,Phone
843,2025-01-03,Electronics,Mumbai,2288,1,2288,2025,1,3,Friday,Keyboard
844,2024-08-01,Clothing,Hyderabad,4241,4,16964,2024,8,1,Thursday,Bag
845,2024-07-27,Sports,Hyderabad,4995,3,14985,2024,7,27,Saturday,TV
846,2024-08-20,Furniture,Delhi,3994,9,35946,2024,8,20,Tuesday,Shoes
847,2026-05-21,Electronics,Chennai,626,9,5634,2026,5,21,Thursday,Laptop
848,2024-10-23,Sports,Chennai,115,8,920,2024,10,23,Wednesday,Shoes
849,2024-10-14,Sports,Chennai,2162,9,19458,2024,10,14,Monday,Phone
850,2026-03-17,Clothing,Hyderabad,1541,3,4623,2026,3,17,Tuesday,Laptop
851,2024-09-07,Furniture,Chennai,3556,2,7112,2024,9,7,Saturday,Keyboard
852,2025-09-20,Groceries,Chennai,355,8,2840,2025,9,20,Saturday,Bag
853,2026-01-03,Clothing,Chennai,2044,4,8176,2026,1,3,Saturday,Bag
854,2026-05-03,Clothing,Mumbai,2233,10,22330,2026,5,3,Sunday,Bag
855,2024-12-01,Electronics,Delhi,924,1,924,2024,12,1,Sunday,Watch
856,2026-01-06,Sports,Delhi,3849,4,15396,2026,1,6,Tuesday,Shoes
857,2025-03-27,Sports,Bangalore,3551,9,31959,2025,3,27,Thursday,TV
858,2025-02-25,Groceries,Chennai,1140,6,6840,2025,2,25,Tuesday,TV
859,2025-06-21,Electronics,Bangalore,539,5,2695,2025,6,21,Saturday,Headphones
860,2025-03-12,Groceries,Bangalore,4096,10,40960,2025,3,12,Wednesday,Headphones
861,2024-12-23,Sports,Chennai,4366,7,30562,2024,12,23,Monday,Camera
862,2024-07-23,Electronics,Hyderabad,1428,10,14280,2024,7,23,Tuesday,Watch
863,2026-06-14,Clothing,Mumbai,114,4,456,2026,6,14,Sunday,Laptop
864,2025-02-22,Sports,Bangalore,3527,10,35270,2025,2,22,Saturday,Shoes
865,2025-09-19,Sports,Chennai,3402,2,6804,2025,9,19,Friday,TV
866,2024-11-02,Furniture,Bangalore,3666,9,32994,2024,11,2,Saturday,Phone
867,2025-06-18,Sports,Mumbai,3749,9,33741,2025,6,18,Wednesday,Headphones
868,2024-11-10,Sports,Bangalore,3847,4,15388,2024,11,10,Sunday,Bag
869,2024-07-03,Clothing,Bangalore,344,7,2408,2024,7,3,Wednesday,Bag
870,2026-04-15,Clothing,Bangalore,1366,9,12294,2026,4,15,Wednesday,Phone
871,2025-06-29,Furniture,Mumbai,4283,5,21415,2025,6,29,Sunday,Headphones
872,2025-08-13,Sports,Chennai,1154,2,2308,2025,8,13,Wednesday,Watch
873,2026-05-17,Groceries,Mumbai,192,8,1536,2026,5,17,Sunday,Tablet
874,2025-03-31,Furniture,Bangalore,2689,4,10756,2025,3,31,Monday,Bag
875,2025-06-19,Clothing,Hyderabad,1714,1,1714,2025,6,19,Thursday,Watch
876,2026-06-06,Clothing,Hyderabad,1198,3,3594,2026,6,6,Saturday,Keyboard
877,2026-04-13,Furniture,Chennai,3479,7,24353,2026,4,13,Monday,TV
878,2025-07-10,Clothing,Chennai,4428,1,4428,2025,7,10,Thursday,Headphones
879,2025-10-06,Sports,Hyderabad,3883,8,31064,2025,10,6,Monday,Watch
880,2025-07-02,Electronics,Delhi,2851,3,8553,2025,7,2,Wednesday,Laptop
881,2025-03-03,Furniture,Bangalore,2315,4,9260,2025,3,3,Monday,Headphones
882,2024-12-01,Furniture,Mumbai,1865,1,1865,2024,12,1,Sunday,Laptop
883,2024-10-08,Furniture,Mumbai,1298,1,1298,2024,10,8,Tuesday,TV
884,2025-10-29,Furniture,Delhi,356,2,712,2025,10,29,Wednesday,Phone
885,2025-11-29,Groceries,Bangalore,4852,9,43668,2025,11,29,Saturday,Camera
886,2024-08-31,Groceries,Mumbai,4250,5,21250,2024,8,31,Saturday,Tablet
887,2025-06-27,Electronics,Hyderabad,1109,1,1109,2025,6,27,Friday,Headphones
888,2025-12-19,Groceries,Mumbai,1635,2,3270,2025,12,19,Friday,Bag
889,2024-09-03,Electronics,Hyderabad,2201,8,17608,2024,9,3,Tuesday,Watch
890,2025-01-26,Groceries,Mumbai,4436,10,44360,2025,1,26,Sunday,Laptop
891,2024-10-24,Furniture,Mumbai,4081,2,8162,2024,10,24,Thursday,TV
892,2026-02-03,Furniture,Chennai,1681,6,10086,2026,2,3,Tuesday,Camera
893,2025-07-09,Furniture,Hyderabad,3773,1,3773,2025,7,9,Wednesday,Keyboard
894,2025-06-10,Sports,Mumbai,2858,1,2858,2025,6,10,Tuesday,Keyboard
895,2025-03-17,Clothing,Hyderabad,3219,3,9657,2025,3,17,Monday,Phone
896,2025-11-19,Clothing,Chennai,880,3,2640,2025,11,19,Wednesday,Laptop
897,2025-09-02,Sports,Delhi,2641,7,18487,2025,9,2,Tuesday,Shoes
898,2025-04-02,Groceries,Hyderabad,4006,3,12018,2025,4,2,Wednesday,TV
899,2025-05-02,Clothing,Chennai,2133,2,4266,2025,5,2,Friday,Bag
900,2025-05-01,Sports,Chennai,3547,2,7094,2025,5,1,Thursday,Tablet
901,2026-01-23,Sports,Bangalore,1907,9,17163,2026,1,23,Friday,Bag
902,2025-07-15,Clothing,Chennai,1004,3,3012,2025,7,15,Tuesday,Bag
903,2026-06-19,Groceries,Hyderabad,4026,2,8052,2026,6,19,Friday,Headphones
904,2025-08-04,Sports,Hyderabad,1163,7,8141,2025,8,4,Monday,Headphones
905,2025-11-23,Sports,Delhi,979,3,2937,2025,11,23,Sunday,Watch
906,2026-03-28,Sports,Chennai,1427,1,1427,2026,3,28,Saturday,Watch
907,2024-09-09,Furniture,Hyderabad,2773,5,13865,2024,9,9,Monday,Tablet
908,2026-06-22,Electronics,Bangalore,2085,10,20850,2026,6,22,Monday,Watch
909,2026-03-18,Furniture,Chennai,1394,6,8364,2026,3,18,Wednesday,Tablet
910,2024-09-22,Furniture,Bangalore,4903,2,9806,2024,9,22,Sunday,Tablet
911,2024-08-18,Electronics,Mumbai,3691,8,29528,2024,8,18,Sunday,Bag
912,2025-01-21,Groceries,Chennai,4101,10,41010,2025,1,21,Tuesday,Camera
913,2025-02-27,Sports,Hyderabad,3353,1,3353,2025,2,27,Thursday,Tablet
914,2024-11-03,Groceries,Chennai,3564,7,24948,2024,11,3,Sunday,Shoes
915,2026-01-12,Clothing,Delhi,562,7,3934,2026,1,12,Monday,Phone
916,2025-11-09,Clothing,Hyderabad,3588,9,32292,2025,11,9,Sunday,Laptop
917,2025-05-13,Groceries,Delhi,2117,2,4234,2025,5,13,Tuesday,Headphones
918,2024-11-11,Groceries,Chennai,2835,3,8505,2024,11,11,Monday,TV
919,2025-11-19,Furniture,Chennai,3795,3,11385,2025,11,19,Wednesday,Camera
920,2025-12-04,Clothing,Bangalore,3910,1,3910,2025,12,4,Thursday,Phone
921,2026-01-27,Furniture,Delhi,196,3,588,2026,1,27,Tuesday,Headphones
922,2024-09-30,Groceries,Hyderabad,625,1,625,2024,9,30,Monday,Shoes
923,2025-04-02,Electronics,Bangalore,2456,3,7368,2025,4,2,Wednesday,Shoes
924,2025-06-23,Sports,Bangalore,133,2,266,2025,6,23,Monday,Keyboard
925,2026-02-16,Clothing,Chennai,3998,7,27986,2026,2,16,Monday,Watch
926,2025-10-20,Sports,Hyderabad,3847,8,30776,2025,10,20,Monday,Camera
927,2025-12-07,Clothing,Bangalore,367,4,1468,2025,12,7,Sunday,Headphones
928,2025-04-11,Sports,Mumbai,4272,6,25632,2025,4,11,Friday,Phone
929,2026-02-14,Groceries,Hyderabad,1463,5,7315,2026,2,14,Saturday,Laptop
930,2025-11-05,Sports,Delhi,1153,2,2306,2025,11,5,Wednesday,Keyboard
931,2025-12-22,Sports,Hyderabad,2078,3,6234,2025,12,22,Monday,Camera
932,2025-03-14,Furniture,Chennai,3267,4,13068,2025,3,14,Friday,Tablet
933,2024-08-01,Groceries,Bangalore,3542,10,35420,2024,8,1,Thursday,Phone
934,2025-12-14,Groceries,Delhi,2533,6,15198,2025,12,14,Sunday,Camera
935,2025-01-10,Sports,Bangalore,218,2,436,2025,1,10,Friday,Keyboard
936,2026-04-09,Sports,Delhi,1198,7,8386,2026,4,9,Thursday,TV
937,2026-03-10,Sports,Delhi,3954,8,31632,2026,3,10,Tuesday,Headphones
938,2024-12-05,Electronics,Delhi,2718,9,24462,2024,12,5,Thursday,TV
939,2024-08-03,Groceries,Delhi,163,10,1630,2024,8,3,Saturday,Keyboard
940,2025-03-14,Sports,Hyderabad,2541,9,22869,2025,3,14,Friday,Keyboard
941,2024-12-30,Electronics,Delhi,1838,6,11028,2024,12,30,Monday,Keyboard
942,2024-11-02,Sports,Delhi,2663,4,10652,2024,11,2,Saturday,Camera
943,2024-12-04,Furniture,Chennai,2422,7,16954,2024,12,4,Wednesday,Phone
944,2024-07-21,Electronics,Chennai,2051,5,10255,2024,7,21,Sunday,Tablet
945,2024-08-16,Sports,Hyderabad,2024,6,12144,2024,8,16,Friday,Phone
946,2026-03-22,Electronics,Mumbai,3320,8,26560,2026,3,22,Sunday,Shoes
947,2024-10-23,Sports,Chennai,4418,6,26508,2024,10,23,Wednesday,Watch
948,2025-09-29,Sports,Hyderabad,2011,7,14077,2025,9,29,Monday,Tablet
949,2025-01-19,Furniture,Hyderabad,3260,5,16300,2025,1,19,Sunday,Laptop
950,2025-04-08,Electronics,Mumbai,2262,10,22620,2025,4,8,Tuesday,Phone
951,2026-03-27,Sports,Bangalore,4220,2,8440,2026,3,27,Friday,Bag
952,2026-02-04,Groceries,Chennai,3125,1,3125,2026,2,4,Wednesday,Camera
953,2024-09-04,Groceries,Mumbai,3881,10,38810,2024,9,4,Wednesday,Watch
954,2026-03-22,Groceries,Hyderabad,129,1,129,2026,3,22,Sunday,Keyboard
955,2026-02-06,Sports,Mumbai,1110,9,9990,2026,2,6,Friday,Phone
956,2024-09-02,Electronics,Delhi,150,7,1050,2024,9,2,Monday,TV
957,2025-08-23,Groceries,Hyderabad,2872,6,17232,2025,8,23,Saturday,Laptop
958,2025-10-12,Groceries,Hyderabad,3329,8,26632,2025,10,12,Sunday,Headphones
959,2025-01-03,Sports,Bangalore,4331,7,30317,2025,1,3,Friday,Camera
960,2025-01-10,Sports,Mumbai,494,10,4940,2025,1,10,Friday,Headphones
961,2025-03-16,Clothing,Delhi,2831,10,28310,2025,3,16,Sunday,Headphones
962,2026-02-15,Clothing,Delhi,2148,4,8592,2026,2,15,Sunday,Phone
963,2025-04-17,Furniture,Hyderabad,3074,2,6148,2025,4,17,Thursday,Keyboard
964,2025-01-14,Electronics,Bangalore,4678,7,32746,2025,1,14,Tuesday,TV
965,2026-05-25,Clothing,Chennai,4788,10,47880,2026,5,25,Monday,Phone
966,2026-05-08,Electronics,Hyderabad,2545,5,12725,2026,5,8,Friday,Tablet
967,2024-11-02,Sports,Delhi,2464,7,17248,2024,11,2,Saturday,Laptop
968,2025-06-16,Furniture,Bangalore,2139,7,14973,2025,6,16,Monday,Headphones
969,2024-12-07,Furniture,Chennai,4706,1,4706,2024,12,7,Saturday,Tablet
970,2025-01-15,Electronics,Delhi,4273,10,42730,2025,1,15,Wednesday,Shoes
971,2026-06-27,Electronics,Bangalore,525,3,1575,2026,6,27,Saturday,Phone
972,2024-07-17,Sports,Mumbai,2695,1,2695,2024,7,17,Wednesday,TV
973,2026-03-31,Electronics,Mumbai,2216,9,19944,2026,3,31,Tuesday,Watch
974,2024-08-10,Furniture,Hyderabad,371,3,1113,2024,8,10,Saturday,Laptop
975,2026-02-18,Sports,Bangalore,1218,1,1218,2026,2,18,Wednesday,Headphones
976,2024-09-25,Electronics,Mumbai,4239,3,12717,2024,9,25,Wednesday,Watch
977,2026-04-02,Clothing,Bangalore,2145,3,6435,2026,4,2,Thursday,TV
978,2024-12-08,Groceries,Chennai,4759,3,14277,2024,12,8,Sunday,Headphones
979,2025-09-13,Electronics,Bangalore,273,2,546,2025,9,13,Saturday,Keyboard
980,2024-09-08,Clothing,Chennai,4267,6,25602,2024,9,8,Sunday,TV
981,2024-11-16,Electronics,Hyderabad,3336,4,13344,2024,11,16,Saturday,Laptop
982,2024-12-09,Electronics,Mumbai,2532,10,25320,2024,12,9,Monday,Watch
983,2024-09-15,Sports,Delhi,2280,7,15960,2024,9,15,Sunday,Keyboard
984,2024-11-14,Sports,Bangalore,662,4,2648,2024,11,14,Thursday,Tablet
985,2025-06-19,Clothing,Hyderabad,579,7,4053,2025,6,19,Thursday,Headphones
986,2025-03-23,Electronics,Hyderabad,3466,7,24262,2025,3,23,Sunday,Bag
987,2024-10-13,Sports,Bangalore,1091,6,6546,2024,10,13,Sunday,Phone
988,2024-07-19,Sports,Bangalore,3896,4,15584,2024,7,19,Friday,Bag
989,2025-04-25,Sports,Mumbai,3934,6,23604,2025,4,25,Friday,Camera
990,2024-07-15,Groceries,Bangalore,4466,4,17864,2024,7,15,Monday,TV
991,2026-01-26,Clothing,Hyderabad,4076,7,28532,2026,1,26,Monday,Tablet
992,2025-05-11,Electronics,Chennai,2329,1,2329,2025,5,11,Sunday,TV
993,2025-04-21,Furniture,Bangalore,4169,10,41690,2025,4,21,Monday,Camera
994,2026-01-03,Sports,Delhi,2956,5,14780,2026,1,3,Saturday,Watch
995,2026-06-02,Groceries,Chennai,113,8,904,2026,6,2,Tuesday,Laptop
996,2026-03-06,Furniture,Chennai,1517,8,12136,2026,3,6,Friday,Laptop
997,2026-02-06,Electronics,Chennai,2636,8,21088,2026,2,6,Friday,Laptop
998,2025-01-28,Clothing,Bangalore,2353,2,4706,2025,1,28,Tuesday,Headphones
999,2025-07-16,Furniture,Bangalore,4248,6,25488,2025,7,16,Wednesday,Watch
1000,2024-09-02,Groceries,Bangalore,1663,1,1663,2024,9,2,Monday,Phone
1001,2024-08-30,Electronics,Mumbai,3210,9,28890,2024,8,30,Friday,Phone
1002,2026-05-29,Electronics,Delhi,2374,9,21366,2026,5,29,Friday,Bag
1003,2026-04-01,Electronics,Bangalore,1448,10,14480,2026,4,1,Wednesday,Laptop
1004,2025-04-19,Sports,Delhi,1181,8,9448,2025,4,19,Saturday,Tablet
1005,2025-07-14,Clothing,Chennai,4130,4,16520,2025,7,14,Monday,Tablet
1006,2025-12-22,Clothing,Chennai,3067,6,18402,2025,12,22,Monday,Keyboard
1007,2025-11-30,Electronics,Chennai,4355,1,4355,2025,11,30,Sunday,Camera
1008,2024-10-08,Furniture,Mumbai,3593,9,32337,2024,10,8,Tuesday,Headphones
1009,2024-07-30,Furniture,Delhi,2457,9,22113,2024,7,30,Tuesday,Bag
1010,2024-10-25,Electronics,Bangalore,4907,9,44163,2024,10,25,Friday,Camera
1011,2025-01-28,Electronics,Mumbai,4064,10,40640,2025,1,28,Tuesday,Headphones
1012,2025-12-20,Groceries,Chennai,2204,8,17632,2025,12,20,Saturday,Shoes
1013,2026-05-05,Groceries,Bangalore,1117,6,6702,2026,5,5,Tuesday,Watch
1014,2025-05-17,Electronics,Hyderabad,4551,10,45510,2025,5,17,Saturday,Tablet
1015,2025-04-04,Clothing,Bangalore,2295,7,16065,2025,4,4,Friday,Phone
1016,2025-05-21,Furniture,Hyderabad,1549,3,4647,2025,5,21,Wednesday,Camera
1017,2025-05-07,Furniture,Mumbai,3125,5,15625,2025,5,7,Wednesday,Tablet
1018,2025-03-03,Clothing,Bangalore,1325,1,1325,2025,3,3,Monday,Shoes
1019,2026-02-07,Electronics,Hyderabad,1588,4,6352,2026,2,7,Saturday,Bag
1020,2026-06-16,Clothing,Delhi,4485,5,22425,2026,6,16,Tuesday,Headphones
1021,2025-02-02,Clothing,Delhi,663,4,2652,2025,2,2,Sunday,Laptop
1022,2025-10-19,Clothing,Mumbai,1549,9,13941,2025,10,19,Sunday,Keyboard
1023,2025-09-23,Sports,Delhi,3986,5,19930,2025,9,23,Tuesday,Phone
1024,2025-01-30,Furniture,Chennai,1788,8,14304,2025,1,30,Thursday,TV
1025,2025-06-21,Groceries,Mumbai,4903,5,24515,2025,6,21,Saturday,Headphones
1026,2025-10-10,Electronics,Hyderabad,3528,5,17640,2025,10,10,Friday,Headphones
1027,2026-03-28,Furniture,Mumbai,4872,4,19488,2026,3,28,Saturday,TV
1028,2026-04-23,Groceries,Delhi,1122,10,11220,2026,4,23,Thursday,Camera
1029,2025-02-14,Furniture,Delhi,2868,5,14340,2025,2,14,Friday,Laptop
1030,2025-01-08,Sports,Chennai,1307,3,3921,2025,1,8,Wednesday,Watch
1031,2026-04-15,Furniture,Hyderabad,3505,4,14020,2026,4,15,Wednesday,Watch
1032,2024-10-01,Sports,Bangalore,450,4,1800,2024,10,1,Tuesday,Laptop
1033,2024-12-30,Sports,Hyderabad,421,2,842,2024,12,30,Monday,Shoes
1034,2025-02-02,Sports,Mumbai,541,10,5410,2025,2,2,Sunday,Shoes
1035,2026-01-10,Sports,Bangalore,4593,6,27558,2026,1,10,Saturday,Watch
1036,2025-01-13,Furniture,Delhi,2468,2,4936,2025,1,13,Monday,Watch
1037,2025-01-02,Clothing,Mumbai,4243,6,25458,2025,1,2,Thursday,TV
1038,2024-12-23,Electronics,Delhi,1151,6,6906,2024,12,23,Monday,Camera
1039,2026-06-06,Groceries,Hyderabad,1196,7,8372,2026,6,6,Saturday,Headphones
1040,2024-12-12,Sports,Mumbai,1151,2,2302,2024,12,12,Thursday,Bag
1041,2024-10-27,Sports,Bangalore,2706,4,10824,2024,10,27,Sunday,Shoes
1042,2025-02-10,Sports,Bangalore,1699,9,15291,2025,2,10,Monday,Shoes
1043,2025-03-22,Groceries,Mumbai,575,3,1725,2025,3,22,Saturday,Phone
1044,2025-06-24,Groceries,Hyderabad,3869,8,30952,2025,6,24,Tuesday,Laptop
1045,2025-11-05,Groceries,Bangalore,3265,9,29385,2025,11,5,Wednesday,Camera
1046,2026-05-29,Groceries,Mumbai,666,7,4662,2026,5,29,Friday,TV
1047,2025-09-30,Electronics,Mumbai,3136,3,9408,2025,9,30,Tuesday,Laptop
1048,2025-04-29,Electronics,Mumbai,2426,2,4852,2025,4,29,Tuesday,Tablet
1049,2025-04-17,Groceries,Bangalore,2431,9,21879,2025,4,17,Thursday,Phone
1050,2025-03-24,Electronics,Bangalore,164,4,656,2025,3,24,Monday,Keyboard
1051,2025-01-18,Clothing,Chennai,378,8,3024,2025,1,18,Saturday,Watch
1052,2025-06-05,Electronics,Mumbai,1403,7,9821,2025,6,5,Thursday,Shoes
1053,2025-04-10,Sports,Mumbai,3048,7,21336,2025,4,10,Thursday,Headphones
1054,2025-03-05,Furniture,Chennai,4509,3,13527,2025,3,5,Wednesday,Laptop
1055,2026-01-20,Clothing,Delhi,1099,3,3297,2026,1,20,Tuesday,Laptop
1056,2024-08-15,Clothing,Mumbai,2487,8,19896,2024,8,15,Thursday,Watch
1057,2026-01-09,Clothing,Delhi,1492,9,13428,2026,1,9,Friday,Tablet
1058,2025-02-09,Furniture,Hyderabad,1766,8,14128,2025,2,9,Sunday,Tablet
1059,2024-07-02,Groceries,Hyderabad,2407,4,9628,2024,7,2,Tuesday,Bag
1060,2026-01-14,Furniture,Chennai,1353,1,1353,2026,1,14,Wednesday,Camera
1061,2025-04-01,Groceries,Hyderabad,3958,2,7916,2025,4,1,Tuesday,Keyboard
1062,2026-01-24,Electronics,Mumbai,4042,3,12126,2026,1,24,Saturday,TV
1063,2024-07-06,Clothing,Bangalore,3529,3,10587,2024,7,6,Saturday,Tablet
1064,2026-02-19,Sports,Hyderabad,2149,6,12894,2026,2,19,Thursday,Shoes
1065,2025-01-13,Electronics,Bangalore,1935,6,11610,2025,1,13,Monday,Keyboard
1066,2026-06-03,Clothing,Bangalore,3222,1,3222,2026,6,3,Wednesday,Phone
1067,2025-11-17,Clothing,Bangalore,4074,7,28518,2025,11,17,Monday,Bag
1068,2024-07-22,Clothing,Hyderabad,2547,3,7641,2024,7,22,Monday,Keyboard
1069,2026-04-21,Furniture,Mumbai,2563,2,5126,2026,4,21,Tuesday,Headphones
1070,2025-03-09,Sports,Hyderabad,3446,9,31014,2025,3,9,Sunday,Bag
1071,2025-04-26,Sports,Bangalore,2603,10,26030,2025,4,26,Saturday,Bag
1072,2025-07-17,Clothing,Mumbai,1019,7,7133,2025,7,17,Thursday,Watch
1073,2025-04-15,Electronics,Chennai,1235,8,9880,2025,4,15,Tuesday,Headphones
1074,2026-03-08,Furniture,Bangalore,3817,10,38170,2026,3,8,Sunday,Shoes
1075,2026-06-16,Clothing,Hyderabad,1213,10,12130,2026,6,16,Tuesday,Headphones
1076,2025-10-18,Sports,Bangalore,1086,2,2172,2025,10,18,Saturday,Tablet
1077,2026-06-28,Sports,Delhi,1416,4,5664,2026,6,28,Sunday,Tablet
1078,2026-05-30,Clothing,Hyderabad,1318,9,11862,2026,5,30,Saturday,Headphones
1079,2026-04-25,Groceries,Chennai,4902,1,4902,2026,4,25,Saturday,Watch
1080,2025-02-16,Sports,Chennai,4966,2,9932,2025,2,16,Sunday,Laptop
1081,2024-07-15,Electronics,Delhi,201,8,1608,2024,7,15,Monday,Shoes
1082,2024-08-18,Sports,Bangalore,2812,2,5624,2024,8,18,Sunday,Headphones
1083,2026-03-30,Groceries,Delhi,1793,9,16137,2026,3,30,Monday,Bag
1084,2025-01-24,Clothing,Mumbai,792,10,7920,2025,1,24,Friday,TV
1085,2025-10-01,Groceries,Delhi,627,3,1881,2025,10,1,Wednesday,Tablet
1086,2024-12-21,Sports,Hyderabad,3218,2,6436,2024,12,21,Saturday,TV
1087,2024-09-16,Electronics,Delhi,815,7,5705,2024,9,16,Monday,Shoes
1088,2024-07-20,Groceries,Delhi,403,10,4030,2024,7,20,Saturday,Bag
1089,2026-03-26,Electronics,Delhi,3284,9,29556,2026,3,26,Thursday,Camera
1090,2025-02-03,Sports,Mumbai,697,10,6970,2025,2,3,Monday,Camera
1091,2025-11-16,Electronics,Bangalore,3523,9,31707,2025,11,16,Sunday,Shoes
1092,2026-02-19,Sports,Bangalore,4336,10,43360,2026,2,19,Thursday,Phone
1093,2025-03-23,Sports,Delhi,4187,3,12561,2025,3,23,Sunday,Camera
1094,2025-05-16,Clothing,Chennai,2455,1,2455,2025,5,16,Friday,Tablet
1095,2025-12-05,Clothing,Bangalore,3072,8,24576,2025,12,5,Friday,Keyboard
1096,2025-07-05,Groceries,Hyderabad,2922,1,2922,2025,7,5,Saturday,Phone
1097,2025-05-14,Sports,Hyderabad,324,9,2916,2025,5,14,Wednesday,Phone
1098,2025-05-16,Sports,Chennai,4619,3,13857,2025,5,16,Friday,Camera
1099,2025-05-17,Clothing,Chennai,1185,9,10665,2025,5,17,Saturday,Phone
1100,2024-10-29,Furniture,Hyderabad,3506,2,7012,2024,10,29,Tuesday,Phone
1101,2024-08-27,Sports,Chennai,2789,6,16734,2024,8,27,Tuesday,Tablet
1102,2025-08-31,Clothing,Bangalore,3694,8,29552,2025,8,31,Sunday,Tablet
1103,2026-03-29,Clothing,Delhi,2099,4,8396,2026,3,29,Sunday,Keyboard
1104,2026-06-08,Clothing,Delhi,4291,4,17164,2026,6,8,Monday,TV
1105,2024-07-11,Clothing,Mumbai,4972,6,29832,2024,7,11,Thursday,Shoes
1106,2025-06-28,Electronics,Hyderabad,1374,1,1374,2025,6,28,Saturday,Shoes
1107,2025-01-10,Furniture,Bangalore,4443,7,31101,2025,1,10,Friday,Tablet
1108,2026-02-19,Clothing,Chennai,3619,8,28952,2026,2,19,Thursday,Watch
1109,2025-06-29,Electronics,Chennai,4309,9,38781,2025,6,29,Sunday,Bag
1110,2025-04-03,Sports,Chennai,2100,3,6300,2025,4,3,Thursday,TV
1111,2024-10-17,Furniture,Mumbai,2785,2,5570,2024,10,17,Thursday,Phone
1112,2024-09-14,Furniture,Hyderabad,2264,6,13584,2024,9,14,Saturday,Shoes
1113,2026-01-23,Sports,Delhi,4196,10,41960,2026,1,23,Friday,Phone
1114,2024-08-25,Electronics,Bangalore,3361,4,13444,2024,8,25,Sunday,Phone
1115,2024-10-23,Clothing,Hyderabad,1920,4,7680,2024,10,23,Wednesday,Camera
1116,2026-04-29,Groceries,Chennai,4074,9,36666,2026,4,29,Wednesday,Watch
1117,2025-10-22,Electronics,Hyderabad,3632,4,14528,2025,10,22,Wednesday,Shoes
1118,2026-03-17,Sports,Delhi,2126,1,2126,2026,3,17,Tuesday,Camera
1119,2025-03-01,Furniture,Delhi,1388,3,4164,2025,3,1,Saturday,Keyboard
1120,2025-04-18,Clothing,Hyderabad,1409,8,11272,2025,4,18,Friday,Watch
1121,2024-07-21,Groceries,Hyderabad,1118,2,2236,2024,7,21,Sunday,Keyboard
1122,2026-01-25,Electronics,Bangalore,4401,2,8802,2026,1,25,Sunday,Tablet
1123,2025-06-10,Groceries,Chennai,2317,10,23170,2025,6,10,Tuesday,Tablet
1124,2025-02-23,Groceries,Delhi,1073,5,5365,2025,2,23,Sunday,Tablet
1125,2025-03-15,Electronics,Delhi,2883,8,23064,2025,3,15,Saturday,Camera
1126,2024-10-18,Groceries,Mumbai,839,8,6712,2024,10,18,Friday,TV
1127,2024-12-20,Clothing,Delhi,1236,7,8652,2024,12,20,Friday,Camera
1128,2026-06-11,Electronics,Bangalore,3698,10,36980,2026,6,11,Thursday,TV
1129,2024-07-09,Clothing,Delhi,1839,3,5517,2024,7,9,Tuesday,Laptop
1130,2025-03-28,Groceries,Mumbai,4745,9,42705,2025,3,28,Friday,Watch
1131,2024-08-27,Furniture,Delhi,387,5,1935,2024,8,27,Tuesday,Shoes
1132,2025-12-21,Sports,Chennai,3795,5,18975,2025,12,21,Sunday,Tablet
1133,2024-12-08,Sports,Mumbai,3338,6,20028,2024,12,8,Sunday,Watch
1134,2024-12-03,Clothing,Mumbai,2094,7,14658,2024,12,3,Tuesday,Watch
1135,2024-10-29,Furniture,Chennai,4739,10,47390,2024,10,29,Tuesday,Phone
1136,2025-07-29,Clothing,Bangalore,4806,9,43254,2025,7,29,Tuesday,Phone
1137,2026-04-06,Clothing,Delhi,1963,1,1963,2026,4,6,Monday,TV
1138,2025-09-15,Electronics,Mumbai,4741,4,18964,2025,9,15,Monday,Laptop
1139,2025-09-21,Furniture,Bangalore,3835,1,3835,2025,9,21,Sunday,Shoes
1140,2026-03-16,Furniture,Bangalore,433,4,1732,2026,3,16,Monday,Keyboard
1141,2025-08-17,Clothing,Mumbai,4749,3,14247,2025,8,17,Sunday,Keyboard
1142,2026-05-16,Clothing,Bangalore,240,5,1200,2026,5,16,Saturday,Watch
1143,2024-11-15,Electronics,Bangalore,4383,3,13149,2024,11,15,Friday,Keyboard
1144,2025-02-05,Groceries,Mumbai,4239,6,25434,2025,2,5,Wednesday,Watch
1145,2026-01-21,Electronics,Hyderabad,2519,6,15114,2026,1,21,Wednesday,Laptop
1146,2024-12-19,Furniture,Chennai,2542,1,2542,2024,12,19,Thursday,Watch
1147,2025-11-17,Furniture,Hyderabad,294,7,2058,2025,11,17,Monday,Shoes
1148,2025-03-08,Electronics,Delhi,2529,6,15174,2025,3,8,Saturday,Bag
1149,2024-12-08,Sports,Delhi,4630,8,37040,2024,12,8,Sunday,Tablet
1150,2025-05-12,Furniture,Delhi,3537,8,28296,2025,5,12,Monday,Phone
1151,2026-05-06,Furniture,Chennai,3702,8,29616,2026,5,6,Wednesday,TV
1152,2025-12-08,Sports,Hyderabad,2261,7,15827,2025,12,8,Monday,Keyboard
1153,2026-04-02,Clothing,Chennai,2485,4,9940,2026,4,2,Thursday,Tablet
1154,2025-02-03,Clothing,Mumbai,1256,2,2512,2025,2,3,Monday,Headphones
1155,2025-07-09,Furniture,Bangalore,1532,10,15320,2025,7,9,Wednesday,Camera
1156,2025-04-16,Sports,Delhi,1988,4,7952,2025,4,16,Wednesday,Camera
1157,2024-09-07,Sports,Bangalore,4568,7,31976,2024,9,7,Saturday,Bag
1158,2024-08-22,Electronics,Hyderabad,667,5,3335,2024,8,22,Thursday,Headphones
1159,2025-01-10,Clothing,Hyderabad,707,8,5656,2025,1,10,Friday,Keyboard
1160,2024-09-24,Sports,Bangalore,4370,9,39330,2024,9,24,Tuesday,Bag
1161,2026-01-06,Sports,Delhi,2119,2,4238,2026,1,6,Tuesday,Phone
1162,2025-10-25,Furniture,Mumbai,3240,2,6480,2025,10,25,Saturday,Camera
1163,2025-04-06,Sports,Delhi,2664,9,23976,2025,4,6,Sunday,Phone
1164,2025-04-30,Groceries,Chennai,4104,7,28728,2025,4,30,Wednesday,Shoes
1165,2024-08-29,Sports,Delhi,4712,10,47120,2024,8,29,Thursday,Tablet
1166,2025-03-11,Electronics,Delhi,4557,6,27342,2025,3,11,Tuesday,Laptop
1167,2024-11-30,Clothing,Bangalore,3531,5,17655,2024,11,30,Saturday,Camera
1168,2025-03-31,Electronics,Bangalore,2970,5,14850,2025,3,31,Monday,TV
1169,2024-07-15,Sports,Delhi,1229,4,4916,2024,7,15,Monday,Tablet
1170,2026-06-04,Clothing,Hyderabad,810,10,8100,2026,6,4,Thursday,Tablet
1171,2026-05-27,Groceries,Chennai,1261,3,3783,2026,5,27,Wednesday,Laptop
1172,2026-04-18,Groceries,Chennai,2352,5,11760,2026,4,18,Saturday,Camera
1173,2025-10-16,Clothing,Mumbai,3424,6,20544,2025,10,16,Thursday,Camera
1174,2025-05-03,Sports,Chennai,1082,7,7574,2025,5,3,Saturday,TV
1175,2025-05-05,Groceries,Mumbai,798,3,2394,2025,5,5,Monday,Headphones
1176,2025-08-04,Sports,Chennai,1111,3,3333,2025,8,4,Monday,Phone
1177,2025-02-03,Groceries,Chennai,3466,10,34660,2025,2,3,Monday,Watch
1178,2026-01-03,Sports,Chennai,4224,4,16896,2026,1,3,Saturday,Bag
1179,2024-10-28,Furniture,Hyderabad,1965,3,5895,2024,10,28,Monday,Keyboard
1180,2024-11-11,Furniture,Chennai,3267,8,26136,2024,11,11,Monday,Bag
1181,2025-12-12,Clothing,Bangalore,466,10,4660,2025,12,12,Friday,Phone
1182,2025-03-09,Clothing,Mumbai,4705,6,28230,2025,3,9,Sunday,Keyboard
1183,2024-08-31,Clothing,Mumbai,2419,4,9676,2024,8,31,Saturday,Laptop
1184,2025-05-01,Electronics,Delhi,2852,1,2852,2025,5,1,Thursday,Headphones
1185,2025-03-26,Furniture,Bangalore,4569,5,22845,2025,3,26,Wednesday,Headphones
1186,2024-07-19,Furniture,Delhi,4671,4,18684,2024,7,19,Friday,Tablet
1187,2025-06-10,Clothing,Hyderabad,3056,5,15280,2025,6,10,Tuesday,Camera
1188,2025-07-23,Groceries,Delhi,4747,6,28482,2025,7,23,Wednesday,Watch
1189,2025-07-06,Furniture,Bangalore,1863,7,13041,2025,7,6,Sunday,Shoes
1190,2024-11-19,Groceries,Chennai,3727,7,26089,2024,11,19,Tuesday,Watch
1191,2026-06-24,Sports,Mumbai,2616,9,23544,2026,6,24,Wednesday,Bag
1192,2024-12-17,Electronics,Bangalore,2719,10,27190,2024,12,17,Tuesday,Bag
1193,2025-07-08,Furniture,Mumbai,2802,3,8406,2025,7,8,Tuesday,Keyboard
1194,2026-06-25,Clothing,Chennai,2073,2,4146,2026,6,25,Thursday,Bag
1195,2025-08-17,Groceries,Delhi,3213,7,22491,2025,8,17,Sunday,Shoes
1196,2025-12-16,Groceries,Hyderabad,3093,8,24744,2025,12,16,Tuesday,Bag
1197,2025-02-26,Sports,Mumbai,4419,3,13257,2025,2,26,Wednesday,Headphones
1198,2025-07-24,Clothing,Hyderabad,1406,3,4218,2025,7,24,Thursday,Tablet
1199,2025-06-28,Sports,Chennai,101,2,202,2025,6,28,Saturday,Tablet
1200,2026-04-18,Clothing,Hyderabad,2297,9,20673,2026,4,18,Saturday,Laptop
1201,2025-08-30,Sports,Mumbai,1926,6,11556,2025,8,30,Saturday,Phone
1202,2025-08-19,Electronics,Bangalore,1907,6,11442,2025,8,19,Tuesday,Headphones
1203,2024-12-10,Electronics,Hyderabad,4980,3,14940,2024,12,10,Tuesday,Laptop
1204,2025-05-19,Electronics,Hyderabad,1049,8,8392,2025,5,19,Monday,Tablet
1205,2024-11-09,Sports,Bangalore,1569,5,7845,2024,11,9,Saturday,Keyboard
1206,2024-09-23,Electronics,Mumbai,3278,10,32780,2024,9,23,Monday,Headphones
1207,2025-02-16,Furniture,Chennai,948,3,2844,2025,2,16,Sunday,Headphones
1208,2026-03-03,Groceries,Delhi,4433,9,39897,2026,3,3,Tuesday,Watch
1209,2025-06-06,Clothing,Hyderabad,986,4,3944,2025,6,6,Friday,Bag
1210,2026-06-19,Furniture,Chennai,3119,7,21833,2026,6,19,Friday,Laptop
1211,2024-11-26,Sports,Bangalore,2854,10,28540,2024,11,26,Tuesday,Bag
1212,2025-05-05,Electronics,Bangalore,2242,8,17936,2025,5,5,Monday,Camera
1213,2025-06-11,Electronics,Mumbai,3902,2,7804,2025,6,11,Wednesday,Camera
1214,2025-11-23,Sports,Chennai,182,3,546,2025,11,23,Sunday,Phone
1215,2024-09-02,Furniture,Chennai,4028,3,12084,2024,9,2,Monday,Camera
1216,2025-09-22,Furniture,Bangalore,184,10,1840,2025,9,22,Monday,Laptop
1217,2025-02-26,Furniture,Mumbai,4341,10,43410,2025,2,26,Wednesday,Headphones
1218,2025-07-29,Sports,Chennai,2224,3,6672,2025,7,29,Tuesday,Tablet
1219,2025-02-12,Furniture,Hyderabad,1361,5,6805,2025,2,12,Wednesday,Laptop
1220,2025-03-01,Sports,Bangalore,4998,6,29988,2025,3,1,Saturday,Keyboard
1221,2024-11-20,Groceries,Delhi,287,7,2009,2024,11,20,Wednesday,Camera
1222,2026-05-04,Electronics,Bangalore,3511,10,35110,2026,5,4,Monday,Shoes
1223,2024-09-20,Clothing,Hyderabad,3046,8,24368,2024,9,20,Friday,Phone
1224,2024-07-31,Furniture,Bangalore,1383,7,9681,2024,7,31,Wednesday,Camera
1225,2025-06-28,Groceries,Bangalore,1185,8,9480,2025,6,28,Saturday,Keyboard
1226,2025-06-04,Clothing,Hyderabad,3143,3,9429,2025,6,4,Wednesday,TV
1227,2026-04-17,Furniture,Delhi,4178,4,16712,2026,4,17,Friday,Camera
1228,2025-05-08,Clothing,Hyderabad,4194,6,25164,2025,5,8,Thursday,Camera
1229,2025-09-11,Furniture,Delhi,2194,3,6582,2025,9,11,Thursday,Keyboard
1230,2025-09-28,Sports,Bangalore,3436,9,30924,2025,9,28,Sunday,Shoes
1231,2024-12-01,Clothing,Hyderabad,4113,10,41130,2024,12,1,Sunday,TV
1232,2026-05-29,Clothing,Hyderabad,4532,5,22660,2026,5,29,Friday,Laptop
1233,2025-06-23,Furniture,Hyderabad,4627,2,9254,2025,6,23,Monday,Bag
1234,2026-06-22,Furniture,Mumbai,2507,6,15042,2026,6,22,Monday,Shoes
1235,2025-05-23,Groceries,Mumbai,1542,2,3084,2025,5,23,Friday,Keyboard
1236,2025-12-02,Electronics,Bangalore,4720,7,33040,2025,12,2,Tuesday,Shoes
1237,2024-12-29,Groceries,Mumbai,2499,8,19992,2024,12,29,Sunday,Tablet
1238,2026-01-27,Groceries,Mumbai,4736,1,4736,2026,1,27,Tuesday,Keyboard
1239,2024-12-25,Groceries,Bangalore,2667,5,13335,2024,12,25,Wednesday,Shoes
1240,2025-11-17,Sports,Chennai,4928,5,24640,2025,11,17,Monday,Shoes
1241,2025-04-22,Furniture,Bangalore,1972,3,5916,2025,4,22,Tuesday,Keyboard
1242,2026-02-16,Groceries,Delhi,1193,7,8351,2026,2,16,Monday,Watch
1243,2025-04-17,Clothing,Delhi,1696,4,6784,2025,4,17,Thursday,Phone
1244,2024-09-10,Electronics,Bangalore,2725,7,19075,2024,9,10,Tuesday,TV
1245,2025-02-11,Electronics,Mumbai,4980,6,29880,2025,2,11,Tuesday,Phone
1246,2024-10-19,Furniture,Delhi,2185,7,15295,2024,10,19,Saturday,Watch
1247,2026-03-13,Groceries,Mumbai,1359,6,8154,2026,3,13,Friday,Watch
1248,2025-11-05,Furniture,Hyderabad,1622,10,16220,2025,11,5,Wednesday,Bag
1249,2024-07-24,Sports,Hyderabad,3698,8,29584,2024,7,24,Wednesday,Keyboard
1250,2025-11-18,Groceries,Mumbai,356,4,1424,2025,11,18,Tuesday,Shoes
1251,2024-09-25,Groceries,Delhi,992,4,3968,2024,9,25,Wednesday,Headphones
1252,2025-10-24,Furniture,Hyderabad,2213,3,6639,2025,10,24,Friday,Bag
1253,2025-01-01,Electronics,Delhi,3540,5,17700,2025,1,1,Wednesday,Tablet
1254,2024-12-14,Sports,Chennai,2248,6,13488,2024,12,14,Saturday,Camera
1255,2026-06-17,Electronics,Hyderabad,972,2,1944,2026,6,17,Wednesday,Phone
1256,2025-01-17,Electronics,Bangalore,1979,8,15832,2025,1,17,Friday,Laptop
1257,2026-04-01,Groceries,Mumbai,2080,8,16640,2026,4,1,Wednesday,Bag
1258,2025-06-29,Furniture,Mumbai,1554,9,13986,2025,6,29,Sunday,Camera
1259,2024-12-10,Sports,Delhi,4283,9,38547,2024,12,10,Tuesday,Camera
1260,2024-12-26,Sports,Mumbai,1707,2,3414,2024,12,26,Thursday,TV
1261,2026-06-17,Furniture,Delhi,2381,7,16667,2026,6,17,Wednesday,Watch
1262,2026-03-05,Groceries,Chennai,1886,1,1886,2026,3,5,Thursday,Bag
1263,2025-03-16,Clothing,Delhi,4764,6,28584,2025,3,16,Sunday,Laptop
1264,2024-07-29,Clothing,Bangalore,1121,6,6726,2024,7,29,Monday,Headphones
1265,2025-03-28,Groceries,Delhi,3184,1,3184,2025,3,28,Friday,Bag
1266,2025-07-02,Electronics,Hyderabad,1345,1,1345,2025,7,2,Wednesday,TV
1267,2025-12-08,Electronics,Chennai,3152,8,25216,2025,12,8,Monday,Keyboard
1268,2025-08-06,Electronics,Mumbai,3583,6,21498,2025,8,6,Wednesday,Keyboard
1269,2024-07-22,Clothing,Chennai,1618,8,12944,2024,7,22,Monday,Watch
1270,2025-02-04,Sports,Delhi,3117,7,21819,2025,2,4,Tuesday,Shoes
1271,2025-09-17,Electronics,Chennai,4542,8,36336,2025,9,17,Wednesday,Tablet
1272,2025-01-28,Electronics,Mumbai,1366,3,4098,2025,1,28,Tuesday,Headphones
1273,2025-05-14,Electronics,Bangalore,2199,8,17592,2025,5,14,Wednesday,Keyboard
1274,2025-03-17,Furniture,Bangalore,1607,4,6428,2025,3,17,Monday,Phone
1275,2025-07-28,Furniture,Mumbai,541,4,2164,2025,7,28,Monday,Tablet
1276,2026-04-14,Electronics,Hyderabad,4367,6,26202,2026,4,14,Tuesday,Tablet
1277,2024-12-11,Sports,Hyderabad,4957,1,4957,2024,12,11,Wednesday,Keyboard
1278,2025-08-30,Furniture,Bangalore,4587,2,9174,2025,8,30,Saturday,Headphones
1279,2025-06-08,Groceries,Chennai,3397,8,27176,2025,6,8,Sunday,Headphones
1280,2024-11-26,Electronics,Bangalore,3659,4,14636,2024,11,26,Tuesday,Laptop
1281,2024-08-02,Groceries,Chennai,1209,10,12090,2024,8,2,Friday,Watch
1282,2026-04-06,Electronics,Chennai,1300,8,10400,2026,4,6,Monday,Bag
1283,2026-04-15,Furniture,Chennai,3694,9,33246,2026,4,15,Wednesday,Watch
1284,2025-07-06,Electronics,Delhi,3440,9,30960,2025,7,6,Sunday,TV
1285,2025-02-26,Electronics,Delhi,3281,1,3281,2025,2,26,Wednesday,Phone
1286,2025-10-22,Furniture,Mumbai,3370,7,23590,2025,10,22,Wednesday,Shoes
1287,2025-12-16,Furniture,Bangalore,4410,4,17640,2025,12,16,Tuesday,Laptop
1288,2026-04-05,Clothing,Hyderabad,4253,6,25518,2026,4,5,Sunday,TV
1289,2025-08-22,Groceries,Hyderabad,2353,5,11765,2025,8,22,Friday,TV
1290,2025-05-10,Clothing,Delhi,4141,9,37269,2025,5,10,Saturday,Camera
1291,2025-08-22,Sports,Bangalore,4697,5,23485,2025,8,22,Friday,Tablet
1292,2025-04-07,Furniture,Mumbai,1312,9,11808,2025,4,7,Monday,Laptop
1293,2024-11-12,Furniture,Bangalore,4127,7,28889,2024,11,12,Tuesday,Bag
1294,2024-07-28,Furniture,Bangalore,4544,1,4544,2024,7,28,Sunday,Shoes
1295,2025-11-10,Groceries,Chennai,2084,9,18756,2025,11,10,Monday,Headphones
1296,2026-05-20,Sports,Bangalore,2701,6,16206,2026,5,20,Wednesday,Laptop
1297,2025-10-25,Electronics,Chennai,3571,2,7142,2025,10,25,Saturday,Watch
1298,2026-03-26,Groceries,Delhi,663,7,4641,2026,3,26,Thursday,Camera
1299,2025-04-11,Groceries,Delhi,1854,4,7416,2025,4,11,Friday,Watch
1300,2025-12-26,Electronics,Bangalore,3803,1,3803,2025,12,26,Friday,Watch
1301,2025-09-18,Groceries,Delhi,3449,7,24143,2025,9,18,Thursday,Watch
1302,2025-08-27,Clothing,Delhi,4056,10,40560,2025,8,27,Wednesday,Headphones
1303,2025-08-16,Sports,Hyderabad,1988,4,7952,2025,8,16,Saturday,Shoes
1304,2025-08-04,Furniture,Mumbai,3648,8,29184,2025,8,4,Monday,Keyboard
1305,2025-11-24,Electronics,Chennai,2855,6,17130,2025,11,24,Monday,Watch
1306,2026-04-11,Clothing,Delhi,3223,3,9669,2026,4,11,Saturday,Phone
1307,2026-05-23,Electronics,Bangalore,2721,2,5442,2026,5,23,Saturday,Bag
1308,2025-10-21,Sports,Mumbai,671,3,2013,2025,10,21,Tuesday,Headphones
1309,2024-08-16,Sports,Mumbai,4854,6,29124,2024,8,16,Friday,Keyboard
1310,2025-12-25,Furniture,Hyderabad,4477,10,44770,2025,12,25,Thursday,Phone
1311,2026-03-07,Clothing,Delhi,3984,2,7968,2026,3,7,Saturday,TV
1312,2024-07-28,Clothing,Hyderabad,3945,7,27615,2024,7,28,Sunday,Keyboard
1313,2025-09-01,Sports,Delhi,1597,1,1597,2025,9,1,Monday,Phone
1314,2025-12-29,Clothing,Hyderabad,1625,3,4875,2025,12,29,Monday,Shoes
1315,2024-10-09,Groceries,Delhi,2234,7,15638,2024,10,9,Wednesday,Tablet
1316,2024-08-17,Electronics,Hyderabad,981,3,2943,2024,8,17,Saturday,Laptop
1317,2024-09-07,Electronics,Hyderabad,924,7,6468,2024,9,7,Saturday,Tablet
1318,2024-11-21,Clothing,Delhi,2939,6,17634,2024,11,21,Thursday,Keyboard
1319,2025-05-14,Clothing,Delhi,960,5,4800,2025,5,14,Wednesday,Bag
1320,2024-11-08,Clothing,Chennai,2426,8,19408,2024,11,8,Friday,Watch
1321,2024-08-01,Furniture,Delhi,1764,10,17640,2024,8,1,Thursday,Phone
1322,2026-06-22,Sports,Hyderabad,3676,6,22056,2026,6,22,Monday,Phone
1323,2026-02-02,Clothing,Bangalore,1002,1,1002,2026,2,2,Monday,Tablet
1324,2024-12-29,Groceries,Mumbai,3366,7,23562,2024,12,29,Sunday,Bag
1325,2024-12-04,Sports,Mumbai,4883,5,24415,2024,12,4,Wednesday,Shoes
1326,2024-10-31,Clothing,Chennai,4057,2,8114,2024,10,31,Thursday,Keyboard
1327,2025-08-26,Sports,Mumbai,4592,9,41328,2025,8,26,Tuesday,Headphones
1328,2024-08-18,Sports,Hyderabad,1681,6,10086,2024,8,18,Sunday,Tablet
1329,2025-08-21,Furniture,Delhi,592,10,5920,2025,8,21,Thursday,Watch
1330,2025-06-14,Groceries,Mumbai,2945,9,26505,2025,6,14,Saturday,Headphones
1331,2026-01-12,Sports,Delhi,3493,4,13972,2026,1,12,Monday,TV
1332,2025-01-18,Electronics,Delhi,2775,6,16650,2025,1,18,Saturday,Camera
1333,2026-02-14,Sports,Hyderabad,2409,8,19272,2026,2,14,Saturday,Laptop
1334,2025-10-21,Electronics,Chennai,2660,6,15960,2025,10,21,Tuesday,Laptop
1335,2024-09-04,Furniture,Hyderabad,993,6,5958,2024,9,4,Wednesday,Tablet
1336,2025-11-26,Sports,Chennai,497,2,994,2025,11,26,Wednesday,TV
1337,2026-06-14,Sports,Bangalore,1373,1,1373,2026,6,14,Sunday,Tablet
1338,2026-06-14,Furniture,Hyderabad,3244,4,12976,2026,6,14,Sunday,Camera
1339,2024-09-14,Electronics,Mumbai,1132,1,1132,2024,9,14,Saturday,Headphones
1340,2025-07-22,Sports,Hyderabad,2838,4,11352,2025,7,22,Tuesday,Bag
1341,2025-09-08,Clothing,Hyderabad,3179,4,12716,2025,9,8,Monday,Headphones
1342,2024-08-27,Sports,Delhi,881,7,6167,2024,8,27,Tuesday,Watch
1343,2025-03-01,Clothing,Chennai,1591,1,1591,2025,3,1,Saturday,Tablet
1344,2026-01-14,Sports,Chennai,4605,7,32235,2026,1,14,Wednesday,Laptop
1345,2024-10-01,Groceries,Bangalore,4803,9,43227,2024,10,1,Tuesday,Shoes
1346,2024-08-25,Furniture,Delhi,271,8,2168,2024,8,25,Sunday,Watch
1347,2026-02-23,Electronics,Hyderabad,1023,10,10230,2026,2,23,Monday,Phone
1348,2026-06-11,Groceries,Delhi,4841,8,38728,2026,6,11,Thursday,Phone
1349,2024-10-09,Furniture,Hyderabad,866,3,2598,2024,10,9,Wednesday,Camera
1350,2025-07-29,Furniture,Mumbai,4721,7,33047,2025,7,29,Tuesday,Headphones
1351,2025-08-28,Furniture,Chennai,2139,4,8556,2025,8,28,Thursday,Shoes
1352,2026-01-02,Clothing,Mumbai,2699,1,2699,2026,1,2,Friday,Laptop
1353,2025-08-02,Sports,Chennai,3605,4,14420,2025,8,2,Saturday,Bag
1354,2025-05-05,Groceries,Delhi,865,2,1730,2025,5,5,Monday,Shoes
1355,2026-06-03,Furniture,Chennai,127,2,254,2026,6,3,Wednesday,TV
1356,2025-10-16,Electronics,Bangalore,723,10,7230,2025,10,16,Thursday,Headphones
1357,2025-11-18,Electronics,Hyderabad,3036,7,21252,2025,11,18,Tuesday,Phone
1358,2024-12-12,Groceries,Delhi,1054,1,1054,2024,12,12,Thursday,Tablet
1359,2026-06-16,Electronics,Mumbai,1142,8,9136,2026,6,16,Tuesday,Bag
1360,2026-03-27,Clothing,Chennai,401,7,2807,2026,3,27,Friday,Headphones
1361,2026-04-16,Electronics,Mumbai,1947,10,19470,2026,4,16,Thursday,Camera
1362,2025-09-04,Electronics,Delhi,1529,4,6116,2025,9,4,Thursday,Laptop
1363,2024-08-21,Furniture,Chennai,3374,7,23618,2024,8,21,Wednesday,Bag
1364,2025-05-04,Furniture,Delhi,1164,8,9312,2025,5,4,Sunday,Keyboard
1365,2026-05-20,Clothing,Hyderabad,4994,7,34958,2026,5,20,Wednesday,Watch
1366,2024-08-10,Furniture,Hyderabad,3633,9,32697,2024,8,10,Saturday,Tablet
1367,2026-01-31,Electronics,Hyderabad,2205,6,13230,2026,1,31,Saturday,Bag
1368,2024-11-19,Groceries,Delhi,2952,1,2952,2024,11,19,Tuesday,Headphones
1369,2025-01-11,Sports,Delhi,3688,2,7376,2025,1,11,Saturday,Watch
1370,2026-03-24,Groceries,Bangalore,2739,8,21912,2026,3,24,Tuesday,Watch
1371,2025-05-18,Groceries,Bangalore,1521,1,1521,2025,5,18,Sunday,Tablet
1372,2026-04-30,Sports,Mumbai,2520,2,5040,2026,4,30,Thursday,Tablet
1373,2026-01-19,Electronics,Delhi,2568,10,25680,2026,1,19,Monday,Tablet
1374,2025-06-09,Furniture,Mumbai,2201,5,11005,2025,6,9,Monday,Laptop
1375,2025-03-28,Clothing,Bangalore,3705,7,25935,2025,3,28,Friday,Keyboard
1376,2025-04-09,Sports,Delhi,3833,4,15332,2025,4,9,Wednesday,Headphones
1377,2025-08-04,Sports,Mumbai,1696,4,6784,2025,8,4,Monday,Headphones
1378,2026-03-12,Groceries,Mumbai,703,1,703,2026,3,12,Thursday,Shoes
1379,2025-06-12,Groceries,Hyderabad,2131,4,8524,2025,6,12,Thursday,Bag
1380,2026-03-03,Clothing,Mumbai,2477,6,14862,2026,3,3,Tuesday,Keyboard
1381,2025-03-31,Clothing,Mumbai,3162,10,31620,2025,3,31,Monday,TV
1382,2025-08-29,Furniture,Mumbai,969,6,5814,2025,8,29,Friday,Bag
1383,2025-05-20,Furniture,Bangalore,2196,10,21960,2025,5,20,Tuesday,TV
1384,2026-04-14,Electronics,Delhi,3398,4,13592,2026,4,14,Tuesday,Shoes
1385,2025-01-10,Groceries,Hyderabad,1750,3,5250,2025,1,10,Friday,Phone
1386,2025-03-31,Electronics,Bangalore,3523,1,3523,2025,3,31,Monday,Tablet
1387,2025-04-03,Clothing,Chennai,3572,1,3572,2025,4,3,Thursday,Phone
1388,2025-10-01,Clothing,Hyderabad,1376,6,8256,2025,10,1,Wednesday,Laptop
1389,2024-12-27,Electronics,Bangalore,2266,4,9064,2024,12,27,Friday,Phone
1390,2025-08-17,Clothing,Hyderabad,191,3,573,2025,8,17,Sunday,Bag
1391,2026-05-08,Electronics,Bangalore,1887,1,1887,2026,5,8,Friday,Watch
1392,2025-01-11,Sports,Hyderabad,4701,7,32907,2025,1,11,Saturday,Keyboard
1393,2024-07-27,Sports,Delhi,3803,3,11409,2024,7,27,Saturday,Watch
1394,2024-10-13,Groceries,Bangalore,1984,8,15872,2024,10,13,Sunday,Headphones
1395,2026-02-23,Furniture,Hyderabad,3471,1,3471,2026,2,23,Monday,Laptop
1396,2026-06-10,Furniture,Hyderabad,4458,1,4458,2026,6,10,Wednesday,Headphones
1397,2025-07-18,Electronics,Delhi,2039,9,18351,2025,7,18,Friday,Phone
1398,2025-09-07,Sports,Delhi,1033,8,8264,2025,9,7,Sunday,Tablet
1399,2024-10-23,Clothing,Bangalore,707,6,4242,2024,10,23,Wednesday,Bag
1400,2026-04-02,Furniture,Mumbai,142,9,1278,2026,4,2,Thursday,Headphones
1401,2025-04-03,Clothing,Chennai,3146,8,25168,2025,4,3,Thursday,Bag
1402,2024-12-02,Electronics,Mumbai,4689,10,46890,2024,12,2,Monday,Watch
1403,2025-05-21,Sports,Chennai,966,7,6762,2025,5,21,Wednesday,Headphones
1404,2026-05-11,Furniture,Chennai,4773,6,28638,2026,5,11,Monday,Keyboard
1405,2025-01-08,Groceries,Mumbai,3215,8,25720,2025,1,8,Wednesday,Watch
1406,2025-02-28,Furniture,Mumbai,554,3,1662,2025,2,28,Friday,Tablet
1407,2025-02-02,Groceries,Delhi,3684,5,18420,2025,2,2,Sunday,Tablet
1408,2025-05-12,Groceries,Delhi,1682,5,8410,2025,5,12,Monday,Camera
1409,2025-07-03,Furniture,Mumbai,2195,2,4390,2025,7,3,Thursday,Headphones
1410,2025-01-17,Sports,Chennai,1235,6,7410,2025,1,17,Friday,Keyboard
1411,2025-08-06,Clothing,Mumbai,3569,7,24983,2025,8,6,Wednesday,Shoes
1412,2025-08-07,Furniture,Mumbai,1383,7,9681,2025,8,7,Thursday,Keyboard
1413,2026-03-10,Furniture,Mumbai,2003,6,12018,2026,3,10,Tuesday,Tablet
1414,2025-10-11,Clothing,Hyderabad,2544,5,12720,2025,10,11,Saturday,Keyboard
1415,2025-08-01,Clothing,Hyderabad,700,3,2100,2025,8,1,Friday,TV
1416,2025-02-15,Clothing,Chennai,2119,10,21190,2025,2,15,Saturday,Laptop
1417,2026-03-11,Clothing,Delhi,2712,7,18984,2026,3,11,Wednesday,Keyboard
1418,2025-05-09,Groceries,Bangalore,2820,9,25380,2025,5,9,Friday,Camera
1419,2025-12-19,Groceries,Chennai,1320,10,13200,2025,12,19,Friday,Bag
1420,2024-08-15,Groceries,Mumbai,993,1,993,2024,8,15,Thursday,Phone
1421,2024-08-26,Clothing,Bangalore,1996,5,9980,2024,8,26,Monday,Bag
1422,2024-10-09,Electronics,Bangalore,4145,9,37305,2024,10,9,Wednesday,Watch
1423,2025-08-11,Clothing,Delhi,2744,1,2744,2025,8,11,Monday,Bag
1424,2025-05-02,Sports,Hyderabad,2740,10,27400,2025,5,2,Friday,Phone
1425,2024-10-06,Clothing,Chennai,258,3,774,2024,10,6,Sunday,Watch
1426,2025-04-10,Groceries,Delhi,4528,7,31696,2025,4,10,Thursday,Camera
1427,2024-07-21,Electronics,Hyderabad,4365,3,13095,2024,7,21,Sunday,Shoes
1428,2025-10-05,Groceries,Chennai,4980,1,4980,2025,10,5,Sunday,Headphones
1429,2025-09-11,Furniture,Delhi,828,7,5796,2025,9,11,Thursday,Headphones
1430,2026-04-28,Clothing,Chennai,4414,9,39726,2026,4,28,Tuesday,Laptop
1431,2025-05-12,Furniture,Bangalore,4239,10,42390,2025,5,12,Monday,Camera
1432,2025-05-05,Furniture,Hyderabad,538,7,3766,2025,5,5,Monday,Laptop
1433,2025-12-23,Groceries,Bangalore,2509,1,2509,2025,12,23,Tuesday,Shoes
1434,2026-02-19,Furniture,Bangalore,2399,10,23990,2026,2,19,Thursday,Camera
1435,2026-03-12,Electronics,Hyderabad,4812,7,33684,2026,3,12,Thursday,Camera
1436,2025-06-16,Sports,Hyderabad,4413,10,44130,2025,6,16,Monday,TV
1437,2024-12-16,Groceries,Chennai,468,2,936,2024,12,16,Monday,TV
1438,2024-10-14,Electronics,Hyderabad,1298,2,2596,2024,10,14,Monday,Laptop
1439,2025-12-20,Furniture,Chennai,3605,8,28840,2025,12,20,Saturday,Tablet
1440,2026-05-18,Sports,Chennai,4539,3,13617,2026,5,18,Monday,Keyboard
1441,2025-01-31,Sports,Chennai,4308,6,25848,2025,1,31,Friday,Tablet
1442,2024-12-24,Groceries,Bangalore,2680,3,8040,2024,12,24,Tuesday,Watch
1443,2024-11-10,Sports,Mumbai,1582,2,3164,2024,11,10,Sunday,Laptop
1444,2026-06-26,Electronics,Delhi,2442,1,2442,2026,6,26,Friday,Shoes
1445,2025-01-17,Clothing,Bangalore,800,7,5600,2025,1,17,Friday,Keyboard
1446,2024-12-18,Electronics,Bangalore,3794,6,22764,2024,12,18,Wednesday,Tablet
1447,2024-12-05,Furniture,Chennai,4005,1,4005,2024,12,5,Thursday,Shoes
1448,2024-12-07,Clothing,Delhi,1073,7,7511,2024,12,7,Saturday,Headphones
1449,2025-05-22,Furniture,Mumbai,1269,3,3807,2025,5,22,Thursday,Shoes
1450,2024-08-22,Clothing,Hyderabad,2673,2,5346,2024,8,22,Thursday,Watch
1451,2025-08-02,Sports,Bangalore,3731,1,3731,2025,8,2,Saturday,Shoes
1452,2025-06-30,Groceries,Bangalore,3455,1,3455,2025,6,30,Monday,Bag
1453,2026-04-27,Furniture,Delhi,1639,3,4917,2026,4,27,Monday,TV
1454,2025-03-22,Clothing,Mumbai,3462,6,20772,2025,3,22,Saturday,Watch
1455,2024-07-24,Furniture,Chennai,4433,1,4433,2024,7,24,Wednesday,Tablet
1456,2025-03-14,Furniture,Chennai,4776,6,28656,2025,3,14,Friday,Watch
1457,2025-08-03,Furniture,Mumbai,1825,4,7300,2025,8,3,Sunday,Watch
1458,2025-10-26,Clothing,Bangalore,3434,1,3434,2025,10,26,Sunday,Laptop
1459,2026-06-07,Sports,Hyderabad,1271,7,8897,2026,6,7,Sunday,Keyboard
1460,2026-02-01,Groceries,Delhi,3162,2,6324,2026,2,1,Sunday,Keyboard
1461,2026-06-12,Sports,Mumbai,4787,9,43083,2026,6,12,Friday,Camera
1462,2026-04-27,Sports,Delhi,1700,10,17000,2026,4,27,Monday,Shoes
1463,2025-09-28,Furniture,Chennai,2672,9,24048,2025,9,28,Sunday,Keyboard
1464,2025-07-06,Electronics,Hyderabad,2815,5,14075,2025,7,6,Sunday,Headphones
1465,2025-10-29,Sports,Mumbai,912,8,7296,2025,10,29,Wednesday,Headphones
1466,2024-11-21,Furniture,Hyderabad,4869,9,43821,2024,11,21,Thursday,Watch
1467,2026-05-28,Electronics,Hyderabad,2723,3,8169,2026,5,28,Thursday,Watch
1468,2026-01-14,Groceries,Chennai,3919,3,11757,2026,1,14,Wednesday,Bag
1469,2025-07-18,Sports,Bangalore,994,3,2982,2025,7,18,Friday,Tablet
1470,2026-01-14,Groceries,Mumbai,4684,5,23420,2026,1,14,Wednesday,Laptop
1471,2024-10-04,Electronics,Bangalore,3275,7,22925,2024,10,4,Friday,Headphones
1472,2025-10-21,Clothing,Mumbai,4456,3,13368,2025,10,21,Tuesday,Headphones
1473,2026-05-14,Electronics,Mumbai,1667,1,1667,2026,5,14,Thursday,Watch
1474,2025-12-30,Clothing,Hyderabad,2862,8,22896,2025,12,30,Tuesday,Tablet
1475,2025-12-11,Furniture,Chennai,2674,3,8022,2025,12,11,Thursday,Laptop
1476,2025-01-15,Furniture,Hyderabad,2997,9,26973,2025,1,15,Wednesday,Tablet
1477,2025-01-11,Sports,Hyderabad,3026,7,21182,2025,1,11,Saturday,Bag
1478,2025-05-20,Groceries,Hyderabad,4507,8,36056,2025,5,20,Tuesday,Phone
1479,2025-05-15,Groceries,Chennai,2206,5,11030,2025,5,15,Thursday,TV
1480,2025-10-05,Groceries,Chennai,434,8,3472,2025,10,5,Sunday,Tablet
1481,2024-07-09,Clothing,Mumbai,420,6,2520,2024,7,9,Tuesday,Shoes
1482,2026-05-18,Clothing,Chennai,2525,3,7575,2026,5,18,Monday,TV
1483,2025-09-25,Groceries,Delhi,2736,6,16416,2025,9,25,Thursday,TV
1484,2026-05-11,Clothing,Bangalore,3700,5,18500,2026,5,11,Monday,Keyboard
1485,2025-03-16,Groceries,Chennai,4098,6,24588,2025,3,16,Sunday,Headphones
1486,2026-06-02,Sports,Chennai,3093,2,6186,2026,6,2,Tuesday,Tablet
1487,2026-06-20,Electronics,Mumbai,1418,3,4254,2026,6,20,Saturday,Tablet
1488,2025-03-17,Groceries,Hyderabad,4365,5,21825,2025,3,17,Monday,Headphones
1489,2026-06-03,Electronics,Chennai,1347,6,8082,2026,6,3,Wednesday,Headphones
1490,2026-01-28,Sports,Hyderabad,984,5,4920,2026,1,28,Wednesday,Laptop
1491,2025-12-12,Sports,Delhi,4756,6,28536,2025,12,12,Friday,Shoes
1492,2025-03-01,Groceries,Delhi,176,7,1232,2025,3,1,Saturday,Shoes
1493,2025-11-29,Electronics,Delhi,1135,1,1135,2025,11,29,Saturday,Camera
1494,2025-07-24,Groceries,Chennai,3725,3,11175,2025,7,24,Thursday,Camera
1495,2025-03-29,Electronics,Delhi,3143,9,28287,2025,3,29,Saturday,Phone
1496,2025-10-15,Electronics,Chennai,2425,1,2425,2025,10,15,Wednesday,Headphones
1497,2025-09-25,Sports,Delhi,3710,6,22260,2025,9,25,Thursday,Watch
1498,2026-05-25,Clothing,Delhi,2999,10,29990,2026,5,25,Monday,Headphones
1499,2024-11-18,Sports,Chennai,2660,8,21280,2024,11,18,Monday,Watch
1500,2025-01-14,Electronics,Chennai,4220,3,12660,2025,1,14,Tuesday,Tablet
1501,2025-07-01,Furniture,Delhi,2721,2,5442,2025,7,1,Tuesday,Phone
1502,2026-01-07,Groceries,Delhi,1688,1,1688,2026,1,7,Wednesday,Shoes
1503,2025-07-02,Clothing,Bangalore,2346,7,16422,2025,7,2,Wednesday,Laptop
1504,2025-11-07,Clothing,Chennai,850,5,4250,2025,11,7,Friday,Tablet
1505,2026-06-22,Electronics,Hyderabad,2858,3,8574,2026,6,22,Monday,Laptop
1506,2025-02-20,Furniture,Chennai,3053,4,12212,2025,2,20,Thursday,TV
1507,2025-06-25,Clothing,Bangalore,1619,4,6476,2025,6,25,Wednesday,Shoes
1508,2025-10-01,Furniture,Chennai,3123,7,21861,2025,10,1,Wednesday,Watch
1509,2026-03-22,Groceries,Chennai,2517,8,20136,2026,3,22,Sunday,Bag
1510,2024-09-26,Groceries,Mumbai,1625,1,1625,2024,9,26,Thursday,Watch
1511,2025-01-29,Furniture,Chennai,1697,6,10182,2025,1,29,Wednesday,Shoes
1512,2026-01-26,Groceries,Mumbai,2004,5,10020,2026,1,26,Monday,Headphones
1513,2024-12-29,Sports,Bangalore,1084,4,4336,2024,12,29,Sunday,Phone
1514,2025-01-21,Sports,Bangalore,4367,5,21835,2025,1,21,Tuesday,Keyboard
1515,2026-06-08,Furniture,Bangalore,3088,10,30880,2026,6,8,Monday,Shoes
1516,2025-07-05,Clothing,Mumbai,4474,7,31318,2025,7,5,Saturday,Headphones
1517,2025-12-15,Groceries,Delhi,1562,8,12496,2025,12,15,Monday,Camera
1518,2025-09-23,Furniture,Mumbai,4102,1,4102,2025,9,23,Tuesday,Keyboard
1519,2025-03-09,Clothing,Chennai,3829,3,11487,2025,3,9,Sunday,Phone
1520,2025-03-31,Furniture,Hyderabad,4869,4,19476,2025,3,31,Monday,Bag
1521,2024-11-04,Groceries,Bangalore,4619,1,4619,2024,11,4,Monday,Bag
1522,2026-04-29,Clothing,Chennai,1046,3,3138,2026,4,29,Wednesday,Watch
1523,2024-12-09,Electronics,Bangalore,509,9,4581,2024,12,9,Monday,TV
1524,2025-10-16,Electronics,Bangalore,4898,2,9796,2025,10,16,Thursday,Tablet
1525,2026-02-04,Electronics,Mumbai,159,1,159,2026,2,4,Wednesday,Headphones
1526,2024-10-03,Sports,Hyderabad,2705,9,24345,2024,10,3,Thursday,Camera
1527,2025-01-25,Groceries,Hyderabad,1913,9,17217,2025,1,25,Saturday,Camera
1528,2025-11-06,Electronics,Mumbai,3373,9,30357,2025,11,6,Thursday,Shoes
1529,2024-09-05,Groceries,Hyderabad,314,7,2198,2024,9,5,Thursday,Keyboard
1530,2024-11-02,Electronics,Chennai,4720,3,14160,2024,11,2,Saturday,Laptop
1531,2024-07-15,Sports,Chennai,834,6,5004,2024,7,15,Monday,Bag
1532,2025-10-10,Groceries,Mumbai,3627,8,29016,2025,10,10,Friday,Watch
1533,2025-06-30,Sports,Hyderabad,1992,4,7968,2025,6,30,Monday,Phone
1534,2025-03-15,Furniture,Chennai,677,5,3385,2025,3,15,Saturday,Laptop
1535,2025-10-13,Clothing,Bangalore,2283,5,11415,2025,10,13,Monday,Keyboard
1536,2025-09-08,Electronics,Hyderabad,2494,1,2494,2025,9,8,Monday,TV
1537,2026-04-26,Groceries,Bangalore,2363,8,18904,2026,4,26,Sunday,Shoes
1538,2024-10-13,Groceries,Hyderabad,3612,7,25284,2024,10,13,Sunday,Laptop
1539,2024-12-30,Clothing,Bangalore,2053,7,14371,2024,12,30,Monday,Laptop
1540,2025-07-24,Clothing,Delhi,1776,9,15984,2025,7,24,Thursday,TV
1541,2026-04-11,Electronics,Delhi,378,5,1890,2026,4,11,Saturday,TV
1542,2024-08-02,Sports,Delhi,2517,2,5034,2024,8,2,Friday,Tablet
1543,2024-08-09,Electronics,Chennai,1128,8,9024,2024,8,9,Friday,Laptop
1544,2026-05-30,Groceries,Delhi,192,2,384,2026,5,30,Saturday,Tablet
1545,2025-06-15,Electronics,Bangalore,534,6,3204,2025,6,15,Sunday,Tablet
1546,2024-07-02,Furniture,Mumbai,2984,10,29840,2024,7,2,Tuesday,TV
1547,2024-11-29,Groceries,Bangalore,4106,3,12318,2024,11,29,Friday,Headphones
1548,2026-05-25,Furniture,Bangalore,1375,10,13750,2026,5,25,Monday,Bag
1549,2025-01-21,Electronics,Bangalore,3163,7,22141,2025,1,21,Tuesday,Watch
1550,2024-11-17,Groceries,Bangalore,1459,9,13131,2024,11,17,Sunday,Keyboard
1551,2026-06-22,Furniture,Delhi,2767,2,5534,2026,6,22,Monday,Tablet
1552,2025-09-26,Sports,Chennai,4714,9,42426,2025,9,26,Friday,Keyboard
1553,2025-01-01,Clothing,Chennai,1557,4,6228,2025,1,1,Wednesday,Laptop
1554,2026-02-08,Clothing,Delhi,197,9,1773,2026,2,8,Sunday,TV
1555,2025-06-30,Groceries,Bangalore,3847,8,30776,2025,6,30,Monday,Camera
1556,2024-11-06,Electronics,Mumbai,3264,7,22848,2024,11,6,Wednesday,Tablet
1557,2025-01-10,Furniture,Delhi,1125,5,5625,2025,1,10,Friday,Headphones
1558,2026-05-30,Sports,Delhi,1115,2,2230,2026,5,30,Saturday,Camera
1559,2025-09-18,Electronics,Delhi,3878,6,23268,2025,9,18,Thursday,Keyboard
1560,2025-11-29,Groceries,Mumbai,3553,2,7106,2025,11,29,Saturday,Shoes
1561,2026-05-09,Clothing,Chennai,1845,10,18450,2026,5,9,Saturday,Camera
1562,2025-03-15,Electronics,Bangalore,1655,4,6620,2025,3,15,Saturday,Tablet
1563,2025-12-24,Groceries,Chennai,4341,1,4341,2025,12,24,Wednesday,Watch
1564,2024-08-29,Electronics,Bangalore,4190,5,20950,2024,8,29,Thursday,Phone
1565,2026-01-28,Electronics,Bangalore,1243,1,1243,2026,1,28,Wednesday,Bag
1566,2025-12-16,Furniture,Hyderabad,3129,6,18774,2025,12,16,Tuesday,Laptop
1567,2026-06-05,Electronics,Mumbai,4533,8,36264,2026,6,5,Friday,Bag
1568,2025-11-08,Sports,Delhi,4543,3,13629,2025,11,8,Saturday,Shoes
1569,2025-07-01,Furniture,Bangalore,3578,3,10734,2025,7,1,Tuesday,Shoes
1570,2024-08-12,Clothing,Bangalore,3457,6,20742,2024,8,12,Monday,Camera
1571,2026-01-22,Furniture,Hyderabad,1945,6,11670,2026,1,22,Thursday,Keyboard
1572,2024-07-24,Groceries,Chennai,733,4,2932,2024,7,24,Wednesday,Laptop
1573,2024-10-11,Clothing,Hyderabad,1911,7,13377,2024,10,11,Friday,Headphones
1574,2026-03-29,Groceries,Bangalore,3114,5,15570,2026,3,29,Sunday,Tablet
1575,2025-11-16,Sports,Delhi,2099,10,20990,2025,11,16,Sunday,Tablet
1576,2025-12-23,Electronics,Delhi,2668,2,5336,2025,12,23,Tuesday,TV
1577,2025-09-07,Clothing,Hyderabad,1580,3,4740,2025,9,7,Sunday,TV
1578,2026-05-08,Groceries,Chennai,2746,5,13730,2026,5,8,Friday,Tablet
1579,2025-10-19,Electronics,Bangalore,3462,1,3462,2025,10,19,Sunday,Laptop
1580,2025-11-09,Clothing,Bangalore,4038,4,16152,2025,11,9,Sunday,Bag
1581,2025-07-04,Electronics,Hyderabad,4532,8,36256,2025,7,4,Friday,Watch
1582,2025-06-07,Furniture,Hyderabad,4065,7,28455,2025,6,7,Saturday,Tablet
1583,2024-08-01,Electronics,Mumbai,4458,5,22290,2024,8,1,Thursday,TV
1584,2026-03-14,Groceries,Delhi,1223,1,1223,2026,3,14,Saturday,Watch
1585,2024-12-11,Clothing,Delhi,2809,2,5618,2024,12,11,Wednesday,Keyboard
1586,2025-06-13,Electronics,Bangalore,1778,10,17780,2025,6,13,Friday,Headphones
1587,2025-05-08,Electronics,Chennai,4357,2,8714,2025,5,8,Thursday,Phone
1588,2026-04-13,Sports,Hyderabad,2939,6,17634,2026,4,13,Monday,Watch
1589,2026-05-11,Groceries,Chennai,3990,6,23940,2026,5,11,Monday,Headphones
1590,2025-10-04,Sports,Hyderabad,3912,4,15648,2025,10,4,Saturday,Phone
1591,2024-11-01,Furniture,Chennai,3597,6,21582,2024,11,1,Friday,Bag
1592,2025-03-03,Furniture,Delhi,3949,5,19745,2025,3,3,Monday,Phone
1593,2026-04-18,Groceries,Bangalore,2868,1,2868,2026,4,18,Saturday,Bag
1594,2025-02-22,Groceries,Hyderabad,4619,7,32333,2025,2,22,Saturday,Laptop
1595,2025-11-18,Electronics,Bangalore,1454,6,8724,2025,11,18,Tuesday,Camera
1596,2025-05-14,Furniture,Delhi,900,6,5400,2025,5,14,Wednesday,Headphones
1597,2025-02-26,Sports,Chennai,105,5,525,2025,2,26,Wednesday,Keyboard
1598,2024-12-12,Groceries,Hyderabad,2315,8,18520,2024,12,12,Thursday,Keyboard
1599,2024-09-26,Groceries,Mumbai,3609,2,7218,2024,9,26,Thursday,Laptop
1600,2025-03-04,Electronics,Mumbai,2226,7,15582,2025,3,4,Tuesday,Laptop
1601,2025-05-24,Groceries,Delhi,4367,7,30569,2025,5,24,Saturday,TV
1602,2024-11-07,Clothing,Bangalore,272,10,2720,2024,11,7,Thursday,Keyboard
1603,2026-03-09,Sports,Hyderabad,4288,7,30016,2026,3,9,Monday,TV
1604,2026-01-06,Sports,Hyderabad,4640,1,4640,2026,1,6,Tuesday,Phone
1605,2025-09-26,Groceries,Bangalore,3021,4,12084,2025,9,26,Friday,Bag
1606,2025-09-12,Furniture,Bangalore,3899,10,38990,2025,9,12,Friday,Bag
1607,2025-04-07,Groceries,Bangalore,331,6,1986,2025,4,7,Monday,Shoes
1608,2024-08-30,Clothing,Delhi,3233,5,16165,2024,8,30,Friday,Tablet
1609,2026-03-30,Groceries,Chennai,954,2,1908,2026,3,30,Monday,Watch
1610,2024-12-29,Electronics,Delhi,754,10,7540,2024,12,29,Sunday,Laptop
1611,2024-11-03,Sports,Delhi,2004,7,14028,2024,11,3,Sunday,Keyboard
1612,2024-09-04,Electronics,Hyderabad,3627,1,3627,2024,9,4,Wednesday,Phone
1613,2024-08-31,Electronics,Chennai,2220,5,11100,2024,8,31,Saturday,Laptop
1614,2025-10-09,Furniture,Bangalore,229,3,687,2025,10,9,Thursday,Camera
1615,2025-04-20,Electronics,Mumbai,3435,1,3435,2025,4,20,Sunday,Keyboard
1616,2025-07-09,Clothing,Bangalore,3953,2,7906,2025,7,9,Wednesday,Bag
1617,2026-05-04,Groceries,Mumbai,1314,1,1314,2026,5,4,Monday,Camera
1618,2026-03-03,Furniture,Chennai,366,6,2196,2026,3,3,Tuesday,Camera
1619,2025-10-26,Groceries,Hyderabad,4686,5,23430,2025,10,26,Sunday,Tablet
1620,2024-11-08,Furniture,Delhi,427,10,4270,2024,11,8,Friday,Phone
1621,2025-08-16,Electronics,Hyderabad,4645,7,32515,2025,8,16,Saturday,Laptop
1622,2024-07-28,Electronics,Delhi,3997,10,39970,2024,7,28,Sunday,Keyboard
1623,2025-09-20,Groceries,Mumbai,3853,2,7706,2025,9,20,Saturday,Bag
1624,2024-09-10,Groceries,Chennai,2514,6,15084,2024,9,10,Tuesday,Laptop
1625,2024-10-23,Electronics,Mumbai,2260,7,15820,2024,10,23,Wednesday,Phone
1626,2024-11-02,Clothing,Bangalore,3317,6,19902,2024,11,2,Saturday,Headphones
1627,2025-12-14,Clothing,Bangalore,246,10,2460,2025,12,14,Sunday,Bag
1628,2024-07-03,Electronics,Delhi,3831,4,15324,2024,7,3,Wednesday,Bag
1629,2025-07-02,Furniture,Hyderabad,2409,2,4818,2025,7,2,Wednesday,Bag
1630,2025-06-30,Sports,Hyderabad,2423,7,16961,2025,6,30,Monday,TV
1631,2026-05-02,Furniture,Hyderabad,1924,6,11544,2026,5,2,Saturday,Bag
1632,2025-11-17,Clothing,Mumbai,3074,9,27666,2025,11,17,Monday,Camera
1633,2026-05-26,Sports,Chennai,4179,6,25074,2026,5,26,Tuesday,Bag
1634,2025-08-31,Groceries,Hyderabad,218,8,1744,2025,8,31,Sunday,Tablet
1635,2025-05-24,Electronics,Bangalore,3610,7,25270,2025,5,24,Saturday,Shoes
1636,2025-04-23,Groceries,Bangalore,3155,7,22085,2025,4,23,Wednesday,Tablet
1637,2025-01-09,Clothing,Mumbai,1307,5,6535,2025,1,9,Thursday,Tablet
1638,2026-05-06,Sports,Chennai,3362,7,23534,2026,5,6,Wednesday,Laptop
1639,2024-12-02,Groceries,Delhi,2957,9,26613,2024,12,2,Monday,Headphones
1640,2025-05-15,Electronics,Bangalore,357,5,1785,2025,5,15,Thursday,Keyboard
1641,2025-07-14,Sports,Delhi,4872,3,14616,2025,7,14,Monday,Laptop
1642,2025-10-05,Clothing,Chennai,2449,7,17143,2025,10,5,Sunday,Laptop
1643,2024-08-10,Sports,Hyderabad,4059,6,24354,2024,8,10,Saturday,TV
1644,2026-01-12,Electronics,Chennai,4837,4,19348,2026,1,12,Monday,Bag
1645,2025-07-29,Electronics,Delhi,4668,3,14004,2025,7,29,Tuesday,Phone
1646,2025-04-22,Sports,Hyderabad,3958,4,15832,2025,4,22,Tuesday,Keyboard
1647,2025-12-23,Electronics,Mumbai,3230,2,6460,2025,12,23,Tuesday,Laptop
1648,2026-03-18,Furniture,Mumbai,827,1,827,2026,3,18,Wednesday,TV
1649,2026-04-16,Sports,Mumbai,851,9,7659,2026,4,16,Thursday,Watch
1650,2025-11-22,Electronics,Chennai,2241,3,6723,2025,11,22,Saturday,Camera
1651,2024-11-28,Clothing,Delhi,4374,9,39366,2024,11,28,Thursday,Keyboard
1652,2024-10-13,Electronics,Chennai,1561,1,1561,2024,10,13,Sunday,Watch
1653,2024-09-03,Groceries,Mumbai,457,8,3656,2024,9,3,Tuesday,Shoes
1654,2024-06-30,Sports,Chennai,2873,1,2873,2024,6,30,Sunday,Watch
1655,2025-12-04,Groceries,Bangalore,4148,6,24888,2025,12,4,Thursday,Camera
1656,2026-04-24,Groceries,Mumbai,496,10,4960,2026,4,24,Friday,Bag
1657,2025-02-25,Furniture,Bangalore,2296,10,22960,2025,2,25,Tuesday,Bag
1658,2026-06-10,Clothing,Chennai,753,1,753,2026,6,10,Wednesday,Watch
1659,2026-01-14,Groceries,Hyderabad,3045,1,3045,2026,1,14,Wednesday,TV
1660,2026-05-12,Furniture,Mumbai,1405,5,7025,2026,5,12,Tuesday,TV
1661,2026-04-28,Groceries,Hyderabad,2045,2,4090,2026,4,28,Tuesday,Keyboard
1662,2026-05-04,Clothing,Hyderabad,2328,8,18624,2026,5,4,Monday,Camera
1663,2024-12-18,Groceries,Hyderabad,1603,4,6412,2024,12,18,Wednesday,TV
1664,2026-03-06,Clothing,Bangalore,935,2,1870,2026,3,6,Friday,Watch
1665,2024-11-03,Sports,Hyderabad,674,4,2696,2024,11,3,Sunday,Watch
1666,2026-02-22,Sports,Hyderabad,3719,2,7438,2026,2,22,Sunday,Tablet
1667,2026-03-22,Groceries,Chennai,4986,5,24930,2026,3,22,Sunday,Tablet
1668,2025-03-13,Furniture,Hyderabad,1230,6,7380,2025,3,13,Thursday,Shoes
1669,2025-11-10,Groceries,Hyderabad,579,3,1737,2025,11,10,Monday,TV
1670,2026-04-06,Electronics,Chennai,2313,3,6939,2026,4,6,Monday,TV
1671,2025-04-02,Furniture,Hyderabad,4436,10,44360,2025,4,2,Wednesday,Watch
1672,2025-10-22,Clothing,Chennai,3585,4,14340,2025,10,22,Wednesday,Phone
1673,2024-10-23,Clothing,Bangalore,4680,5,23400,2024,10,23,Wednesday,Shoes
1674,2025-01-20,Groceries,Bangalore,1949,7,13643,2025,1,20,Monday,Phone
1675,2025-10-04,Groceries,Mumbai,2596,7,18172,2025,10,4,Saturday,Tablet
1676,2025-05-09,Clothing,Hyderabad,1142,4,4568,2025,5,9,Friday,Keyboard
1677,2025-03-10,Groceries,Hyderabad,154,8,1232,2025,3,10,Monday,Bag
1678,2026-03-14,Clothing,Hyderabad,4482,4,17928,2026,3,14,Saturday,Laptop
1679,2024-10-11,Groceries,Delhi,3363,1,3363,2024,10,11,Friday,Laptop
1680,2024-12-24,Groceries,Chennai,3500,6,21000,2024,12,24,Tuesday,Keyboard
1681,2025-07-23,Furniture,Delhi,3821,8,30568,2025,7,23,Wednesday,TV
1682,2025-05-01,Groceries,Hyderabad,746,4,2984,2025,5,1,Thursday,Headphones
1683,2025-03-30,Electronics,Mumbai,2478,2,4956,2025,3,30,Sunday,Bag
1684,2026-03-11,Electronics,Bangalore,2284,6,13704,2026,3,11,Wednesday,Phone
1685,2025-06-05,Furniture,Hyderabad,4458,3,13374,2025,6,5,Thursday,Shoes
1686,2026-04-21,Clothing,Bangalore,4390,3,13170,2026,4,21,Tuesday,Headphones
1687,2024-10-08,Furniture,Bangalore,1771,2,3542,2024,10,8,Tuesday,Bag
1688,2025-11-21,Groceries,Mumbai,1700,1,1700,2025,11,21,Friday,Tablet
1689,2025-01-31,Electronics,Hyderabad,4488,9,40392,2025,1,31,Friday,Headphones
1690,2025-09-15,Clothing,Delhi,4312,5,21560,2025,9,15,Monday,Watch
1691,2024-08-31,Clothing,Mumbai,1737,2,3474,2024,8,31,Saturday,Bag
1692,2025-09-22,Electronics,Mumbai,3068,6,18408,2025,9,22,Monday,Headphones
1693,2025-07-03,Groceries,Mumbai,3167,2,6334,2025,7,3,Thursday,Keyboard
1694,2024-10-02,Furniture,Chennai,3927,8,31416,2024,10,2,Wednesday,Shoes
1695,2025-10-25,Groceries,Bangalore,1921,9,17289,2025,10,25,Saturday,Tablet
1696,2026-05-03,Furniture,Bangalore,472,8,3776,2026,5,3,Sunday,Shoes
1697,2025-11-25,Electronics,Mumbai,2837,5,14185,2025,11,25,Tuesday,Watch
1698,2025-05-24,Electronics,Bangalore,282,9,2538,2025,5,24,Saturday,Watch
1699,2025-07-22,Groceries,Delhi,122,1,122,2025,7,22,Tuesday,Headphones
1700,2025-01-22,Sports,Bangalore,3810,6,22860,2025,1,22,Wednesday,Tablet
1701,2024-11-23,Clothing,Mumbai,4714,5,23570,2024,11,23,Saturday,Shoes
1702,2024-09-03,Clothing,Hyderabad,1813,7,12691,2024,9,3,Tuesday,Headphones
1703,2025-09-23,Furniture,Bangalore,2259,3,6777,2025,9,23,Tuesday,Laptop
1704,2024-12-10,Electronics,Chennai,1363,6,8178,2024,12,10,Tuesday,Camera
1705,2026-05-12,Electronics,Mumbai,700,3,2100,2026,5,12,Tuesday,Bag
1706,2024-11-16,Sports,Hyderabad,200,6,1200,2024,11,16,Saturday,Watch
1707,2024-11-30,Electronics,Hyderabad,1636,8,13088,2024,11,30,Saturday,TV
1708,2025-01-12,Clothing,Mumbai,2093,6,12558,2025,1,12,Sunday,Tablet
1709,2025-04-20,Furniture,Delhi,468,7,3276,2025,4,20,Sunday,Shoes
1710,2024-11-05,Electronics,Bangalore,3680,8,29440,2024,11,5,Tuesday,Camera
1711,2025-02-23,Sports,Delhi,1624,3,4872,2025,2,23,Sunday,Shoes
1712,2025-09-01,Sports,Mumbai,4467,10,44670,2025,9,1,Monday,Phone
1713,2025-09-24,Sports,Hyderabad,1074,10,10740,2025,9,24,Wednesday,Tablet
1714,2026-03-15,Furniture,Mumbai,4871,10,48710,2026,3,15,Sunday,Camera
1715,2025-11-28,Groceries,Hyderabad,4337,5,21685,2025,11,28,Friday,Shoes
1716,2024-07-05,Electronics,Chennai,807,1,807,2024,7,5,Friday,Camera
1717,2024-11-07,Clothing,Mumbai,1578,8,12624,2024,11,7,Thursday,Camera
1718,2025-04-15,Furniture,Delhi,3999,9,35991,2025,4,15,Tuesday,Tablet
1719,2025-01-29,Clothing,Mumbai,333,7,2331,2025,1,29,Wednesday,Phone
1720,2025-03-24,Sports,Hyderabad,3428,4,13712,2025,3,24,Monday,TV
1721,2026-03-12,Furniture,Bangalore,2108,2,4216,2026,3,12,Thursday,Watch
1722,2025-06-28,Groceries,Hyderabad,3656,9,32904,2025,6,28,Saturday,Laptop
1723,2025-04-06,Furniture,Delhi,3157,2,6314,2025,4,6,Sunday,Tablet
1724,2024-11-01,Furniture,Bangalore,2048,5,10240,2024,11,1,Friday,Phone
1725,2024-08-29,Clothing,Bangalore,4672,6,28032,2024,8,29,Thursday,Bag
1726,2025-07-19,Sports,Hyderabad,2464,7,17248,2025,7,19,Saturday,Watch
1727,2026-01-16,Furniture,Chennai,1671,3,5013,2026,1,16,Friday,Headphones
1728,2026-02-21,Sports,Mumbai,2963,8,23704,2026,2,21,Saturday,Headphones
1729,2026-06-16,Electronics,Mumbai,561,1,561,2026,6,16,Tuesday,Laptop
1730,2025-05-16,Clothing,Chennai,1944,5,9720,2025,5,16,Friday,Watch
1731,2025-12-28,Furniture,Mumbai,4263,6,25578,2025,12,28,Sunday,Laptop
1732,2025-09-12,Furniture,Hyderabad,1812,2,3624,2025,9,12,Friday,Shoes
1733,2024-10-19,Groceries,Chennai,1531,2,3062,2024,10,19,Saturday,TV
1734,2024-10-28,Clothing,Delhi,4690,5,23450,2024,10,28,Monday,Watch
1735,2025-08-27,Sports,Bangalore,340,9,3060,2025,8,27,Wednesday,Bag
1736,2025-07-28,Groceries,Hyderabad,3648,3,10944,2025,7,28,Monday,Phone
1737,2024-10-08,Groceries,Mumbai,3242,7,22694,2024,10,8,Tuesday,TV
1738,2026-05-21,Electronics,Bangalore,3682,4,14728,2026,5,21,Thursday,Keyboard
1739,2025-02-06,Clothing,Bangalore,4557,10,45570,2025,2,6,Thursday,Laptop
1740,2025-11-11,Electronics,Hyderabad,2451,4,9804,2025,11,11,Tuesday,Headphones
1741,2026-02-28,Furniture,Delhi,1104,10,11040,2026,2,28,Saturday,Keyboard
1742,2025-11-13,Clothing,Hyderabad,391,5,1955,2025,11,13,Thursday,Bag
1743,2026-06-17,Groceries,Mumbai,801,10,8010,2026,6,17,Wednesday,Headphones
1744,2025-07-28,Sports,Delhi,1709,2,3418,2025,7,28,Monday,TV
1745,2024-10-09,Furniture,Chennai,4999,3,14997,2024,10,9,Wednesday,Laptop
1746,2025-10-10,Clothing,Mumbai,3078,1,3078,2025,10,10,Friday,Bag
1747,2026-05-11,Groceries,Bangalore,3117,7,21819,2026,5,11,Monday,Camera
1748,2024-12-06,Clothing,Bangalore,1173,9,10557,2024,12,6,Friday,Shoes
1749,2026-04-26,Clothing,Hyderabad,4208,1,4208,2026,4,26,Sunday,Watch
1750,2025-09-16,Electronics,Hyderabad,4716,2,9432,2025,9,16,Tuesday,Phone
1751,2024-08-22,Electronics,Hyderabad,1649,7,11543,2024,8,22,Thursday,Watch
1752,2024-09-09,Clothing,Bangalore,294,6,1764,2024,9,9,Monday,Watch
1753,2026-01-18,Electronics,Mumbai,655,2,1310,2026,1,18,Sunday,Keyboard
1754,2025-03-29,Furniture,Mumbai,3851,9,34659,2025,3,29,Saturday,Keyboard
1755,2024-08-08,Groceries,Mumbai,1494,2,2988,2024,8,8,Thursday,Headphones
1756,2025-07-18,Sports,Chennai,3767,3,11301,2025,7,18,Friday,TV
1757,2026-01-08,Furniture,Chennai,1290,6,7740,2026,1,8,Thursday,Laptop
1758,2024-08-07,Furniture,Mumbai,4766,4,19064,2024,8,7,Wednesday,Camera
1759,2026-03-17,Clothing,Hyderabad,1462,8,11696,2026,3,17,Tuesday,Phone
1760,2024-11-26,Groceries,Hyderabad,3895,10,38950,2024,11,26,Tuesday,Laptop
1761,2025-11-26,Furniture,Delhi,3177,4,12708,2025,11,26,Wednesday,Laptop
1762,2025-01-14,Groceries,Chennai,1730,10,17300,2025,1,14,Tuesday,Laptop
1763,2026-06-18,Groceries,Mumbai,274,5,1370,2026,6,18,Thursday,Headphones
1764,2024-12-02,Electronics,Chennai,3549,4,14196,2024,12,2,Monday,Phone
1765,2025-09-09,Sports,Hyderabad,2008,4,8032,2025,9,9,Tuesday,Shoes
1766,2026-02-26,Furniture,Bangalore,1429,4,5716,2026,2,26,Thursday,Keyboard
1767,2024-08-05,Groceries,Chennai,4368,9,39312,2024,8,5,Monday,Headphones
1768,2025-08-12,Electronics,Hyderabad,3683,9,33147,2025,8,12,Tuesday,Keyboard
1769,2024-09-15,Electronics,Hyderabad,2678,5,13390,2024,9,15,Sunday,Shoes
1770,2026-05-08,Groceries,Bangalore,3212,4,12848,2026,5,8,Friday,Watch
1771,2024-09-16,Clothing,Bangalore,1622,5,8110,2024,9,16,Monday,Camera
1772,2026-04-29,Electronics,Chennai,4065,1,4065,2026,4,29,Wednesday,Bag
1773,2024-10-14,Electronics,Hyderabad,3875,10,38750,2024,10,14,Monday,Bag
1774,2026-03-12,Electronics,Chennai,1919,5,9595,2026,3,12,Thursday,TV
1775,2025-05-05,Furniture,Bangalore,1839,6,11034,2025,5,5,Monday,Headphones
1776,2026-02-07,Electronics,Chennai,3746,6,22476,2026,2,7,Saturday,Headphones
1777,2025-03-14,Furniture,Delhi,1289,1,1289,2025,3,14,Friday,Phone
1778,2024-08-16,Sports,Chennai,2374,9,21366,2024,8,16,Friday,Laptop
1779,2026-05-20,Clothing,Mumbai,796,6,4776,2026,5,20,Wednesday,Watch
1780,2025-08-31,Sports,Bangalore,4370,10,43700,2025,8,31,Sunday,Phone
1781,2025-06-13,Sports,Mumbai,2404,8,19232,2025,6,13,Friday,Keyboard
1782,2024-10-29,Sports,Delhi,2683,4,10732,2024,10,29,Tuesday,Phone
1783,2024-11-16,Clothing,Chennai,4535,3,13605,2024,11,16,Saturday,Phone
1784,2026-03-21,Electronics,Hyderabad,2080,8,16640,2026,3,21,Saturday,Bag
1785,2025-01-13,Groceries,Chennai,4679,6,28074,2025,1,13,Monday,Laptop
1786,2025-08-12,Sports,Delhi,1867,10,18670,2025,8,12,Tuesday,Keyboard
1787,2025-02-26,Clothing,Bangalore,510,6,3060,2025,2,26,Wednesday,Phone
1788,2025-01-06,Electronics,Chennai,749,2,1498,2025,1,6,Monday,Headphones
1789,2025-06-02,Electronics,Delhi,512,4,2048,2025,6,2,Monday,Phone
1790,2026-06-19,Groceries,Hyderabad,1673,1,1673,2026,6,19,Friday,Tablet
1791,2026-04-15,Electronics,Mumbai,3678,9,33102,2026,4,15,Wednesday,Camera
1792,2026-01-05,Clothing,Hyderabad,971,5,4855,2026,1,5,Monday,Watch
1793,2026-06-22,Furniture,Hyderabad,1904,2,3808,2026,6,22,Monday,Headphones
1794,2025-12-29,Furniture,Chennai,983,1,983,2025,12,29,Monday,Camera
1795,2026-02-04,Furniture,Delhi,4884,8,39072,2026,2,4,Wednesday,Keyboard
1796,2025-03-28,Sports,Mumbai,562,10,5620,2025,3,28,Friday,Camera
1797,2025-06-15,Clothing,Hyderabad,830,10,8300,2025,6,15,Sunday,Laptop
1798,2024-11-05,Sports,Delhi,1743,7,12201,2024,11,5,Tuesday,Phone
1799,2024-12-28,Furniture,Bangalore,325,9,2925,2024,12,28,Saturday,Camera
1800,2025-09-08,Clothing,Chennai,2141,9,19269,2025,9,8,Monday,Phone
1801,2025-08-13,Clothing,Chennai,3744,10,37440,2025,8,13,Wednesday,Watch
1802,2025-11-07,Sports,Bangalore,1481,8,11848,2025,11,7,Friday,Laptop
1803,2025-07-05,Clothing,Chennai,1942,2,3884,2025,7,5,Saturday,Keyboard
1804,2025-08-06,Groceries,Hyderabad,1885,9,16965,2025,8,6,Wednesday,Laptop
1805,2026-01-20,Clothing,Delhi,343,10,3430,2026,1,20,Tuesday,Shoes
1806,2026-04-18,Sports,Mumbai,4783,8,38264,2026,4,18,Saturday,Watch
1807,2025-05-21,Furniture,Bangalore,2476,2,4952,2025,5,21,Wednesday,Phone
1808,2025-05-29,Electronics,Chennai,2695,8,21560,2025,5,29,Thursday,TV
1809,2025-11-11,Clothing,Bangalore,3027,8,24216,2025,11,11,Tuesday,Headphones
1810,2024-07-01,Electronics,Hyderabad,3624,3,10872,2024,7,1,Monday,Bag
1811,2026-06-03,Groceries,Hyderabad,4566,4,18264,2026,6,3,Wednesday,Tablet
1812,2025-09-17,Clothing,Hyderabad,117,4,468,2025,9,17,Wednesday,Phone
1813,2024-11-21,Sports,Bangalore,2164,5,10820,2024,11,21,Thursday,TV
1814,2024-09-10,Clothing,Delhi,3651,5,18255,2024,9,10,Tuesday,Laptop
1815,2026-04-26,Clothing,Mumbai,2128,9,19152,2026,4,26,Sunday,Shoes
1816,2026-06-19,Sports,Mumbai,374,3,1122,2026,6,19,Friday,Phone
1817,2025-10-15,Electronics,Mumbai,3732,4,14928,2025,10,15,Wednesday,Camera
1818,2026-05-18,Sports,Hyderabad,2649,3,7947,2026,5,18,Monday,Tablet
1819,2025-01-09,Furniture,Chennai,1646,7,11522,2025,1,9,Thursday,Shoes
1820,2024-08-14,Furniture,Delhi,251,2,502,2024,8,14,Wednesday,Camera
1821,2025-06-26,Groceries,Mumbai,1524,2,3048,2025,6,26,Thursday,Phone
1822,2025-02-18,Clothing,Delhi,4258,2,8516,2025,2,18,Tuesday,Bag
1823,2025-06-01,Groceries,Bangalore,2501,5,12505,2025,6,1,Sunday,Bag
1824,2024-09-22,Sports,Mumbai,1884,2,3768,2024,9,22,Sunday,Camera
1825,2024-12-09,Clothing,Mumbai,432,2,864,2024,12,9,Monday,Phone
1826,2025-08-19,Electronics,Chennai,4427,8,35416,2025,8,19,Tuesday,Phone
1827,2024-08-13,Furniture,Hyderabad,3554,6,21324,2024,8,13,Tuesday,Bag
1828,2026-04-06,Clothing,Bangalore,121,7,847,2026,4,6,Monday,Bag
1829,2024-10-29,Groceries,Delhi,3631,1,3631,2024,10,29,Tuesday,Bag
1830,2026-01-06,Groceries,Mumbai,4852,9,43668,2026,1,6,Tuesday,Camera
1831,2025-07-11,Groceries,Mumbai,1353,10,13530,2025,7,11,Friday,Shoes
1832,2025-03-10,Clothing,Hyderabad,2964,10,29640,2025,3,10,Monday,Laptop
1833,2025-12-29,Sports,Mumbai,332,7,2324,2025,12,29,Monday,Camera
1834,2026-06-09,Groceries,Delhi,2270,10,22700,2026,6,9,Tuesday,Camera
1835,2025-11-05,Groceries,Chennai,1688,1,1688,2025,11,5,Wednesday,TV
1836,2026-03-07,Groceries,Chennai,4232,9,38088,2026,3,7,Saturday,Headphones
1837,2026-02-28,Groceries,Delhi,1351,1,1351,2026,2,28,Saturday,Phone
1838,2026-03-08,Electronics,Bangalore,755,6,4530,2026,3,8,Sunday,Shoes
1839,2026-04-30,Groceries,Bangalore,1277,10,12770,2026,4,30,Thursday,TV
1840,2025-02-14,Sports,Chennai,2304,1,2304,2025,2,14,Friday,Shoes
1841,2025-05-20,Groceries,Delhi,4005,3,12015,2025,5,20,Tuesday,Keyboard
1842,2025-08-08,Electronics,Hyderabad,3204,9,28836,2025,8,8,Friday,Bag
1843,2025-04-27,Electronics,Bangalore,1669,6,10014,2025,4,27,Sunday,Phone
1844,2025-03-20,Furniture,Hyderabad,4645,8,37160,2025,3,20,Thursday,Watch
1845,2025-05-21,Electronics,Chennai,983,5,4915,2025,5,21,Wednesday,Phone
1846,2025-10-14,Sports,Delhi,3148,10,31480,2025,10,14,Tuesday,Laptop
1847,2024-12-31,Electronics,Chennai,4163,1,4163,2024,12,31,Tuesday,Shoes
1848,2024-11-21,Electronics,Mumbai,3073,7,21511,2024,11,21,Thursday,Headphones
1849,2024-07-28,Furniture,Delhi,3553,3,10659,2024,7,28,Sunday,Bag
1850,2024-09-27,Sports,Mumbai,2636,4,10544,2024,9,27,Friday,Tablet
1851,2025-10-24,Electronics,Bangalore,1442,8,11536,2025,10,24,Friday,Bag
1852,2024-10-16,Electronics,Chennai,2060,3,6180,2024,10,16,Wednesday,Headphones
1853,2025-09-15,Groceries,Delhi,2324,8,18592,2025,9,15,Monday,Shoes
1854,2025-01-02,Clothing,Mumbai,3245,2,6490,2025,1,2,Thursday,TV
1855,2026-06-09,Clothing,Hyderabad,643,6,3858,2026,6,9,Tuesday,TV
1856,2024-07-24,Clothing,Bangalore,2339,5,11695,2024,7,24,Wednesday,Headphones
1857,2025-07-30,Furniture,Hyderabad,2612,9,23508,2025,7,30,Wednesday,Camera
1858,2025-10-19,Sports,Hyderabad,1609,9,14481,2025,10,19,Sunday,Tablet
1859,2025-12-29,Groceries,Chennai,4082,8,32656,2025,12,29,Monday,Shoes
1860,2025-05-22,Sports,Bangalore,1681,2,3362,2025,5,22,Thursday,Tablet
1861,2025-08-24,Groceries,Chennai,3811,10,38110,2025,8,24,Sunday,Headphones
1862,2025-03-29,Groceries,Delhi,507,5,2535,2025,3,29,Saturday,Watch
1863,2024-08-06,Sports,Bangalore,2553,6,15318,2024,8,6,Tuesday,Shoes
1864,2025-11-04,Groceries,Delhi,1966,4,7864,2025,11,4,Tuesday,Shoes
1865,2024-08-25,Electronics,Delhi,3677,1,3677,2024,8,25,Sunday,Phone
1866,2025-03-28,Electronics,Delhi,3007,3,9021,2025,3,28,Friday,Shoes
1867,2024-11-02,Furniture,Chennai,4737,5,23685,2024,11,2,Saturday,Phone
1868,2025-04-12,Electronics,Bangalore,2117,8,16936,2025,4,12,Saturday,Shoes
1869,2024-07-27,Groceries,Hyderabad,2408,2,4816,2024,7,27,Saturday,Phone
1870,2025-11-12,Sports,Mumbai,3741,6,22446,2025,11,12,Wednesday,Bag
1871,2025-09-08,Electronics,Hyderabad,3755,8,30040,2025,9,8,Monday,Watch
1872,2025-01-18,Groceries,Delhi,1270,5,6350,2025,1,18,Saturday,Shoes
1873,2025-01-08,Clothing,Hyderabad,4052,8,32416,2025,1,8,Wednesday,Laptop
1874,2025-07-21,Electronics,Mumbai,1536,6,9216,2025,7,21,Monday,TV
1875,2025-10-25,Sports,Delhi,3247,5,16235,2025,10,25,Saturday,Bag
1876,2025-04-27,Sports,Bangalore,656,4,2624,2025,4,27,Sunday,Tablet
1877,2025-02-24,Electronics,Bangalore,3737,2,7474,2025,2,24,Monday,Phone
1878,2025-01-13,Electronics,Mumbai,1560,8,12480,2025,1,13,Monday,Shoes
1879,2025-03-20,Furniture,Hyderabad,4859,2,9718,2025,3,20,Thursday,Bag
1880,2025-09-17,Clothing,Chennai,1402,3,4206,2025,9,17,Wednesday,TV
1881,2025-04-07,Sports,Chennai,2964,3,8892,2025,4,7,Monday,Phone
1882,2026-04-04,Electronics,Bangalore,4188,1,4188,2026,4,4,Saturday,Keyboard
1883,2026-04-16,Furniture,Hyderabad,4669,10,46690,2026,4,16,Thursday,Tablet
1884,2024-08-08,Electronics,Bangalore,4728,5,23640,2024,8,8,Thursday,Laptop
1885,2024-07-17,Groceries,Chennai,2341,7,16387,2024,7,17,Wednesday,Tablet
1886,2024-12-14,Clothing,Mumbai,3481,3,10443,2024,12,14,Saturday,Laptop
1887,2025-09-25,Furniture,Delhi,4550,8,36400,2025,9,25,Thursday,Tablet
1888,2026-02-12,Clothing,Delhi,2974,8,23792,2026,2,12,Thursday,TV
1889,2025-05-01,Electronics,Mumbai,2370,6,14220,2025,5,1,Thursday,Watch
1890,2026-04-16,Electronics,Mumbai,958,5,4790,2026,4,16,Thursday,Tablet
1891,2025-11-22,Clothing,Chennai,1875,7,13125,2025,11,22,Saturday,Phone
1892,2025-06-21,Furniture,Mumbai,669,10,6690,2025,6,21,Saturday,Shoes
1893,2025-08-14,Groceries,Hyderabad,1184,5,5920,2025,8,14,Thursday,TV
1894,2026-04-17,Groceries,Delhi,3007,10,30070,2026,4,17,Friday,Headphones
1895,2025-08-06,Clothing,Hyderabad,307,3,921,2025,8,6,Wednesday,Phone
1896,2026-03-10,Clothing,Hyderabad,3218,2,6436,2026,3,10,Tuesday,Camera
1897,2025-06-10,Groceries,Chennai,4112,1,4112,2025,6,10,Tuesday,Camera
1898,2026-03-03,Groceries,Mumbai,1007,3,3021,2026,3,3,Tuesday,Tablet
1899,2024-10-30,Sports,Bangalore,1119,9,10071,2024,10,30,Wednesday,Laptop
1900,2025-09-24,Clothing,Hyderabad,4760,10,47600,2025,9,24,Wednesday,Bag
1901,2025-04-13,Electronics,Delhi,4773,10,47730,2025,4,13,Sunday,Camera
1902,2026-06-27,Clothing,Bangalore,3964,5,19820,2026,6,27,Saturday,Camera
1903,2025-05-18,Groceries,Chennai,955,1,955,2025,5,18,Sunday,Keyboard
1904,2024-12-19,Sports,Bangalore,2969,8,23752,2024,12,19,Thursday,Headphones
1905,2026-05-04,Clothing,Bangalore,4769,9,42921,2026,5,4,Monday,Phone
1906,2025-07-31,Electronics,Chennai,3216,5,16080,2025,7,31,Thursday,Watch
1907,2025-06-14,Furniture,Delhi,547,3,1641,2025,6,14,Saturday,Headphones
1908,2025-12-02,Clothing,Hyderabad,2884,10,28840,2025,12,2,Tuesday,Phone
1909,2026-05-31,Electronics,Hyderabad,986,2,1972,2026,5,31,Sunday,Laptop
1910,2025-07-23,Groceries,Chennai,1878,3,5634,2025,7,23,Wednesday,Laptop
1911,2024-12-11,Furniture,Bangalore,4662,8,37296,2024,12,11,Wednesday,Shoes
1912,2026-01-09,Furniture,Delhi,3173,2,6346,2026,1,9,Friday,Watch
1913,2026-03-30,Groceries,Bangalore,590,9,5310,2026,3,30,Monday,Shoes
1914,2024-11-29,Electronics,Delhi,3407,1,3407,2024,11,29,Friday,Shoes
1915,2025-07-11,Electronics,Hyderabad,2296,6,13776,2025,7,11,Friday,TV
1916,2025-01-07,Groceries,Mumbai,2974,10,29740,2025,1,7,Tuesday,TV
1917,2025-09-15,Sports,Delhi,495,9,4455,2025,9,15,Monday,Laptop
1918,2026-03-12,Furniture,Bangalore,4499,7,31493,2026,3,12,Thursday,Shoes
1919,2025-08-27,Clothing,Chennai,4659,8,37272,2025,8,27,Wednesday,Phone
1920,2026-04-15,Clothing,Hyderabad,2940,8,23520,2026,4,15,Wednesday,Shoes
1921,2025-11-01,Groceries,Mumbai,3154,4,12616,2025,11,1,Saturday,Phone
1922,2024-11-25,Clothing,Mumbai,4941,9,44469,2024,11,25,Monday,Watch
1923,2026-03-03,Furniture,Bangalore,1601,7,11207,2026,3,3,Tuesday,Camera
1924,2026-01-03,Sports,Chennai,3005,7,21035,2026,1,3,Saturday,Phone
1925,2025-05-29,Sports,Mumbai,896,5,4480,2025,5,29,Thursday,Bag
1926,2026-01-23,Clothing,Chennai,1448,3,4344,2026,1,23,Friday,Shoes
1927,2025-01-17,Sports,Hyderabad,2886,4,11544,2025,1,17,Friday,Watch
1928,2025-06-25,Electronics,Mumbai,2466,8,19728,2025,6,25,Wednesday,Tablet
1929,2024-06-30,Furniture,Hyderabad,1719,2,3438,2024,6,30,Sunday,Shoes
1930,2024-12-24,Sports,Mumbai,2544,4,10176,2024,12,24,Tuesday,Phone
1931,2024-07-03,Electronics,Delhi,3035,10,30350,2024,7,3,Wednesday,Bag
1932,2024-11-01,Groceries,Chennai,1855,5,9275,2024,11,1,Friday,Bag
1933,2026-05-11,Sports,Bangalore,4572,4,18288,2026,5,11,Monday,Camera
1934,2025-12-29,Electronics,Chennai,337,4,1348,2025,12,29,Monday,Headphones
1935,2026-04-30,Sports,Delhi,3501,9,31509,2026,4,30,Thursday,Headphones
1936,2025-10-09,Electronics,Bangalore,2640,6,15840,2025,10,9,Thursday,Phone
1937,2025-07-05,Electronics,Delhi,704,9,6336,2025,7,5,Saturday,Laptop
1938,2025-10-01,Clothing,Bangalore,302,3,906,2025,10,1,Wednesday,TV
1939,2025-03-12,Furniture,Hyderabad,171,4,684,2025,3,12,Wednesday,Tablet
1940,2026-04-08,Furniture,Chennai,2071,2,4142,2026,4,8,Wednesday,Keyboard
1941,2026-05-11,Groceries,Delhi,1534,6,9204,2026,5,11,Monday,Keyboard
1942,2025-02-07,Sports,Hyderabad,2481,7,17367,2025,2,7,Friday,Laptop
1943,2025-07-11,Electronics,Hyderabad,227,8,1816,2025,7,11,Friday,TV
1944,2026-05-02,Clothing,Bangalore,4021,10,40210,2026,5,2,Saturday,Watch
1945,2024-09-11,Sports,Chennai,2684,6,16104,2024,9,11,Wednesday,Phone
1946,2025-02-21,Groceries,Delhi,417,4,1668,2025,2,21,Friday,Camera
1947,2026-04-09,Clothing,Delhi,1345,4,5380,2026,4,9,Thursday,Headphones
1948,2025-04-06,Clothing,Delhi,262,8,2096,2025,4,6,Sunday,TV
1949,2026-06-15,Sports,Chennai,954,7,6678,2026,6,15,Monday,Phone
1950,2025-06-17,Groceries,Chennai,341,5,1705,2025,6,17,Tuesday,Headphones
1951,2024-10-20,Electronics,Mumbai,3131,10,31310,2024,10,20,Sunday,Phone
1952,2026-05-01,Clothing,Bangalore,2253,6,13518,2026,5,1,Friday,Shoes
1953,2026-01-23,Electronics,Hyderabad,1082,8,8656,2026,1,23,Friday,Shoes
1954,2026-03-19,Sports,Mumbai,4153,10,41530,2026,3,19,Thursday,Shoes
1955,2024-06-29,Clothing,Mumbai,2312,1,2312,2024,6,29,Saturday,Camera
1956,2025-02-25,Clothing,Mumbai,3459,8,27672,2025,2,25,Tuesday,Camera
1957,2025-05-14,Sports,Chennai,3468,5,17340,2025,5,14,Wednesday,Phone
1958,2026-03-12,Groceries,Chennai,2889,8,23112,2026,3,12,Thursday,Shoes
1959,2024-07-14,Groceries,Hyderabad,2757,9,24813,2024,7,14,Sunday,Shoes
1960,2025-11-06,Clothing,Hyderabad,2941,6,17646,2025,11,6,Thursday,Phone
1961,2025-03-30,Groceries,Bangalore,3555,4,14220,2025,3,30,Sunday,Laptop
1962,2025-04-10,Clothing,Chennai,4673,3,14019,2025,4,10,Thursday,Shoes
1963,2025-05-03,Groceries,Delhi,3358,7,23506,2025,5,3,Saturday,Camera
1964,2024-10-31,Clothing,Bangalore,3917,6,23502,2024,10,31,Thursday,Watch
1965,2026-05-27,Clothing,Chennai,1200,1,1200,2026,5,27,Wednesday,Headphones
1966,2025-06-27,Clothing,Chennai,3984,5,19920,2025,6,27,Friday,Watch
1967,2025-04-29,Electronics,Mumbai,3398,3,10194,2025,4,29,Tuesday,TV
1968,2025-04-15,Furniture,Chennai,4289,4,17156,2025,4,15,Tuesday,Shoes
1969,2025-11-07,Electronics,Mumbai,1931,3,5793,2025,11,7,Friday,Tablet
1970,2024-07-17,Groceries,Hyderabad,4722,3,14166,2024,7,17,Wednesday,Shoes
1971,2025-09-13,Furniture,Chennai,4629,8,37032,2025,9,13,Saturday,TV
1972,2025-03-26,Clothing,Bangalore,4200,4,16800,2025,3,26,Wednesday,Camera
1973,2025-05-04,Clothing,Bangalore,375,5,1875,2025,5,4,Sunday,Shoes
1974,2024-09-06,Electronics,Hyderabad,4158,8,33264,2024,9,6,Friday,Bag
1975,2026-04-03,Clothing,Chennai,2882,4,11528,2026,4,3,Friday,Laptop
1976,2026-01-29,Groceries,Delhi,4338,9,39042,2026,1,29,Thursday,Keyboard
1977,2024-10-14,Electronics,Chennai,2681,3,8043,2024,10,14,Monday,TV
1978,2024-09-15,Electronics,Mumbai,668,8,5344,2024,9,15,Sunday,Shoes
1979,2024-10-30,Sports,Bangalore,4478,2,8956,2024,10,30,Wednesday,Laptop
1980,2025-06-22,Clothing,Hyderabad,4365,5,21825,2025,6,22,Sunday,Phone
1981,2025-09-08,Furniture,Delhi,3767,3,11301,2025,9,8,Monday,Watch
1982,2025-05-11,Electronics,Delhi,299,8,2392,2025,5,11,Sunday,Keyboard
1983,2025-07-31,Groceries,Hyderabad,1331,4,5324,2025,7,31,Thursday,Keyboard
1984,2025-06-24,Electronics,Delhi,1709,1,1709,2025,6,24,Tuesday,Phone
1985,2024-11-17,Furniture,Chennai,4813,6,28878,2024,11,17,Sunday,Tablet
1986,2025-01-29,Sports,Chennai,4796,6,28776,2025,1,29,Wednesday,Bag
1987,2024-11-06,Sports,Mumbai,3779,1,3779,2024,11,6,Wednesday,Tablet
1988,2026-02-05,Sports,Bangalore,1266,10,12660,2026,2,5,Thursday,Laptop
1989,2026-04-22,Groceries,Mumbai,501,3,1503,2026,4,22,Wednesday,Phone
1990,2024-09-03,Furniture,Hyderabad,1227,6,7362,2024,9,3,Tuesday,Laptop
1991,2026-01-31,Sports,Chennai,2285,7,15995,2026,1,31,Saturday,TV
1992,2025-01-01,Groceries,Hyderabad,1602,4,6408,2025,1,1,Wednesday,Shoes
1993,2025-04-05,Sports,Delhi,3901,9,35109,2025,4,5,Saturday,Camera
1994,2024-10-21,Furniture,Delhi,1600,8,12800,2024,10,21,Monday,Camera
1995,2025-12-27,Sports,Hyderabad,4418,7,30926,2025,12,27,Saturday,Camera
1996,2026-04-07,Electronics,Delhi,1151,6,6906,2026,4,7,Tuesday,Laptop
1997,2025-12-08,Clothing,Delhi,4057,7,28399,2025,12,8,Monday,Tablet
1998,2025-03-07,Furniture,Bangalore,3447,1,3447,2025,3,7,Friday,Phone
1999,2024-09-05,Electronics,Bangalore,1767,2,3534,2024,9,5,Thursday,Bag
2000,2026-01-23,Clothing,Delhi,2095,2,4190,2026,1,23,Friday,Keyboard
2001,2026-02-27,Sports,Bangalore,1267,9,11403,2026,2,27,Friday,Phone
2002,2026-01-24,Furniture,Mumbai,2438,6,14628,2026,1,24,Saturday,Bag
2003,2026-02-07,Electronics,Mumbai,4322,3,12966,2026,2,7,Saturday,Laptop
2004,2025-08-24,Furniture,Bangalore,1585,7,11095,2025,8,24,Sunday,Watch
2005,2025-11-12,Furniture,Bangalore,2011,8,16088,2025,11,12,Wednesday,Phone
2006,2025-02-03,Groceries,Mumbai,4398,10,43980,2025,2,3,Monday,Bag
2007,2025-01-08,Sports,Chennai,4759,1,4759,2025,1,8,Wednesday,Keyboard
2008,2024-09-18,Clothing,Hyderabad,4428,3,13284,2024,9,18,Wednesday,Tablet
2009,2024-11-06,Groceries,Chennai,706,7,4942,2024,11,6,Wednesday,Bag
2010,2025-05-14,Groceries,Delhi,3973,2,7946,2025,5,14,Wednesday,Watch
2011,2025-08-21,Sports,Mumbai,2718,6,16308,2025,8,21,Thursday,Headphones
2012,2024-12-08,Clothing,Mumbai,2868,3,8604,2024,12,8,Sunday,Phone
2013,2024-10-18,Clothing,Mumbai,661,2,1322,2024,10,18,Friday,Shoes
2014,2024-08-09,Groceries,Hyderabad,1409,4,5636,2024,8,9,Friday,Laptop
2015,2025-05-07,Sports,Mumbai,4404,7,30828,2025,5,7,Wednesday,Camera
2016,2026-04-04,Electronics,Delhi,184,10,1840,2026,4,4,Saturday,Headphones
2017,2025-06-22,Sports,Chennai,2116,9,19044,2025,6,22,Sunday,TV
2018,2024-10-06,Electronics,Hyderabad,4550,3,13650,2024,10,6,Sunday,Laptop
2019,2025-08-04,Furniture,Chennai,872,10,8720,2025,8,4,Monday,Keyboard
2020,2026-02-15,Sports,Mumbai,505,1,505,2026,2,15,Sunday,Shoes
2021,2025-01-31,Electronics,Hyderabad,486,2,972,2025,1,31,Friday,Phone
2022,2025-11-29,Furniture,Mumbai,1155,5,5775,2025,11,29,Saturday,Laptop
2023,2024-09-13,Furniture,Bangalore,2718,1,2718,2024,9,13,Friday,Shoes
2024,2026-05-08,Sports,Delhi,1138,9,10242,2026,5,8,Friday,Shoes
2025,2024-12-02,Furniture,Delhi,4714,1,4714,2024,12,2,Monday,Keyboard
2026,2024-09-30,Electronics,Mumbai,4854,1,4854,2024,9,30,Monday,Bag
2027,2026-05-15,Furniture,Bangalore,1347,7,9429,2026,5,15,Friday,Tablet
2028,2024-09-21,Groceries,Mumbai,341,2,682,2024,9,21,Saturday,Shoes
2029,2025-07-03,Clothing,Mumbai,1024,10,10240,2025,7,3,Thursday,Phone
2030,2026-03-19,Groceries,Chennai,3722,6,22332,2026,3,19,Thursday,Laptop
2031,2024-11-22,Furniture,Delhi,500,1,500,2024,11,22,Friday,Phone
2032,2025-06-28,Furniture,Mumbai,188,8,1504,2025,6,28,Saturday,Bag
2033,2025-09-09,Electronics,Mumbai,4857,9,43713,2025,9,9,Tuesday,TV
2034,2024-12-23,Electronics,Mumbai,1605,3,4815,2024,12,23,Monday,TV
2035,2024-07-08,Sports,Chennai,2276,9,20484,2024,7,8,Monday,Watch
2036,2025-12-08,Electronics,Mumbai,2096,4,8384,2025,12,8,Monday,Watch
2037,2025-09-11,Electronics,Chennai,4635,2,9270,2025,9,11,Thursday,Watch
2038,2025-11-26,Furniture,Delhi,4795,5,23975,2025,11,26,Wednesday,Headphones
2039,2024-07-29,Sports,Mumbai,473,2,946,2024,7,29,Monday,Keyboard
2040,2026-06-12,Sports,Chennai,4533,7,31731,2026,6,12,Friday,Phone
2041,2025-03-14,Furniture,Bangalore,3523,8,28184,2025,3,14,Friday,TV
2042,2024-10-26,Furniture,Bangalore,1093,10,10930,2024,10,26,Saturday,Watch
2043,2025-04-06,Sports,Chennai,1672,3,5016,2025,4,6,Sunday,Shoes
2044,2026-02-11,Clothing,Bangalore,692,5,3460,2026,2,11,Wednesday,Shoes
2045,2025-12-11,Groceries,Mumbai,4725,6,28350,2025,12,11,Thursday,Keyboard
2046,2025-10-13,Clothing,Chennai,2868,1,2868,2025,10,13,Monday,Bag
2047,2025-02-21,Electronics,Mumbai,2375,3,7125,2025,2,21,Friday,Camera
2048,2025-06-05,Sports,Hyderabad,2200,9,19800,2025,6,5,Thursday,Shoes
2049,2025-09-23,Clothing,Hyderabad,1312,5,6560,2025,9,23,Tuesday,Watch
2050,2025-09-02,Electronics,Delhi,1056,7,7392,2025,9,2,Tuesday,Bag
2051,2025-10-19,Groceries,Delhi,2832,1,2832,2025,10,19,Sunday,Keyboard
2052,2024-07-13,Groceries,Bangalore,3789,5,18945,2024,7,13,Saturday,Headphones
2053,2025-08-03,Furniture,Chennai,2996,8,23968,2025,8,3,Sunday,Keyboard
2054,2024-10-04,Electronics,Hyderabad,886,8,7088,2024,10,4,Friday,Headphones
2055,2024-09-15,Furniture,Chennai,3911,1,3911,2024,9,15,Sunday,Phone
2056,2025-05-08,Furniture,Bangalore,1342,2,2684,2025,5,8,Thursday,Headphones
2057,2024-11-11,Groceries,Mumbai,387,9,3483,2024,11,11,Monday,Watch
2058,2024-11-10,Furniture,Bangalore,3533,1,3533,2024,11,10,Sunday,Camera
2059,2025-07-06,Groceries,Chennai,4116,9,37044,2025,7,6,Sunday,Camera
2060,2025-06-26,Sports,Delhi,1920,9,17280,2025,6,26,Thursday,Phone
2061,2024-07-15,Groceries,Chennai,4256,6,25536,2024,7,15,Monday,Camera
2062,2025-02-27,Sports,Chennai,3779,1,3779,2025,2,27,Thursday,TV
2063,2024-10-27,Furniture,Delhi,1720,5,8600,2024,10,27,Sunday,Headphones
2064,2024-10-24,Sports,Chennai,1702,5,8510,2024,10,24,Thursday,TV
2065,2026-03-03,Sports,Bangalore,2580,8,20640,2026,3,3,Tuesday,Bag
2066,2025-03-26,Sports,Chennai,4513,9,40617,2025,3,26,Wednesday,Camera
2067,2025-03-07,Groceries,Hyderabad,4718,5,23590,2025,3,7,Friday,Phone
2068,2025-07-19,Groceries,Hyderabad,2937,1,2937,2025,7,19,Saturday,Bag
2069,2025-06-02,Electronics,Bangalore,1710,10,17100,2025,6,2,Monday,Tablet
2070,2026-03-23,Groceries,Mumbai,868,9,7812,2026,3,23,Monday,TV
2071,2026-05-03,Furniture,Bangalore,3746,4,14984,2026,5,3,Sunday,Tablet
2072,2025-11-02,Furniture,Mumbai,1790,1,1790,2025,11,2,Sunday,TV
2073,2026-01-03,Sports,Bangalore,1410,8,11280,2026,1,3,Saturday,Headphones
2074,2026-05-10,Clothing,Chennai,4380,1,4380,2026,5,10,Sunday,Shoes
2075,2025-03-29,Clothing,Bangalore,1899,5,9495,2025,3,29,Saturday,Camera
2076,2025-09-13,Furniture,Chennai,2877,8,23016,2025,9,13,Saturday,Tablet
2077,2025-11-08,Furniture,Chennai,3844,5,19220,2025,11,8,Saturday,Laptop
2078,2025-07-11,Groceries,Chennai,2865,10,28650,2025,7,11,Friday,TV
2079,2025-09-28,Groceries,Delhi,1256,6,7536,2025,9,28,Sunday,Tablet
2080,2025-05-30,Furniture,Hyderabad,3239,7,22673,2025,5,30,Friday,Watch
2081,2025-09-11,Electronics,Hyderabad,1309,10,13090,2025,9,11,Thursday,Watch
2082,2026-02-16,Clothing,Delhi,3083,6,18498,2026,2,16,Monday,TV
2083,2025-03-16,Clothing,Chennai,4612,2,9224,2025,3,16,Sunday,Laptop
2084,2025-07-11,Furniture,Chennai,3355,3,10065,2025,7,11,Friday,TV
2085,2026-02-20,Clothing,Chennai,3215,6,19290,2026,2,20,Friday,Tablet
2086,2024-09-29,Furniture,Bangalore,3221,1,3221,2024,9,29,Sunday,Headphones
2087,2025-05-25,Clothing,Bangalore,890,5,4450,2025,5,25,Sunday,Keyboard
2088,2025-04-18,Clothing,Chennai,1799,9,16191,2025,4,18,Friday,Headphones
2089,2025-06-13,Clothing,Mumbai,1326,9,11934,2025,6,13,Friday,Camera
2090,2024-12-21,Groceries,Mumbai,1290,10,12900,2024,12,21,Saturday,Tablet
2091,2024-10-13,Groceries,Mumbai,2199,4,8796,2024,10,13,Sunday,TV
2092,2024-09-17,Sports,Hyderabad,3353,5,16765,2024,9,17,Tuesday,Phone
2093,2024-12-25,Sports,Bangalore,1636,8,13088,2024,12,25,Wednesday,Headphones
2094,2025-03-28,Groceries,Mumbai,2307,9,20763,2025,3,28,Friday,Bag
2095,2026-01-22,Groceries,Mumbai,4973,9,44757,2026,1,22,Thursday,Watch
2096,2024-11-13,Sports,Delhi,1444,1,1444,2024,11,13,Wednesday,Shoes
2097,2025-02-28,Furniture,Hyderabad,2984,6,17904,2025,2,28,Friday,Keyboard
2098,2026-06-23,Clothing,Chennai,4313,10,43130,2026,6,23,Tuesday,Camera
2099,2024-07-11,Groceries,Chennai,863,6,5178,2024,7,11,Thursday,Keyboard
2100,2026-02-28,Electronics,Hyderabad,4187,10,41870,2026,2,28,Saturday,Headphones
2101,2025-06-16,Electronics,Bangalore,2616,7,18312,2025,6,16,Monday,Bag
2102,2025-07-31,Electronics,Delhi,2110,2,4220,2025,7,31,Thursday,Bag
2103,2025-11-10,Groceries,Bangalore,2897,2,5794,2025,11,10,Monday,Camera
2104,2026-01-15,Electronics,Delhi,1136,6,6816,2026,1,15,Thursday,Camera
2105,2025-11-16,Clothing,Chennai,1609,9,14481,2025,11,16,Sunday,Watch
2106,2026-04-15,Furniture,Chennai,3138,7,21966,2026,4,15,Wednesday,Keyboard
2107,2025-10-21,Groceries,Hyderabad,4422,7,30954,2025,10,21,Tuesday,Keyboard
2108,2024-10-04,Clothing,Hyderabad,1665,9,14985,2024,10,4,Friday,Camera
2109,2025-06-15,Electronics,Bangalore,3851,5,19255,2025,6,15,Sunday,Keyboard
2110,2025-11-02,Sports,Hyderabad,2496,5,12480,2025,11,2,Sunday,Bag
2111,2026-03-10,Sports,Hyderabad,531,10,5310,2026,3,10,Tuesday,Tablet
2112,2026-02-13,Electronics,Delhi,4522,7,31654,2026,2,13,Friday,Phone
2113,2026-04-25,Electronics,Mumbai,3020,10,30200,2026,4,25,Saturday,Laptop
2114,2025-11-07,Clothing,Hyderabad,3337,4,13348,2025,11,7,Friday,Laptop
2115,2025-10-22,Sports,Chennai,3559,9,32031,2025,10,22,Wednesday,Camera
2116,2024-12-30,Electronics,Chennai,3920,9,35280,2024,12,30,Monday,Keyboard
2117,2025-10-14,Electronics,Mumbai,1998,2,3996,2025,10,14,Tuesday,Watch
2118,2025-02-23,Electronics,Hyderabad,3771,3,11313,2025,2,23,Sunday,Camera
2119,2025-08-08,Furniture,Chennai,4540,8,36320,2025,8,8,Friday,Shoes
2120,2025-09-01,Groceries,Hyderabad,2606,3,7818,2025,9,1,Monday,Shoes
2121,2025-06-17,Electronics,Hyderabad,4795,8,38360,2025,6,17,Tuesday,Watch
2122,2024-08-04,Electronics,Bangalore,806,3,2418,2024,8,4,Sunday,TV
2123,2025-07-13,Furniture,Mumbai,2290,3,6870,2025,7,13,Sunday,Shoes
2124,2024-09-13,Groceries,Mumbai,1974,7,13818,2024,9,13,Friday,Tablet
2125,2024-09-16,Electronics,Mumbai,2681,8,21448,2024,9,16,Monday,Watch
2126,2024-10-22,Clothing,Delhi,2758,7,19306,2024,10,22,Tuesday,Keyboard
2127,2024-11-15,Furniture,Delhi,2173,1,2173,2024,11,15,Friday,Shoes
2128,2025-12-18,Electronics,Hyderabad,3482,2,6964,2025,12,18,Thursday,Bag
2129,2024-12-20,Sports,Mumbai,2882,1,2882,2024,12,20,Friday,Headphones
2130,2025-10-13,Clothing,Delhi,718,6,4308,2025,10,13,Monday,Keyboard
2131,2025-12-23,Sports,Bangalore,1905,9,17145,2025,12,23,Tuesday,Phone
2132,2025-08-29,Furniture,Hyderabad,147,8,1176,2025,8,29,Friday,Keyboard
2133,2024-10-08,Furniture,Chennai,945,2,1890,2024,10,8,Tuesday,Headphones
2134,2025-03-24,Furniture,Bangalore,2398,8,19184,2025,3,24,Monday,Camera
2135,2025-02-16,Clothing,Bangalore,3087,1,3087,2025,2,16,Sunday,Keyboard
2136,2026-03-04,Furniture,Hyderabad,2166,6,12996,2026,3,4,Wednesday,Phone
2137,2025-07-05,Sports,Chennai,2348,6,14088,2025,7,5,Saturday,TV
2138,2026-04-12,Groceries,Bangalore,1012,5,5060,2026,4,12,Sunday,Bag
2139,2025-09-24,Electronics,Hyderabad,3916,9,35244,2025,9,24,Wednesday,Camera
2140,2025-05-13,Sports,Chennai,3901,5,19505,2025,5,13,Tuesday,Keyboard
2141,2026-06-09,Clothing,Hyderabad,3008,6,18048,2026,6,9,Tuesday,TV
2142,2025-09-23,Groceries,Mumbai,1099,4,4396,2025,9,23,Tuesday,Headphones
2143,2026-06-21,Sports,Hyderabad,1896,10,18960,2026,6,21,Sunday,TV
2144,2025-08-09,Groceries,Mumbai,1597,3,4791,2025,8,9,Saturday,Laptop
2145,2024-08-15,Sports,Chennai,4068,8,32544,2024,8,15,Thursday,Keyboard
2146,2025-10-31,Groceries,Chennai,141,10,1410,2025,10,31,Friday,TV
2147,2026-01-18,Clothing,Bangalore,2340,2,4680,2026,1,18,Sunday,Bag
2148,2025-05-02,Sports,Chennai,3687,2,7374,2025,5,2,Friday,Tablet
2149,2025-09-05,Clothing,Mumbai,4329,3,12987,2025,9,5,Friday,Headphones
2150,2024-12-28,Groceries,Mumbai,4933,1,4933,2024,12,28,Saturday,Laptop
2151,2025-01-08,Sports,Chennai,2559,4,10236,2025,1,8,Wednesday,Shoes
2152,2025-01-05,Electronics,Chennai,2471,2,4942,2025,1,5,Sunday,Tablet
2153,2024-07-25,Sports,Bangalore,3412,5,17060,2024,7,25,Thursday,Shoes
2154,2025-10-16,Sports,Mumbai,1026,4,4104,2025,10,16,Thursday,Bag
2155,2025-03-07,Groceries,Chennai,3330,10,33300,2025,3,7,Friday,Phone
2156,2025-07-17,Sports,Bangalore,3359,2,6718,2025,7,17,Thursday,Camera
2157,2024-09-11,Furniture,Bangalore,299,7,2093,2024,9,11,Wednesday,Tablet
2158,2025-07-15,Groceries,Chennai,2784,5,13920,2025,7,15,Tuesday,Watch
2159,2024-07-08,Clothing,Hyderabad,1582,7,11074,2024,7,8,Monday,Phone
2160,2026-05-04,Clothing,Bangalore,1644,2,3288,2026,5,4,Monday,Shoes
2161,2025-09-01,Electronics,Hyderabad,4378,8,35024,2025,9,1,Monday,Phone
2162,2024-11-18,Furniture,Chennai,405,1,405,2024,11,18,Monday,Keyboard
2163,2026-06-19,Sports,Bangalore,1169,10,11690,2026,6,19,Friday,Shoes
2164,2024-11-11,Furniture,Hyderabad,2068,9,18612,2024,11,11,Monday,Phone
2165,2024-08-19,Clothing,Hyderabad,707,2,1414,2024,8,19,Monday,Phone
2166,2026-02-26,Sports,Mumbai,1238,5,6190,2026,2,26,Thursday,Watch
2167,2026-01-29,Clothing,Bangalore,4686,8,37488,2026,1,29,Thursday,Laptop
2168,2026-01-31,Furniture,Delhi,662,8,5296,2026,1,31,Saturday,Laptop
2169,2026-04-23,Groceries,Delhi,4368,3,13104,2026,4,23,Thursday,Shoes
2170,2025-12-07,Sports,Bangalore,4377,4,17508,2025,12,7,Sunday,Laptop
2171,2025-10-07,Clothing,Bangalore,1966,8,15728,2025,10,7,Tuesday,Tablet
2172,2025-06-19,Groceries,Chennai,127,9,1143,2025,6,19,Thursday,Keyboard
2173,2026-05-20,Sports,Hyderabad,217,1,217,2026,5,20,Wednesday,Watch
2174,2026-02-05,Groceries,Hyderabad,3525,5,17625,2026,2,5,Thursday,Keyboard
2175,2025-05-11,Furniture,Chennai,4233,1,4233,2025,5,11,Sunday,Shoes
2176,2025-11-23,Sports,Hyderabad,3597,4,14388,2025,11,23,Sunday,TV
2177,2026-02-10,Furniture,Hyderabad,525,4,2100,2026,2,10,Tuesday,TV
2178,2026-03-10,Electronics,Bangalore,4790,9,43110,2026,3,10,Tuesday,Bag
2179,2025-01-13,Sports,Chennai,3850,4,15400,2025,1,13,Monday,Phone
2180,2024-07-25,Furniture,Mumbai,799,2,1598,2024,7,25,Thursday,TV
2181,2026-06-07,Clothing,Hyderabad,2152,5,10760,2026,6,7,Sunday,Shoes
2182,2024-08-10,Groceries,Bangalore,4453,8,35624,2024,8,10,Saturday,Camera
2183,2026-05-04,Electronics,Mumbai,2832,2,5664,2026,5,4,Monday,Phone
2184,2025-11-26,Clothing,Chennai,3516,9,31644,2025,11,26,Wednesday,Shoes
2185,2024-12-31,Furniture,Chennai,3761,10,37610,2024,12,31,Tuesday,Keyboard
2186,2025-07-06,Furniture,Delhi,4520,2,9040,2025,7,6,Sunday,Tablet
2187,2025-05-30,Sports,Mumbai,2746,10,27460,2025,5,30,Friday,Bag
2188,2025-11-19,Groceries,Chennai,3637,8,29096,2025,11,19,Wednesday,Camera
2189,2024-11-22,Electronics,Delhi,2837,5,14185,2024,11,22,Friday,Phone
2190,2024-11-29,Furniture,Chennai,4208,9,37872,2024,11,29,Friday,Watch
2191,2026-06-13,Clothing,Hyderabad,756,2,1512,2026,6,13,Saturday,Keyboard
2192,2025-01-07,Furniture,Delhi,2015,2,4030,2025,1,7,Tuesday,Keyboard
2193,2025-10-23,Electronics,Hyderabad,4519,1,4519,2025,10,23,Thursday,Bag
2194,2025-07-12,Clothing,Delhi,4294,10,42940,2025,7,12,Saturday,Keyboard
2195,2025-02-17,Groceries,Chennai,1066,2,2132,2025,2,17,Monday,Shoes
2196,2025-01-21,Clothing,Mumbai,2211,5,11055,2025,1,21,Tuesday,Camera
2197,2025-01-18,Sports,Bangalore,4168,2,8336,2025,1,18,Saturday,Bag
2198,2026-05-18,Groceries,Bangalore,2444,4,9776,2026,5,18,Monday,Watch
2199,2026-01-24,Furniture,Delhi,4070,6,24420,2026,1,24,Saturday,Shoes
2200,2025-08-06,Furniture,Hyderabad,857,2,1714,2025,8,6,Wednesday,Keyboard
2201,2026-05-12,Electronics,Delhi,3528,9,31752,2026,5,12,Tuesday,Tablet
2202,2024-07-21,Electronics,Hyderabad,1700,1,1700,2024,7,21,Sunday,Laptop
2203,2026-01-21,Furniture,Delhi,2746,4,10984,2026,1,21,Wednesday,Phone
2204,2026-05-21,Electronics,Mumbai,4404,3,13212,2026,5,21,Thursday,TV
2205,2025-10-05,Furniture,Chennai,784,1,784,2025,10,5,Sunday,Laptop
2206,2026-01-21,Sports,Mumbai,140,7,980,2026,1,21,Wednesday,Headphones
2207,2026-03-23,Sports,Delhi,4859,5,24295,2026,3,23,Monday,Keyboard
2208,2025-06-01,Clothing,Chennai,1541,5,7705,2025,6,1,Sunday,Bag
2209,2025-11-20,Electronics,Bangalore,4549,5,22745,2025,11,20,Thursday,Tablet
2210,2025-12-28,Groceries,Hyderabad,4898,10,48980,2025,12,28,Sunday,Laptop
2211,2025-09-12,Sports,Delhi,1667,10,16670,2025,9,12,Friday,Shoes
2212,2026-03-30,Clothing,Mumbai,1248,1,1248,2026,3,30,Monday,Keyboard
2213,2025-12-28,Clothing,Delhi,2654,10,26540,2025,12,28,Sunday,Headphones
2214,2024-07-07,Groceries,Hyderabad,1005,8,8040,2024,7,7,Sunday,Keyboard
2215,2026-04-08,Sports,Bangalore,2067,7,14469,2026,4,8,Wednesday,Shoes
2216,2025-10-04,Furniture,Delhi,3593,6,21558,2025,10,4,Saturday,Camera
2217,2026-05-25,Furniture,Mumbai,2963,1,2963,2026,5,25,Monday,Tablet
2218,2025-11-29,Electronics,Chennai,3917,10,39170,2025,11,29,Saturday,Tablet
2219,2025-06-06,Groceries,Mumbai,1282,3,3846,2025,6,6,Friday,Watch
2220,2024-08-13,Clothing,Delhi,1341,2,2682,2024,8,13,Tuesday,Bag
2221,2026-01-15,Clothing,Chennai,4498,2,8996,2026,1,15,Thursday,Tablet
2222,2025-07-04,Groceries,Mumbai,1301,8,10408,2025,7,4,Friday,Tablet
2223,2024-11-11,Clothing,Mumbai,2615,9,23535,2024,11,11,Monday,Watch
2224,2026-02-01,Groceries,Mumbai,3478,8,27824,2026,2,1,Sunday,Tablet
2225,2024-09-29,Sports,Bangalore,731,2,1462,2024,9,29,Sunday,Shoes
2226,2025-06-20,Clothing,Delhi,4927,3,14781,2025,6,20,Friday,Laptop
2227,2025-06-10,Furniture,Bangalore,3945,1,3945,2025,6,10,Tuesday,Laptop
2228,2026-01-12,Furniture,Delhi,2847,1,2847,2026,1,12,Monday,Headphones
2229,2025-05-30,Clothing,Chennai,1697,2,3394,2025,5,30,Friday,Laptop
2230,2025-12-23,Clothing,Chennai,3708,2,7416,2025,12,23,Tuesday,Keyboard
2231,2024-07-29,Clothing,Bangalore,824,9,7416,2024,7,29,Monday,Bag
2232,2026-06-23,Groceries,Mumbai,3875,2,7750,2026,6,23,Tuesday,TV
2233,2026-05-17,Groceries,Chennai,3972,9,35748,2026,5,17,Sunday,Tablet
2234,2025-01-31,Sports,Bangalore,1578,4,6312,2025,1,31,Friday,Phone
2235,2024-11-23,Groceries,Delhi,237,1,237,2024,11,23,Saturday,Watch
2236,2024-10-22,Sports,Hyderabad,2625,4,10500,2024,10,22,Tuesday,Laptop
2237,2026-02-23,Electronics,Chennai,460,5,2300,2026,2,23,Monday,Camera
2238,2026-06-23,Sports,Chennai,4424,7,30968,2026,6,23,Tuesday,Phone
2239,2025-06-21,Electronics,Chennai,328,8,2624,2025,6,21,Saturday,Camera
2240,2025-08-13,Furniture,Hyderabad,212,6,1272,2025,8,13,Wednesday,Camera
2241,2025-11-07,Clothing,Mumbai,541,5,2705,2025,11,7,Friday,Watch
2242,2025-08-11,Clothing,Delhi,4177,1,4177,2025,8,11,Monday,Bag
2243,2025-04-03,Clothing,Hyderabad,4088,6,24528,2025,4,3,Thursday,Keyboard
2244,2024-08-06,Clothing,Mumbai,4475,6,26850,2024,8,6,Tuesday,Shoes
2245,2025-02-19,Clothing,Bangalore,4606,4,18424,2025,2,19,Wednesday,TV
2246,2024-07-30,Electronics,Hyderabad,3588,5,17940,2024,7,30,Tuesday,Camera
2247,2025-06-05,Electronics,Delhi,1783,6,10698,2025,6,5,Thursday,TV
2248,2024-07-24,Electronics,Chennai,2789,3,8367,2024,7,24,Wednesday,Phone
2249,2025-01-04,Furniture,Bangalore,3127,4,12508,2025,1,4,Saturday,Watch
2250,2025-08-21,Furniture,Bangalore,4545,1,4545,2025,8,21,Thursday,TV
2251,2025-11-24,Electronics,Hyderabad,4678,7,32746,2025,11,24,Monday,Phone
2252,2026-04-18,Furniture,Bangalore,2123,5,10615,2026,4,18,Saturday,Shoes
2253,2026-04-16,Electronics,Delhi,2249,3,6747,2026,4,16,Thursday,Watch
2254,2024-12-20,Sports,Delhi,3591,4,14364,2024,12,20,Friday,Camera
2255,2026-03-02,Groceries,Hyderabad,2945,4,11780,2026,3,2,Monday,Bag
2256,2025-10-10,Furniture,Bangalore,4516,2,9032,2025,10,10,Friday,Headphones
2257,2025-09-16,Clothing,Bangalore,1133,7,7931,2025,9,16,Tuesday,Headphones
2258,2025-09-02,Groceries,Delhi,3566,6,21396,2025,9,2,Tuesday,Tablet
2259,2025-10-04,Groceries,Bangalore,3613,1,3613,2025,10,4,Saturday,Headphones
2260,2026-04-10,Groceries,Mumbai,4420,5,22100,2026,4,10,Friday,Watch
2261,2024-10-05,Electronics,Bangalore,1688,10,16880,2024,10,5,Saturday,Tablet
2262,2025-03-18,Groceries,Bangalore,3416,1,3416,2025,3,18,Tuesday,Watch
2263,2026-01-16,Furniture,Mumbai,1738,1,1738,2026,1,16,Friday,Phone
2264,2026-01-27,Furniture,Bangalore,2241,9,20169,2026,1,27,Tuesday,Bag
2265,2024-10-23,Electronics,Delhi,1434,7,10038,2024,10,23,Wednesday,Laptop
2266,2025-06-04,Furniture,Mumbai,1244,2,2488,2025,6,4,Wednesday,Camera
2267,2025-03-05,Electronics,Bangalore,1716,5,8580,2025,3,5,Wednesday,Watch
2268,2025-03-10,Groceries,Mumbai,4302,10,43020,2025,3,10,Monday,Tablet
2269,2025-04-04,Groceries,Chennai,3096,4,12384,2025,4,4,Friday,Tablet
2270,2025-04-23,Groceries,Mumbai,1281,9,11529,2025,4,23,Wednesday,Shoes
2271,2025-05-22,Furniture,Chennai,3173,7,22211,2025,5,22,Thursday,Camera
2272,2024-08-19,Clothing,Mumbai,279,5,1395,2024,8,19,Monday,Keyboard
2273,2026-05-26,Groceries,Chennai,3615,9,32535,2026,5,26,Tuesday,Camera
2274,2024-12-21,Groceries,Delhi,1648,4,6592,2024,12,21,Saturday,Watch
2275,2025-07-27,Groceries,Delhi,2422,4,9688,2025,7,27,Sunday,Shoes
2276,2026-06-16,Clothing,Delhi,3926,10,39260,2026,6,16,Tuesday,Keyboard
2277,2025-08-07,Sports,Chennai,1248,9,11232,2025,8,7,Thursday,Headphones
2278,2024-10-16,Electronics,Delhi,2662,6,15972,2024,10,16,Wednesday,Shoes
2279,2025-09-23,Clothing,Hyderabad,3993,9,35937,2025,9,23,Tuesday,Headphones
2280,2025-05-30,Clothing,Chennai,1444,8,11552,2025,5,30,Friday,Laptop
2281,2025-12-01,Clothing,Mumbai,4573,10,45730,2025,12,1,Monday,Camera
2282,2025-09-21,Groceries,Bangalore,3953,3,11859,2025,9,21,Sunday,Phone
2283,2025-01-30,Sports,Chennai,4729,7,33103,2025,1,30,Thursday,Watch
2284,2026-02-09,Electronics,Hyderabad,3529,1,3529,2026,2,9,Monday,Phone
2285,2026-05-07,Groceries,Hyderabad,537,2,1074,2026,5,7,Thursday,Bag
2286,2025-12-30,Groceries,Delhi,2842,7,19894,2025,12,30,Tuesday,Headphones
2287,2024-11-26,Electronics,Hyderabad,2932,2,5864,2024,11,26,Tuesday,Keyboard
2288,2026-03-06,Furniture,Hyderabad,2577,1,2577,2026,3,6,Friday,Keyboard
2289,2026-01-02,Groceries,Chennai,4645,5,23225,2026,1,2,Friday,Keyboard
2290,2025-07-23,Groceries,Bangalore,1098,6,6588,2025,7,23,Wednesday,Bag
2291,2026-03-04,Furniture,Bangalore,2324,2,4648,2026,3,4,Wednesday,Laptop
2292,2025-04-30,Clothing,Bangalore,1844,4,7376,2025,4,30,Wednesday,TV
2293,2025-09-11,Clothing,Delhi,4208,10,42080,2025,9,11,Thursday,Camera
2294,2026-04-24,Furniture,Bangalore,2462,2,4924,2026,4,24,Friday,Laptop
2295,2025-08-06,Clothing,Chennai,4284,4,17136,2025,8,6,Wednesday,Watch
2296,2024-11-10,Clothing,Chennai,3525,10,35250,2024,11,10,Sunday,Headphones
2297,2026-06-20,Electronics,Bangalore,2609,9,23481,2026,6,20,Saturday,Laptop
2298,2025-05-04,Groceries,Bangalore,3771,5,18855,2025,5,4,Sunday,Bag
2299,2026-03-30,Furniture,Chennai,2581,10,25810,2026,3,30,Monday,Bag
2300,2025-05-04,Electronics,Delhi,2385,8,19080,2025,5,4,Sunday,Watch
2301,2025-08-11,Groceries,Mumbai,230,5,1150,2025,8,11,Monday,Watch
2302,2024-08-25,Groceries,Chennai,988,2,1976,2024,8,25,Sunday,Shoes
2303,2025-11-28,Groceries,Chennai,884,2,1768,2025,11,28,Friday,Shoes
2304,2026-06-26,Clothing,Chennai,3943,10,39430,2026,6,26,Friday,Phone
2305,2024-12-07,Clothing,Mumbai,3561,2,7122,2024,12,7,Saturday,Bag
2306,2025-03-30,Electronics,Bangalore,1806,10,18060,2025,3,30,Sunday,Watch
2307,2025-03-22,Furniture,Hyderabad,1022,4,4088,2025,3,22,Saturday,Keyboard
2308,2025-08-01,Clothing,Bangalore,3329,2,6658,2025,8,1,Friday,Bag
2309,2024-09-29,Clothing,Hyderabad,1924,2,3848,2024,9,29,Sunday,Shoes
2310,2024-10-18,Electronics,Mumbai,342,5,1710,2024,10,18,Friday,Phone
2311,2024-08-26,Electronics,Chennai,1792,2,3584,2024,8,26,Monday,TV
2312,2026-04-26,Groceries,Hyderabad,2664,8,21312,2026,4,26,Sunday,Tablet
2313,2025-11-29,Sports,Mumbai,601,9,5409,2025,11,29,Saturday,Keyboard
2314,2025-07-28,Electronics,Delhi,393,1,393,2025,7,28,Monday,Camera
2315,2025-03-10,Furniture,Bangalore,2211,5,11055,2025,3,10,Monday,Bag
2316,2025-02-14,Groceries,Chennai,897,1,897,2025,2,14,Friday,Headphones
2317,2025-11-17,Sports,Chennai,491,7,3437,2025,11,17,Monday,Keyboard
2318,2025-02-03,Groceries,Bangalore,1423,2,2846,2025,2,3,Monday,Laptop
2319,2024-08-06,Electronics,Mumbai,4136,5,20680,2024,8,6,Tuesday,Headphones
2320,2025-12-31,Sports,Delhi,4037,5,20185,2025,12,31,Wednesday,TV
2321,2024-07-28,Groceries,Delhi,1927,4,7708,2024,7,28,Sunday,Bag
2322,2026-02-20,Groceries,Chennai,759,7,5313,2026,2,20,Friday,Keyboard
2323,2024-08-07,Groceries,Chennai,3586,5,17930,2024,8,7,Wednesday,Bag
2324,2024-08-14,Furniture,Bangalore,4112,5,20560,2024,8,14,Wednesday,Camera
2325,2025-05-18,Groceries,Hyderabad,129,8,1032,2025,5,18,Sunday,Headphones
2326,2025-11-18,Furniture,Chennai,818,5,4090,2025,11,18,Tuesday,TV
2327,2025-06-08,Clothing,Mumbai,143,6,858,2025,6,8,Sunday,Phone
2328,2024-08-26,Sports,Bangalore,3396,10,33960,2024,8,26,Monday,Bag
2329,2025-10-25,Groceries,Delhi,2374,5,11870,2025,10,25,Saturday,Laptop
2330,2025-04-07,Groceries,Bangalore,811,9,7299,2025,4,7,Monday,Headphones
2331,2025-04-26,Clothing,Chennai,736,7,5152,2025,4,26,Saturday,Shoes
2332,2024-09-06,Electronics,Bangalore,2627,4,10508,2024,9,6,Friday,TV
2333,2026-01-28,Electronics,Hyderabad,804,4,3216,2026,1,28,Wednesday,Camera
2334,2024-08-19,Clothing,Chennai,3041,10,30410,2024,8,19,Monday,Phone
2335,2024-09-17,Electronics,Mumbai,2911,4,11644,2024,9,17,Tuesday,TV
2336,2026-03-23,Groceries,Hyderabad,523,6,3138,2026,3,23,Monday,Bag
2337,2024-11-07,Electronics,Chennai,2798,2,5596,2024,11,7,Thursday,Headphones
2338,2025-01-24,Furniture,Bangalore,4045,7,28315,2025,1,24,Friday,Camera
2339,2025-02-06,Clothing,Bangalore,4415,1,4415,2025,2,6,Thursday,Tablet
2340,2025-02-27,Electronics,Hyderabad,2571,9,23139,2025,2,27,Thursday,Watch
2341,2026-01-15,Sports,Delhi,1707,9,15363,2026,1,15,Thursday,Phone
2342,2026-04-27,Sports,Chennai,4959,9,44631,2026,4,27,Monday,Laptop
2343,2025-10-12,Furniture,Mumbai,3590,5,17950,2025,10,12,Sunday,Headphones
2344,2024-10-30,Clothing,Mumbai,343,6,2058,2024,10,30,Wednesday,Keyboard
2345,2025-04-04,Sports,Bangalore,3112,8,24896,2025,4,4,Friday,Keyboard
2346,2025-02-05,Sports,Delhi,4872,6,29232,2025,2,5,Wednesday,Phone
2347,2025-01-17,Sports,Mumbai,2102,6,12612,2025,1,17,Friday,Phone
2348,2025-08-17,Sports,Bangalore,1958,9,17622,2025,8,17,Sunday,Laptop
2349,2024-11-19,Furniture,Hyderabad,3094,6,18564,2024,11,19,Tuesday,Camera
2350,2025-11-12,Groceries,Bangalore,1808,4,7232,2025,11,12,Wednesday,Keyboard
2351,2025-12-28,Electronics,Bangalore,3918,7,27426,2025,12,28,Sunday,Bag
2352,2026-06-04,Sports,Chennai,559,4,2236,2026,6,4,Thursday,Phone
2353,2026-04-18,Clothing,Delhi,1219,10,12190,2026,4,18,Saturday,Bag
2354,2026-06-21,Clothing,Delhi,3879,10,38790,2026,6,21,Sunday,Phone
2355,2026-06-16,Sports,Chennai,1355,1,1355,2026,6,16,Tuesday,Keyboard
2356,2025-05-01,Sports,Chennai,1926,10,19260,2025,5,1,Thursday,Camera
2357,2025-04-16,Furniture,Delhi,484,4,1936,2025,4,16,Wednesday,Laptop
2358,2025-03-28,Groceries,Chennai,1697,1,1697,2025,3,28,Friday,Headphones
2359,2024-08-08,Furniture,Bangalore,2392,9,21528,2024,8,8,Thursday,Headphones
2360,2025-06-29,Clothing,Delhi,222,1,222,2025,6,29,Sunday,Watch
2361,2025-07-12,Clothing,Bangalore,1044,9,9396,2025,7,12,Saturday,Camera
2362,2026-03-02,Sports,Delhi,4661,2,9322,2026,3,2,Monday,Watch
2363,2026-01-08,Groceries,Chennai,1912,5,9560,2026,1,8,Thursday,Tablet
2364,2024-07-11,Clothing,Hyderabad,1193,8,9544,2024,7,11,Thursday,Tablet
2365,2025-11-08,Groceries,Hyderabad,3246,1,3246,2025,11,8,Saturday,Keyboard
2366,2026-01-11,Sports,Mumbai,1295,9,11655,2026,1,11,Sunday,Shoes
2367,2025-05-21,Sports,Hyderabad,943,2,1886,2025,5,21,Wednesday,Camera
2368,2025-04-23,Electronics,Delhi,1939,9,17451,2025,4,23,Wednesday,Keyboard
2369,2024-11-15,Electronics,Bangalore,228,6,1368,2024,11,15,Friday,Camera
2370,2025-11-03,Sports,Delhi,1578,9,14202,2025,11,3,Monday,Phone
2371,2025-10-24,Electronics,Mumbai,550,6,3300,2025,10,24,Friday,Laptop
2372,2025-01-11,Sports,Delhi,539,8,4312,2025,1,11,Saturday,Keyboard
2373,2025-07-21,Sports,Bangalore,2063,7,14441,2025,7,21,Monday,Watch
2374,2025-11-25,Clothing,Chennai,968,6,5808,2025,11,25,Tuesday,Laptop
2375,2025-11-13,Sports,Delhi,1808,7,12656,2025,11,13,Thursday,Laptop
2376,2025-09-27,Furniture,Chennai,870,3,2610,2025,9,27,Saturday,TV
2377,2025-12-30,Clothing,Mumbai,290,6,1740,2025,12,30,Tuesday,Watch
2378,2024-11-21,Furniture,Chennai,1135,9,10215,2024,11,21,Thursday,Phone
2379,2026-06-09,Groceries,Hyderabad,2113,4,8452,2026,6,9,Tuesday,Watch
2380,2025-04-22,Furniture,Mumbai,1157,6,6942,2025,4,22,Tuesday,TV
2381,2025-10-07,Furniture,Bangalore,238,6,1428,2025,10,7,Tuesday,Tablet
2382,2026-03-17,Electronics,Delhi,3130,8,25040,2026,3,17,Tuesday,Bag
2383,2024-10-17,Sports,Mumbai,346,3,1038,2024,10,17,Thursday,Tablet
2384,2025-08-20,Clothing,Hyderabad,1848,8,14784,2025,8,20,Wednesday,Tablet
2385,2026-02-21,Groceries,Chennai,1338,7,9366,2026,2,21,Saturday,Bag
2386,2025-11-02,Groceries,Hyderabad,4600,4,18400,2025,11,2,Sunday,Camera
2387,2026-02-22,Furniture,Bangalore,2979,2,5958,2026,2,22,Sunday,Headphones
2388,2025-03-01,Sports,Delhi,1437,2,2874,2025,3,1,Saturday,Keyboard
2389,2025-04-27,Groceries,Hyderabad,3382,4,13528,2025,4,27,Sunday,Shoes
2390,2024-08-23,Clothing,Mumbai,4649,10,46490,2024,8,23,Friday,Laptop
2391,2025-10-01,Sports,Delhi,412,1,412,2025,10,1,Wednesday,Bag
2392,2024-10-21,Sports,Delhi,115,2,230,2024,10,21,Monday,Bag
2393,2025-01-27,Sports,Chennai,2807,10,28070,2025,1,27,Monday,Phone
2394,2024-09-18,Groceries,Chennai,1631,5,8155,2024,9,18,Wednesday,Laptop
2395,2026-05-14,Clothing,Bangalore,1909,7,13363,2026,5,14,Thursday,Tablet
2396,2024-08-11,Clothing,Chennai,3728,2,7456,2024,8,11,Sunday,Keyboard
2397,2025-09-08,Furniture,Chennai,3814,8,30512,2025,9,8,Monday,Shoes
2398,2025-02-16,Furniture,Bangalore,2749,1,2749,2025,2,16,Sunday,Phone
2399,2024-08-20,Groceries,Delhi,1738,6,10428,2024,8,20,Tuesday,Camera
2400,2026-06-07,Furniture,Mumbai,2031,2,4062,2026,6,7,Sunday,Laptop
2401,2025-05-13,Sports,Mumbai,2659,2,5318,2025,5,13,Tuesday,Bag
2402,2025-06-29,Sports,Bangalore,455,10,4550,2025,6,29,Sunday,Camera
2403,2024-08-06,Furniture,Mumbai,179,1,179,2024,8,6,Tuesday,Shoes
2404,2024-11-01,Sports,Delhi,3135,5,15675,2024,11,1,Friday,Shoes
2405,2026-06-03,Clothing,Mumbai,4824,5,24120,2026,6,3,Wednesday,Shoes
2406,2026-05-01,Furniture,Bangalore,4488,6,26928,2026,5,1,Friday,Headphones
2407,2024-11-07,Groceries,Mumbai,991,10,9910,2024,11,7,Thursday,Tablet
2408,2025-08-10,Groceries,Bangalore,2989,6,17934,2025,8,10,Sunday,Keyboard
2409,2024-12-05,Groceries,Bangalore,1683,2,3366,2024,12,5,Thursday,Camera
2410,2025-09-23,Sports,Bangalore,1929,9,17361,2025,9,23,Tuesday,Shoes
2411,2025-10-07,Groceries,Mumbai,598,5,2990,2025,10,7,Tuesday,Phone
2412,2024-10-12,Clothing,Chennai,3598,10,35980,2024,10,12,Saturday,Phone
2413,2024-08-20,Sports,Mumbai,3006,2,6012,2024,8,20,Tuesday,Phone
2414,2024-08-06,Sports,Mumbai,3801,6,22806,2024,8,6,Tuesday,Watch
2415,2025-10-28,Groceries,Hyderabad,3793,7,26551,2025,10,28,Tuesday,Tablet
2416,2024-10-02,Groceries,Hyderabad,4039,2,8078,2024,10,2,Wednesday,Headphones
2417,2026-05-31,Sports,Delhi,4341,6,26046,2026,5,31,Sunday,Headphones
2418,2025-03-26,Clothing,Delhi,2610,8,20880,2025,3,26,Wednesday,Keyboard
2419,2024-12-27,Groceries,Chennai,3052,4,12208,2024,12,27,Friday,Phone
2420,2025-07-07,Electronics,Chennai,1555,8,12440,2025,7,7,Monday,Keyboard
2421,2026-02-15,Clothing,Chennai,3692,6,22152,2026,2,15,Sunday,Shoes
2422,2024-12-20,Sports,Hyderabad,2923,2,5846,2024,12,20,Friday,Bag
2423,2024-08-04,Sports,Delhi,4312,6,25872,2024,8,4,Sunday,Keyboard
2424,2024-11-27,Groceries,Mumbai,3003,5,15015,2024,11,27,Wednesday,Headphones
2425,2025-01-03,Furniture,Delhi,2894,2,5788,2025,1,3,Friday,Bag
2426,2026-02-27,Electronics,Hyderabad,4241,4,16964,2026,2,27,Friday,Phone
2427,2025-11-03,Furniture,Delhi,3557,9,32013,2025,11,3,Monday,TV
2428,2025-09-08,Clothing,Hyderabad,3377,5,16885,2025,9,8,Monday,Laptop
2429,2026-01-22,Furniture,Hyderabad,2442,6,14652,2026,1,22,Thursday,Bag
2430,2026-04-15,Furniture,Hyderabad,220,1,220,2026,4,15,Wednesday,TV
2431,2025-06-18,Clothing,Chennai,969,5,4845,2025,6,18,Wednesday,Shoes
2432,2024-10-18,Furniture,Hyderabad,3943,3,11829,2024,10,18,Friday,Shoes
2433,2025-11-20,Sports,Bangalore,3358,1,3358,2025,11,20,Thursday,Camera
2434,2025-12-15,Sports,Mumbai,2849,7,19943,2025,12,15,Monday,Watch
2435,2025-11-07,Groceries,Chennai,4106,10,41060,2025,11,7,Friday,Tablet
2436,2025-10-24,Furniture,Chennai,1229,8,9832,2025,10,24,Friday,Camera
2437,2025-12-20,Groceries,Bangalore,1664,8,13312,2025,12,20,Saturday,Keyboard
2438,2024-11-14,Sports,Mumbai,1006,5,5030,2024,11,14,Thursday,TV
2439,2025-08-30,Sports,Hyderabad,1018,10,10180,2025,8,30,Saturday,Tablet
2440,2024-11-15,Clothing,Chennai,4100,7,28700,2024,11,15,Friday,Shoes
2441,2024-10-02,Electronics,Delhi,3662,8,29296,2024,10,2,Wednesday,Headphones
2442,2025-04-07,Clothing,Bangalore,2672,4,10688,2025,4,7,Monday,Tablet
2443,2026-05-21,Sports,Bangalore,1955,9,17595,2026,5,21,Thursday,TV
2444,2024-09-11,Electronics,Bangalore,1670,1,1670,2024,9,11,Wednesday,Laptop
2445,2026-03-25,Sports,Bangalore,970,6,5820,2026,3,25,Wednesday,Headphones
2446,2025-08-19,Sports,Mumbai,4369,1,4369,2025,8,19,Tuesday,Camera
2447,2025-09-28,Clothing,Hyderabad,2683,9,24147,2025,9,28,Sunday,Headphones
2448,2024-09-14,Furniture,Hyderabad,1893,2,3786,2024,9,14,Saturday,Keyboard
2449,2026-05-18,Sports,Mumbai,3092,8,24736,2026,5,18,Monday,Phone
2450,2025-12-15,Electronics,Hyderabad,423,1,423,2025,12,15,Monday,Phone
2451,2024-12-07,Clothing,Bangalore,2757,5,13785,2024,12,7,Saturday,Camera
2452,2025-03-19,Furniture,Hyderabad,2056,8,16448,2025,3,19,Wednesday,Keyboard
2453,2025-12-04,Sports,Mumbai,1743,4,6972,2025,12,4,Thursday,Tablet
2454,2025-08-30,Clothing,Hyderabad,1553,7,10871,2025,8,30,Saturday,Laptop
2455,2025-03-04,Sports,Hyderabad,1207,2,2414,2025,3,4,Tuesday,Watch
2456,2026-05-19,Furniture,Chennai,4821,7,33747,2026,5,19,Tuesday,Keyboard
2457,2024-11-10,Electronics,Bangalore,4382,9,39438,2024,11,10,Sunday,Bag
2458,2024-08-24,Groceries,Hyderabad,2220,10,22200,2024,8,24,Saturday,Phone
2459,2024-09-20,Clothing,Bangalore,3771,8,30168,2024,9,20,Friday,Phone
2460,2025-01-29,Electronics,Hyderabad,2761,2,5522,2025,1,29,Wednesday,Watch
2461,2025-12-07,Clothing,Chennai,1889,10,18890,2025,12,7,Sunday,TV
2462,2024-09-21,Clothing,Hyderabad,3594,2,7188,2024,9,21,Saturday,Bag
2463,2025-01-23,Electronics,Hyderabad,3616,10,36160,2025,1,23,Thursday,Phone
2464,2026-05-04,Furniture,Bangalore,2239,7,15673,2026,5,4,Monday,Camera
2465,2025-10-16,Groceries,Chennai,2972,6,17832,2025,10,16,Thursday,Phone
2466,2025-05-28,Groceries,Bangalore,4866,9,43794,2025,5,28,Wednesday,Tablet
2467,2025-05-11,Clothing,Bangalore,4665,3,13995,2025,5,11,Sunday,Shoes
2468,2024-11-07,Electronics,Bangalore,669,5,3345,2024,11,7,Thursday,Laptop
2469,2025-01-26,Electronics,Mumbai,1380,7,9660,2025,1,26,Sunday,Camera
2470,2025-08-21,Groceries,Hyderabad,720,10,7200,2025,8,21,Thursday,Phone
2471,2024-09-19,Clothing,Delhi,4729,7,33103,2024,9,19,Thursday,Tablet
2472,2025-02-02,Groceries,Bangalore,1529,1,1529,2025,2,2,Sunday,Keyboard
2473,2026-03-18,Clothing,Bangalore,1829,8,14632,2026,3,18,Wednesday,Laptop
2474,2025-03-03,Clothing,Bangalore,4629,6,27774,2025,3,3,Monday,Tablet
2475,2025-03-04,Clothing,Chennai,1374,7,9618,2025,3,4,Tuesday,Tablet
2476,2026-02-28,Furniture,Hyderabad,2950,7,20650,2026,2,28,Saturday,Headphones
2477,2025-03-25,Sports,Delhi,137,7,959,2025,3,25,Tuesday,TV
2478,2025-06-01,Groceries,Bangalore,2065,10,20650,2025,6,1,Sunday,Laptop
2479,2025-08-16,Clothing,Bangalore,498,7,3486,2025,8,16,Saturday,Headphones
2480,2024-07-09,Electronics,Mumbai,4127,10,41270,2024,7,9,Tuesday,Watch
2481,2025-06-13,Sports,Delhi,4493,7,31451,2025,6,13,Friday,Camera
2482,2025-01-06,Electronics,Chennai,2559,5,12795,2025,1,6,Monday,Keyboard
2483,2026-03-08,Clothing,Mumbai,2631,2,5262,2026,3,8,Sunday,Laptop
2484,2025-09-02,Clothing,Delhi,4495,7,31465,2025,9,2,Tuesday,Tablet
2485,2025-02-19,Groceries,Hyderabad,4887,1,4887,2025,2,19,Wednesday,Phone
2486,2025-09-20,Sports,Hyderabad,2413,6,14478,2025,9,20,Saturday,Watch
2487,2025-12-19,Sports,Chennai,3179,7,22253,2025,12,19,Friday,Tablet
2488,2026-04-23,Sports,Hyderabad,2926,8,23408,2026,4,23,Thursday,Phone
2489,2026-03-01,Groceries,Bangalore,1580,6,9480,2026,3,1,Sunday,Tablet
2490,2025-02-12,Sports,Chennai,2168,10,21680,2025,2,12,Wednesday,Phone
2491,2025-08-21,Sports,Chennai,1587,2,3174,2025,8,21,Thursday,Tablet
2492,2025-12-08,Furniture,Delhi,2204,6,13224,2025,12,8,Monday,Headphones
2493,2026-02-28,Furniture,Delhi,2479,5,12395,2026,2,28,Saturday,Bag
2494,2025-06-08,Clothing,Delhi,778,6,4668,2025,6,8,Sunday,Bag
2495,2025-10-04,Groceries,Bangalore,2446,1,2446,2025,10,4,Saturday,Camera
2496,2026-05-11,Furniture,Delhi,1169,4,4676,2026,5,11,Monday,Watch
2497,2025-10-20,Furniture,Delhi,259,9,2331,2025,10,20,Monday,Tablet
2498,2025-07-21,Clothing,Chennai,4227,9,38043,2025,7,21,Monday,Shoes
2499,2026-01-21,Groceries,Bangalore,1122,1,1122,2026,1,21,Wednesday,Laptop
2500,2025-07-30,Sports,Chennai,2788,1,2788,2025,7,30,Wednesday,Headphones
2501,2025-05-26,Groceries,Hyderabad,807,7,5649,2025,5,26,Monday,Headphones
2502,2026-04-28,Sports,Chennai,1882,1,1882,2026,4,28,Tuesday,Headphones
2503,2025-03-10,Electronics,Hyderabad,4251,8,34008,2025,3,10,Monday,TV
2504,2025-09-26,Groceries,Hyderabad,3531,4,14124,2025,9,26,Friday,Tablet
2505,2025-11-04,Furniture,Delhi,1661,7,11627,2025,11,4,Tuesday,Shoes
2506,2024-08-17,Electronics,Hyderabad,2172,8,17376,2024,8,17,Saturday,Phone
2507,2026-01-09,Groceries,Delhi,1798,1,1798,2026,1,9,Friday,Bag
2508,2024-11-01,Sports,Hyderabad,2544,8,20352,2024,11,1,Friday,Phone
2509,2025-05-29,Furniture,Mumbai,148,6,888,2025,5,29,Thursday,Bag
2510,2025-04-22,Electronics,Hyderabad,2286,7,16002,2025,4,22,Tuesday,Shoes
2511,2025-05-12,Clothing,Bangalore,3562,7,24934,2025,5,12,Monday,Phone
2512,2025-09-25,Groceries,Mumbai,3155,8,25240,2025,9,25,Thursday,Shoes
2513,2026-03-08,Sports,Chennai,288,10,2880,2026,3,8,Sunday,Shoes
2514,2026-02-10,Sports,Hyderabad,4927,5,24635,2026,2,10,Tuesday,Headphones
2515,2024-08-02,Sports,Bangalore,1804,4,7216,2024,8,2,Friday,Headphones
2516,2025-02-19,Clothing,Bangalore,4322,7,30254,2025,2,19,Wednesday,Bag
2517,2026-03-15,Electronics,Chennai,3362,9,30258,2026,3,15,Sunday,Laptop
2518,2026-03-21,Groceries,Mumbai,2966,2,5932,2026,3,21,Saturday,Tablet
2519,2025-09-26,Clothing,Hyderabad,1232,8,9856,2025,9,26,Friday,Watch
2520,2026-05-18,Furniture,Mumbai,1838,6,11028,2026,5,18,Monday,Laptop
2521,2026-05-29,Furniture,Bangalore,1671,9,15039,2026,5,29,Friday,Watch
2522,2025-06-25,Groceries,Bangalore,936,4,3744,2025,6,25,Wednesday,Watch
2523,2026-05-23,Groceries,Chennai,1652,10,16520,2026,5,23,Saturday,Headphones
2524,2026-03-07,Sports,Chennai,4268,10,42680,2026,3,7,Saturday,Keyboard
2525,2024-09-01,Furniture,Delhi,3927,10,39270,2024,9,1,Sunday,Bag
2526,2025-10-29,Furniture,Hyderabad,3871,4,15484,2025,10,29,Wednesday,Tablet
2527,2024-11-23,Electronics,Delhi,4025,1,4025,2024,11,23,Saturday,Watch
2528,2024-12-18,Electronics,Chennai,3151,3,9453,2024,12,18,Wednesday,Bag
2529,2025-10-03,Electronics,Bangalore,2966,2,5932,2025,10,3,Friday,Watch
2530,2025-11-30,Clothing,Chennai,2658,9,23922,2025,11,30,Sunday,Phone
2531,2025-01-29,Sports,Mumbai,2030,6,12180,2025,1,29,Wednesday,Camera
2532,2024-11-15,Furniture,Delhi,499,4,1996,2024,11,15,Friday,Tablet
2533,2024-07-05,Electronics,Mumbai,1073,5,5365,2024,7,5,Friday,TV
2534,2025-05-20,Sports,Mumbai,2609,9,23481,2025,5,20,Tuesday,Tablet
2535,2025-10-02,Furniture,Hyderabad,4573,6,27438,2025,10,2,Thursday,Phone
2536,2026-01-06,Electronics,Bangalore,2507,6,15042,2026,1,6,Tuesday,Bag
2537,2024-12-08,Clothing,Chennai,1332,7,9324,2024,12,8,Sunday,Bag
2538,2024-12-11,Electronics,Bangalore,2123,3,6369,2024,12,11,Wednesday,Camera
2539,2025-09-06,Furniture,Mumbai,2376,9,21384,2025,9,6,Saturday,Tablet
2540,2024-11-10,Sports,Hyderabad,676,4,2704,2024,11,10,Sunday,Laptop
2541,2025-06-02,Furniture,Chennai,4188,5,20940,2025,6,2,Monday,Laptop
2542,2025-01-05,Sports,Bangalore,323,7,2261,2025,1,5,Sunday,Laptop
2543,2024-12-01,Groceries,Chennai,1249,10,12490,2024,12,1,Sunday,TV
2544,2025-01-14,Clothing,Hyderabad,1934,6,11604,2025,1,14,Tuesday,Keyboard
2545,2024-08-17,Clothing,Delhi,4186,5,20930,2024,8,17,Saturday,Laptop
2546,2026-02-11,Electronics,Bangalore,3900,7,27300,2026,2,11,Wednesday,Laptop
2547,2026-05-11,Clothing,Mumbai,3792,4,15168,2026,5,11,Monday,Keyboard
2548,2025-04-09,Sports,Bangalore,2289,1,2289,2025,4,9,Wednesday,Watch
2549,2024-09-12,Clothing,Hyderabad,4653,9,41877,2024,9,12,Thursday,Watch
2550,2025-04-08,Furniture,Bangalore,1572,5,7860,2025,4,8,Tuesday,Camera
2551,2024-08-08,Furniture,Bangalore,2167,1,2167,2024,8,8,Thursday,Keyboard
2552,2026-01-25,Electronics,Hyderabad,3504,7,24528,2026,1,25,Sunday,Watch
2553,2026-04-02,Clothing,Hyderabad,3036,10,30360,2026,4,2,Thursday,Tablet
2554,2025-12-03,Furniture,Hyderabad,3279,10,32790,2025,12,3,Wednesday,Bag
2555,2025-12-03,Sports,Chennai,4688,6,28128,2025,12,3,Wednesday,Watch
2556,2024-11-26,Groceries,Hyderabad,2896,7,20272,2024,11,26,Tuesday,Camera
2557,2024-09-24,Groceries,Hyderabad,3284,10,32840,2024,9,24,Tuesday,Headphones
2558,2024-09-20,Furniture,Mumbai,4038,2,8076,2024,9,20,Friday,Camera
2559,2024-09-19,Groceries,Bangalore,4607,9,41463,2024,9,19,Thursday,Shoes
2560,2024-12-11,Electronics,Mumbai,855,2,1710,2024,12,11,Wednesday,Phone
2561,2025-02-13,Groceries,Delhi,1263,9,11367,2025,2,13,Thursday,Camera
2562,2025-08-28,Clothing,Mumbai,3999,3,11997,2025,8,28,Thursday,Headphones
2563,2024-07-26,Furniture,Chennai,1758,10,17580,2024,7,26,Friday,TV
2564,2025-03-01,Sports,Bangalore,1396,5,6980,2025,3,1,Saturday,TV
2565,2025-06-16,Clothing,Delhi,4501,9,40509,2025,6,16,Monday,Shoes
2566,2024-08-21,Sports,Bangalore,898,6,5388,2024,8,21,Wednesday,Camera
2567,2025-02-20,Clothing,Bangalore,3885,8,31080,2025,2,20,Thursday,Camera
2568,2024-11-11,Sports,Delhi,581,4,2324,2024,11,11,Monday,Tablet
2569,2025-11-15,Clothing,Delhi,2561,4,10244,2025,11,15,Saturday,Laptop
2570,2026-04-20,Clothing,Hyderabad,1022,2,2044,2026,4,20,Monday,TV
2571,2025-05-31,Sports,Delhi,815,3,2445,2025,5,31,Saturday,Shoes
2572,2025-05-10,Groceries,Delhi,3378,3,10134,2025,5,10,Saturday,TV
2573,2025-08-23,Electronics,Delhi,1161,8,9288,2025,8,23,Saturday,Watch
2574,2025-07-17,Electronics,Bangalore,2324,9,20916,2025,7,17,Thursday,Watch
2575,2025-01-21,Furniture,Chennai,1127,7,7889,2025,1,21,Tuesday,Phone
2576,2024-11-15,Sports,Bangalore,1432,7,10024,2024,11,15,Friday,Tablet
2577,2025-12-09,Furniture,Hyderabad,4761,6,28566,2025,12,9,Tuesday,Laptop
2578,2026-02-04,Sports,Delhi,1902,3,5706,2026,2,4,Wednesday,Shoes
2579,2025-03-24,Clothing,Bangalore,3729,3,11187,2025,3,24,Monday,Shoes
2580,2025-11-09,Furniture,Delhi,1223,5,6115,2025,11,9,Sunday,Bag
2581,2025-01-03,Clothing,Chennai,2852,8,22816,2025,1,3,Friday,Watch
2582,2024-12-05,Clothing,Delhi,1300,2,2600,2024,12,5,Thursday,Keyboard
2583,2025-05-27,Electronics,Delhi,1595,4,6380,2025,5,27,Tuesday,Tablet
2584,2025-12-14,Electronics,Bangalore,2032,7,14224,2025,12,14,Sunday,Laptop
2585,2025-03-14,Groceries,Hyderabad,2868,5,14340,2025,3,14,Friday,Headphones
2586,2024-08-15,Clothing,Mumbai,2021,1,2021,2024,8,15,Thursday,Tablet
2587,2025-12-08,Sports,Chennai,4652,9,41868,2025,12,8,Monday,Phone
2588,2025-09-19,Groceries,Delhi,1558,7,10906,2025,9,19,Friday,Watch
2589,2026-05-22,Electronics,Delhi,1147,2,2294,2026,5,22,Friday,Bag
2590,2026-02-12,Clothing,Hyderabad,2426,6,14556,2026,2,12,Thursday,Keyboard
2591,2026-04-12,Sports,Chennai,2877,5,14385,2026,4,12,Sunday,Tablet
2592,2025-02-08,Sports,Mumbai,4271,10,42710,2025,2,8,Saturday,Headphones
2593,2025-01-21,Sports,Hyderabad,2982,6,17892,2025,1,21,Tuesday,Keyboard
2594,2025-04-15,Clothing,Hyderabad,611,6,3666,2025,4,15,Tuesday,TV
2595,2025-07-23,Groceries,Bangalore,2754,8,22032,2025,7,23,Wednesday,Shoes
2596,2026-01-05,Sports,Bangalore,753,7,5271,2026,1,5,Monday,Bag
2597,2025-07-18,Clothing,Bangalore,442,1,442,2025,7,18,Friday,Camera
2598,2026-06-20,Sports,Hyderabad,1904,5,9520,2026,6,20,Saturday,Laptop
2599,2025-11-30,Furniture,Delhi,2216,1,2216,2025,11,30,Sunday,Watch
2600,2025-07-24,Clothing,Bangalore,2271,2,4542,2025,7,24,Thursday,Camera
2601,2025-03-16,Electronics,Bangalore,622,9,5598,2025,3,16,Sunday,Headphones
2602,2025-10-31,Groceries,Chennai,4715,5,23575,2025,10,31,Friday,Bag
2603,2024-12-24,Furniture,Delhi,670,3,2010,2024,12,24,Tuesday,Laptop
2604,2026-03-29,Clothing,Mumbai,2014,8,16112,2026,3,29,Sunday,Watch
2605,2024-12-08,Electronics,Mumbai,3096,3,9288,2024,12,8,Sunday,Shoes
2606,2024-07-30,Furniture,Chennai,2175,1,2175,2024,7,30,Tuesday,Bag
2607,2025-09-23,Clothing,Delhi,2096,8,16768,2025,9,23,Tuesday,Headphones
2608,2024-08-16,Electronics,Chennai,465,5,2325,2024,8,16,Friday,Shoes
2609,2025-12-20,Groceries,Delhi,2830,4,11320,2025,12,20,Saturday,Shoes
2610,2025-11-11,Electronics,Bangalore,924,8,7392,2025,11,11,Tuesday,TV
2611,2025-07-28,Groceries,Hyderabad,1990,1,1990,2025,7,28,Monday,TV
2612,2024-11-17,Sports,Delhi,2281,1,2281,2024,11,17,Sunday,Keyboard
2613,2024-09-08,Furniture,Mumbai,4178,7,29246,2024,9,8,Sunday,Shoes
2614,2024-09-08,Electronics,Hyderabad,4646,4,18584,2024,9,8,Sunday,Headphones
2615,2024-09-19,Groceries,Delhi,4407,3,13221,2024,9,19,Thursday,Tablet
2616,2024-12-26,Electronics,Delhi,4462,5,22310,2024,12,26,Thursday,Keyboard
2617,2025-07-03,Furniture,Mumbai,2817,7,19719,2025,7,3,Thursday,Shoes
2618,2024-07-29,Groceries,Bangalore,2051,5,10255,2024,7,29,Monday,Shoes
2619,2024-09-24,Clothing,Delhi,3488,6,20928,2024,9,24,Tuesday,Bag
2620,2025-08-20,Clothing,Chennai,3442,5,17210,2025,8,20,Wednesday,Laptop
2621,2025-03-01,Clothing,Bangalore,959,8,7672,2025,3,1,Saturday,Camera
2622,2024-07-17,Furniture,Mumbai,4745,1,4745,2024,7,17,Wednesday,Tablet
2623,2025-09-16,Groceries,Bangalore,365,8,2920,2025,9,16,Tuesday,Phone
2624,2025-04-25,Furniture,Chennai,3777,2,7554,2025,4,25,Friday,TV
2625,2025-01-08,Groceries,Delhi,2151,9,19359,2025,1,8,Wednesday,Keyboard
2626,2025-07-10,Electronics,Hyderabad,2940,5,14700,2025,7,10,Thursday,Keyboard
2627,2024-09-23,Clothing,Mumbai,2682,4,10728,2024,9,23,Monday,TV
2628,2025-04-12,Clothing,Mumbai,4801,9,43209,2025,4,12,Saturday,Keyboard
2629,2025-10-19,Furniture,Delhi,2805,1,2805,2025,10,19,Sunday,Shoes
2630,2026-02-10,Furniture,Hyderabad,3396,9,30564,2026,2,10,Tuesday,TV
2631,2024-09-23,Sports,Hyderabad,5000,1,5000,2024,9,23,Monday,Keyboard
2632,2024-08-21,Clothing,Chennai,2597,4,10388,2024,8,21,Wednesday,Shoes
2633,2025-02-26,Groceries,Chennai,4227,2,8454,2025,2,26,Wednesday,Watch
2634,2025-07-14,Clothing,Mumbai,4292,6,25752,2025,7,14,Monday,Shoes
2635,2025-07-11,Furniture,Hyderabad,3490,7,24430,2025,7,11,Friday,Laptop
2636,2026-04-08,Furniture,Delhi,3135,9,28215,2026,4,8,Wednesday,Shoes
2637,2025-10-15,Clothing,Mumbai,2347,4,9388,2025,10,15,Wednesday,Camera
2638,2025-11-01,Groceries,Delhi,185,2,370,2025,11,1,Saturday,Watch
2639,2025-01-14,Clothing,Mumbai,949,10,9490,2025,1,14,Tuesday,Watch
2640,2024-12-27,Electronics,Hyderabad,2647,9,23823,2024,12,27,Friday,Watch
2641,2026-01-18,Electronics,Delhi,1632,4,6528,2026,1,18,Sunday,Keyboard
2642,2026-01-29,Sports,Delhi,1505,10,15050,2026,1,29,Thursday,Headphones
2643,2026-06-19,Electronics,Hyderabad,3063,9,27567,2026,6,19,Friday,Phone
2644,2025-09-28,Clothing,Mumbai,3941,8,31528,2025,9,28,Sunday,Watch
2645,2024-09-14,Groceries,Chennai,1698,1,1698,2024,9,14,Saturday,Shoes
2646,2024-09-23,Sports,Bangalore,182,6,1092,2024,9,23,Monday,Watch
2647,2024-10-30,Electronics,Mumbai,383,3,1149,2024,10,30,Wednesday,Phone
2648,2024-08-29,Electronics,Delhi,2398,9,21582,2024,8,29,Thursday,Headphones
2649,2025-07-03,Electronics,Chennai,2151,8,17208,2025,7,3,Thursday,Watch
2650,2024-11-17,Electronics,Chennai,777,7,5439,2024,11,17,Sunday,Bag
2651,2025-07-11,Clothing,Mumbai,4450,5,22250,2025,7,11,Friday,Tablet
2652,2025-12-12,Furniture,Hyderabad,2165,2,4330,2025,12,12,Friday,Headphones
2653,2025-04-26,Furniture,Chennai,3261,7,22827,2025,4,26,Saturday,Keyboard
2654,2024-10-29,Electronics,Bangalore,2531,10,25310,2024,10,29,Tuesday,Phone
2655,2024-07-30,Electronics,Chennai,645,3,1935,2024,7,30,Tuesday,Laptop
2656,2025-02-02,Electronics,Chennai,3890,7,27230,2025,2,2,Sunday,Bag
2657,2024-10-03,Clothing,Bangalore,4430,2,8860,2024,10,3,Thursday,TV
2658,2024-06-30,Electronics,Hyderabad,3098,6,18588,2024,6,30,Sunday,Laptop
2659,2026-05-30,Clothing,Bangalore,1849,2,3698,2026,5,30,Saturday,Watch
2660,2024-08-05,Furniture,Chennai,4226,4,16904,2024,8,5,Monday,TV
2661,2024-09-30,Furniture,Chennai,2237,1,2237,2024,9,30,Monday,Laptop
2662,2024-12-19,Sports,Delhi,937,9,8433,2024,12,19,Thursday,Phone
2663,2026-04-27,Furniture,Mumbai,3966,9,35694,2026,4,27,Monday,Laptop
2664,2024-11-07,Clothing,Chennai,3427,1,3427,2024,11,7,Thursday,Shoes
2665,2025-08-03,Clothing,Hyderabad,280,5,1400,2025,8,3,Sunday,Headphones
2666,2025-08-18,Groceries,Bangalore,4175,10,41750,2025,8,18,Monday,Bag
2667,2025-01-23,Furniture,Delhi,3425,9,30825,2025,1,23,Thursday,Headphones
2668,2024-10-01,Sports,Mumbai,4182,3,12546,2024,10,1,Tuesday,Laptop
2669,2025-04-27,Furniture,Mumbai,937,5,4685,2025,4,27,Sunday,Phone
2670,2025-03-27,Furniture,Mumbai,2410,6,14460,2025,3,27,Thursday,Camera
2671,2024-12-02,Sports,Chennai,1436,3,4308,2024,12,2,Monday,Laptop
2672,2026-03-24,Furniture,Mumbai,3302,1,3302,2026,3,24,Tuesday,Bag
2673,2025-02-07,Clothing,Delhi,1348,10,13480,2025,2,7,Friday,Watch
2674,2024-10-20,Sports,Delhi,3189,7,22323,2024,10,20,Sunday,Phone
2675,2025-12-13,Furniture,Bangalore,2055,4,8220,2025,12,13,Saturday,Shoes
2676,2025-01-28,Sports,Mumbai,3172,3,9516,2025,1,28,Tuesday,Camera
2677,2024-12-12,Furniture,Mumbai,1535,5,7675,2024,12,12,Thursday,Keyboard
2678,2025-08-20,Clothing,Bangalore,1762,7,12334,2025,8,20,Wednesday,Camera
2679,2025-04-18,Sports,Hyderabad,4613,3,13839,2025,4,18,Friday,TV
2680,2024-07-30,Sports,Bangalore,2288,10,22880,2024,7,30,Tuesday,Bag
2681,2025-04-10,Sports,Delhi,2893,9,26037,2025,4,10,Thursday,Tablet
2682,2025-08-26,Furniture,Bangalore,1189,7,8323,2025,8,26,Tuesday,Headphones
2683,2024-12-04,Clothing,Delhi,2487,8,19896,2024,12,4,Wednesday,Shoes
2684,2024-10-07,Clothing,Mumbai,4450,7,31150,2024,10,7,Monday,Laptop
2685,2024-10-12,Sports,Chennai,2633,3,7899,2024,10,12,Saturday,Shoes
2686,2025-05-28,Furniture,Delhi,3476,1,3476,2025,5,28,Wednesday,Camera
2687,2024-09-08,Clothing,Chennai,582,7,4074,2024,9,8,Sunday,Shoes
2688,2025-04-02,Clothing,Hyderabad,700,2,1400,2025,4,2,Wednesday,Bag
2689,2025-08-17,Electronics,Mumbai,181,2,362,2025,8,17,Sunday,Laptop
2690,2025-02-19,Furniture,Chennai,3307,8,26456,2025,2,19,Wednesday,Laptop
2691,2025-01-28,Groceries,Chennai,4833,3,14499,2025,1,28,Tuesday,Keyboard
2692,2024-10-02,Furniture,Chennai,2427,5,12135,2024,10,2,Wednesday,Headphones
2693,2025-03-03,Sports,Delhi,2366,8,18928,2025,3,3,Monday,Shoes
2694,2025-02-24,Electronics,Hyderabad,1945,4,7780,2025,2,24,Monday,Tablet
2695,2026-05-30,Groceries,Mumbai,1548,2,3096,2026,5,30,Saturday,Phone
2696,2025-08-14,Groceries,Mumbai,1154,10,11540,2025,8,14,Thursday,Keyboard
2697,2026-01-13,Electronics,Chennai,3616,9,32544,2026,1,13,Tuesday,Tablet
2698,2026-01-13,Furniture,Delhi,1871,4,7484,2026,1,13,Tuesday,Tablet
2699,2025-07-25,Groceries,Delhi,408,3,1224,2025,7,25,Friday,Headphones
2700,2025-01-25,Clothing,Bangalore,192,1,192,2025,1,25,Saturday,Phone
2701,2025-04-29,Clothing,Bangalore,2472,2,4944,2025,4,29,Tuesday,TV
2702,2025-08-28,Sports,Delhi,2743,10,27430,2025,8,28,Thursday,Camera
2703,2025-05-25,Electronics,Hyderabad,3903,4,15612,2025,5,25,Sunday,Laptop
2704,2024-10-12,Groceries,Mumbai,4394,1,4394,2024,10,12,Saturday,TV
2705,2026-05-01,Clothing,Bangalore,3926,5,19630,2026,5,1,Friday,Camera
2706,2026-01-18,Clothing,Delhi,4183,7,29281,2026,1,18,Sunday,Phone
2707,2024-11-04,Clothing,Hyderabad,3935,2,7870,2024,11,4,Monday,Camera
2708,2026-03-30,Furniture,Delhi,494,8,3952,2026,3,30,Monday,TV
2709,2026-06-28,Electronics,Chennai,1303,4,5212,2026,6,28,Sunday,Tablet
2710,2024-09-20,Sports,Mumbai,2658,4,10632,2024,9,20,Friday,Keyboard
2711,2026-01-11,Electronics,Hyderabad,1735,7,12145,2026,1,11,Sunday,Watch
2712,2025-10-06,Clothing,Hyderabad,571,8,4568,2025,10,6,Monday,Watch
2713,2024-12-05,Groceries,Hyderabad,618,6,3708,2024,12,5,Thursday,Tablet
2714,2025-12-25,Groceries,Bangalore,1014,5,5070,2025,12,25,Thursday,Keyboard
2715,2026-04-27,Furniture,Hyderabad,4241,1,4241,2026,4,27,Monday,Shoes
2716,2025-04-28,Sports,Hyderabad,408,3,1224,2025,4,28,Monday,Headphones
2717,2026-02-25,Sports,Bangalore,168,9,1512,2026,2,25,Wednesday,Phone
2718,2024-12-16,Sports,Hyderabad,1520,6,9120,2024,12,16,Monday,Camera
2719,2024-09-04,Furniture,Delhi,4579,7,32053,2024,9,4,Wednesday,Shoes
2720,2025-01-11,Clothing,Chennai,2421,10,24210,2025,1,11,Saturday,Keyboard
2721,2024-12-29,Sports,Chennai,3532,2,7064,2024,12,29,Sunday,Shoes
2722,2024-10-26,Clothing,Hyderabad,834,7,5838,2024,10,26,Saturday,Watch
2723,2025-09-19,Sports,Hyderabad,1450,7,10150,2025,9,19,Friday,Shoes
2724,2025-01-22,Furniture,Bangalore,929,2,1858,2025,1,22,Wednesday,Headphones
2725,2024-12-16,Sports,Hyderabad,4973,3,14919,2024,12,16,Monday,Watch
2726,2026-06-02,Sports,Hyderabad,4928,7,34496,2026,6,2,Tuesday,Headphones
2727,2024-12-28,Groceries,Mumbai,1861,9,16749,2024,12,28,Saturday,Shoes
2728,2025-06-02,Furniture,Bangalore,2088,4,8352,2025,6,2,Monday,Watch
2729,2026-02-09,Sports,Delhi,2054,7,14378,2026,2,9,Monday,Phone
2730,2024-10-28,Sports,Hyderabad,4438,1,4438,2024,10,28,Monday,Headphones
2731,2024-08-05,Electronics,Mumbai,739,3,2217,2024,8,5,Monday,Watch
2732,2025-08-03,Groceries,Delhi,297,9,2673,2025,8,3,Sunday,Headphones
2733,2025-10-14,Furniture,Mumbai,3483,8,27864,2025,10,14,Tuesday,Bag
2734,2024-07-05,Groceries,Chennai,3527,6,21162,2024,7,5,Friday,Tablet
2735,2024-11-05,Groceries,Mumbai,262,5,1310,2024,11,5,Tuesday,Tablet
2736,2025-07-13,Furniture,Hyderabad,1015,9,9135,2025,7,13,Sunday,Phone
2737,2024-09-09,Furniture,Delhi,2653,4,10612,2024,9,9,Monday,Headphones
2738,2025-04-24,Groceries,Hyderabad,1396,1,1396,2025,4,24,Thursday,Shoes
2739,2026-01-08,Groceries,Hyderabad,4695,3,14085,2026,1,8,Thursday,Bag
2740,2024-08-28,Groceries,Mumbai,1943,7,13601,2024,8,28,Wednesday,Keyboard
2741,2025-05-22,Clothing,Mumbai,2977,5,14885,2025,5,22,Thursday,Camera
2742,2025-07-28,Sports,Mumbai,4702,1,4702,2025,7,28,Monday,Keyboard
2743,2025-10-05,Furniture,Mumbai,3414,8,27312,2025,10,5,Sunday,Tablet
2744,2025-06-28,Sports,Mumbai,4192,10,41920,2025,6,28,Saturday,Bag
2745,2025-03-11,Clothing,Hyderabad,1631,2,3262,2025,3,11,Tuesday,Phone
2746,2026-02-16,Sports,Mumbai,2331,4,9324,2026,2,16,Monday,TV
2747,2025-03-17,Electronics,Delhi,3086,8,24688,2025,3,17,Monday,Laptop
2748,2024-10-08,Groceries,Delhi,4419,10,44190,2024,10,8,Tuesday,Bag
2749,2024-10-26,Sports,Delhi,1305,2,2610,2024,10,26,Saturday,Tablet
2750,2025-03-28,Sports,Bangalore,2944,8,23552,2025,3,28,Friday,TV
2751,2025-05-24,Sports,Chennai,4809,6,28854,2025,5,24,Saturday,Watch
2752,2024-12-23,Furniture,Mumbai,3177,2,6354,2024,12,23,Monday,Headphones
2753,2024-11-24,Groceries,Hyderabad,4007,3,12021,2024,11,24,Sunday,Headphones
2754,2024-10-24,Electronics,Delhi,4748,4,18992,2024,10,24,Thursday,Keyboard
2755,2024-10-23,Groceries,Mumbai,4411,2,8822,2024,10,23,Wednesday,TV
2756,2025-11-24,Furniture,Delhi,4003,5,20015,2025,11,24,Monday,Watch
2757,2026-02-01,Groceries,Chennai,2760,10,27600,2026,2,1,Sunday,Watch
2758,2026-04-06,Furniture,Mumbai,4610,2,9220,2026,4,6,Monday,Headphones
2759,2025-12-04,Sports,Delhi,4018,10,40180,2025,12,4,Thursday,Shoes
2760,2025-08-10,Clothing,Chennai,3136,1,3136,2025,8,10,Sunday,Laptop
2761,2025-11-22,Groceries,Delhi,478,6,2868,2025,11,22,Saturday,Keyboard
2762,2024-07-03,Electronics,Mumbai,2983,7,20881,2024,7,3,Wednesday,Phone
2763,2025-03-24,Groceries,Bangalore,320,4,1280,2025,3,24,Monday,Watch
2764,2026-06-19,Clothing,Mumbai,3355,9,30195,2026,6,19,Friday,Shoes
2765,2025-10-09,Clothing,Chennai,4635,2,9270,2025,10,9,Thursday,Laptop
2766,2024-12-06,Electronics,Mumbai,4042,5,20210,2024,12,6,Friday,Laptop
2767,2025-04-09,Clothing,Bangalore,4774,7,33418,2025,4,9,Wednesday,Shoes
2768,2026-04-28,Sports,Mumbai,1692,10,16920,2026,4,28,Tuesday,Camera
2769,2025-07-19,Clothing,Delhi,4237,3,12711,2025,7,19,Saturday,Phone
2770,2025-12-30,Groceries,Mumbai,3958,2,7916,2025,12,30,Tuesday,Phone
2771,2025-10-04,Furniture,Delhi,1614,2,3228,2025,10,4,Saturday,Laptop
2772,2024-12-22,Groceries,Mumbai,4700,10,47000,2024,12,22,Sunday,Bag
2773,2026-06-16,Electronics,Chennai,4989,2,9978,2026,6,16,Tuesday,Keyboard
2774,2025-09-05,Groceries,Bangalore,1678,9,15102,2025,9,5,Friday,Phone
2775,2025-07-05,Furniture,Hyderabad,520,3,1560,2025,7,5,Saturday,Camera
2776,2025-12-14,Clothing,Bangalore,808,5,4040,2025,12,14,Sunday,Phone
2777,2026-06-21,Groceries,Bangalore,3425,9,30825,2026,6,21,Sunday,Camera
2778,2025-11-21,Furniture,Delhi,763,5,3815,2025,11,21,Friday,Watch
2779,2024-08-20,Sports,Chennai,1147,3,3441,2024,8,20,Tuesday,Shoes
2780,2025-08-10,Furniture,Mumbai,2973,3,8919,2025,8,10,Sunday,Shoes
2781,2025-01-26,Clothing,Chennai,1386,1,1386,2025,1,26,Sunday,Shoes
2782,2025-05-11,Furniture,Bangalore,136,3,408,2025,5,11,Sunday,Camera
2783,2024-08-12,Sports,Delhi,2734,3,8202,2024,8,12,Monday,Keyboard
2784,2026-04-16,Clothing,Mumbai,1157,1,1157,2026,4,16,Thursday,Watch
2785,2025-04-25,Clothing,Bangalore,3625,3,10875,2025,4,25,Friday,Bag
2786,2025-12-24,Electronics,Chennai,2791,6,16746,2025,12,24,Wednesday,Laptop
2787,2025-03-31,Clothing,Hyderabad,3352,6,20112,2025,3,31,Monday,Bag
2788,2026-03-04,Electronics,Mumbai,4049,7,28343,2026,3,4,Wednesday,Watch
2789,2025-01-19,Electronics,Chennai,1365,10,13650,2025,1,19,Sunday,TV
2790,2025-12-20,Sports,Delhi,642,5,3210,2025,12,20,Saturday,Phone
2791,2024-07-10,Electronics,Hyderabad,2506,7,17542,2024,7,10,Wednesday,Headphones
2792,2024-09-27,Sports,Mumbai,1342,4,5368,2024,9,27,Friday,Tablet
2793,2024-10-18,Clothing,Hyderabad,1113,10,11130,2024,10,18,Friday,Bag
2794,2024-12-02,Groceries,Mumbai,782,7,5474,2024,12,2,Monday,Keyboard
2795,2026-02-24,Clothing,Chennai,3883,6,23298,2026,2,24,Tuesday,Tablet
2796,2024-09-11,Groceries,Chennai,4182,1,4182,2024,9,11,Wednesday,Tablet
2797,2026-03-26,Furniture,Bangalore,4627,6,27762,2026,3,26,Thursday,Headphones
2798,2024-11-09,Furniture,Hyderabad,1155,5,5775,2024,11,9,Saturday,Tablet
2799,2025-04-30,Electronics,Delhi,4483,6,26898,2025,4,30,Wednesday,Keyboard
2800,2025-05-14,Sports,Chennai,4706,2,9412,2025,5,14,Wednesday,Bag
2801,2025-01-29,Groceries,Mumbai,3253,7,22771,2025,1,29,Wednesday,Keyboard
2802,2025-02-13,Clothing,Hyderabad,2860,2,5720,2025,2,13,Thursday,Shoes
2803,2026-03-25,Clothing,Bangalore,2469,2,4938,2026,3,25,Wednesday,Headphones
2804,2025-10-11,Furniture,Hyderabad,2997,4,11988,2025,10,11,Saturday,Tablet
2805,2024-12-22,Sports,Chennai,427,1,427,2024,12,22,Sunday,Laptop
2806,2025-11-25,Sports,Mumbai,1585,8,12680,2025,11,25,Tuesday,Phone
2807,2025-10-20,Clothing,Bangalore,2089,10,20890,2025,10,20,Monday,Camera
2808,2025-09-10,Furniture,Delhi,1303,6,7818,2025,9,10,Wednesday,Phone
2809,2026-04-25,Sports,Delhi,428,3,1284,2026,4,25,Saturday,Keyboard
2810,2025-10-15,Groceries,Bangalore,3461,10,34610,2025,10,15,Wednesday,Keyboard
2811,2025-08-03,Furniture,Hyderabad,2941,4,11764,2025,8,3,Sunday,Headphones
2812,2024-12-09,Electronics,Hyderabad,815,4,3260,2024,12,9,Monday,Laptop
2813,2024-07-12,Sports,Hyderabad,3119,9,28071,2024,7,12,Friday,Bag
2814,2026-01-30,Clothing,Mumbai,3974,9,35766,2026,1,30,Friday,Tablet
2815,2026-04-08,Sports,Delhi,1103,2,2206,2026,4,8,Wednesday,Watch
2816,2024-10-20,Furniture,Chennai,3190,7,22330,2024,10,20,Sunday,TV
2817,2026-04-07,Groceries,Mumbai,2280,4,9120,2026,4,7,Tuesday,Headphones
2818,2026-05-22,Clothing,Bangalore,2432,6,14592,2026,5,22,Friday,Shoes
2819,2025-08-25,Furniture,Bangalore,2458,5,12290,2025,8,25,Monday,Tablet
2820,2024-07-19,Groceries,Mumbai,3157,1,3157,2024,7,19,Friday,Shoes
2821,2025-01-09,Electronics,Delhi,3352,5,16760,2025,1,9,Thursday,Watch
2822,2024-11-11,Electronics,Chennai,4508,7,31556,2024,11,11,Monday,Phone
2823,2025-11-25,Groceries,Delhi,717,1,717,2025,11,25,Tuesday,Bag
2824,2026-03-14,Furniture,Delhi,1072,4,4288,2026,3,14,Saturday,Headphones
2825,2025-01-30,Electronics,Delhi,277,1,277,2025,1,30,Thursday,Laptop
2826,2024-09-23,Groceries,Hyderabad,1757,3,5271,2024,9,23,Monday,Watch
2827,2026-02-06,Electronics,Delhi,2675,9,24075,2026,2,6,Friday,Camera
2828,2026-05-31,Electronics,Mumbai,4656,3,13968,2026,5,31,Sunday,Keyboard
2829,2026-01-26,Groceries,Chennai,2261,6,13566,2026,1,26,Monday,Bag
2830,2025-02-20,Electronics,Mumbai,2397,3,7191,2025,2,20,Thursday,Shoes
2831,2025-10-03,Clothing,Chennai,3374,5,16870,2025,10,3,Friday,Keyboard
2832,2025-05-28,Clothing,Chennai,397,3,1191,2025,5,28,Wednesday,TV
2833,2024-07-24,Furniture,Bangalore,107,1,107,2024,7,24,Wednesday,Phone
2834,2025-07-13,Electronics,Chennai,2712,3,8136,2025,7,13,Sunday,Tablet
2835,2025-12-01,Groceries,Bangalore,1757,10,17570,2025,12,1,Monday,TV
2836,2024-10-28,Furniture,Chennai,4302,2,8604,2024,10,28,Monday,Camera
2837,2025-01-12,Furniture,Chennai,3688,7,25816,2025,1,12,Sunday,Bag
2838,2025-02-11,Groceries,Delhi,4094,7,28658,2025,2,11,Tuesday,TV
2839,2025-01-17,Furniture,Hyderabad,2493,6,14958,2025,1,17,Friday,Tablet
2840,2024-07-08,Clothing,Mumbai,4497,5,22485,2024,7,8,Monday,Shoes
2841,2025-08-07,Clothing,Delhi,2260,9,20340,2025,8,7,Thursday,TV
2842,2025-08-04,Groceries,Bangalore,1590,8,12720,2025,8,4,Monday,Tablet
2843,2026-02-02,Groceries,Bangalore,520,3,1560,2026,2,2,Monday,Headphones
2844,2025-10-09,Clothing,Delhi,641,7,4487,2025,10,9,Thursday,Watch
2845,2026-05-03,Furniture,Chennai,4167,1,4167,2026,5,3,Sunday,Headphones
2846,2025-08-10,Electronics,Bangalore,976,8,7808,2025,8,10,Sunday,Phone
2847,2026-04-17,Furniture,Delhi,703,8,5624,2026,4,17,Friday,TV
2848,2024-09-08,Sports,Delhi,1282,4,5128,2024,9,8,Sunday,Watch
2849,2024-11-29,Groceries,Mumbai,3401,4,13604,2024,11,29,Friday,Tablet
2850,2025-02-24,Clothing,Hyderabad,678,2,1356,2025,2,24,Monday,Keyboard
2851,2024-12-19,Furniture,Chennai,3598,6,21588,2024,12,19,Thursday,Watch
2852,2024-11-10,Electronics,Delhi,3260,2,6520,2024,11,10,Sunday,Tablet
2853,2025-11-12,Furniture,Mumbai,4380,7,30660,2025,11,12,Wednesday,Watch
2854,2024-07-24,Electronics,Bangalore,2112,8,16896,2024,7,24,Wednesday,Watch
2855,2025-01-08,Clothing,Mumbai,505,9,4545,2025,1,8,Wednesday,Phone
2856,2024-10-18,Electronics,Delhi,3981,2,7962,2024,10,18,Friday,Phone
2857,2025-03-07,Electronics,Bangalore,2670,7,18690,2025,3,7,Friday,Camera
2858,2025-05-21,Electronics,Delhi,4696,4,18784,2025,5,21,Wednesday,Tablet
2859,2024-08-04,Furniture,Mumbai,2266,8,18128,2024,8,4,Sunday,Keyboard
2860,2025-05-19,Electronics,Bangalore,4219,6,25314,2025,5,19,Monday,Phone
2861,2025-02-08,Furniture,Delhi,4473,6,26838,2025,2,8,Saturday,TV
2862,2025-02-17,Sports,Bangalore,3598,8,28784,2025,2,17,Monday,Headphones
2863,2025-08-16,Electronics,Bangalore,4716,6,28296,2025,8,16,Saturday,Phone
2864,2024-11-02,Sports,Delhi,484,10,4840,2024,11,2,Saturday,Bag
2865,2026-02-26,Clothing,Hyderabad,2799,7,19593,2026,2,26,Thursday,Camera
2866,2025-02-23,Furniture,Delhi,3221,4,12884,2025,2,23,Sunday,Keyboard
2867,2025-01-25,Electronics,Mumbai,3150,9,28350,2025,1,25,Saturday,Tablet
2868,2025-01-17,Groceries,Hyderabad,1611,6,9666,2025,1,17,Friday,Headphones
2869,2024-08-10,Electronics,Chennai,2098,1,2098,2024,8,10,Saturday,Headphones
2870,2025-05-17,Groceries,Hyderabad,2776,4,11104,2025,5,17,Saturday,Phone
2871,2024-10-04,Electronics,Hyderabad,2293,6,13758,2024,10,4,Friday,Camera
2872,2024-12-13,Clothing,Delhi,113,6,678,2024,12,13,Friday,Laptop
2873,2026-02-05,Electronics,Hyderabad,3857,7,26999,2026,2,5,Thursday,Shoes
2874,2025-01-26,Furniture,Mumbai,4484,3,13452,2025,1,26,Sunday,TV
2875,2024-12-11,Electronics,Delhi,4263,3,12789,2024,12,11,Wednesday,Laptop
2876,2024-10-14,Furniture,Bangalore,3530,4,14120,2024,10,14,Monday,Camera
2877,2026-05-24,Clothing,Delhi,374,7,2618,2026,5,24,Sunday,Keyboard
2878,2026-02-16,Groceries,Bangalore,4935,1,4935,2026,2,16,Monday,Bag
2879,2025-09-28,Furniture,Hyderabad,3803,2,7606,2025,9,28,Sunday,Keyboard
2880,2024-10-31,Electronics,Mumbai,4420,9,39780,2024,10,31,Thursday,Keyboard
2881,2025-04-30,Clothing,Bangalore,3450,5,17250,2025,4,30,Wednesday,Tablet
2882,2026-04-26,Sports,Hyderabad,1035,3,3105,2026,4,26,Sunday,Camera
2883,2026-05-06,Groceries,Hyderabad,767,2,1534,2026,5,6,Wednesday,TV
2884,2026-01-10,Electronics,Delhi,4327,10,43270,2026,1,10,Saturday,Tablet
2885,2025-03-10,Sports,Hyderabad,1888,5,9440,2025,3,10,Monday,Phone
2886,2025-01-29,Furniture,Mumbai,4623,9,41607,2025,1,29,Wednesday,Bag
2887,2024-08-25,Clothing,Chennai,3640,5,18200,2024,8,25,Sunday,Phone
2888,2026-04-09,Furniture,Delhi,974,5,4870,2026,4,9,Thursday,Tablet
2889,2026-06-19,Clothing,Hyderabad,1614,4,6456,2026,6,19,Friday,Headphones
2890,2024-10-05,Groceries,Delhi,2288,1,2288,2024,10,5,Saturday,Laptop
2891,2025-02-08,Electronics,Mumbai,2783,10,27830,2025,2,8,Saturday,Camera
2892,2025-12-02,Electronics,Delhi,4713,9,42417,2025,12,2,Tuesday,Watch
2893,2024-12-19,Clothing,Delhi,1807,7,12649,2024,12,19,Thursday,TV
2894,2026-03-29,Clothing,Bangalore,2651,1,2651,2026,3,29,Sunday,Headphones
2895,2026-01-23,Clothing,Chennai,1878,8,15024,2026,1,23,Friday,Bag
2896,2024-10-06,Clothing,Bangalore,3173,2,6346,2024,10,6,Sunday,Keyboard
2897,2026-02-01,Clothing,Hyderabad,371,2,742,2026,2,1,Sunday,TV
2898,2025-11-15,Electronics,Chennai,2987,5,14935,2025,11,15,Saturday,Shoes
2899,2025-08-06,Electronics,Mumbai,1983,7,13881,2025,8,6,Wednesday,TV
2900,2024-06-30,Electronics,Mumbai,2949,4,11796,2024,6,30,Sunday,Tablet
2901,2025-10-19,Sports,Hyderabad,2371,5,11855,2025,10,19,Sunday,Keyboard
2902,2026-06-10,Clothing,Bangalore,1348,8,10784,2026,6,10,Wednesday,Keyboard
2903,2025-05-26,Furniture,Mumbai,4775,2,9550,2025,5,26,Monday,Watch
2904,2025-06-29,Groceries,Bangalore,4504,9,40536,2025,6,29,Sunday,Tablet
2905,2026-04-04,Furniture,Bangalore,1666,2,3332,2026,4,4,Saturday,Headphones
2906,2026-04-16,Electronics,Bangalore,4688,7,32816,2026,4,16,Thursday,Headphones
2907,2024-09-21,Groceries,Hyderabad,3983,7,27881,2024,9,21,Saturday,Keyboard
2908,2025-11-11,Furniture,Delhi,1066,5,5330,2025,11,11,Tuesday,Shoes
2909,2025-09-16,Clothing,Chennai,3511,10,35110,2025,9,16,Tuesday,Laptop
2910,2025-06-18,Sports,Mumbai,2058,9,18522,2025,6,18,Wednesday,Watch
2911,2024-12-07,Clothing,Chennai,4736,5,23680,2024,12,7,Saturday,Shoes
2912,2024-11-26,Clothing,Hyderabad,1764,6,10584,2024,11,26,Tuesday,Phone
2913,2025-08-15,Clothing,Hyderabad,2214,2,4428,2025,8,15,Friday,Tablet
2914,2025-07-01,Furniture,Hyderabad,2624,1,2624,2025,7,1,Tuesday,Tablet
2915,2024-11-29,Sports,Mumbai,2348,10,23480,2024,11,29,Friday,Bag
2916,2024-09-17,Sports,Bangalore,797,9,7173,2024,9,17,Tuesday,Phone
2917,2024-12-31,Clothing,Hyderabad,2475,3,7425,2024,12,31,Tuesday,Camera
2918,2024-09-22,Sports,Chennai,449,2,898,2024,9,22,Sunday,TV
2919,2026-03-02,Clothing,Chennai,3957,3,11871,2026,3,2,Monday,Camera
2920,2024-08-30,Clothing,Delhi,525,3,1575,2024,8,30,Friday,Keyboard
2921,2024-09-04,Electronics,Delhi,3481,9,31329,2024,9,4,Wednesday,Shoes
2922,2026-02-09,Electronics,Hyderabad,4269,3,12807,2026,2,9,Monday,Bag
2923,2026-02-17,Groceries,Delhi,1152,8,9216,2026,2,17,Tuesday,Headphones
2924,2024-07-13,Groceries,Delhi,4545,9,40905,2024,7,13,Saturday,Bag
2925,2025-05-31,Groceries,Bangalore,2024,2,4048,2025,5,31,Saturday,TV
2926,2024-12-06,Furniture,Delhi,4803,6,28818,2024,12,6,Friday,TV
2927,2025-11-15,Furniture,Delhi,4009,9,36081,2025,11,15,Saturday,Laptop
2928,2025-05-28,Clothing,Chennai,3205,2,6410,2025,5,28,Wednesday,Phone
2929,2025-02-10,Sports,Hyderabad,3193,2,6386,2025,2,10,Monday,Phone
2930,2025-11-08,Groceries,Bangalore,3906,8,31248,2025,11,8,Saturday,TV
2931,2025-02-02,Electronics,Chennai,2033,8,16264,2025,2,2,Sunday,Phone
2932,2026-04-09,Electronics,Delhi,2110,4,8440,2026,4,9,Thursday,Shoes
2933,2024-07-11,Groceries,Bangalore,1031,1,1031,2024,7,11,Thursday,Headphones
2934,2025-11-29,Groceries,Mumbai,2679,4,10716,2025,11,29,Saturday,Laptop
2935,2025-07-23,Electronics,Hyderabad,2861,5,14305,2025,7,23,Wednesday,Camera
2936,2025-06-02,Sports,Bangalore,4930,5,24650,2025,6,2,Monday,Laptop
2937,2026-05-19,Electronics,Bangalore,3496,5,17480,2026,5,19,Tuesday,TV
2938,2026-04-14,Sports,Mumbai,4199,1,4199,2026,4,14,Tuesday,Keyboard
2939,2026-04-03,Furniture,Delhi,846,2,1692,2026,4,3,Friday,Headphones
2940,2024-11-03,Furniture,Delhi,1550,5,7750,2024,11,3,Sunday,TV
2941,2025-11-21,Sports,Chennai,4477,4,17908,2025,11,21,Friday,Headphones
2942,2025-08-17,Clothing,Bangalore,1526,1,1526,2025,8,17,Sunday,Watch
2943,2024-12-16,Sports,Bangalore,4489,3,13467,2024,12,16,Monday,Watch
2944,2024-10-18,Clothing,Bangalore,937,4,3748,2024,10,18,Friday,Bag
2945,2026-05-16,Sports,Delhi,1974,10,19740,2026,5,16,Saturday,Watch
2946,2025-06-20,Electronics,Bangalore,2617,6,15702,2025,6,20,Friday,Watch
2947,2026-06-02,Groceries,Mumbai,491,1,491,2026,6,2,Tuesday,Tablet
2948,2024-12-18,Electronics,Bangalore,791,3,2373,2024,12,18,Wednesday,Bag
2949,2026-01-30,Electronics,Hyderabad,1513,1,1513,2026,1,30,Friday,Headphones
2950,2026-03-21,Furniture,Chennai,3566,9,32094,2026,3,21,Saturday,Shoes
2951,2025-05-31,Furniture,Hyderabad,1211,4,4844,2025,5,31,Saturday,Phone
2952,2025-10-07,Furniture,Delhi,1967,6,11802,2025,10,7,Tuesday,Headphones
2953,2025-05-13,Furniture,Chennai,3088,3,9264,2025,5,13,Tuesday,Headphones
2954,2024-09-12,Furniture,Mumbai,1705,10,17050,2024,9,12,Thursday,Keyboard
2955,2025-04-07,Electronics,Hyderabad,4940,6,29640,2025,4,7,Monday,Laptop
2956,2025-11-17,Groceries,Hyderabad,866,8,6928,2025,11,17,Monday,Phone
2957,2026-01-29,Electronics,Hyderabad,3297,5,16485,2026,1,29,Thursday,TV
2958,2025-09-28,Furniture,Chennai,2784,6,16704,2025,9,28,Sunday,Keyboard
2959,2024-08-08,Sports,Delhi,2959,2,5918,2024,8,8,Thursday,Tablet
2960,2026-02-14,Furniture,Mumbai,4237,5,21185,2026,2,14,Saturday,Camera
2961,2026-06-20,Sports,Bangalore,4545,4,18180,2026,6,20,Saturday,Watch
2962,2025-06-22,Sports,Hyderabad,2579,9,23211,2025,6,22,Sunday,Phone
2963,2024-12-04,Electronics,Hyderabad,1455,9,13095,2024,12,4,Wednesday,Tablet
2964,2025-11-05,Furniture,Chennai,4222,5,21110,2025,11,5,Wednesday,Bag
2965,2024-10-23,Furniture,Chennai,1638,6,9828,2024,10,23,Wednesday,Shoes
2966,2025-09-30,Furniture,Hyderabad,473,1,473,2025,9,30,Tuesday,Shoes
2967,2026-02-02,Groceries,Bangalore,3970,3,11910,2026,2,2,Monday,Keyboard
2968,2025-06-09,Clothing,Bangalore,1586,10,15860,2025,6,9,Monday,Shoes
2969,2025-01-06,Clothing,Bangalore,367,9,3303,2025,1,6,Monday,Laptop
2970,2024-09-20,Clothing,Chennai,3350,4,13400,2024,9,20,Friday,Phone
2971,2025-07-05,Clothing,Hyderabad,2357,9,21213,2025,7,5,Saturday,Shoes
2972,2026-03-11,Sports,Bangalore,3940,4,15760,2026,3,11,Wednesday,Watch
2973,2024-10-10,Furniture,Bangalore,3330,6,19980,2024,10,10,Thursday,TV
2974,2025-01-02,Electronics,Chennai,2722,1,2722,2025,1,2,Thursday,Bag
2975,2025-02-04,Electronics,Chennai,3912,1,3912,2025,2,4,Tuesday,Keyboard
2976,2025-03-24,Clothing,Mumbai,1089,7,7623,2025,3,24,Monday,Tablet
2977,2025-08-26,Furniture,Chennai,3096,10,30960,2025,8,26,Tuesday,Watch
2978,2025-11-04,Electronics,Hyderabad,3876,7,27132,2025,11,4,Tuesday,Keyboard
2979,2024-11-14,Furniture,Hyderabad,3866,9,34794,2024,11,14,Thursday,Laptop
2980,2024-10-28,Electronics,Bangalore,896,1,896,2024,10,28,Monday,Headphones
2981,2026-04-06,Sports,Hyderabad,3729,2,7458,2026,4,6,Monday,TV
2982,2025-06-14,Electronics,Chennai,4804,10,48040,2025,6,14,Saturday,Shoes
2983,2026-04-12,Electronics,Hyderabad,1820,7,12740,2026,4,12,Sunday,Camera
2984,2025-12-24,Clothing,Hyderabad,4462,9,40158,2025,12,24,Wednesday,Camera
2985,2025-07-28,Sports,Delhi,442,10,4420,2025,7,28,Monday,Shoes
2986,2026-01-13,Furniture,Delhi,2525,10,25250,2026,1,13,Tuesday,Watch
2987,2025-09-06,Clothing,Mumbai,3659,9,32931,2025,9,6,Saturday,Headphones
2988,2026-01-21,Sports,Chennai,1542,4,6168,2026,1,21,Wednesday,Laptop
2989,2024-07-01,Groceries,Chennai,4984,10,49840,2024,7,1,Monday,Laptop
2990,2025-11-12,Clothing,Mumbai,2565,3,7695,2025,11,12,Wednesday,Tablet
2991,2024-10-15,Electronics,Mumbai,2619,4,10476,2024,10,15,Tuesday,Phone
2992,2025-04-11,Groceries,Hyderabad,710,8,5680,2025,4,11,Friday,Tablet
2993,2025-08-02,Clothing,Delhi,4039,10,40390,2025,8,2,Saturday,Shoes
2994,2025-12-28,Clothing,Chennai,3430,5,17150,2025,12,28,Sunday,Camera
2995,2024-12-18,Clothing,Bangalore,697,5,3485,2024,12,18,Wednesday,Laptop
2996,2026-02-02,Electronics,Chennai,1131,6,6786,2026,2,2,Monday,TV
2997,2025-12-04,Clothing,Delhi,897,1,897,2025,12,4,Thursday,Phone
2998,2024-07-18,Furniture,Hyderabad,643,9,5787,2024,7,18,Thursday,Headphones
2999,2025-01-13,Groceries,Mumbai,3641,6,21846,2025,1,13,Monday,Shoes
3000,2025-01-03,Groceries,Mumbai,1038,2,2076,2025,1,3,Friday,TV
3001,2026-03-12,Clothing,Mumbai,2575,8,20600,2026,3,12,Thursday,TV
3002,2025-06-06,Furniture,Delhi,4020,2,8040,2025,6,6,Friday,Shoes
3003,2026-01-14,Furniture,Bangalore,1401,6,8406,2026,1,14,Wednesday,Keyboard
3004,2025-03-14,Electronics,Chennai,4376,3,13128,2025,3,14,Friday,Watch
3005,2024-09-12,Furniture,Delhi,4605,1,4605,2024,9,12,Thursday,TV
3006,2026-02-05,Clothing,Chennai,1300,5,6500,2026,2,5,Thursday,Camera
3007,2024-07-27,Groceries,Mumbai,3836,2,7672,2024,7,27,Saturday,Bag
3008,2024-06-29,Electronics,Delhi,3603,7,25221,2024,6,29,Saturday,Keyboard
3009,2025-06-14,Electronics,Chennai,190,9,1710,2025,6,14,Saturday,Bag
3010,2025-10-14,Groceries,Delhi,3392,5,16960,2025,10,14,Tuesday,TV
3011,2025-10-26,Groceries,Hyderabad,3347,8,26776,2025,10,26,Sunday,Bag
3012,2024-08-22,Groceries,Mumbai,3764,2,7528,2024,8,22,Thursday,Laptop
3013,2025-03-22,Sports,Mumbai,473,3,1419,2025,3,22,Saturday,Camera
3014,2024-08-09,Clothing,Bangalore,362,9,3258,2024,8,9,Friday,Keyboard
3015,2025-07-08,Furniture,Bangalore,2782,2,5564,2025,7,8,Tuesday,Camera
3016,2024-12-30,Groceries,Chennai,899,1,899,2024,12,30,Monday,Keyboard
3017,2025-07-06,Groceries,Mumbai,4686,10,46860,2025,7,6,Sunday,Laptop
3018,2025-03-08,Clothing,Chennai,1306,9,11754,2025,3,8,Saturday,Keyboard
3019,2025-03-10,Sports,Hyderabad,4104,2,8208,2025,3,10,Monday,Camera
3020,2025-12-17,Electronics,Mumbai,3474,6,20844,2025,12,17,Wednesday,TV
3021,2025-08-06,Clothing,Delhi,781,2,1562,2025,8,6,Wednesday,Headphones
3022,2025-02-02,Sports,Mumbai,2664,3,7992,2025,2,2,Sunday,Watch
3023,2025-08-27,Furniture,Delhi,2786,6,16716,2025,8,27,Wednesday,TV
3024,2026-04-05,Sports,Delhi,3058,8,24464,2026,4,5,Sunday,TV
3025,2026-01-13,Groceries,Hyderabad,649,8,5192,2026,1,13,Tuesday,Watch
3026,2025-06-08,Sports,Bangalore,4942,2,9884,2025,6,8,Sunday,Watch
3027,2024-12-12,Furniture,Mumbai,459,2,918,2024,12,12,Thursday,Watch
3028,2025-08-30,Groceries,Hyderabad,3624,5,18120,2025,8,30,Saturday,Shoes
3029,2024-07-21,Furniture,Mumbai,2836,5,14180,2024,7,21,Sunday,Bag
3030,2026-06-05,Electronics,Mumbai,3110,5,15550,2026,6,5,Friday,Headphones
3031,2024-12-06,Furniture,Delhi,754,8,6032,2024,12,6,Friday,Camera
3032,2025-12-10,Sports,Delhi,2926,5,14630,2025,12,10,Wednesday,Shoes
3033,2025-07-10,Groceries,Chennai,1145,9,10305,2025,7,10,Thursday,Shoes
3034,2025-12-13,Groceries,Bangalore,1876,9,16884,2025,12,13,Saturday,Phone
3035,2024-08-04,Clothing,Delhi,639,10,6390,2024,8,4,Sunday,Keyboard
3036,2025-03-06,Sports,Mumbai,2523,4,10092,2025,3,6,Thursday,Watch
3037,2026-05-25,Sports,Mumbai,2949,7,20643,2026,5,25,Monday,Tablet
3038,2024-07-03,Furniture,Chennai,3597,3,10791,2024,7,3,Wednesday,Headphones
3039,2024-08-30,Clothing,Mumbai,295,5,1475,2024,8,30,Friday,Watch
3040,2024-08-26,Groceries,Delhi,846,8,6768,2024,8,26,Monday,TV
3041,2025-12-22,Furniture,Delhi,818,4,3272,2025,12,22,Monday,Tablet
3042,2024-12-31,Sports,Mumbai,4164,9,37476,2024,12,31,Tuesday,Watch
3043,2025-10-27,Sports,Mumbai,3517,9,31653,2025,10,27,Monday,Tablet
3044,2024-10-30,Clothing,Bangalore,364,4,1456,2024,10,30,Wednesday,Tablet
3045,2025-03-03,Clothing,Delhi,4453,5,22265,2025,3,3,Monday,TV
3046,2025-10-06,Furniture,Hyderabad,2901,10,29010,2025,10,6,Monday,Tablet
3047,2024-11-21,Groceries,Hyderabad,4845,9,43605,2024,11,21,Thursday,TV
3048,2025-11-06,Clothing,Chennai,3709,8,29672,2025,11,6,Thursday,Laptop
3049,2026-06-20,Clothing,Delhi,1591,9,14319,2026,6,20,Saturday,Keyboard
3050,2025-09-12,Furniture,Hyderabad,2018,9,18162,2025,9,12,Friday,Phone
3051,2024-08-25,Groceries,Mumbai,4219,1,4219,2024,8,25,Sunday,Keyboard
3052,2025-11-17,Sports,Mumbai,2379,2,4758,2025,11,17,Monday,Phone
3053,2025-09-23,Furniture,Bangalore,3045,8,24360,2025,9,23,Tuesday,Keyboard
3054,2024-07-23,Clothing,Delhi,3418,6,20508,2024,7,23,Tuesday,Bag
3055,2025-03-20,Clothing,Delhi,3725,6,22350,2025,3,20,Thursday,Keyboard
3056,2025-09-05,Clothing,Chennai,4944,4,19776,2025,9,5,Friday,Tablet
3057,2025-06-25,Furniture,Delhi,4129,9,37161,2025,6,25,Wednesday,Shoes
3058,2025-02-12,Groceries,Bangalore,2547,1,2547,2025,2,12,Wednesday,Laptop
3059,2025-11-12,Electronics,Delhi,4488,9,40392,2025,11,12,Wednesday,Tablet
3060,2025-04-10,Clothing,Chennai,4848,6,29088,2025,4,10,Thursday,Camera
3061,2024-08-21,Groceries,Mumbai,3351,5,16755,2024,8,21,Wednesday,Shoes
3062,2025-12-16,Electronics,Bangalore,2274,10,22740,2025,12,16,Tuesday,Camera
3063,2025-12-10,Electronics,Bangalore,3402,2,6804,2025,12,10,Wednesday,Shoes
3064,2025-08-15,Furniture,Bangalore,4999,10,49990,2025,8,15,Friday,Keyboard
3065,2026-01-28,Electronics,Delhi,214,2,428,2026,1,28,Wednesday,Phone
3066,2024-09-07,Clothing,Bangalore,4385,4,17540,2024,9,7,Saturday,Headphones
3067,2024-08-03,Furniture,Delhi,3238,3,9714,2024,8,3,Saturday,Shoes
3068,2025-03-12,Clothing,Delhi,2361,7,16527,2025,3,12,Wednesday,TV
3069,2026-04-09,Clothing,Bangalore,1940,7,13580,2026,4,9,Thursday,Headphones
3070,2025-06-22,Groceries,Hyderabad,3933,1,3933,2025,6,22,Sunday,TV
3071,2025-10-24,Electronics,Hyderabad,2468,3,7404,2025,10,24,Friday,Keyboard
3072,2024-08-09,Sports,Bangalore,2406,4,9624,2024,8,9,Friday,Bag
3073,2025-12-17,Groceries,Chennai,2225,8,17800,2025,12,17,Wednesday,TV
3074,2024-10-06,Groceries,Chennai,662,1,662,2024,10,6,Sunday,Watch
3075,2026-03-05,Electronics,Hyderabad,4945,2,9890,2026,3,5,Thursday,Tablet
3076,2026-03-16,Furniture,Bangalore,3782,1,3782,2026,3,16,Monday,Phone
3077,2024-06-29,Sports,Hyderabad,1857,4,7428,2024,6,29,Saturday,Headphones
3078,2025-01-07,Groceries,Chennai,2424,4,9696,2025,1,7,Tuesday,Shoes
3079,2024-07-28,Groceries,Delhi,2472,6,14832,2024,7,28,Sunday,Headphones
3080,2024-11-23,Electronics,Mumbai,2765,3,8295,2024,11,23,Saturday,Phone
3081,2024-10-30,Electronics,Bangalore,2701,4,10804,2024,10,30,Wednesday,Headphones
3082,2026-06-01,Groceries,Chennai,3576,9,32184,2026,6,1,Monday,TV
3083,2026-06-24,Sports,Hyderabad,839,10,8390,2026,6,24,Wednesday,Headphones
3084,2024-07-07,Electronics,Mumbai,3020,4,12080,2024,7,7,Sunday,Phone
3085,2025-07-19,Furniture,Mumbai,772,6,4632,2025,7,19,Saturday,Watch
3086,2025-02-02,Groceries,Delhi,4841,9,43569,2025,2,2,Sunday,Bag
3087,2026-04-15,Sports,Mumbai,3998,3,11994,2026,4,15,Wednesday,TV
3088,2024-09-05,Sports,Chennai,1843,3,5529,2024,9,5,Thursday,TV
3089,2024-08-21,Sports,Mumbai,4639,2,9278,2024,8,21,Wednesday,Bag
3090,2026-05-28,Groceries,Bangalore,677,6,4062,2026,5,28,Thursday,Laptop
3091,2026-06-22,Groceries,Mumbai,4426,7,30982,2026,6,22,Monday,Shoes
3092,2025-11-15,Groceries,Delhi,2292,9,20628,2025,11,15,Saturday,Phone
3093,2024-09-29,Furniture,Hyderabad,539,6,3234,2024,9,29,Sunday,Shoes
3094,2026-01-08,Sports,Chennai,1689,3,5067,2026,1,8,Thursday,Bag
3095,2025-02-02,Groceries,Mumbai,1433,10,14330,2025,2,2,Sunday,Camera
3096,2025-05-19,Clothing,Hyderabad,1398,5,6990,2025,5,19,Monday,Phone
3097,2025-02-24,Electronics,Chennai,230,4,920,2025,2,24,Monday,Camera
3098,2024-09-10,Furniture,Mumbai,1559,5,7795,2024,9,10,Tuesday,Bag
3099,2025-11-13,Sports,Delhi,673,7,4711,2025,11,13,Thursday,Keyboard
3100,2024-12-25,Sports,Chennai,2244,6,13464,2024,12,25,Wednesday,Bag
3101,2026-05-14,Sports,Mumbai,3927,5,19635,2026,5,14,Thursday,TV
3102,2024-11-05,Sports,Mumbai,4461,10,44610,2024,11,5,Tuesday,Keyboard
3103,2024-10-26,Clothing,Delhi,4503,1,4503,2024,10,26,Saturday,TV
3104,2025-02-23,Sports,Delhi,3768,10,37680,2025,2,23,Sunday,Watch
3105,2026-02-28,Sports,Chennai,3503,6,21018,2026,2,28,Saturday,Tablet
3106,2026-05-14,Furniture,Hyderabad,622,1,622,2026,5,14,Thursday,Bag
3107,2025-09-30,Groceries,Hyderabad,4961,3,14883,2025,9,30,Tuesday,Phone
3108,2024-12-19,Groceries,Hyderabad,3935,8,31480,2024,12,19,Thursday,Headphones
3109,2026-04-03,Groceries,Bangalore,4647,9,41823,2026,4,3,Friday,Keyboard
3110,2025-02-07,Clothing,Mumbai,4378,6,26268,2025,2,7,Friday,TV
3111,2025-08-15,Sports,Hyderabad,1057,4,4228,2025,8,15,Friday,Headphones
3112,2026-02-21,Clothing,Delhi,2121,4,8484,2026,2,21,Saturday,Camera
3113,2025-11-17,Clothing,Chennai,1657,4,6628,2025,11,17,Monday,Phone
3114,2026-01-11,Electronics,Chennai,4735,10,47350,2026,1,11,Sunday,Headphones
3115,2025-05-11,Sports,Hyderabad,4406,7,30842,2025,5,11,Sunday,Camera
3116,2024-12-28,Groceries,Bangalore,1056,6,6336,2024,12,28,Saturday,Keyboard
3117,2026-05-27,Sports,Chennai,3390,8,27120,2026,5,27,Wednesday,Phone
3118,2025-12-20,Furniture,Bangalore,4720,8,37760,2025,12,20,Saturday,Headphones
3119,2024-07-19,Clothing,Hyderabad,2962,5,14810,2024,7,19,Friday,Bag
3120,2024-08-15,Groceries,Mumbai,362,1,362,2024,8,15,Thursday,Shoes
3121,2026-04-21,Electronics,Bangalore,2910,9,26190,2026,4,21,Tuesday,TV
3122,2025-12-07,Electronics,Bangalore,4085,8,32680,2025,12,7,Sunday,Headphones
3123,2026-05-14,Groceries,Hyderabad,3291,3,9873,2026,5,14,Thursday,Headphones
3124,2026-05-18,Electronics,Chennai,2874,1,2874,2026,5,18,Monday,Tablet
3125,2024-12-16,Clothing,Chennai,1310,1,1310,2024,12,16,Monday,Phone
3126,2025-06-08,Sports,Delhi,3533,2,7066,2025,6,8,Sunday,TV
3127,2024-09-18,Sports,Delhi,3580,3,10740,2024,9,18,Wednesday,Bag
3128,2024-10-27,Furniture,Mumbai,3868,1,3868,2024,10,27,Sunday,Bag
3129,2025-10-22,Groceries,Mumbai,3667,6,22002,2025,10,22,Wednesday,Laptop
3130,2025-03-12,Furniture,Bangalore,2995,10,29950,2025,3,12,Wednesday,Phone
3131,2025-09-08,Groceries,Mumbai,4431,10,44310,2025,9,8,Monday,Camera
3132,2024-08-10,Furniture,Delhi,1890,5,9450,2024,8,10,Saturday,Phone
3133,2024-07-27,Clothing,Mumbai,1277,2,2554,2024,7,27,Saturday,Bag
3134,2025-12-09,Groceries,Mumbai,1224,1,1224,2025,12,9,Tuesday,Headphones
3135,2025-09-26,Groceries,Mumbai,2823,7,19761,2025,9,26,Friday,Laptop
3136,2026-02-09,Furniture,Chennai,396,4,1584,2026,2,9,Monday,Phone
3137,2024-07-29,Furniture,Bangalore,3430,8,27440,2024,7,29,Monday,Bag
3138,2026-02-21,Electronics,Mumbai,3687,9,33183,2026,2,21,Saturday,Phone
3139,2025-10-25,Furniture,Delhi,938,10,9380,2025,10,25,Saturday,Tablet
3140,2024-12-30,Groceries,Chennai,993,8,7944,2024,12,30,Monday,Camera
3141,2024-08-27,Groceries,Bangalore,1014,3,3042,2024,8,27,Tuesday,Tablet
3142,2024-10-25,Electronics,Mumbai,3478,10,34780,2024,10,25,Friday,Phone
3143,2025-04-11,Clothing,Hyderabad,3211,2,6422,2025,4,11,Friday,Keyboard
3144,2024-10-23,Sports,Chennai,4858,3,14574,2024,10,23,Wednesday,Watch
3145,2025-08-25,Clothing,Mumbai,2200,6,13200,2025,8,25,Monday,Keyboard
3146,2025-04-09,Sports,Delhi,1948,5,9740,2025,4,9,Wednesday,Phone
3147,2024-12-12,Furniture,Bangalore,1092,8,8736,2024,12,12,Thursday,Tablet
3148,2025-06-09,Furniture,Bangalore,3776,3,11328,2025,6,9,Monday,Headphones
3149,2025-02-23,Sports,Delhi,3179,6,19074,2025,2,23,Sunday,Camera
3150,2026-01-16,Furniture,Chennai,3381,2,6762,2026,1,16,Friday,Shoes
3151,2026-02-27,Electronics,Bangalore,4482,6,26892,2026,2,27,Friday,Bag
3152,2025-09-07,Furniture,Bangalore,2243,5,11215,2025,9,7,Sunday,Shoes
3153,2026-02-22,Sports,Mumbai,3329,10,33290,2026,2,22,Sunday,TV
3154,2025-05-18,Groceries,Hyderabad,3563,10,35630,2025,5,18,Sunday,Bag
3155,2025-06-26,Electronics,Bangalore,4613,4,18452,2025,6,26,Thursday,Camera
3156,2025-05-06,Groceries,Delhi,1615,1,1615,2025,5,6,Tuesday,Bag
3157,2026-06-19,Clothing,Mumbai,351,7,2457,2026,6,19,Friday,Keyboard
3158,2025-01-24,Electronics,Bangalore,3090,5,15450,2025,1,24,Friday,Phone
3159,2025-02-17,Furniture,Mumbai,4633,4,18532,2025,2,17,Monday,Watch
3160,2024-08-02,Groceries,Delhi,4272,9,38448,2024,8,2,Friday,Laptop
3161,2024-07-19,Groceries,Mumbai,2878,9,25902,2024,7,19,Friday,Tablet
3162,2024-12-01,Electronics,Bangalore,140,7,980,2024,12,1,Sunday,TV
3163,2026-05-17,Sports,Delhi,1303,1,1303,2026,5,17,Sunday,Keyboard
3164,2024-12-18,Clothing,Bangalore,3990,8,31920,2024,12,18,Wednesday,Headphones
3165,2025-06-14,Sports,Bangalore,2958,9,26622,2025,6,14,Saturday,Tablet
3166,2025-11-23,Furniture,Delhi,1106,8,8848,2025,11,23,Sunday,TV
3167,2026-01-30,Furniture,Delhi,3808,10,38080,2026,1,30,Friday,Tablet
3168,2024-11-10,Clothing,Hyderabad,835,10,8350,2024,11,10,Sunday,Camera
3169,2026-03-04,Furniture,Bangalore,1741,4,6964,2026,3,4,Wednesday,Watch
3170,2024-08-19,Electronics,Delhi,1128,2,2256,2024,8,19,Monday,Keyboard
3171,2026-04-13,Sports,Chennai,2788,2,5576,2026,4,13,Monday,Keyboard
3172,2025-12-24,Electronics,Mumbai,3408,3,10224,2025,12,24,Wednesday,TV
3173,2025-07-08,Electronics,Chennai,4443,9,39987,2025,7,8,Tuesday,Tablet
3174,2026-04-23,Groceries,Delhi,3361,9,30249,2026,4,23,Thursday,Tablet
3175,2024-11-18,Sports,Delhi,1216,5,6080,2024,11,18,Monday,Watch
3176,2026-01-18,Furniture,Bangalore,3668,4,14672,2026,1,18,Sunday,Keyboard
3177,2025-07-11,Sports,Chennai,3599,2,7198,2025,7,11,Friday,Bag
3178,2025-01-18,Clothing,Mumbai,4338,6,26028,2025,1,18,Saturday,Watch
3179,2025-11-03,Electronics,Hyderabad,3560,8,28480,2025,11,3,Monday,Headphones
3180,2026-03-19,Furniture,Delhi,2033,4,8132,2026,3,19,Thursday,Tablet
3181,2024-09-02,Groceries,Delhi,4702,7,32914,2024,9,2,Monday,TV
3182,2024-07-17,Furniture,Mumbai,1443,2,2886,2024,7,17,Wednesday,Keyboard
3183,2026-04-18,Groceries,Mumbai,1562,9,14058,2026,4,18,Saturday,Tablet
3184,2024-12-02,Groceries,Chennai,4429,9,39861,2024,12,2,Monday,Camera
3185,2026-04-13,Groceries,Chennai,2737,7,19159,2026,4,13,Monday,Bag
3186,2024-12-11,Groceries,Chennai,3731,2,7462,2024,12,11,Wednesday,Shoes
3187,2025-02-14,Clothing,Chennai,548,9,4932,2025,2,14,Friday,Keyboard
3188,2025-12-06,Furniture,Chennai,3234,4,12936,2025,12,6,Saturday,Bag
3189,2025-04-09,Clothing,Mumbai,1628,1,1628,2025,4,9,Wednesday,Phone
3190,2024-10-31,Electronics,Bangalore,4407,3,13221,2024,10,31,Thursday,Phone
3191,2025-04-12,Sports,Mumbai,1612,4,6448,2025,4,12,Saturday,Bag
3192,2025-07-15,Sports,Bangalore,3349,6,20094,2025,7,15,Tuesday,Camera
3193,2025-10-21,Groceries,Chennai,1798,1,1798,2025,10,21,Tuesday,Keyboard
3194,2025-05-17,Groceries,Delhi,1959,2,3918,2025,5,17,Saturday,Shoes
3195,2025-03-08,Electronics,Chennai,792,4,3168,2025,3,8,Saturday,Laptop
3196,2025-04-22,Furniture,Hyderabad,3672,10,36720,2025,4,22,Tuesday,Shoes
3197,2025-08-16,Electronics,Mumbai,3284,2,6568,2025,8,16,Saturday,Bag
3198,2024-10-24,Sports,Mumbai,3746,3,11238,2024,10,24,Thursday,Tablet
3199,2026-03-10,Electronics,Delhi,2677,4,10708,2026,3,10,Tuesday,Headphones
3200,2024-11-11,Clothing,Chennai,2360,3,7080,2024,11,11,Monday,Bag
3201,2025-02-21,Groceries,Hyderabad,2495,10,24950,2025,2,21,Friday,Shoes
3202,2026-06-10,Sports,Mumbai,3144,3,9432,2026,6,10,Wednesday,Phone
3203,2024-09-07,Clothing,Mumbai,4571,3,13713,2024,9,7,Saturday,Bag
3204,2025-04-21,Sports,Chennai,926,9,8334,2025,4,21,Monday,Bag
3205,2024-08-23,Sports,Mumbai,2291,2,4582,2024,8,23,Friday,Watch
3206,2024-08-10,Sports,Chennai,618,1,618,2024,8,10,Saturday,Camera
3207,2026-03-07,Clothing,Bangalore,2854,2,5708,2026,3,7,Saturday,Laptop
3208,2024-07-14,Electronics,Chennai,385,9,3465,2024,7,14,Sunday,Keyboard
3209,2025-07-20,Electronics,Delhi,455,4,1820,2025,7,20,Sunday,Tablet
3210,2025-11-20,Furniture,Mumbai,4715,9,42435,2025,11,20,Thursday,Camera
3211,2025-07-19,Groceries,Mumbai,4464,4,17856,2025,7,19,Saturday,Camera
3212,2026-03-15,Furniture,Delhi,3942,5,19710,2026,3,15,Sunday,Phone
3213,2026-04-18,Groceries,Chennai,4034,5,20170,2026,4,18,Saturday,Laptop
3214,2026-05-23,Furniture,Mumbai,350,8,2800,2026,5,23,Saturday,Watch
3215,2024-12-03,Sports,Mumbai,694,4,2776,2024,12,3,Tuesday,Watch
3216,2024-09-22,Groceries,Mumbai,2118,9,19062,2024,9,22,Sunday,Phone
3217,2025-01-02,Groceries,Hyderabad,572,6,3432,2025,1,2,Thursday,Phone
3218,2024-07-18,Furniture,Mumbai,4617,9,41553,2024,7,18,Thursday,Phone
3219,2025-03-08,Clothing,Bangalore,4092,7,28644,2025,3,8,Saturday,Laptop
3220,2025-11-23,Groceries,Delhi,2329,9,20961,2025,11,23,Sunday,Laptop
3221,2026-01-12,Groceries,Hyderabad,4021,9,36189,2026,1,12,Monday,Phone
3222,2025-02-05,Clothing,Chennai,398,1,398,2025,2,5,Wednesday,Laptop
3223,2025-01-05,Groceries,Mumbai,1804,1,1804,2025,1,5,Sunday,TV
3224,2025-01-26,Clothing,Chennai,1987,3,5961,2025,1,26,Sunday,Keyboard
3225,2025-04-17,Sports,Hyderabad,1924,2,3848,2025,4,17,Thursday,Laptop
3226,2025-03-14,Groceries,Hyderabad,1901,9,17109,2025,3,14,Friday,TV
3227,2025-01-05,Sports,Delhi,2454,6,14724,2025,1,5,Sunday,Watch
3228,2025-08-14,Furniture,Mumbai,3031,4,12124,2025,8,14,Thursday,Watch
3229,2025-03-18,Electronics,Chennai,1305,4,5220,2025,3,18,Tuesday,Phone
3230,2026-02-10,Sports,Bangalore,3507,7,24549,2026,2,10,Tuesday,Watch
3231,2025-07-22,Furniture,Mumbai,722,5,3610,2025,7,22,Tuesday,Laptop
3232,2024-10-23,Furniture,Hyderabad,1793,8,14344,2024,10,23,Wednesday,Headphones
3233,2026-05-21,Clothing,Delhi,4938,7,34566,2026,5,21,Thursday,Phone
3234,2024-11-13,Groceries,Mumbai,2260,3,6780,2024,11,13,Wednesday,TV
3235,2025-10-23,Furniture,Bangalore,1517,9,13653,2025,10,23,Thursday,Keyboard
3236,2025-08-23,Furniture,Bangalore,4714,8,37712,2025,8,23,Saturday,Camera
3237,2024-07-03,Groceries,Delhi,3193,7,22351,2024,7,3,Wednesday,Tablet
3238,2024-06-30,Clothing,Chennai,3483,8,27864,2024,6,30,Sunday,Phone
3239,2024-12-09,Sports,Mumbai,2792,6,16752,2024,12,9,Monday,Watch
3240,2024-07-21,Sports,Delhi,177,6,1062,2024,7,21,Sunday,Headphones
3241,2025-11-25,Furniture,Mumbai,2068,10,20680,2025,11,25,Tuesday,Shoes
3242,2024-08-10,Electronics,Mumbai,660,8,5280,2024,8,10,Saturday,Shoes
3243,2025-11-05,Sports,Delhi,3383,2,6766,2025,11,5,Wednesday,Phone
3244,2025-06-20,Clothing,Mumbai,237,3,711,2025,6,20,Friday,Bag
3245,2026-01-12,Electronics,Bangalore,3869,9,34821,2026,1,12,Monday,Phone
3246,2026-06-08,Furniture,Delhi,873,7,6111,2026,6,8,Monday,Laptop
3247,2026-06-17,Furniture,Delhi,3475,2,6950,2026,6,17,Wednesday,TV
3248,2025-08-09,Groceries,Bangalore,3128,7,21896,2025,8,9,Saturday,Keyboard
3249,2026-05-26,Electronics,Chennai,1393,8,11144,2026,5,26,Tuesday,Tablet
3250,2025-06-06,Electronics,Bangalore,4515,2,9030,2025,6,6,Friday,TV
3251,2024-10-28,Electronics,Hyderabad,4976,3,14928,2024,10,28,Monday,Headphones
3252,2026-05-22,Furniture,Mumbai,3374,3,10122,2026,5,22,Friday,Bag
3253,2025-08-02,Electronics,Bangalore,4864,10,48640,2025,8,2,Saturday,Laptop
3254,2026-06-04,Sports,Chennai,3162,5,15810,2026,6,4,Thursday,Laptop
3255,2025-04-18,Furniture,Chennai,3071,6,18426,2025,4,18,Friday,Keyboard
3256,2025-12-22,Groceries,Mumbai,3584,5,17920,2025,12,22,Monday,Phone
3257,2026-01-21,Sports,Delhi,315,3,945,2026,1,21,Wednesday,Watch
3258,2026-03-14,Groceries,Chennai,2090,1,2090,2026,3,14,Saturday,TV
3259,2025-10-23,Electronics,Chennai,916,9,8244,2025,10,23,Thursday,Bag
3260,2025-05-21,Electronics,Hyderabad,1990,1,1990,2025,5,21,Wednesday,Camera
3261,2025-02-13,Groceries,Mumbai,809,4,3236,2025,2,13,Thursday,Tablet
3262,2024-12-31,Sports,Chennai,4006,10,40060,2024,12,31,Tuesday,Headphones
3263,2025-09-29,Groceries,Delhi,680,7,4760,2025,9,29,Monday,Shoes
3264,2025-07-21,Clothing,Chennai,2300,4,9200,2025,7,21,Monday,TV
3265,2024-11-30,Clothing,Chennai,2285,9,20565,2024,11,30,Saturday,Shoes
3266,2024-10-14,Electronics,Chennai,3869,8,30952,2024,10,14,Monday,TV
3267,2025-07-18,Electronics,Bangalore,3288,9,29592,2025,7,18,Friday,TV
3268,2024-07-26,Electronics,Hyderabad,3135,5,15675,2024,7,26,Friday,Tablet
3269,2026-04-07,Clothing,Chennai,1220,7,8540,2026,4,7,Tuesday,Bag
3270,2026-01-24,Sports,Hyderabad,3108,4,12432,2026,1,24,Saturday,Camera
3271,2025-08-28,Electronics,Delhi,1039,3,3117,2025,8,28,Thursday,Shoes
3272,2026-05-26,Furniture,Delhi,4507,3,13521,2026,5,26,Tuesday,Headphones
3273,2024-09-12,Furniture,Bangalore,3495,7,24465,2024,9,12,Thursday,Headphones
3274,2026-03-21,Sports,Mumbai,1577,2,3154,2026,3,21,Saturday,Camera
3275,2025-05-20,Clothing,Chennai,3374,10,33740,2025,5,20,Tuesday,Phone
3276,2026-03-29,Electronics,Bangalore,3095,2,6190,2026,3,29,Sunday,Shoes
3277,2025-02-20,Furniture,Delhi,4161,6,24966,2025,2,20,Thursday,Keyboard
3278,2025-03-27,Electronics,Mumbai,925,10,9250,2025,3,27,Thursday,TV
3279,2025-05-06,Groceries,Mumbai,3135,10,31350,2025,5,6,Tuesday,Tablet
3280,2024-11-30,Clothing,Delhi,495,5,2475,2024,11,30,Saturday,TV
3281,2024-12-22,Groceries,Bangalore,2113,8,16904,2024,12,22,Sunday,Phone
3282,2026-06-17,Clothing,Delhi,1110,4,4440,2026,6,17,Wednesday,Bag
3283,2026-02-05,Sports,Hyderabad,4183,9,37647,2026,2,5,Thursday,Keyboard
3284,2025-07-06,Clothing,Chennai,1335,3,4005,2025,7,6,Sunday,Laptop
3285,2025-07-26,Furniture,Mumbai,3427,8,27416,2025,7,26,Saturday,Watch
3286,2026-04-21,Furniture,Mumbai,4772,5,23860,2026,4,21,Tuesday,Shoes
3287,2024-07-17,Furniture,Delhi,982,7,6874,2024,7,17,Wednesday,Laptop
3288,2025-11-05,Furniture,Hyderabad,4764,2,9528,2025,11,5,Wednesday,Keyboard
3289,2024-10-27,Electronics,Chennai,1407,7,9849,2024,10,27,Sunday,Laptop
3290,2024-07-30,Clothing,Bangalore,2142,8,17136,2024,7,30,Tuesday,Shoes
3291,2026-03-21,Electronics,Mumbai,4658,1,4658,2026,3,21,Saturday,Laptop
3292,2025-06-03,Electronics,Chennai,1481,7,10367,2025,6,3,Tuesday,Bag
3293,2025-10-03,Furniture,Delhi,1992,5,9960,2025,10,3,Friday,Bag
3294,2026-01-23,Clothing,Delhi,279,3,837,2026,1,23,Friday,Phone
3295,2025-06-26,Clothing,Mumbai,3828,10,38280,2025,6,26,Thursday,Keyboard
3296,2024-09-16,Sports,Bangalore,913,9,8217,2024,9,16,Monday,Tablet
3297,2025-01-04,Sports,Chennai,2431,6,14586,2025,1,4,Saturday,Headphones
3298,2025-08-13,Clothing,Bangalore,2142,6,12852,2025,8,13,Wednesday,Phone
3299,2025-12-07,Clothing,Delhi,4106,1,4106,2025,12,7,Sunday,Tablet
3300,2026-05-20,Sports,Delhi,388,2,776,2026,5,20,Wednesday,Watch
3301,2024-09-09,Electronics,Bangalore,2981,5,14905,2024,9,9,Monday,Headphones
3302,2026-01-27,Sports,Delhi,3872,8,30976,2026,1,27,Tuesday,Laptop
3303,2026-04-25,Sports,Delhi,3186,9,28674,2026,4,25,Saturday,Headphones
3304,2026-03-12,Clothing,Chennai,1474,6,8844,2026,3,12,Thursday,Camera
3305,2025-06-16,Groceries,Bangalore,3626,3,10878,2025,6,16,Monday,Headphones
3306,2024-12-25,Electronics,Chennai,4972,6,29832,2024,12,25,Wednesday,Tablet
3307,2025-03-23,Clothing,Delhi,1039,6,6234,2025,3,23,Sunday,Shoes
3308,2025-09-29,Furniture,Chennai,4975,2,9950,2025,9,29,Monday,Watch
3309,2025-09-05,Sports,Delhi,4730,7,33110,2025,9,5,Friday,Tablet
3310,2026-01-21,Sports,Chennai,4416,10,44160,2026,1,21,Wednesday,Tablet
3311,2024-09-20,Sports,Mumbai,2715,4,10860,2024,9,20,Friday,Laptop
3312,2025-07-28,Electronics,Chennai,2810,10,28100,2025,7,28,Monday,TV
3313,2024-11-02,Clothing,Bangalore,2166,4,8664,2024,11,2,Saturday,TV
3314,2024-11-21,Electronics,Mumbai,2996,7,20972,2024,11,21,Thursday,Bag
3315,2025-08-14,Furniture,Bangalore,367,2,734,2025,8,14,Thursday,Watch
3316,2025-01-04,Groceries,Bangalore,660,9,5940,2025,1,4,Saturday,TV
3317,2026-02-21,Groceries,Chennai,4358,6,26148,2026,2,21,Saturday,Tablet
3318,2026-03-19,Groceries,Delhi,3952,7,27664,2026,3,19,Thursday,Phone
3319,2026-03-11,Clothing,Chennai,4248,8,33984,2026,3,11,Wednesday,Tablet
3320,2025-09-23,Furniture,Delhi,3073,6,18438,2025,9,23,Tuesday,Camera
3321,2025-01-07,Clothing,Mumbai,1357,5,6785,2025,1,7,Tuesday,Keyboard
3322,2025-07-08,Electronics,Chennai,1381,6,8286,2025,7,8,Tuesday,TV
3323,2025-05-06,Sports,Chennai,595,6,3570,2025,5,6,Tuesday,Watch
3324,2024-11-28,Sports,Hyderabad,226,9,2034,2024,11,28,Thursday,Phone
3325,2024-07-18,Furniture,Bangalore,678,6,4068,2024,7,18,Thursday,Tablet
3326,2024-07-09,Clothing,Mumbai,3381,2,6762,2024,7,9,Tuesday,Keyboard
3327,2025-03-16,Electronics,Bangalore,1747,6,10482,2025,3,16,Sunday,Bag
3328,2024-11-10,Groceries,Delhi,4301,3,12903,2024,11,10,Sunday,Keyboard
3329,2024-12-01,Clothing,Delhi,2053,7,14371,2024,12,1,Sunday,Shoes
3330,2025-04-17,Electronics,Delhi,3275,1,3275,2025,4,17,Thursday,Tablet
3331,2026-06-24,Sports,Chennai,1611,9,14499,2026,6,24,Wednesday,Phone
3332,2024-07-09,Electronics,Chennai,4043,3,12129,2024,7,9,Tuesday,TV
3333,2024-10-16,Sports,Bangalore,2296,8,18368,2024,10,16,Wednesday,Shoes
3334,2025-04-06,Clothing,Chennai,4498,9,40482,2025,4,6,Sunday,Laptop
3335,2024-10-26,Sports,Chennai,3641,2,7282,2024,10,26,Saturday,Bag
3336,2025-01-18,Groceries,Bangalore,2149,10,21490,2025,1,18,Saturday,Laptop
3337,2026-05-27,Clothing,Bangalore,1936,10,19360,2026,5,27,Wednesday,Tablet
3338,2024-12-23,Groceries,Delhi,168,1,168,2024,12,23,Monday,Keyboard
3339,2024-07-21,Electronics,Delhi,1328,3,3984,2024,7,21,Sunday,Laptop
3340,2025-05-23,Clothing,Delhi,1463,3,4389,2025,5,23,Friday,Bag
3341,2024-08-17,Electronics,Hyderabad,2746,9,24714,2024,8,17,Saturday,Camera
3342,2026-03-27,Groceries,Mumbai,486,6,2916,2026,3,27,Friday,Keyboard
3343,2024-07-27,Sports,Mumbai,3819,3,11457,2024,7,27,Saturday,Bag
3344,2026-02-07,Furniture,Bangalore,4479,2,8958,2026,2,7,Saturday,Phone
3345,2025-09-26,Clothing,Mumbai,1145,8,9160,2025,9,26,Friday,Headphones
3346,2026-06-06,Sports,Bangalore,3306,6,19836,2026,6,6,Saturday,Shoes
3347,2025-08-18,Furniture,Chennai,4107,9,36963,2025,8,18,Monday,Keyboard
3348,2025-11-20,Clothing,Chennai,489,1,489,2025,11,20,Thursday,Bag
3349,2024-07-12,Electronics,Hyderabad,653,6,3918,2024,7,12,Friday,Tablet
3350,2026-05-25,Clothing,Delhi,1801,8,14408,2026,5,25,Monday,Headphones
3351,2025-08-13,Electronics,Bangalore,3174,2,6348,2025,8,13,Wednesday,TV
3352,2025-10-15,Furniture,Chennai,254,6,1524,2025,10,15,Wednesday,Keyboard
3353,2025-07-02,Furniture,Delhi,4710,1,4710,2025,7,2,Wednesday,Headphones
3354,2025-03-11,Groceries,Hyderabad,3034,9,27306,2025,3,11,Tuesday,Tablet
3355,2025-03-03,Furniture,Delhi,4088,10,40880,2025,3,3,Monday,Laptop
3356,2024-11-14,Clothing,Hyderabad,2208,9,19872,2024,11,14,Thursday,Watch
3357,2026-01-17,Groceries,Delhi,3640,6,21840,2026,1,17,Saturday,Headphones
3358,2025-01-27,Furniture,Hyderabad,3433,2,6866,2025,1,27,Monday,Tablet
3359,2026-03-27,Clothing,Chennai,2715,7,19005,2026,3,27,Friday,Laptop
3360,2024-08-25,Furniture,Mumbai,4184,2,8368,2024,8,25,Sunday,Keyboard
3361,2025-07-25,Groceries,Delhi,284,4,1136,2025,7,25,Friday,Watch
3362,2024-10-25,Sports,Hyderabad,3692,5,18460,2024,10,25,Friday,Bag
3363,2025-09-16,Sports,Bangalore,3756,4,15024,2025,9,16,Tuesday,Bag
3364,2025-04-02,Clothing,Hyderabad,767,7,5369,2025,4,2,Wednesday,Bag
3365,2025-05-06,Electronics,Chennai,346,5,1730,2025,5,6,Tuesday,Bag
3366,2026-01-08,Furniture,Mumbai,660,1,660,2026,1,8,Thursday,Camera
3367,2025-02-07,Clothing,Delhi,4542,1,4542,2025,2,7,Friday,Bag
3368,2024-11-17,Sports,Chennai,461,8,3688,2024,11,17,Sunday,Headphones
3369,2025-07-29,Sports,Hyderabad,361,6,2166,2025,7,29,Tuesday,Phone
3370,2026-04-14,Electronics,Bangalore,2313,3,6939,2026,4,14,Tuesday,Shoes
3371,2024-10-08,Sports,Delhi,1348,6,8088,2024,10,8,Tuesday,Headphones
3372,2026-01-20,Furniture,Chennai,2255,6,13530,2026,1,20,Tuesday,Camera
3373,2026-04-19,Groceries,Chennai,2003,10,20030,2026,4,19,Sunday,Camera
3374,2026-05-17,Sports,Chennai,1175,9,10575,2026,5,17,Sunday,Laptop
3375,2024-10-27,Groceries,Mumbai,4768,2,9536,2024,10,27,Sunday,Shoes
3376,2026-06-02,Electronics,Delhi,3333,5,16665,2026,6,2,Tuesday,Phone
3377,2025-06-17,Groceries,Chennai,981,4,3924,2025,6,17,Tuesday,Keyboard
3378,2024-08-17,Furniture,Chennai,1063,3,3189,2024,8,17,Saturday,Laptop
3379,2025-03-24,Clothing,Chennai,1128,2,2256,2025,3,24,Monday,Bag
3380,2025-03-05,Furniture,Mumbai,4839,2,9678,2025,3,5,Wednesday,Laptop
3381,2025-08-26,Sports,Chennai,463,5,2315,2025,8,26,Tuesday,TV
3382,2024-10-12,Sports,Chennai,1442,6,8652,2024,10,12,Saturday,Watch
3383,2026-06-28,Groceries,Mumbai,747,4,2988,2026,6,28,Sunday,Tablet
3384,2024-07-12,Clothing,Mumbai,2782,1,2782,2024,7,12,Friday,Keyboard
3385,2025-07-27,Electronics,Bangalore,2231,1,2231,2025,7,27,Sunday,TV
3386,2025-07-27,Furniture,Bangalore,380,7,2660,2025,7,27,Sunday,Watch
3387,2025-02-20,Furniture,Delhi,842,4,3368,2025,2,20,Thursday,Phone
3388,2025-04-15,Furniture,Bangalore,2755,9,24795,2025,4,15,Tuesday,TV
3389,2026-05-26,Electronics,Chennai,3005,3,9015,2026,5,26,Tuesday,Keyboard
3390,2025-08-12,Clothing,Delhi,3139,7,21973,2025,8,12,Tuesday,Watch
3391,2026-05-19,Furniture,Hyderabad,2477,4,9908,2026,5,19,Tuesday,Keyboard
3392,2026-01-02,Electronics,Delhi,4073,7,28511,2026,1,2,Friday,Keyboard
3393,2025-01-27,Furniture,Delhi,4345,10,43450,2025,1,27,Monday,Laptop
3394,2025-12-01,Groceries,Chennai,2641,6,15846,2025,12,1,Monday,Phone
3395,2026-01-25,Sports,Delhi,1355,7,9485,2026,1,25,Sunday,Keyboard
3396,2025-03-13,Sports,Hyderabad,4073,6,24438,2025,3,13,Thursday,Headphones
3397,2025-11-14,Furniture,Mumbai,4060,3,12180,2025,11,14,Friday,TV
3398,2025-08-06,Clothing,Delhi,3201,3,9603,2025,8,6,Wednesday,Camera
3399,2025-12-21,Electronics,Mumbai,3895,10,38950,2025,12,21,Sunday,Keyboard
3400,2025-07-28,Electronics,Bangalore,3204,1,3204,2025,7,28,Monday,Laptop
3401,2025-12-04,Furniture,Chennai,930,8,7440,2025,12,4,Thursday,Headphones
3402,2025-04-08,Groceries,Mumbai,2105,8,16840,2025,4,8,Tuesday,Headphones
3403,2026-02-08,Clothing,Hyderabad,352,10,3520,2026,2,8,Sunday,Shoes
3404,2025-06-02,Clothing,Bangalore,4523,8,36184,2025,6,2,Monday,Keyboard
3405,2025-04-13,Clothing,Chennai,1913,1,1913,2025,4,13,Sunday,Headphones
3406,2025-01-16,Electronics,Mumbai,838,7,5866,2025,1,16,Thursday,Laptop
3407,2025-05-21,Sports,Mumbai,2074,10,20740,2025,5,21,Wednesday,Shoes
3408,2026-01-05,Furniture,Hyderabad,3857,10,38570,2026,1,5,Monday,Bag
3409,2025-03-19,Electronics,Hyderabad,369,5,1845,2025,3,19,Wednesday,Shoes
3410,2026-03-13,Sports,Bangalore,4585,8,36680,2026,3,13,Friday,Tablet
3411,2026-05-09,Clothing,Delhi,3997,8,31976,2026,5,9,Saturday,Laptop
3412,2026-03-02,Furniture,Bangalore,563,5,2815,2026,3,2,Monday,Phone
3413,2024-08-17,Clothing,Chennai,2567,3,7701,2024,8,17,Saturday,Headphones
3414,2025-04-10,Furniture,Delhi,4111,4,16444,2025,4,10,Thursday,Watch
3415,2025-11-13,Electronics,Bangalore,3385,1,3385,2025,11,13,Thursday,Shoes
3416,2024-10-31,Groceries,Delhi,4805,10,48050,2024,10,31,Thursday,Watch
3417,2026-05-17,Sports,Bangalore,4590,10,45900,2026,5,17,Sunday,Camera
3418,2024-12-26,Clothing,Bangalore,3918,1,3918,2024,12,26,Thursday,Keyboard
3419,2025-07-29,Furniture,Bangalore,1950,4,7800,2025,7,29,Tuesday,Bag
3420,2025-09-28,Furniture,Mumbai,1752,1,1752,2025,9,28,Sunday,Watch
3421,2026-03-15,Clothing,Delhi,4045,4,16180,2026,3,15,Sunday,Camera
3422,2024-07-20,Clothing,Delhi,3059,5,15295,2024,7,20,Saturday,Laptop
3423,2024-09-25,Clothing,Hyderabad,4119,7,28833,2024,9,25,Wednesday,Headphones
3424,2024-07-16,Sports,Delhi,2294,8,18352,2024,7,16,Tuesday,Tablet
3425,2025-06-09,Sports,Hyderabad,3235,4,12940,2025,6,9,Monday,Phone
3426,2025-05-08,Sports,Delhi,2128,1,2128,2025,5,8,Thursday,TV
3427,2026-06-11,Sports,Bangalore,2163,8,17304,2026,6,11,Thursday,Keyboard
3428,2025-11-26,Sports,Chennai,1273,2,2546,2025,11,26,Wednesday,TV
3429,2025-07-07,Groceries,Mumbai,2914,3,8742,2025,7,7,Monday,TV
3430,2024-10-31,Electronics,Bangalore,4848,4,19392,2024,10,31,Thursday,Keyboard
3431,2026-04-23,Furniture,Mumbai,2518,10,25180,2026,4,23,Thursday,Phone
3432,2024-12-20,Clothing,Hyderabad,2633,9,23697,2024,12,20,Friday,Shoes
3433,2026-05-29,Clothing,Bangalore,545,10,5450,2026,5,29,Friday,TV
3434,2025-08-08,Groceries,Delhi,143,3,429,2025,8,8,Friday,Phone
3435,2026-01-19,Furniture,Delhi,1179,10,11790,2026,1,19,Monday,Camera
3436,2026-03-17,Groceries,Delhi,4102,2,8204,2026,3,17,Tuesday,Laptop
3437,2024-12-06,Electronics,Mumbai,4134,8,33072,2024,12,6,Friday,TV
3438,2025-02-15,Sports,Mumbai,2849,3,8547,2025,2,15,Saturday,Camera
3439,2025-08-03,Electronics,Hyderabad,1243,5,6215,2025,8,3,Sunday,Laptop
3440,2024-12-21,Clothing,Delhi,3249,1,3249,2024,12,21,Saturday,Phone
3441,2026-03-10,Furniture,Bangalore,838,2,1676,2026,3,10,Tuesday,Keyboard
3442,2024-09-08,Clothing,Chennai,4352,8,34816,2024,9,8,Sunday,Keyboard
3443,2025-03-31,Groceries,Hyderabad,4741,10,47410,2025,3,31,Monday,Camera
3444,2025-04-10,Clothing,Delhi,2066,7,14462,2025,4,10,Thursday,TV
3445,2026-02-27,Groceries,Delhi,1956,2,3912,2026,2,27,Friday,Phone
3446,2025-08-24,Furniture,Hyderabad,4042,3,12126,2025,8,24,Sunday,Camera
3447,2025-02-19,Groceries,Delhi,1354,6,8124,2025,2,19,Wednesday,Tablet
3448,2025-07-01,Sports,Mumbai,652,6,3912,2025,7,1,Tuesday,Keyboard
3449,2024-09-23,Sports,Mumbai,4794,5,23970,2024,9,23,Monday,TV
3450,2026-04-07,Groceries,Chennai,3217,10,32170,2026,4,7,Tuesday,Watch
3451,2024-12-10,Clothing,Bangalore,410,5,2050,2024,12,10,Tuesday,Tablet
3452,2024-08-10,Sports,Chennai,2207,6,13242,2024,8,10,Saturday,Watch
3453,2025-12-15,Sports,Chennai,2439,6,14634,2025,12,15,Monday,Bag
3454,2024-10-24,Sports,Chennai,1218,5,6090,2024,10,24,Thursday,Laptop
3455,2026-03-09,Groceries,Hyderabad,4897,9,44073,2026,3,9,Monday,Watch
3456,2025-03-20,Groceries,Hyderabad,2376,9,21384,2025,3,20,Thursday,Tablet
3457,2026-04-20,Sports,Chennai,1764,1,1764,2026,4,20,Monday,Keyboard
3458,2026-04-30,Groceries,Chennai,4641,9,41769,2026,4,30,Thursday,Keyboard
3459,2025-11-06,Sports,Delhi,3852,3,11556,2025,11,6,Thursday,Headphones
3460,2025-02-23,Clothing,Hyderabad,3510,2,7020,2025,2,23,Sunday,Tablet
3461,2025-03-14,Groceries,Delhi,2066,5,10330,2025,3,14,Friday,Headphones
3462,2026-04-19,Clothing,Chennai,4463,10,44630,2026,4,19,Sunday,Bag
3463,2024-12-09,Clothing,Bangalore,1570,2,3140,2024,12,9,Monday,Keyboard
3464,2026-04-15,Electronics,Delhi,2716,7,19012,2026,4,15,Wednesday,Watch
3465,2025-11-27,Sports,Chennai,3201,7,22407,2025,11,27,Thursday,Laptop
3466,2026-06-20,Sports,Hyderabad,1585,3,4755,2026,6,20,Saturday,Tablet
3467,2025-12-28,Furniture,Bangalore,2632,4,10528,2025,12,28,Sunday,Tablet
3468,2025-12-23,Furniture,Bangalore,4047,1,4047,2025,12,23,Tuesday,Watch
3469,2026-01-30,Sports,Bangalore,436,3,1308,2026,1,30,Friday,TV
3470,2025-05-20,Clothing,Mumbai,1459,5,7295,2025,5,20,Tuesday,Headphones
3471,2026-05-12,Sports,Chennai,2979,2,5958,2026,5,12,Tuesday,Shoes
3472,2026-01-20,Sports,Chennai,936,6,5616,2026,1,20,Tuesday,Laptop
3473,2026-06-04,Furniture,Hyderabad,3725,9,33525,2026,6,4,Thursday,Tablet
3474,2024-11-28,Sports,Hyderabad,4070,4,16280,2024,11,28,Thursday,Tablet
3475,2025-01-21,Clothing,Chennai,2857,6,17142,2025,1,21,Tuesday,Phone
3476,2025-02-02,Clothing,Delhi,2817,2,5634,2025,2,2,Sunday,Shoes
3477,2026-01-09,Groceries,Chennai,2526,8,20208,2026,1,9,Friday,Keyboard
3478,2026-06-03,Furniture,Mumbai,1336,2,2672,2026,6,3,Wednesday,Keyboard
3479,2024-09-26,Sports,Chennai,3891,7,27237,2024,9,26,Thursday,Shoes
3480,2024-09-30,Clothing,Mumbai,415,8,3320,2024,9,30,Monday,Keyboard
3481,2024-11-16,Furniture,Bangalore,556,3,1668,2024,11,16,Saturday,Phone
3482,2025-01-16,Furniture,Mumbai,1246,7,8722,2025,1,16,Thursday,Camera
3483,2025-04-03,Electronics,Delhi,2972,9,26748,2025,4,3,Thursday,Keyboard
3484,2026-05-28,Furniture,Bangalore,2823,2,5646,2026,5,28,Thursday,Watch
3485,2025-06-01,Furniture,Mumbai,2056,3,6168,2025,6,1,Sunday,Keyboard
3486,2025-02-15,Electronics,Mumbai,3056,1,3056,2025,2,15,Saturday,Watch
3487,2025-12-14,Electronics,Hyderabad,4051,1,4051,2025,12,14,Sunday,Laptop
3488,2026-02-19,Electronics,Delhi,3705,7,25935,2026,2,19,Thursday,Phone
3489,2025-04-09,Clothing,Mumbai,3656,3,10968,2025,4,9,Wednesday,Phone
3490,2026-06-01,Clothing,Chennai,4183,6,25098,2026,6,1,Monday,Shoes
3491,2026-06-03,Sports,Delhi,2660,1,2660,2026,6,3,Wednesday,Headphones
3492,2024-07-27,Electronics,Chennai,3537,5,17685,2024,7,27,Saturday,TV
3493,2026-05-22,Furniture,Mumbai,2701,7,18907,2026,5,22,Friday,Laptop
3494,2024-08-25,Sports,Chennai,3811,5,19055,2024,8,25,Sunday,Phone
3495,2024-07-12,Groceries,Hyderabad,2808,6,16848,2024,7,12,Friday,TV
3496,2024-11-01,Electronics,Chennai,639,10,6390,2024,11,1,Friday,Laptop
3497,2025-11-14,Electronics,Hyderabad,3552,6,21312,2025,11,14,Friday,Keyboard
3498,2025-08-21,Groceries,Delhi,1973,9,17757,2025,8,21,Thursday,Camera
3499,2026-05-15,Furniture,Delhi,3930,3,11790,2026,5,15,Friday,Bag
3500,2025-11-11,Electronics,Bangalore,142,2,284,2025,11,11,Tuesday,Laptop
3501,2025-01-27,Electronics,Mumbai,3357,9,30213,2025,1,27,Monday,Shoes
3502,2025-04-13,Groceries,Chennai,1231,9,11079,2025,4,13,Sunday,Headphones
3503,2024-10-31,Sports,Delhi,409,1,409,2024,10,31,Thursday,Headphones
3504,2025-02-12,Groceries,Hyderabad,2519,2,5038,2025,2,12,Wednesday,Headphones
3505,2025-02-15,Electronics,Chennai,1228,3,3684,2025,2,15,Saturday,Headphones
3506,2025-10-24,Groceries,Hyderabad,3360,9,30240,2025,10,24,Friday,Watch
3507,2024-12-01,Electronics,Bangalore,4075,2,8150,2024,12,1,Sunday,Camera
3508,2025-02-12,Clothing,Delhi,4604,6,27624,2025,2,12,Wednesday,Phone
3509,2025-01-31,Furniture,Chennai,315,6,1890,2025,1,31,Friday,Camera
3510,2024-07-17,Furniture,Hyderabad,1390,2,2780,2024,7,17,Wednesday,Laptop
3511,2024-09-21,Furniture,Chennai,3757,9,33813,2024,9,21,Saturday,Keyboard
3512,2025-11-03,Clothing,Mumbai,689,8,5512,2025,11,3,Monday,Watch
3513,2025-11-27,Groceries,Delhi,4676,1,4676,2025,11,27,Thursday,Camera
3514,2025-11-01,Clothing,Hyderabad,3502,9,31518,2025,11,1,Saturday,Tablet
3515,2025-05-10,Electronics,Delhi,449,6,2694,2025,5,10,Saturday,Bag
3516,2026-03-20,Groceries,Hyderabad,3815,6,22890,2026,3,20,Friday,Watch
3517,2024-06-28,Sports,Chennai,619,2,1238,2024,6,28,Friday,Camera
3518,2024-10-19,Electronics,Hyderabad,4524,9,40716,2024,10,19,Saturday,Shoes
3519,2025-06-22,Furniture,Bangalore,1297,7,9079,2025,6,22,Sunday,Phone
3520,2024-10-07,Electronics,Delhi,1680,9,15120,2024,10,7,Monday,Phone
3521,2025-11-28,Furniture,Mumbai,3307,7,23149,2025,11,28,Friday,Tablet
3522,2024-09-05,Clothing,Chennai,3061,4,12244,2024,9,5,Thursday,Laptop
3523,2026-03-08,Clothing,Delhi,4718,6,28308,2026,3,8,Sunday,Tablet
3524,2026-05-03,Electronics,Delhi,4401,5,22005,2026,5,3,Sunday,Bag
3525,2024-12-24,Sports,Bangalore,4537,7,31759,2024,12,24,Tuesday,Bag
3526,2025-11-09,Clothing,Hyderabad,3965,5,19825,2025,11,9,Sunday,Laptop
3527,2025-01-09,Clothing,Delhi,3579,10,35790,2025,1,9,Thursday,Phone
3528,2026-03-18,Clothing,Hyderabad,466,1,466,2026,3,18,Wednesday,Keyboard
3529,2025-04-29,Electronics,Chennai,3585,9,32265,2025,4,29,Tuesday,Bag
3530,2025-10-11,Clothing,Hyderabad,2824,7,19768,2025,10,11,Saturday,Bag
3531,2025-05-16,Electronics,Mumbai,1119,2,2238,2025,5,16,Friday,Bag
3532,2025-04-27,Clothing,Delhi,2489,1,2489,2025,4,27,Sunday,TV
3533,2026-04-26,Groceries,Hyderabad,2365,8,18920,2026,4,26,Sunday,Shoes
3534,2025-06-18,Sports,Hyderabad,653,1,653,2025,6,18,Wednesday,Camera
3535,2025-08-29,Furniture,Chennai,2030,7,14210,2025,8,29,Friday,Headphones
3536,2025-02-27,Electronics,Delhi,3583,6,21498,2025,2,27,Thursday,Bag
3537,2025-03-10,Groceries,Mumbai,2840,8,22720,2025,3,10,Monday,Shoes
3538,2026-06-13,Sports,Delhi,1073,7,7511,2026,6,13,Saturday,Headphones
3539,2024-11-05,Groceries,Bangalore,3468,5,17340,2024,11,5,Tuesday,Tablet
3540,2025-05-01,Clothing,Delhi,2734,8,21872,2025,5,1,Thursday,Keyboard
3541,2024-07-16,Clothing,Hyderabad,2459,3,7377,2024,7,16,Tuesday,TV
3542,2026-05-28,Groceries,Chennai,2036,3,6108,2026,5,28,Thursday,Camera
3543,2025-01-15,Clothing,Bangalore,2574,10,25740,2025,1,15,Wednesday,Laptop
3544,2025-09-30,Groceries,Hyderabad,4642,5,23210,2025,9,30,Tuesday,Laptop
3545,2025-07-28,Sports,Chennai,1714,9,15426,2025,7,28,Monday,Camera
3546,2025-09-14,Electronics,Chennai,3809,5,19045,2025,9,14,Sunday,Watch
3547,2025-07-22,Furniture,Mumbai,2875,5,14375,2025,7,22,Tuesday,Laptop
3548,2025-04-03,Sports,Hyderabad,4476,8,35808,2025,4,3,Thursday,Tablet
3549,2024-08-16,Clothing,Chennai,3698,1,3698,2024,8,16,Friday,Headphones
3550,2025-04-28,Groceries,Chennai,2608,5,13040,2025,4,28,Monday,Camera
3551,2025-11-03,Furniture,Delhi,3405,3,10215,2025,11,3,Monday,Shoes
3552,2025-09-02,Electronics,Bangalore,3032,9,27288,2025,9,2,Tuesday,TV
3553,2024-12-01,Furniture,Delhi,4411,9,39699,2024,12,1,Sunday,Phone
3554,2026-03-24,Groceries,Chennai,1737,2,3474,2026,3,24,Tuesday,Bag
3555,2024-09-22,Groceries,Bangalore,2773,9,24957,2024,9,22,Sunday,Keyboard
3556,2024-08-03,Furniture,Chennai,4350,8,34800,2024,8,3,Saturday,Laptop
3557,2025-12-08,Sports,Chennai,903,7,6321,2025,12,8,Monday,Shoes
3558,2025-11-20,Groceries,Chennai,1527,10,15270,2025,11,20,Thursday,Tablet
3559,2026-05-26,Clothing,Delhi,2313,2,4626,2026,5,26,Tuesday,Keyboard
3560,2025-07-29,Groceries,Bangalore,3250,3,9750,2025,7,29,Tuesday,Keyboard
3561,2025-11-21,Groceries,Hyderabad,4528,8,36224,2025,11,21,Friday,Laptop
3562,2025-05-28,Groceries,Bangalore,4208,6,25248,2025,5,28,Wednesday,Shoes
3563,2025-06-26,Furniture,Hyderabad,3041,7,21287,2025,6,26,Thursday,Camera
3564,2025-07-19,Groceries,Hyderabad,4647,3,13941,2025,7,19,Saturday,Laptop
3565,2026-01-19,Sports,Mumbai,344,4,1376,2026,1,19,Monday,Headphones
3566,2025-08-03,Sports,Chennai,4241,6,25446,2025,8,3,Sunday,Tablet
3567,2025-01-27,Furniture,Hyderabad,3750,9,33750,2025,1,27,Monday,Tablet
3568,2025-05-28,Furniture,Mumbai,4144,5,20720,2025,5,28,Wednesday,Shoes
3569,2025-08-10,Sports,Bangalore,270,8,2160,2025,8,10,Sunday,Tablet
3570,2026-01-03,Groceries,Mumbai,3206,3,9618,2026,1,3,Saturday,Phone
3571,2025-03-09,Furniture,Bangalore,1625,9,14625,2025,3,9,Sunday,Shoes
3572,2025-05-17,Furniture,Mumbai,2277,3,6831,2025,5,17,Saturday,Tablet
3573,2025-05-22,Electronics,Delhi,3524,9,31716,2025,5,22,Thursday,Phone
3574,2025-05-07,Sports,Delhi,4782,7,33474,2025,5,7,Wednesday,Camera
3575,2024-07-14,Sports,Chennai,3884,3,11652,2024,7,14,Sunday,Keyboard
3576,2025-06-08,Groceries,Bangalore,607,1,607,2025,6,8,Sunday,Laptop
3577,2025-04-02,Groceries,Chennai,2041,7,14287,2025,4,2,Wednesday,Headphones
3578,2026-05-11,Sports,Chennai,804,5,4020,2026,5,11,Monday,Phone
3579,2024-11-26,Groceries,Bangalore,3084,6,18504,2024,11,26,Tuesday,Keyboard
3580,2025-07-30,Furniture,Delhi,541,6,3246,2025,7,30,Wednesday,Headphones
3581,2025-02-06,Electronics,Chennai,1306,10,13060,2025,2,6,Thursday,Tablet
3582,2024-10-01,Electronics,Delhi,3575,9,32175,2024,10,1,Tuesday,TV
3583,2024-10-30,Clothing,Chennai,3493,8,27944,2024,10,30,Wednesday,TV
3584,2024-07-30,Groceries,Chennai,2295,7,16065,2024,7,30,Tuesday,Shoes
3585,2025-04-04,Electronics,Delhi,2922,5,14610,2025,4,4,Friday,Camera
3586,2025-12-06,Electronics,Bangalore,4025,1,4025,2025,12,6,Saturday,Watch
3587,2026-04-27,Furniture,Bangalore,4302,6,25812,2026,4,27,Monday,Headphones
3588,2024-10-01,Clothing,Hyderabad,4581,10,45810,2024,10,1,Tuesday,Headphones
3589,2026-01-12,Electronics,Chennai,3741,4,14964,2026,1,12,Monday,Keyboard
3590,2026-03-08,Clothing,Chennai,4157,5,20785,2026,3,8,Sunday,Bag
3591,2025-08-17,Groceries,Delhi,1952,8,15616,2025,8,17,Sunday,Headphones
3592,2025-09-04,Furniture,Mumbai,4657,9,41913,2025,9,4,Thursday,Phone
3593,2025-10-30,Electronics,Bangalore,2920,8,23360,2025,10,30,Thursday,Laptop
3594,2026-03-11,Furniture,Hyderabad,2466,3,7398,2026,3,11,Wednesday,Tablet
3595,2025-08-10,Electronics,Chennai,1927,7,13489,2025,8,10,Sunday,TV
3596,2025-09-01,Electronics,Hyderabad,4651,6,27906,2025,9,1,Monday,Camera
3597,2025-12-18,Furniture,Chennai,1417,9,12753,2025,12,18,Thursday,Camera
3598,2026-04-06,Groceries,Bangalore,2854,6,17124,2026,4,6,Monday,TV
3599,2024-11-12,Furniture,Delhi,4986,2,9972,2024,11,12,Tuesday,Shoes
3600,2025-12-07,Electronics,Delhi,3287,8,26296,2025,12,7,Sunday,Keyboard
3601,2024-09-05,Furniture,Bangalore,4544,7,31808,2024,9,5,Thursday,Camera
3602,2025-09-21,Sports,Bangalore,4515,2,9030,2025,9,21,Sunday,Tablet
3603,2026-05-12,Electronics,Chennai,2700,1,2700,2026,5,12,Tuesday,TV
3604,2026-04-09,Furniture,Chennai,613,5,3065,2026,4,9,Thursday,Tablet
3605,2024-07-18,Electronics,Delhi,1938,4,7752,2024,7,18,Thursday,Keyboard
3606,2025-09-27,Groceries,Bangalore,3457,1,3457,2025,9,27,Saturday,Keyboard
3607,2025-05-07,Sports,Chennai,4811,7,33677,2025,5,7,Wednesday,Shoes
3608,2024-09-05,Sports,Delhi,3606,4,14424,2024,9,5,Thursday,Bag
3609,2025-03-29,Clothing,Hyderabad,845,6,5070,2025,3,29,Saturday,Shoes
3610,2025-03-26,Furniture,Delhi,4288,9,38592,2025,3,26,Wednesday,Watch
3611,2024-09-27,Groceries,Hyderabad,2875,7,20125,2024,9,27,Friday,Watch
3612,2025-07-06,Groceries,Mumbai,3898,9,35082,2025,7,6,Sunday,TV
3613,2026-05-04,Groceries,Delhi,677,6,4062,2026,5,4,Monday,Phone
3614,2026-01-18,Clothing,Delhi,1504,8,12032,2026,1,18,Sunday,Laptop
3615,2024-07-19,Furniture,Bangalore,3328,6,19968,2024,7,19,Friday,Keyboard
3616,2025-11-06,Groceries,Bangalore,231,10,2310,2025,11,6,Thursday,Watch
3617,2025-05-04,Groceries,Delhi,3695,10,36950,2025,5,4,Sunday,Tablet
3618,2025-06-10,Sports,Bangalore,3699,3,11097,2025,6,10,Tuesday,Phone
3619,2025-06-01,Groceries,Mumbai,2551,4,10204,2025,6,1,Sunday,Camera
3620,2025-09-28,Groceries,Delhi,2007,8,16056,2025,9,28,Sunday,Tablet
3621,2026-05-11,Groceries,Chennai,4764,7,33348,2026,5,11,Monday,Headphones
3622,2025-07-25,Electronics,Bangalore,1532,7,10724,2025,7,25,Friday,Bag
3623,2026-04-08,Sports,Mumbai,1364,3,4092,2026,4,8,Wednesday,Watch
3624,2026-04-04,Furniture,Delhi,2562,3,7686,2026,4,4,Saturday,Laptop
3625,2025-06-29,Groceries,Delhi,2390,3,7170,2025,6,29,Sunday,Laptop
3626,2026-01-29,Groceries,Hyderabad,3112,4,12448,2026,1,29,Thursday,Watch
3627,2025-08-28,Groceries,Delhi,644,9,5796,2025,8,28,Thursday,Tablet
3628,2025-07-02,Groceries,Hyderabad,1501,2,3002,2025,7,2,Wednesday,Tablet
3629,2025-04-12,Furniture,Bangalore,3752,10,37520,2025,4,12,Saturday,Camera
3630,2025-11-07,Clothing,Delhi,3540,8,28320,2025,11,7,Friday,Watch
3631,2025-08-19,Clothing,Chennai,4371,9,39339,2025,8,19,Tuesday,Headphones
3632,2025-04-25,Electronics,Chennai,3809,8,30472,2025,4,25,Friday,Headphones
3633,2025-02-04,Clothing,Hyderabad,2562,3,7686,2025,2,4,Tuesday,Shoes
3634,2025-12-13,Clothing,Hyderabad,4263,1,4263,2025,12,13,Saturday,Tablet
3635,2025-04-28,Clothing,Chennai,1151,2,2302,2025,4,28,Monday,Tablet
3636,2025-09-16,Electronics,Bangalore,4781,3,14343,2025,9,16,Tuesday,Phone
3637,2025-10-08,Sports,Bangalore,3839,9,34551,2025,10,8,Wednesday,Tablet
3638,2025-06-29,Clothing,Bangalore,3339,6,20034,2025,6,29,Sunday,Watch
3639,2024-08-25,Electronics,Chennai,1063,9,9567,2024,8,25,Sunday,Tablet
3640,2025-05-15,Furniture,Mumbai,1707,3,5121,2025,5,15,Thursday,Phone
3641,2025-06-04,Groceries,Hyderabad,2398,2,4796,2025,6,4,Wednesday,Laptop
3642,2024-12-19,Groceries,Delhi,4362,4,17448,2024,12,19,Thursday,Watch
3643,2024-09-30,Electronics,Hyderabad,4903,4,19612,2024,9,30,Monday,Headphones
3644,2025-08-13,Furniture,Hyderabad,2596,10,25960,2025,8,13,Wednesday,Headphones
3645,2024-11-17,Electronics,Bangalore,1369,9,12321,2024,11,17,Sunday,Keyboard
3646,2026-03-10,Clothing,Chennai,4634,7,32438,2026,3,10,Tuesday,Bag
3647,2025-11-11,Furniture,Delhi,767,4,3068,2025,11,11,Tuesday,Headphones
3648,2025-11-26,Groceries,Bangalore,4852,9,43668,2025,11,26,Wednesday,Bag
3649,2026-04-09,Sports,Delhi,2632,4,10528,2026,4,9,Thursday,Laptop
3650,2026-02-04,Groceries,Chennai,1950,2,3900,2026,2,4,Wednesday,Laptop
3651,2025-10-22,Electronics,Hyderabad,4969,2,9938,2025,10,22,Wednesday,Phone
3652,2025-06-21,Furniture,Mumbai,196,5,980,2025,6,21,Saturday,Watch
3653,2024-11-11,Sports,Bangalore,4278,10,42780,2024,11,11,Monday,Laptop
3654,2025-08-01,Electronics,Bangalore,933,1,933,2025,8,1,Friday,Watch
3655,2024-12-03,Electronics,Chennai,4061,8,32488,2024,12,3,Tuesday,Camera
3656,2026-03-13,Groceries,Hyderabad,3642,2,7284,2026,3,13,Friday,Bag
3657,2025-10-06,Sports,Bangalore,2278,8,18224,2025,10,6,Monday,Watch
3658,2024-11-24,Electronics,Chennai,894,5,4470,2024,11,24,Sunday,Watch
3659,2026-06-18,Furniture,Hyderabad,536,5,2680,2026,6,18,Thursday,TV
3660,2025-03-23,Clothing,Delhi,3758,2,7516,2025,3,23,Sunday,Keyboard
3661,2025-10-09,Clothing,Delhi,2244,3,6732,2025,10,9,Thursday,Tablet
3662,2025-01-18,Sports,Mumbai,2816,1,2816,2025,1,18,Saturday,Bag
3663,2024-08-21,Electronics,Mumbai,2289,6,13734,2024,8,21,Wednesday,Bag
3664,2025-09-06,Sports,Delhi,4793,4,19172,2025,9,6,Saturday,Shoes
3665,2024-11-22,Electronics,Hyderabad,1477,4,5908,2024,11,22,Friday,Shoes
3666,2025-11-05,Sports,Chennai,3037,7,21259,2025,11,5,Wednesday,Headphones
3667,2026-05-03,Sports,Delhi,3438,10,34380,2026,5,3,Sunday,TV
3668,2025-07-16,Sports,Bangalore,4113,5,20565,2025,7,16,Wednesday,Shoes
3669,2025-12-29,Sports,Hyderabad,1377,6,8262,2025,12,29,Monday,Shoes
3670,2024-07-30,Groceries,Mumbai,2088,4,8352,2024,7,30,Tuesday,Shoes
3671,2026-05-11,Electronics,Bangalore,734,9,6606,2026,5,11,Monday,Shoes
3672,2025-09-06,Sports,Mumbai,1175,10,11750,2025,9,6,Saturday,Camera
3673,2026-06-02,Electronics,Bangalore,4076,2,8152,2026,6,2,Tuesday,Tablet
3674,2025-05-26,Sports,Bangalore,3382,2,6764,2025,5,26,Monday,Headphones
3675,2025-08-18,Sports,Mumbai,1759,2,3518,2025,8,18,Monday,TV
3676,2024-11-18,Clothing,Delhi,1761,8,14088,2024,11,18,Monday,Headphones
3677,2024-06-29,Furniture,Bangalore,4895,4,19580,2024,6,29,Saturday,Keyboard
3678,2024-12-26,Electronics,Chennai,2039,8,16312,2024,12,26,Thursday,Tablet
3679,2025-11-12,Furniture,Delhi,712,8,5696,2025,11,12,Wednesday,Laptop
3680,2024-11-13,Sports,Chennai,2881,6,17286,2024,11,13,Wednesday,Bag
3681,2024-12-24,Electronics,Bangalore,2903,5,14515,2024,12,24,Tuesday,Headphones
3682,2026-01-05,Furniture,Bangalore,633,4,2532,2026,1,5,Monday,Camera
3683,2026-06-28,Clothing,Chennai,4390,7,30730,2026,6,28,Sunday,Keyboard
3684,2026-04-19,Groceries,Bangalore,4459,7,31213,2026,4,19,Sunday,Headphones
3685,2026-06-25,Sports,Mumbai,470,4,1880,2026,6,25,Thursday,TV
3686,2026-04-06,Electronics,Chennai,3086,5,15430,2026,4,6,Monday,Laptop
3687,2026-03-23,Clothing,Bangalore,486,5,2430,2026,3,23,Monday,TV
3688,2026-05-05,Furniture,Hyderabad,1198,3,3594,2026,5,5,Tuesday,Phone
3689,2025-08-06,Furniture,Bangalore,1374,9,12366,2025,8,6,Wednesday,Phone
3690,2025-03-14,Furniture,Hyderabad,2877,4,11508,2025,3,14,Friday,Keyboard
3691,2026-05-03,Groceries,Delhi,2564,2,5128,2026,5,3,Sunday,Tablet
3692,2026-05-30,Groceries,Hyderabad,4071,2,8142,2026,5,30,Saturday,Watch
3693,2026-02-28,Electronics,Chennai,2742,8,21936,2026,2,28,Saturday,Headphones
3694,2025-10-27,Electronics,Hyderabad,2481,4,9924,2025,10,27,Monday,Camera
3695,2025-06-08,Electronics,Mumbai,4186,9,37674,2025,6,8,Sunday,Phone
3696,2024-07-08,Clothing,Chennai,4904,9,44136,2024,7,8,Monday,Watch
3697,2025-12-04,Sports,Bangalore,3103,2,6206,2025,12,4,Thursday,Shoes
3698,2024-11-17,Electronics,Hyderabad,100,10,1000,2024,11,17,Sunday,Phone
3699,2025-03-27,Electronics,Delhi,4427,10,44270,2025,3,27,Thursday,Watch
3700,2024-12-28,Sports,Bangalore,1589,9,14301,2024,12,28,Saturday,Headphones
3701,2024-12-30,Furniture,Hyderabad,1049,1,1049,2024,12,30,Monday,Camera
3702,2026-06-20,Electronics,Mumbai,878,2,1756,2026,6,20,Saturday,Tablet
3703,2026-04-15,Electronics,Delhi,3256,7,22792,2026,4,15,Wednesday,Camera
3704,2026-06-09,Electronics,Chennai,2024,6,12144,2026,6,9,Tuesday,Headphones
3705,2025-02-13,Clothing,Mumbai,2212,10,22120,2025,2,13,Thursday,Watch
3706,2024-08-29,Furniture,Delhi,1655,7,11585,2024,8,29,Thursday,Watch
3707,2025-02-01,Furniture,Chennai,962,3,2886,2025,2,1,Saturday,Shoes
3708,2025-02-19,Clothing,Bangalore,701,9,6309,2025,2,19,Wednesday,Laptop
3709,2025-12-10,Groceries,Chennai,3123,3,9369,2025,12,10,Wednesday,Phone
3710,2025-08-06,Clothing,Bangalore,4315,1,4315,2025,8,6,Wednesday,Headphones
3711,2025-09-02,Groceries,Bangalore,3766,7,26362,2025,9,2,Tuesday,Bag
3712,2026-06-07,Sports,Mumbai,3414,2,6828,2026,6,7,Sunday,Headphones
3713,2025-08-07,Clothing,Bangalore,3797,9,34173,2025,8,7,Thursday,Camera
3714,2026-06-01,Groceries,Bangalore,1840,10,18400,2026,6,1,Monday,Shoes
3715,2024-11-24,Clothing,Chennai,1380,6,8280,2024,11,24,Sunday,Headphones
3716,2025-06-18,Clothing,Delhi,817,1,817,2025,6,18,Wednesday,Shoes
3717,2025-06-14,Furniture,Chennai,429,8,3432,2025,6,14,Saturday,Keyboard
3718,2026-05-26,Clothing,Bangalore,3385,8,27080,2026,5,26,Tuesday,Keyboard
3719,2026-02-05,Clothing,Mumbai,2016,9,18144,2026,2,5,Thursday,Bag
3720,2025-09-04,Clothing,Mumbai,2387,5,11935,2025,9,4,Thursday,Tablet
3721,2025-08-12,Clothing,Hyderabad,1005,10,10050,2025,8,12,Tuesday,Keyboard
3722,2024-07-21,Clothing,Mumbai,3977,6,23862,2024,7,21,Sunday,Watch
3723,2024-11-19,Sports,Bangalore,2856,5,14280,2024,11,19,Tuesday,Camera
3724,2025-08-10,Sports,Hyderabad,750,8,6000,2025,8,10,Sunday,Laptop
3725,2024-09-21,Furniture,Mumbai,4452,3,13356,2024,9,21,Saturday,Watch
3726,2024-10-19,Electronics,Delhi,185,6,1110,2024,10,19,Saturday,TV
3727,2026-01-23,Electronics,Chennai,1225,6,7350,2026,1,23,Friday,Camera
3728,2024-08-04,Furniture,Hyderabad,419,2,838,2024,8,4,Sunday,TV
3729,2025-06-19,Groceries,Chennai,2564,6,15384,2025,6,19,Thursday,Laptop
3730,2024-11-13,Electronics,Hyderabad,2856,8,22848,2024,11,13,Wednesday,Shoes
3731,2025-02-06,Electronics,Bangalore,1783,8,14264,2025,2,6,Thursday,Laptop
3732,2025-10-09,Sports,Chennai,4689,2,9378,2025,10,9,Thursday,Watch
3733,2025-02-11,Furniture,Delhi,2401,3,7203,2025,2,11,Tuesday,Bag
3734,2025-11-15,Clothing,Delhi,843,2,1686,2025,11,15,Saturday,Watch
3735,2024-08-31,Groceries,Delhi,1717,9,15453,2024,8,31,Saturday,Keyboard
3736,2026-05-23,Furniture,Delhi,1325,9,11925,2026,5,23,Saturday,Phone
3737,2026-04-27,Clothing,Bangalore,2349,2,4698,2026,4,27,Monday,Headphones
3738,2025-05-17,Sports,Delhi,3547,3,10641,2025,5,17,Saturday,Headphones
3739,2025-04-06,Sports,Bangalore,3742,6,22452,2025,4,6,Sunday,Headphones
3740,2025-02-11,Groceries,Hyderabad,4398,7,30786,2025,2,11,Tuesday,Keyboard
3741,2026-02-16,Sports,Mumbai,2228,8,17824,2026,2,16,Monday,TV
3742,2025-01-03,Sports,Chennai,3424,1,3424,2025,1,3,Friday,Phone
3743,2025-01-18,Clothing,Hyderabad,400,3,1200,2025,1,18,Saturday,TV
3744,2025-08-30,Clothing,Bangalore,4515,6,27090,2025,8,30,Saturday,Keyboard
3745,2026-01-19,Furniture,Chennai,3910,6,23460,2026,1,19,Monday,Shoes
3746,2025-04-20,Electronics,Bangalore,1403,5,7015,2025,4,20,Sunday,Watch
3747,2026-04-05,Clothing,Hyderabad,1429,4,5716,2026,4,5,Sunday,Keyboard
3748,2025-07-29,Groceries,Mumbai,1639,4,6556,2025,7,29,Tuesday,Headphones
3749,2026-04-24,Electronics,Chennai,2495,1,2495,2026,4,24,Friday,Keyboard
3750,2025-10-16,Electronics,Chennai,2150,9,19350,2025,10,16,Thursday,Shoes
3751,2025-05-29,Furniture,Hyderabad,2959,10,29590,2025,5,29,Thursday,Laptop
3752,2024-09-01,Clothing,Delhi,4123,3,12369,2024,9,1,Sunday,TV
3753,2024-10-13,Groceries,Chennai,1396,1,1396,2024,10,13,Sunday,Shoes
3754,2026-04-08,Electronics,Delhi,3421,2,6842,2026,4,8,Wednesday,TV
3755,2025-11-08,Sports,Mumbai,2850,6,17100,2025,11,8,Saturday,Bag
3756,2024-08-07,Furniture,Delhi,1920,2,3840,2024,8,7,Wednesday,Camera
3757,2025-02-06,Groceries,Hyderabad,4002,4,16008,2025,2,6,Thursday,Watch
3758,2026-05-11,Groceries,Delhi,4067,9,36603,2026,5,11,Monday,Shoes
3759,2024-09-29,Electronics,Hyderabad,193,8,1544,2024,9,29,Sunday,Bag
3760,2025-04-04,Sports,Mumbai,1660,2,3320,2025,4,4,Friday,Bag
3761,2026-04-07,Clothing,Delhi,2055,8,16440,2026,4,7,Tuesday,Laptop
3762,2026-06-27,Electronics,Bangalore,369,10,3690,2026,6,27,Saturday,TV
3763,2025-12-17,Groceries,Bangalore,428,4,1712,2025,12,17,Wednesday,Laptop
3764,2025-08-01,Groceries,Chennai,1523,2,3046,2025,8,1,Friday,Headphones
3765,2025-09-28,Clothing,Hyderabad,651,1,651,2025,9,28,Sunday,Shoes
3766,2024-10-01,Clothing,Mumbai,216,3,648,2024,10,1,Tuesday,TV
3767,2025-10-23,Furniture,Bangalore,1017,7,7119,2025,10,23,Thursday,Bag
3768,2025-06-22,Clothing,Mumbai,2899,10,28990,2025,6,22,Sunday,Phone
3769,2026-03-26,Clothing,Delhi,1818,3,5454,2026,3,26,Thursday,Laptop
3770,2025-03-25,Sports,Chennai,669,1,669,2025,3,25,Tuesday,Laptop
3771,2025-10-27,Sports,Delhi,1048,1,1048,2025,10,27,Monday,Keyboard
3772,2025-05-27,Furniture,Mumbai,786,5,3930,2025,5,27,Tuesday,TV
3773,2025-06-21,Sports,Hyderabad,4786,2,9572,2025,6,21,Saturday,Bag
3774,2024-06-29,Clothing,Bangalore,4360,10,43600,2024,6,29,Saturday,Bag
3775,2024-09-20,Clothing,Hyderabad,3535,1,3535,2024,9,20,Friday,TV
3776,2024-12-18,Electronics,Bangalore,3331,9,29979,2024,12,18,Wednesday,TV
3777,2025-06-07,Clothing,Hyderabad,3443,6,20658,2025,6,7,Saturday,TV
3778,2026-06-02,Electronics,Hyderabad,2501,2,5002,2026,6,2,Tuesday,TV
3779,2025-05-22,Clothing,Delhi,1725,4,6900,2025,5,22,Thursday,Laptop
3780,2025-04-10,Furniture,Delhi,457,1,457,2025,4,10,Thursday,Phone
3781,2025-05-15,Groceries,Delhi,3598,7,25186,2025,5,15,Thursday,Shoes
3782,2026-04-07,Sports,Bangalore,2424,8,19392,2026,4,7,Tuesday,TV
3783,2025-03-02,Clothing,Hyderabad,3136,8,25088,2025,3,2,Sunday,Bag
3784,2025-01-02,Furniture,Mumbai,4077,7,28539,2025,1,2,Thursday,Shoes
3785,2025-07-28,Furniture,Chennai,3569,8,28552,2025,7,28,Monday,Phone
3786,2025-06-07,Clothing,Mumbai,1706,9,15354,2025,6,7,Saturday,Headphones
3787,2025-04-09,Clothing,Mumbai,4839,2,9678,2025,4,9,Wednesday,Shoes
3788,2026-01-17,Groceries,Delhi,1863,8,14904,2026,1,17,Saturday,Keyboard
3789,2025-08-28,Electronics,Mumbai,3771,4,15084,2025,8,28,Thursday,Camera
3790,2024-08-26,Groceries,Bangalore,4302,10,43020,2024,8,26,Monday,Bag
3791,2025-03-05,Sports,Chennai,2887,9,25983,2025,3,5,Wednesday,Camera
3792,2026-01-21,Sports,Hyderabad,4930,10,49300,2026,1,21,Wednesday,Phone
3793,2025-04-17,Electronics,Mumbai,1936,1,1936,2025,4,17,Thursday,Camera
3794,2025-05-29,Sports,Bangalore,2266,6,13596,2025,5,29,Thursday,Watch
3795,2026-04-06,Groceries,Chennai,1666,4,6664,2026,4,6,Monday,Bag
3796,2026-03-17,Electronics,Delhi,918,3,2754,2026,3,17,Tuesday,Shoes
3797,2026-05-23,Groceries,Hyderabad,2726,7,19082,2026,5,23,Saturday,Keyboard
3798,2025-10-22,Groceries,Delhi,2407,7,16849,2025,10,22,Wednesday,TV
3799,2025-11-01,Clothing,Delhi,401,2,802,2025,11,1,Saturday,Watch
3800,2024-09-30,Sports,Chennai,2312,4,9248,2024,9,30,Monday,Watch
3801,2024-10-15,Groceries,Mumbai,980,7,6860,2024,10,15,Tuesday,Headphones
3802,2025-02-19,Sports,Bangalore,4849,8,38792,2025,2,19,Wednesday,Headphones
3803,2025-08-01,Groceries,Delhi,774,8,6192,2025,8,1,Friday,Laptop
3804,2025-04-11,Furniture,Mumbai,3392,3,10176,2025,4,11,Friday,Headphones
3805,2025-09-27,Sports,Chennai,4241,10,42410,2025,9,27,Saturday,Phone
3806,2025-08-08,Furniture,Chennai,3159,4,12636,2025,8,8,Friday,Phone
3807,2025-08-30,Electronics,Bangalore,256,9,2304,2025,8,30,Saturday,Keyboard
3808,2024-10-29,Furniture,Chennai,4218,8,33744,2024,10,29,Tuesday,Keyboard
3809,2025-07-26,Sports,Chennai,1080,4,4320,2025,7,26,Saturday,Shoes
3810,2025-04-23,Clothing,Delhi,1476,8,11808,2025,4,23,Wednesday,Laptop
3811,2024-10-29,Electronics,Delhi,4114,1,4114,2024,10,29,Tuesday,Watch
3812,2024-08-24,Electronics,Hyderabad,4279,3,12837,2024,8,24,Saturday,Phone
3813,2025-06-24,Electronics,Mumbai,3714,6,22284,2025,6,24,Tuesday,Headphones
3814,2024-08-06,Clothing,Delhi,1699,7,11893,2024,8,6,Tuesday,Keyboard
3815,2026-06-12,Clothing,Delhi,4255,7,29785,2026,6,12,Friday,Laptop
3816,2026-05-31,Groceries,Delhi,1923,7,13461,2026,5,31,Sunday,Watch
3817,2026-01-27,Furniture,Chennai,2170,1,2170,2026,1,27,Tuesday,Shoes
3818,2025-09-02,Clothing,Delhi,1689,4,6756,2025,9,2,Tuesday,Watch
3819,2025-10-03,Clothing,Chennai,916,10,9160,2025,10,3,Friday,Keyboard
3820,2026-05-02,Groceries,Chennai,2171,10,21710,2026,5,2,Saturday,Bag
3821,2024-10-16,Sports,Chennai,264,10,2640,2024,10,16,Wednesday,Bag
3822,2025-12-27,Groceries,Hyderabad,393,8,3144,2025,12,27,Saturday,Watch
3823,2026-04-27,Electronics,Mumbai,1801,10,18010,2026,4,27,Monday,TV
3824,2025-01-22,Furniture,Hyderabad,4294,10,42940,2025,1,22,Wednesday,Camera
3825,2024-12-22,Groceries,Delhi,4878,6,29268,2024,12,22,Sunday,Tablet
3826,2024-06-28,Furniture,Chennai,3260,4,13040,2024,6,28,Friday,Headphones
3827,2024-11-20,Furniture,Delhi,508,3,1524,2024,11,20,Wednesday,Watch
3828,2025-04-13,Furniture,Bangalore,4713,7,32991,2025,4,13,Sunday,Tablet
3829,2025-07-01,Sports,Mumbai,4050,2,8100,2025,7,1,Tuesday,Phone
3830,2025-11-12,Furniture,Bangalore,2123,9,19107,2025,11,12,Wednesday,Watch
3831,2024-12-31,Clothing,Hyderabad,1885,6,11310,2024,12,31,Tuesday,Camera
3832,2025-02-05,Electronics,Chennai,3969,3,11907,2025,2,5,Wednesday,Camera
3833,2026-03-02,Sports,Delhi,2365,7,16555,2026,3,2,Monday,Tablet
3834,2026-04-22,Groceries,Mumbai,4258,9,38322,2026,4,22,Wednesday,Keyboard
3835,2025-11-29,Clothing,Chennai,4112,1,4112,2025,11,29,Saturday,Camera
3836,2026-04-04,Sports,Hyderabad,2445,3,7335,2026,4,4,Saturday,Headphones
3837,2025-10-03,Electronics,Chennai,498,2,996,2025,10,3,Friday,Shoes
3838,2025-11-15,Groceries,Bangalore,2350,5,11750,2025,11,15,Saturday,Phone
3839,2025-01-13,Furniture,Chennai,3405,6,20430,2025,1,13,Monday,Bag
3840,2024-12-28,Clothing,Hyderabad,270,5,1350,2024,12,28,Saturday,Tablet
3841,2025-01-13,Groceries,Chennai,4195,7,29365,2025,1,13,Monday,Laptop
3842,2026-01-30,Electronics,Delhi,3588,6,21528,2026,1,30,Friday,Laptop
3843,2026-03-21,Furniture,Bangalore,3072,7,21504,2026,3,21,Saturday,Shoes
3844,2024-08-08,Electronics,Delhi,1893,5,9465,2024,8,8,Thursday,Watch
3845,2025-06-23,Electronics,Hyderabad,2110,2,4220,2025,6,23,Monday,Phone
3846,2026-02-20,Sports,Chennai,2398,5,11990,2026,2,20,Friday,Camera
3847,2025-04-21,Electronics,Hyderabad,3665,1,3665,2025,4,21,Monday,Shoes
3848,2025-12-06,Sports,Hyderabad,1437,3,4311,2025,12,6,Saturday,Phone
3849,2026-03-31,Electronics,Delhi,1486,6,8916,2026,3,31,Tuesday,Phone
3850,2026-04-02,Groceries,Bangalore,4292,6,25752,2026,4,2,Thursday,Camera
3851,2025-04-08,Sports,Hyderabad,168,2,336,2025,4,8,Tuesday,Shoes
3852,2025-02-04,Furniture,Hyderabad,4566,5,22830,2025,2,4,Tuesday,Shoes
3853,2024-11-15,Sports,Delhi,477,4,1908,2024,11,15,Friday,Bag
3854,2025-07-22,Sports,Bangalore,2885,5,14425,2025,7,22,Tuesday,Watch
3855,2026-04-27,Electronics,Hyderabad,1047,1,1047,2026,4,27,Monday,Watch
3856,2025-01-16,Clothing,Bangalore,710,4,2840,2025,1,16,Thursday,Watch
3857,2026-04-06,Groceries,Chennai,4682,5,23410,2026,4,6,Monday,Keyboard
3858,2025-03-07,Clothing,Delhi,1311,7,9177,2025,3,7,Friday,Camera
3859,2024-11-08,Sports,Mumbai,1755,2,3510,2024,11,8,Friday,Camera
3860,2025-12-01,Sports,Mumbai,3810,10,38100,2025,12,1,Monday,Headphones
3861,2024-07-23,Furniture,Mumbai,2969,8,23752,2024,7,23,Tuesday,Camera
3862,2024-08-11,Electronics,Chennai,4831,2,9662,2024,8,11,Sunday,Laptop
3863,2025-03-08,Furniture,Delhi,2621,10,26210,2025,3,8,Saturday,Keyboard
3864,2025-06-06,Clothing,Bangalore,1418,3,4254,2025,6,6,Friday,Bag
3865,2026-01-21,Electronics,Delhi,784,2,1568,2026,1,21,Wednesday,Tablet
3866,2025-03-29,Clothing,Chennai,3352,1,3352,2025,3,29,Saturday,Laptop
3867,2025-04-19,Electronics,Hyderabad,4702,1,4702,2025,4,19,Saturday,Laptop
3868,2026-05-12,Furniture,Hyderabad,543,9,4887,2026,5,12,Tuesday,Watch
3869,2025-03-12,Sports,Delhi,227,9,2043,2025,3,12,Wednesday,Keyboard
3870,2026-06-19,Groceries,Bangalore,1168,3,3504,2026,6,19,Friday,Phone
3871,2026-05-21,Furniture,Delhi,870,1,870,2026,5,21,Thursday,Bag
3872,2025-05-02,Electronics,Chennai,165,4,660,2025,5,2,Friday,Keyboard
3873,2026-02-20,Clothing,Mumbai,2133,10,21330,2026,2,20,Friday,Tablet
3874,2025-08-18,Furniture,Bangalore,4967,1,4967,2025,8,18,Monday,Tablet
3875,2025-10-07,Sports,Hyderabad,3213,4,12852,2025,10,7,Tuesday,Bag
3876,2024-11-21,Clothing,Delhi,518,10,5180,2024,11,21,Thursday,Shoes
3877,2025-03-12,Sports,Chennai,200,4,800,2025,3,12,Wednesday,TV
3878,2025-07-18,Groceries,Bangalore,1034,2,2068,2025,7,18,Friday,Watch
3879,2024-09-12,Clothing,Mumbai,919,5,4595,2024,9,12,Thursday,Camera
3880,2024-07-02,Sports,Bangalore,736,3,2208,2024,7,2,Tuesday,Keyboard
3881,2025-10-14,Groceries,Hyderabad,1114,1,1114,2025,10,14,Tuesday,Camera
3882,2025-09-09,Clothing,Chennai,229,6,1374,2025,9,9,Tuesday,TV
3883,2025-05-07,Electronics,Mumbai,3455,1,3455,2025,5,7,Wednesday,Camera
3884,2025-06-18,Clothing,Bangalore,1362,5,6810,2025,6,18,Wednesday,Camera
3885,2026-02-27,Groceries,Mumbai,2418,5,12090,2026,2,27,Friday,TV
3886,2024-07-20,Furniture,Bangalore,3861,1,3861,2024,7,20,Saturday,Keyboard
3887,2024-06-29,Furniture,Bangalore,169,9,1521,2024,6,29,Saturday,Keyboard
3888,2025-04-03,Clothing,Chennai,4270,1,4270,2025,4,3,Thursday,Headphones
3889,2025-10-20,Groceries,Delhi,552,9,4968,2025,10,20,Monday,Keyboard
3890,2024-12-24,Furniture,Chennai,2256,5,11280,2024,12,24,Tuesday,Phone
3891,2024-11-02,Furniture,Hyderabad,1270,6,7620,2024,11,2,Saturday,Phone
3892,2025-09-17,Sports,Hyderabad,4439,6,26634,2025,9,17,Wednesday,Camera
3893,2026-01-09,Clothing,Mumbai,2519,3,7557,2026,1,9,Friday,TV
3894,2025-01-15,Groceries,Delhi,3728,7,26096,2025,1,15,Wednesday,TV
3895,2025-11-08,Groceries,Mumbai,3065,2,6130,2025,11,8,Saturday,Phone
3896,2026-02-10,Electronics,Chennai,3026,8,24208,2026,2,10,Tuesday,Watch
3897,2024-10-28,Clothing,Bangalore,2732,4,10928,2024,10,28,Monday,Watch
3898,2026-03-06,Clothing,Bangalore,764,6,4584,2026,3,6,Friday,Keyboard
3899,2025-06-15,Sports,Chennai,1892,2,3784,2025,6,15,Sunday,Headphones
3900,2026-02-09,Groceries,Bangalore,1654,6,9924,2026,2,9,Monday,Shoes
3901,2025-02-06,Clothing,Mumbai,1240,6,7440,2025,2,6,Thursday,Keyboard
3902,2025-10-11,Electronics,Chennai,4025,7,28175,2025,10,11,Saturday,Phone
3903,2026-02-16,Sports,Hyderabad,3101,2,6202,2026,2,16,Monday,TV
3904,2026-06-28,Clothing,Chennai,405,1,405,2026,6,28,Sunday,Watch
3905,2024-07-06,Groceries,Hyderabad,3833,1,3833,2024,7,6,Saturday,Laptop
3906,2025-09-08,Furniture,Chennai,3757,7,26299,2025,9,8,Monday,Shoes
3907,2024-08-01,Sports,Delhi,450,7,3150,2024,8,1,Thursday,Shoes
3908,2024-11-09,Groceries,Chennai,290,2,580,2024,11,9,Saturday,Tablet
3909,2026-01-21,Sports,Mumbai,2834,4,11336,2026,1,21,Wednesday,Headphones
3910,2025-09-04,Furniture,Mumbai,890,7,6230,2025,9,4,Thursday,Keyboard
3911,2024-09-17,Clothing,Mumbai,791,10,7910,2024,9,17,Tuesday,Tablet
3912,2025-01-19,Groceries,Bangalore,1343,3,4029,2025,1,19,Sunday,Laptop
3913,2025-10-23,Furniture,Delhi,560,1,560,2025,10,23,Thursday,Keyboard
3914,2026-04-30,Sports,Hyderabad,4135,6,24810,2026,4,30,Thursday,Phone
3915,2024-10-24,Furniture,Mumbai,4390,6,26340,2024,10,24,Thursday,Laptop
3916,2025-06-11,Groceries,Mumbai,3379,2,6758,2025,6,11,Wednesday,TV
3917,2026-04-18,Sports,Hyderabad,4924,6,29544,2026,4,18,Saturday,Keyboard
3918,2025-09-20,Furniture,Hyderabad,1353,9,12177,2025,9,20,Saturday,Keyboard
3919,2026-01-24,Sports,Chennai,4286,4,17144,2026,1,24,Saturday,Shoes
3920,2024-09-04,Groceries,Hyderabad,4555,6,27330,2024,9,4,Wednesday,Watch
3921,2025-03-07,Electronics,Mumbai,688,1,688,2025,3,7,Friday,Watch
3922,2024-09-17,Electronics,Hyderabad,3965,8,31720,2024,9,17,Tuesday,Phone
3923,2024-09-24,Sports,Hyderabad,183,8,1464,2024,9,24,Tuesday,Laptop
3924,2025-07-29,Electronics,Mumbai,4838,5,24190,2025,7,29,Tuesday,Keyboard
3925,2024-09-09,Electronics,Mumbai,1144,4,4576,2024,9,9,Monday,Headphones
3926,2026-01-27,Clothing,Bangalore,4742,7,33194,2026,1,27,Tuesday,Camera
3927,2025-04-21,Furniture,Mumbai,2096,6,12576,2025,4,21,Monday,Phone
3928,2024-07-01,Sports,Chennai,4607,10,46070,2024,7,1,Monday,Shoes
3929,2024-07-01,Clothing,Chennai,4550,3,13650,2024,7,1,Monday,Keyboard
3930,2026-01-23,Groceries,Chennai,2151,4,8604,2026,1,23,Friday,Tablet
3931,2025-10-30,Sports,Hyderabad,1268,8,10144,2025,10,30,Thursday,Tablet
3932,2025-07-04,Sports,Delhi,1567,4,6268,2025,7,4,Friday,Phone
3933,2026-05-09,Furniture,Bangalore,2253,9,20277,2026,5,9,Saturday,Camera
3934,2026-05-20,Electronics,Hyderabad,523,8,4184,2026,5,20,Wednesday,Shoes
3935,2024-12-11,Sports,Mumbai,1270,4,5080,2024,12,11,Wednesday,Headphones
3936,2024-11-07,Furniture,Delhi,4160,3,12480,2024,11,7,Thursday,Tablet
3937,2025-03-13,Sports,Bangalore,3498,6,20988,2025,3,13,Thursday,Camera
3938,2025-12-08,Furniture,Delhi,2573,8,20584,2025,12,8,Monday,Camera
3939,2025-12-31,Electronics,Hyderabad,1682,9,15138,2025,12,31,Wednesday,TV
3940,2026-03-27,Sports,Bangalore,4972,10,49720,2026,3,27,Friday,Tablet
3941,2026-06-26,Groceries,Delhi,2499,6,14994,2026,6,26,Friday,Headphones
3942,2025-08-10,Groceries,Bangalore,724,3,2172,2025,8,10,Sunday,Watch
3943,2026-02-16,Groceries,Bangalore,2636,10,26360,2026,2,16,Monday,TV
3944,2024-10-27,Groceries,Bangalore,4914,9,44226,2024,10,27,Sunday,TV
3945,2024-11-05,Sports,Chennai,2302,6,13812,2024,11,5,Tuesday,Phone
3946,2026-04-21,Furniture,Bangalore,4796,2,9592,2026,4,21,Tuesday,Bag
3947,2025-01-19,Groceries,Hyderabad,1353,2,2706,2025,1,19,Sunday,Laptop
3948,2025-12-10,Electronics,Bangalore,3728,7,26096,2025,12,10,Wednesday,Camera
3949,2024-07-08,Groceries,Hyderabad,2510,3,7530,2024,7,8,Monday,Watch
3950,2026-05-11,Furniture,Bangalore,4228,3,12684,2026,5,11,Monday,TV
3951,2025-03-15,Groceries,Delhi,889,4,3556,2025,3,15,Saturday,Watch
3952,2024-08-29,Clothing,Mumbai,2108,2,4216,2024,8,29,Thursday,Bag
3953,2026-04-03,Furniture,Bangalore,1844,5,9220,2026,4,3,Friday,Keyboard
3954,2025-01-18,Electronics,Chennai,375,3,1125,2025,1,18,Saturday,Laptop
3955,2025-10-25,Sports,Mumbai,2211,8,17688,2025,10,25,Saturday,Watch
3956,2024-10-01,Clothing,Bangalore,1406,5,7030,2024,10,1,Tuesday,Phone
3957,2024-08-29,Groceries,Chennai,1638,3,4914,2024,8,29,Thursday,Shoes
3958,2025-08-17,Clothing,Bangalore,2060,5,10300,2025,8,17,Sunday,TV
3959,2026-02-18,Sports,Hyderabad,3820,6,22920,2026,2,18,Wednesday,Keyboard
3960,2026-05-11,Sports,Hyderabad,939,2,1878,2026,5,11,Monday,Phone
3961,2025-01-21,Furniture,Hyderabad,4927,4,19708,2025,1,21,Tuesday,Keyboard
3962,2025-09-23,Furniture,Bangalore,4320,8,34560,2025,9,23,Tuesday,TV
3963,2025-01-03,Clothing,Mumbai,3648,2,7296,2025,1,3,Friday,Phone
3964,2026-06-03,Sports,Hyderabad,3764,2,7528,2026,6,3,Wednesday,Bag
3965,2025-05-23,Sports,Hyderabad,2571,10,25710,2025,5,23,Friday,Tablet
3966,2025-04-10,Groceries,Bangalore,2497,4,9988,2025,4,10,Thursday,Camera
3967,2025-03-03,Furniture,Delhi,3767,9,33903,2025,3,3,Monday,Camera
3968,2025-06-11,Electronics,Hyderabad,743,1,743,2025,6,11,Wednesday,Keyboard
3969,2024-11-23,Furniture,Chennai,1979,10,19790,2024,11,23,Saturday,Watch
3970,2025-07-27,Electronics,Bangalore,3038,1,3038,2025,7,27,Sunday,Phone
3971,2024-07-06,Groceries,Hyderabad,548,3,1644,2024,7,6,Saturday,Camera
3972,2025-09-22,Groceries,Chennai,3791,7,26537,2025,9,22,Monday,Laptop
3973,2024-12-25,Clothing,Mumbai,2963,9,26667,2024,12,25,Wednesday,Camera
3974,2025-06-07,Clothing,Hyderabad,1840,9,16560,2025,6,7,Saturday,TV
3975,2024-07-02,Furniture,Chennai,3784,2,7568,2024,7,2,Tuesday,Camera
3976,2025-06-20,Groceries,Bangalore,2264,3,6792,2025,6,20,Friday,Camera
3977,2024-10-05,Clothing,Bangalore,544,9,4896,2024,10,5,Saturday,Headphones
3978,2026-02-20,Sports,Chennai,155,4,620,2026,2,20,Friday,Tablet
3979,2025-05-17,Electronics,Hyderabad,1329,9,11961,2025,5,17,Saturday,TV
3980,2024-07-22,Furniture,Delhi,2792,10,27920,2024,7,22,Monday,Keyboard
3981,2024-10-03,Furniture,Chennai,1564,6,9384,2024,10,3,Thursday,TV
3982,2025-10-30,Electronics,Delhi,4069,5,20345,2025,10,30,Thursday,Keyboard
3983,2024-12-13,Sports,Delhi,311,3,933,2024,12,13,Friday,Shoes
3984,2024-06-28,Furniture,Bangalore,4958,6,29748,2024,6,28,Friday,Laptop
3985,2026-04-25,Sports,Hyderabad,1618,1,1618,2026,4,25,Saturday,Bag
3986,2026-06-23,Sports,Mumbai,2646,8,21168,2026,6,23,Tuesday,Phone
3987,2026-05-08,Clothing,Chennai,3309,3,9927,2026,5,8,Friday,Bag
3988,2025-05-03,Clothing,Delhi,3577,8,28616,2025,5,3,Saturday,Camera
3989,2025-01-08,Groceries,Chennai,1784,8,14272,2025,1,8,Wednesday,Bag
3990,2025-09-15,Furniture,Hyderabad,2341,3,7023,2025,9,15,Monday,Laptop
3991,2024-11-30,Electronics,Delhi,2505,5,12525,2024,11,30,Saturday,TV
3992,2025-12-29,Sports,Bangalore,476,7,3332,2025,12,29,Monday,Tablet
3993,2026-02-05,Electronics,Hyderabad,4328,3,12984,2026,2,5,Thursday,Bag
3994,2025-04-24,Clothing,Chennai,411,1,411,2025,4,24,Thursday,Keyboard
3995,2026-01-29,Groceries,Mumbai,562,8,4496,2026,1,29,Thursday,Phone
3996,2025-04-12,Electronics,Delhi,4483,6,26898,2025,4,12,Saturday,TV
3997,2025-12-14,Sports,Chennai,3125,7,21875,2025,12,14,Sunday,Phone
3998,2025-11-25,Clothing,Bangalore,4082,5,20410,2025,11,25,Tuesday,Camera
3999,2024-11-23,Furniture,Bangalore,3673,2,7346,2024,11,23,Saturday,Laptop
4000,2024-08-22,Furniture,Delhi,4545,5,22725,2024,8,22,Thursday,Headphones
4001,2026-05-14,Electronics,Mumbai,3144,2,6288,2026,5,14,Thursday,Phone
4002,2025-01-30,Furniture,Chennai,2062,10,20620,2025,1,30,Thursday,Headphones
4003,2025-01-14,Electronics,Delhi,4268,2,8536,2025,1,14,Tuesday,Watch
4004,2025-03-19,Furniture,Hyderabad,371,5,1855,2025,3,19,Wednesday,Watch
4005,2025-02-20,Clothing,Bangalore,2847,6,17082,2025,2,20,Thursday,Shoes
4006,2025-11-07,Sports,Bangalore,3541,1,3541,2025,11,7,Friday,Keyboard
4007,2024-06-29,Electronics,Mumbai,1555,4,6220,2024,6,29,Saturday,Headphones
4008,2025-08-28,Clothing,Delhi,2135,6,12810,2025,8,28,Thursday,Keyboard
4009,2026-03-21,Electronics,Bangalore,1288,7,9016,2026,3,21,Saturday,Keyboard
4010,2025-07-20,Groceries,Mumbai,276,2,552,2025,7,20,Sunday,Camera
4011,2026-02-03,Furniture,Delhi,1867,7,13069,2026,2,3,Tuesday,Watch
4012,2026-03-12,Clothing,Mumbai,736,3,2208,2026,3,12,Thursday,Camera
4013,2025-09-27,Groceries,Hyderabad,4078,7,28546,2025,9,27,Saturday,Bag
4014,2026-05-28,Sports,Hyderabad,1874,2,3748,2026,5,28,Thursday,Tablet
4015,2025-08-11,Electronics,Chennai,2445,2,4890,2025,8,11,Monday,Shoes
4016,2025-05-14,Electronics,Bangalore,425,3,1275,2025,5,14,Wednesday,TV
4017,2024-11-16,Sports,Hyderabad,626,2,1252,2024,11,16,Saturday,Phone
4018,2024-12-24,Groceries,Chennai,4254,4,17016,2024,12,24,Tuesday,Keyboard
4019,2025-11-01,Sports,Bangalore,2897,1,2897,2025,11,1,Saturday,Shoes
4020,2025-08-03,Electronics,Chennai,4487,6,26922,2025,8,3,Sunday,Watch
4021,2026-05-18,Sports,Mumbai,2970,10,29700,2026,5,18,Monday,Tablet
4022,2024-12-15,Electronics,Chennai,661,1,661,2024,12,15,Sunday,Camera
4023,2024-09-01,Sports,Chennai,4136,1,4136,2024,9,1,Sunday,Shoes
4024,2025-11-10,Sports,Bangalore,2001,4,8004,2025,11,10,Monday,TV
4025,2025-01-30,Clothing,Delhi,248,8,1984,2025,1,30,Thursday,Shoes
4026,2025-06-11,Clothing,Delhi,3104,2,6208,2025,6,11,Wednesday,Laptop
4027,2025-09-05,Clothing,Mumbai,821,7,5747,2025,9,5,Friday,TV
4028,2026-01-22,Clothing,Delhi,1325,10,13250,2026,1,22,Thursday,Camera
4029,2025-01-31,Furniture,Delhi,3221,10,32210,2025,1,31,Friday,Laptop
4030,2026-01-14,Groceries,Hyderabad,3164,2,6328,2026,1,14,Wednesday,Keyboard
4031,2026-04-17,Clothing,Chennai,766,2,1532,2026,4,17,Friday,Shoes
4032,2025-03-25,Furniture,Mumbai,4884,7,34188,2025,3,25,Tuesday,TV
4033,2024-12-13,Sports,Bangalore,4520,2,9040,2024,12,13,Friday,Camera
4034,2024-07-25,Sports,Delhi,3907,1,3907,2024,7,25,Thursday,Watch
4035,2025-03-09,Groceries,Chennai,4997,3,14991,2025,3,9,Sunday,Phone
4036,2025-01-13,Clothing,Mumbai,3370,9,30330,2025,1,13,Monday,Tablet
4037,2025-05-31,Groceries,Mumbai,1486,7,10402,2025,5,31,Saturday,TV
4038,2025-11-25,Clothing,Hyderabad,3310,9,29790,2025,11,25,Tuesday,TV
4039,2024-11-17,Clothing,Delhi,855,8,6840,2024,11,17,Sunday,Laptop
4040,2025-05-10,Groceries,Bangalore,1966,3,5898,2025,5,10,Saturday,Keyboard
4041,2025-10-02,Electronics,Delhi,4473,10,44730,2025,10,2,Thursday,Bag
4042,2025-03-30,Clothing,Hyderabad,3338,8,26704,2025,3,30,Sunday,Watch
4043,2026-01-12,Sports,Hyderabad,1640,6,9840,2026,1,12,Monday,Camera
4044,2025-11-26,Clothing,Mumbai,4044,8,32352,2025,11,26,Wednesday,Keyboard
4045,2025-02-10,Groceries,Mumbai,3798,5,18990,2025,2,10,Monday,TV
4046,2025-03-26,Electronics,Chennai,1416,6,8496,2025,3,26,Wednesday,Laptop
4047,2025-02-24,Clothing,Delhi,2597,8,20776,2025,2,24,Monday,Headphones
4048,2026-03-09,Groceries,Hyderabad,1722,9,15498,2026,3,9,Monday,Tablet
4049,2025-02-03,Groceries,Chennai,1282,10,12820,2025,2,3,Monday,Tablet
4050,2025-06-13,Furniture,Chennai,4330,1,4330,2025,6,13,Friday,Keyboard
4051,2025-02-25,Clothing,Mumbai,2270,1,2270,2025,2,25,Tuesday,Watch
4052,2026-05-29,Groceries,Chennai,1367,3,4101,2026,5,29,Friday,TV
4053,2024-07-28,Sports,Bangalore,213,8,1704,2024,7,28,Sunday,Laptop
4054,2024-11-06,Sports,Hyderabad,4490,1,4490,2024,11,6,Wednesday,Keyboard
4055,2025-08-26,Furniture,Delhi,4303,7,30121,2025,8,26,Tuesday,Keyboard
4056,2025-07-19,Sports,Bangalore,1094,5,5470,2025,7,19,Saturday,Keyboard
4057,2024-11-07,Furniture,Hyderabad,2076,7,14532,2024,11,7,Thursday,Tablet
4058,2026-05-13,Furniture,Hyderabad,4106,6,24636,2026,5,13,Wednesday,Shoes
4059,2025-01-24,Electronics,Mumbai,1812,7,12684,2025,1,24,Friday,Camera
4060,2025-06-16,Sports,Chennai,2610,7,18270,2025,6,16,Monday,Tablet
4061,2025-10-04,Furniture,Mumbai,1560,4,6240,2025,10,4,Saturday,Tablet
4062,2025-01-29,Clothing,Bangalore,338,5,1690,2025,1,29,Wednesday,Phone
4063,2026-01-01,Electronics,Bangalore,2175,8,17400,2026,1,1,Thursday,Shoes
4064,2024-07-17,Furniture,Chennai,4871,3,14613,2024,7,17,Wednesday,Phone
4065,2024-12-31,Furniture,Hyderabad,3292,2,6584,2024,12,31,Tuesday,Headphones
4066,2024-11-09,Sports,Chennai,832,5,4160,2024,11,9,Saturday,Headphones
4067,2026-04-19,Electronics,Hyderabad,2150,4,8600,2026,4,19,Sunday,Shoes
4068,2024-12-05,Electronics,Hyderabad,1384,4,5536,2024,12,5,Thursday,Headphones
4069,2024-10-19,Groceries,Chennai,1199,6,7194,2024,10,19,Saturday,Headphones
4070,2025-08-10,Sports,Chennai,3640,6,21840,2025,8,10,Sunday,Phone
4071,2025-04-17,Clothing,Mumbai,1057,7,7399,2025,4,17,Thursday,Bag
4072,2025-05-07,Electronics,Mumbai,233,6,1398,2025,5,7,Wednesday,Watch
4073,2025-07-23,Furniture,Mumbai,699,2,1398,2025,7,23,Wednesday,Tablet
4074,2025-03-02,Electronics,Chennai,3729,5,18645,2025,3,2,Sunday,Keyboard
4075,2025-04-07,Furniture,Delhi,1810,3,5430,2025,4,7,Monday,Bag
4076,2024-08-04,Electronics,Mumbai,597,10,5970,2024,8,4,Sunday,Phone
4077,2024-12-24,Electronics,Chennai,2410,4,9640,2024,12,24,Tuesday,Phone
4078,2025-06-02,Groceries,Mumbai,4285,5,21425,2025,6,2,Monday,TV
4079,2026-04-11,Furniture,Bangalore,1269,3,3807,2026,4,11,Saturday,Tablet
4080,2024-10-01,Clothing,Mumbai,4357,7,30499,2024,10,1,Tuesday,Shoes
4081,2025-11-21,Groceries,Delhi,4132,1,4132,2025,11,21,Friday,Bag
4082,2025-12-02,Sports,Bangalore,2340,10,23400,2025,12,2,Tuesday,TV
4083,2026-03-28,Clothing,Delhi,4512,4,18048,2026,3,28,Saturday,Bag
4084,2026-01-07,Sports,Mumbai,1454,3,4362,2026,1,7,Wednesday,Keyboard
4085,2025-09-14,Groceries,Bangalore,2214,3,6642,2025,9,14,Sunday,TV
4086,2026-03-15,Furniture,Mumbai,1189,9,10701,2026,3,15,Sunday,Headphones
4087,2024-07-07,Groceries,Bangalore,1568,9,14112,2024,7,7,Sunday,Shoes
4088,2025-08-06,Furniture,Bangalore,1595,10,15950,2025,8,6,Wednesday,Camera
4089,2026-02-19,Furniture,Mumbai,4987,7,34909,2026,2,19,Thursday,Laptop
4090,2024-11-29,Electronics,Mumbai,3459,7,24213,2024,11,29,Friday,Bag
4091,2025-01-22,Electronics,Chennai,2434,2,4868,2025,1,22,Wednesday,TV
4092,2025-02-05,Furniture,Hyderabad,1345,7,9415,2025,2,5,Wednesday,Keyboard
4093,2026-01-09,Clothing,Mumbai,3189,1,3189,2026,1,9,Friday,Laptop
4094,2025-12-04,Groceries,Delhi,1526,3,4578,2025,12,4,Thursday,TV
4095,2025-04-18,Clothing,Bangalore,4515,5,22575,2025,4,18,Friday,Keyboard
4096,2025-05-27,Furniture,Mumbai,258,5,1290,2025,5,27,Tuesday,Keyboard
4097,2025-08-09,Electronics,Mumbai,2372,5,11860,2025,8,9,Saturday,Shoes
4098,2025-06-06,Clothing,Mumbai,2737,1,2737,2025,6,6,Friday,TV
4099,2025-10-13,Electronics,Mumbai,941,4,3764,2025,10,13,Monday,Shoes
4100,2025-07-14,Electronics,Delhi,2003,10,20030,2025,7,14,Monday,Tablet
4101,2025-10-27,Sports,Chennai,321,7,2247,2025,10,27,Monday,Camera
4102,2025-05-05,Sports,Bangalore,3504,3,10512,2025,5,5,Monday,Laptop
4103,2025-09-04,Groceries,Hyderabad,3743,9,33687,2025,9,4,Thursday,Shoes
4104,2025-02-04,Clothing,Bangalore,2957,2,5914,2025,2,4,Tuesday,Watch
4105,2024-08-13,Furniture,Bangalore,3793,6,22758,2024,8,13,Tuesday,Watch
4106,2024-09-15,Groceries,Hyderabad,704,7,4928,2024,9,15,Sunday,Laptop
4107,2025-11-23,Clothing,Chennai,4299,9,38691,2025,11,23,Sunday,Headphones
4108,2025-09-07,Groceries,Hyderabad,622,6,3732,2025,9,7,Sunday,Tablet
4109,2025-06-08,Clothing,Hyderabad,860,2,1720,2025,6,8,Sunday,Tablet
4110,2025-05-02,Groceries,Delhi,1468,4,5872,2025,5,2,Friday,Watch
4111,2024-07-01,Sports,Delhi,3916,6,23496,2024,7,1,Monday,Watch
4112,2025-06-28,Groceries,Chennai,2951,10,29510,2025,6,28,Saturday,Keyboard
4113,2024-09-01,Furniture,Delhi,462,7,3234,2024,9,1,Sunday,TV
4114,2025-08-02,Clothing,Delhi,870,6,5220,2025,8,2,Saturday,Tablet
4115,2025-08-27,Sports,Hyderabad,197,6,1182,2025,8,27,Wednesday,Shoes
4116,2026-06-27,Furniture,Hyderabad,4011,2,8022,2026,6,27,Saturday,Bag
4117,2025-12-24,Sports,Delhi,185,7,1295,2025,12,24,Wednesday,Bag
4118,2025-03-17,Clothing,Hyderabad,1544,3,4632,2025,3,17,Monday,Shoes
4119,2026-06-18,Electronics,Mumbai,4426,4,17704,2026,6,18,Thursday,Shoes
4120,2025-11-05,Electronics,Bangalore,2772,9,24948,2025,11,5,Wednesday,Headphones
4121,2024-10-19,Furniture,Delhi,4739,8,37912,2024,10,19,Saturday,Phone
4122,2025-04-04,Furniture,Hyderabad,248,2,496,2025,4,4,Friday,TV
4123,2025-05-18,Sports,Mumbai,2904,9,26136,2025,5,18,Sunday,Headphones
4124,2025-03-23,Groceries,Delhi,2151,10,21510,2025,3,23,Sunday,Bag
4125,2025-11-22,Electronics,Mumbai,1119,10,11190,2025,11,22,Saturday,Laptop
4126,2025-01-24,Clothing,Mumbai,722,5,3610,2025,1,24,Friday,Shoes
4127,2025-05-01,Clothing,Hyderabad,4099,4,16396,2025,5,1,Thursday,Tablet
4128,2026-02-28,Clothing,Hyderabad,1575,5,7875,2026,2,28,Saturday,TV
4129,2024-09-18,Groceries,Hyderabad,1087,4,4348,2024,9,18,Wednesday,Headphones
4130,2026-02-25,Electronics,Mumbai,1242,5,6210,2026,2,25,Wednesday,Camera
4131,2024-12-23,Groceries,Hyderabad,4420,8,35360,2024,12,23,Monday,Headphones
4132,2025-12-11,Groceries,Bangalore,1363,5,6815,2025,12,11,Thursday,Bag
4133,2026-05-13,Groceries,Hyderabad,2848,9,25632,2026,5,13,Wednesday,Watch
4134,2026-02-20,Furniture,Hyderabad,4090,5,20450,2026,2,20,Friday,Camera
4135,2026-05-25,Electronics,Mumbai,2132,9,19188,2026,5,25,Monday,Keyboard
4136,2025-01-03,Electronics,Mumbai,1827,3,5481,2025,1,3,Friday,Keyboard
4137,2025-02-16,Groceries,Delhi,2082,3,6246,2025,2,16,Sunday,Watch
4138,2025-04-03,Sports,Chennai,2049,5,10245,2025,4,3,Thursday,TV
4139,2025-07-06,Sports,Hyderabad,2643,6,15858,2025,7,6,Sunday,TV
4140,2026-03-27,Electronics,Hyderabad,4513,8,36104,2026,3,27,Friday,Shoes
4141,2025-09-05,Groceries,Bangalore,505,5,2525,2025,9,5,Friday,Tablet
4142,2024-11-15,Groceries,Hyderabad,4431,4,17724,2024,11,15,Friday,TV
4143,2024-12-22,Electronics,Delhi,2992,9,26928,2024,12,22,Sunday,Laptop
4144,2026-04-15,Groceries,Hyderabad,3371,7,23597,2026,4,15,Wednesday,Laptop
4145,2024-09-18,Furniture,Chennai,2189,1,2189,2024,9,18,Wednesday,Phone
4146,2025-08-27,Groceries,Chennai,2908,1,2908,2025,8,27,Wednesday,Camera
4147,2026-02-24,Sports,Mumbai,4282,2,8564,2026,2,24,Tuesday,Bag
4148,2024-11-18,Furniture,Mumbai,2765,2,5530,2024,11,18,Monday,Keyboard
4149,2026-05-03,Electronics,Chennai,524,3,1572,2026,5,3,Sunday,TV
4150,2025-08-07,Furniture,Chennai,4056,1,4056,2025,8,7,Thursday,Shoes
4151,2026-01-09,Furniture,Delhi,1244,3,3732,2026,1,9,Friday,Watch
4152,2026-02-28,Electronics,Hyderabad,1866,10,18660,2026,2,28,Saturday,Shoes
4153,2025-08-18,Furniture,Chennai,4785,9,43065,2025,8,18,Monday,TV
4154,2025-01-24,Furniture,Chennai,773,1,773,2025,1,24,Friday,Tablet
4155,2026-05-15,Groceries,Hyderabad,3634,3,10902,2026,5,15,Friday,Headphones
4156,2026-04-18,Clothing,Bangalore,3676,4,14704,2026,4,18,Saturday,Camera
4157,2026-02-12,Furniture,Bangalore,4756,2,9512,2026,2,12,Thursday,Phone
4158,2025-04-20,Sports,Bangalore,1487,2,2974,2025,4,20,Sunday,Laptop
4159,2024-11-30,Groceries,Delhi,2594,2,5188,2024,11,30,Saturday,Keyboard
4160,2026-05-16,Electronics,Mumbai,3846,10,38460,2026,5,16,Saturday,Headphones
4161,2026-03-13,Furniture,Chennai,2799,6,16794,2026,3,13,Friday,Camera
4162,2024-12-17,Clothing,Hyderabad,620,6,3720,2024,12,17,Tuesday,TV
4163,2024-10-29,Clothing,Delhi,3079,10,30790,2024,10,29,Tuesday,Shoes
4164,2025-05-25,Furniture,Hyderabad,1309,8,10472,2025,5,25,Sunday,Phone
4165,2026-04-14,Groceries,Bangalore,3809,6,22854,2026,4,14,Tuesday,Shoes
4166,2025-08-30,Furniture,Mumbai,3725,7,26075,2025,8,30,Saturday,Camera
4167,2024-11-07,Furniture,Delhi,2191,8,17528,2024,11,7,Thursday,TV
4168,2025-07-15,Electronics,Mumbai,1086,9,9774,2025,7,15,Tuesday,Tablet
4169,2025-05-27,Furniture,Hyderabad,1054,7,7378,2025,5,27,Tuesday,Keyboard
4170,2025-04-30,Furniture,Bangalore,4066,2,8132,2025,4,30,Wednesday,Watch
4171,2024-10-23,Furniture,Hyderabad,3157,3,9471,2024,10,23,Wednesday,Headphones
4172,2025-03-25,Groceries,Hyderabad,3580,10,35800,2025,3,25,Tuesday,Watch
4173,2026-01-10,Furniture,Mumbai,3201,1,3201,2026,1,10,Saturday,Laptop
4174,2025-01-28,Groceries,Mumbai,4212,3,12636,2025,1,28,Tuesday,Phone
4175,2024-11-04,Sports,Bangalore,858,3,2574,2024,11,4,Monday,Watch
4176,2025-04-20,Furniture,Bangalore,3995,2,7990,2025,4,20,Sunday,Shoes
4177,2024-07-16,Furniture,Mumbai,1609,2,3218,2024,7,16,Tuesday,Laptop
4178,2025-01-16,Groceries,Delhi,1940,5,9700,2025,1,16,Thursday,Camera
4179,2026-01-17,Groceries,Delhi,4264,7,29848,2026,1,17,Saturday,Bag
4180,2024-08-20,Groceries,Bangalore,2905,9,26145,2024,8,20,Tuesday,Phone
4181,2025-07-27,Electronics,Chennai,1151,8,9208,2025,7,27,Sunday,Shoes
4182,2025-03-24,Groceries,Delhi,650,1,650,2025,3,24,Monday,Tablet
4183,2025-05-25,Groceries,Mumbai,3866,10,38660,2025,5,25,Sunday,Phone
4184,2025-10-31,Groceries,Chennai,4447,3,13341,2025,10,31,Friday,Bag
4185,2025-06-29,Furniture,Chennai,4244,4,16976,2025,6,29,Sunday,Camera
4186,2026-03-08,Furniture,Chennai,4772,2,9544,2026,3,8,Sunday,Shoes
4187,2026-06-06,Clothing,Chennai,3551,8,28408,2026,6,6,Saturday,Phone
4188,2025-08-06,Electronics,Mumbai,469,10,4690,2025,8,6,Wednesday,Phone
4189,2026-01-19,Electronics,Delhi,1285,7,8995,2026,1,19,Monday,Laptop
4190,2025-02-22,Electronics,Hyderabad,3667,6,22002,2025,2,22,Saturday,Camera
4191,2025-11-07,Furniture,Hyderabad,3597,3,10791,2025,11,7,Friday,Bag
4192,2025-02-18,Clothing,Bangalore,3540,10,35400,2025,2,18,Tuesday,Phone
4193,2025-07-28,Electronics,Hyderabad,1322,5,6610,2025,7,28,Monday,Shoes
4194,2025-10-05,Electronics,Chennai,1129,6,6774,2025,10,5,Sunday,Tablet
4195,2024-10-14,Groceries,Delhi,4393,10,43930,2024,10,14,Monday,Camera
4196,2024-11-09,Groceries,Delhi,673,2,1346,2024,11,9,Saturday,Shoes
4197,2026-04-17,Groceries,Mumbai,2773,6,16638,2026,4,17,Friday,Watch
4198,2025-10-13,Electronics,Chennai,4228,2,8456,2025,10,13,Monday,Laptop
4199,2025-09-21,Groceries,Hyderabad,2983,2,5966,2025,9,21,Sunday,Shoes
4200,2024-08-29,Sports,Bangalore,3925,2,7850,2024,8,29,Thursday,Laptop
4201,2025-10-26,Groceries,Delhi,1389,5,6945,2025,10,26,Sunday,Camera
4202,2025-06-04,Groceries,Bangalore,2492,10,24920,2025,6,4,Wednesday,TV
4203,2025-09-23,Groceries,Chennai,4179,5,20895,2025,9,23,Tuesday,TV
4204,2025-03-26,Clothing,Hyderabad,2881,5,14405,2025,3,26,Wednesday,Laptop
4205,2025-12-11,Electronics,Bangalore,3850,9,34650,2025,12,11,Thursday,Tablet
4206,2024-07-08,Electronics,Hyderabad,3418,3,10254,2024,7,8,Monday,Tablet
4207,2025-02-05,Furniture,Chennai,2612,2,5224,2025,2,5,Wednesday,Laptop
4208,2025-10-03,Furniture,Bangalore,4060,10,40600,2025,10,3,Friday,Bag
4209,2026-01-17,Sports,Delhi,834,6,5004,2026,1,17,Saturday,Shoes
4210,2025-08-29,Clothing,Hyderabad,1582,5,7910,2025,8,29,Friday,Watch
4211,2025-10-07,Sports,Bangalore,4084,1,4084,2025,10,7,Tuesday,Laptop
4212,2025-04-18,Clothing,Hyderabad,1252,4,5008,2025,4,18,Friday,TV
4213,2025-12-14,Electronics,Delhi,4911,10,49110,2025,12,14,Sunday,Camera
4214,2025-09-14,Sports,Delhi,235,7,1645,2025,9,14,Sunday,Bag
4215,2025-01-09,Groceries,Bangalore,1850,4,7400,2025,1,9,Thursday,Shoes
4216,2024-07-08,Groceries,Chennai,1179,7,8253,2024,7,8,Monday,Headphones
4217,2024-10-07,Electronics,Bangalore,147,6,882,2024,10,7,Monday,Headphones
4218,2024-10-04,Electronics,Delhi,3618,1,3618,2024,10,4,Friday,Laptop
4219,2024-12-28,Electronics,Delhi,3268,2,6536,2024,12,28,Saturday,TV
4220,2025-12-19,Electronics,Hyderabad,2162,10,21620,2025,12,19,Friday,Bag
4221,2025-04-16,Clothing,Hyderabad,2466,5,12330,2025,4,16,Wednesday,Camera
4222,2025-06-26,Clothing,Hyderabad,2357,6,14142,2025,6,26,Thursday,Shoes
4223,2024-11-19,Clothing,Hyderabad,1389,1,1389,2024,11,19,Tuesday,Phone
4224,2024-12-27,Furniture,Bangalore,1893,10,18930,2024,12,27,Friday,Tablet
4225,2025-02-27,Groceries,Mumbai,110,4,440,2025,2,27,Thursday,Phone
4226,2025-04-05,Sports,Delhi,4481,8,35848,2025,4,5,Saturday,TV
4227,2024-07-25,Electronics,Bangalore,3034,7,21238,2024,7,25,Thursday,Tablet
4228,2024-12-29,Sports,Chennai,4098,4,16392,2024,12,29,Sunday,Bag
4229,2026-04-13,Sports,Chennai,2641,8,21128,2026,4,13,Monday,Laptop
4230,2025-12-01,Sports,Delhi,1265,4,5060,2025,12,1,Monday,Laptop
4231,2025-08-24,Groceries,Chennai,1232,6,7392,2025,8,24,Sunday,Keyboard
4232,2025-08-29,Electronics,Delhi,3091,4,12364,2025,8,29,Friday,Phone
4233,2025-10-21,Furniture,Chennai,2790,4,11160,2025,10,21,Tuesday,Phone
4234,2024-10-28,Groceries,Delhi,1660,4,6640,2024,10,28,Monday,Bag
4235,2025-10-07,Sports,Bangalore,621,9,5589,2025,10,7,Tuesday,Keyboard
4236,2025-01-12,Clothing,Bangalore,4127,8,33016,2025,1,12,Sunday,Laptop
4237,2025-10-26,Groceries,Bangalore,4930,4,19720,2025,10,26,Sunday,TV
4238,2024-12-28,Groceries,Hyderabad,921,5,4605,2024,12,28,Saturday,Watch
4239,2025-07-21,Furniture,Mumbai,2257,6,13542,2025,7,21,Monday,Bag
4240,2025-12-18,Clothing,Mumbai,3128,4,12512,2025,12,18,Thursday,Phone
4241,2025-09-12,Furniture,Hyderabad,3647,6,21882,2025,9,12,Friday,Laptop
4242,2025-07-05,Electronics,Mumbai,4526,6,27156,2025,7,5,Saturday,Phone
4243,2025-11-28,Groceries,Hyderabad,4634,7,32438,2025,11,28,Friday,Camera
4244,2025-03-01,Groceries,Hyderabad,2177,8,17416,2025,3,1,Saturday,Shoes
4245,2025-04-14,Groceries,Chennai,4561,6,27366,2025,4,14,Monday,Headphones
4246,2025-08-10,Groceries,Chennai,2770,5,13850,2025,8,10,Sunday,Laptop
4247,2024-07-19,Sports,Chennai,566,5,2830,2024,7,19,Friday,Laptop
4248,2025-05-22,Sports,Chennai,4559,9,41031,2025,5,22,Thursday,Shoes
4249,2024-10-25,Sports,Mumbai,3556,2,7112,2024,10,25,Friday,Headphones
4250,2024-12-05,Sports,Chennai,3757,1,3757,2024,12,5,Thursday,Laptop
4251,2024-09-24,Groceries,Bangalore,617,3,1851,2024,9,24,Tuesday,Laptop
4252,2025-04-04,Groceries,Delhi,4500,5,22500,2025,4,4,Friday,Keyboard
4253,2024-10-05,Electronics,Hyderabad,811,1,811,2024,10,5,Saturday,Shoes
4254,2026-06-22,Electronics,Chennai,4119,5,20595,2026,6,22,Monday,Laptop
4255,2024-10-31,Sports,Chennai,2644,1,2644,2024,10,31,Thursday,Keyboard
4256,2024-12-18,Clothing,Delhi,3525,1,3525,2024,12,18,Wednesday,Watch
4257,2025-01-13,Clothing,Chennai,1662,7,11634,2025,1,13,Monday,Watch
4258,2026-02-12,Sports,Delhi,4204,3,12612,2026,2,12,Thursday,Bag
4259,2024-11-22,Groceries,Bangalore,2841,4,11364,2024,11,22,Friday,Shoes
4260,2025-12-26,Groceries,Hyderabad,3639,1,3639,2025,12,26,Friday,Shoes
4261,2025-10-17,Clothing,Chennai,2172,9,19548,2025,10,17,Friday,Bag
4262,2026-02-17,Furniture,Chennai,228,6,1368,2026,2,17,Tuesday,Laptop
4263,2026-02-19,Furniture,Hyderabad,882,8,7056,2026,2,19,Thursday,Tablet
4264,2024-09-23,Sports,Chennai,2389,5,11945,2024,9,23,Monday,Keyboard
4265,2024-10-01,Clothing,Bangalore,1783,1,1783,2024,10,1,Tuesday,Laptop
4266,2026-04-24,Furniture,Hyderabad,3228,7,22596,2026,4,24,Friday,Phone
4267,2025-10-02,Furniture,Chennai,476,10,4760,2025,10,2,Thursday,Camera
4268,2025-12-29,Sports,Mumbai,4171,1,4171,2025,12,29,Monday,Headphones
4269,2024-07-10,Electronics,Mumbai,3605,7,25235,2024,7,10,Wednesday,Headphones
4270,2026-06-20,Furniture,Chennai,1230,2,2460,2026,6,20,Saturday,Bag
4271,2025-08-15,Furniture,Chennai,2461,4,9844,2025,8,15,Friday,Bag
4272,2026-01-24,Electronics,Chennai,1746,1,1746,2026,1,24,Saturday,Bag
4273,2025-02-03,Electronics,Delhi,3793,8,30344,2025,2,3,Monday,TV
4274,2026-06-07,Sports,Hyderabad,4207,4,16828,2026,6,7,Sunday,Watch
4275,2024-10-23,Groceries,Delhi,4118,4,16472,2024,10,23,Wednesday,Camera
4276,2025-07-05,Furniture,Mumbai,2423,9,21807,2025,7,5,Saturday,TV
4277,2025-08-24,Furniture,Chennai,1956,1,1956,2025,8,24,Sunday,Shoes
4278,2025-04-03,Clothing,Mumbai,2726,6,16356,2025,4,3,Thursday,Bag
4279,2024-08-07,Electronics,Bangalore,1052,7,7364,2024,8,7,Wednesday,Keyboard
4280,2025-03-03,Electronics,Delhi,1764,1,1764,2025,3,3,Monday,Keyboard
4281,2025-09-18,Furniture,Bangalore,2921,9,26289,2025,9,18,Thursday,Phone
4282,2025-08-01,Furniture,Delhi,4999,6,29994,2025,8,1,Friday,Laptop
4283,2025-03-26,Sports,Mumbai,2285,10,22850,2025,3,26,Wednesday,Headphones
4284,2024-10-30,Electronics,Delhi,3798,10,37980,2024,10,30,Wednesday,Laptop
4285,2025-08-17,Electronics,Mumbai,1396,9,12564,2025,8,17,Sunday,Camera
4286,2026-03-22,Electronics,Delhi,3186,5,15930,2026,3,22,Sunday,Tablet
4287,2026-05-06,Furniture,Bangalore,1828,3,5484,2026,5,6,Wednesday,Laptop
4288,2026-01-24,Groceries,Chennai,3233,4,12932,2026,1,24,Saturday,Laptop
4289,2024-10-19,Furniture,Bangalore,3612,6,21672,2024,10,19,Saturday,Laptop
4290,2025-02-23,Furniture,Delhi,4318,3,12954,2025,2,23,Sunday,Laptop
4291,2025-09-05,Electronics,Hyderabad,2338,9,21042,2025,9,5,Friday,TV
4292,2025-07-05,Clothing,Delhi,4648,5,23240,2025,7,5,Saturday,Laptop
4293,2025-02-11,Electronics,Chennai,3007,3,9021,2025,2,11,Tuesday,Headphones
4294,2024-06-30,Sports,Chennai,2502,7,17514,2024,6,30,Sunday,Shoes
4295,2026-06-10,Clothing,Hyderabad,174,1,174,2026,6,10,Wednesday,Shoes
4296,2026-01-30,Clothing,Chennai,958,10,9580,2026,1,30,Friday,Watch
4297,2025-06-03,Sports,Delhi,1307,2,2614,2025,6,3,Tuesday,Keyboard
4298,2025-10-22,Sports,Delhi,4647,3,13941,2025,10,22,Wednesday,Phone
4299,2024-08-28,Electronics,Hyderabad,1704,3,5112,2024,8,28,Wednesday,Camera
4300,2024-07-29,Electronics,Mumbai,4769,4,19076,2024,7,29,Monday,Keyboard
4301,2024-07-23,Clothing,Mumbai,541,3,1623,2024,7,23,Tuesday,TV
4302,2025-10-30,Furniture,Hyderabad,2808,10,28080,2025,10,30,Thursday,Keyboard
4303,2025-03-22,Sports,Bangalore,4680,4,18720,2025,3,22,Saturday,Shoes
4304,2026-01-26,Sports,Hyderabad,2952,5,14760,2026,1,26,Monday,Camera
4305,2026-06-19,Sports,Delhi,1449,7,10143,2026,6,19,Friday,Headphones
4306,2026-06-19,Clothing,Delhi,3806,8,30448,2026,6,19,Friday,Tablet
4307,2024-11-15,Electronics,Chennai,324,1,324,2024,11,15,Friday,Headphones
4308,2024-12-24,Clothing,Mumbai,4362,2,8724,2024,12,24,Tuesday,Shoes
4309,2025-08-12,Furniture,Delhi,288,9,2592,2025,8,12,Tuesday,TV
4310,2024-07-17,Electronics,Mumbai,2786,2,5572,2024,7,17,Wednesday,Laptop
4311,2026-01-11,Electronics,Chennai,1527,4,6108,2026,1,11,Sunday,Shoes
4312,2025-03-13,Clothing,Bangalore,2824,9,25416,2025,3,13,Thursday,Tablet
4313,2025-03-18,Groceries,Mumbai,1341,3,4023,2025,3,18,Tuesday,Keyboard
4314,2026-01-20,Furniture,Hyderabad,3883,2,7766,2026,1,20,Tuesday,Keyboard
4315,2026-04-13,Groceries,Bangalore,1948,2,3896,2026,4,13,Monday,Bag
4316,2024-11-20,Clothing,Hyderabad,4306,10,43060,2024,11,20,Wednesday,Watch
4317,2024-10-22,Groceries,Bangalore,4987,9,44883,2024,10,22,Tuesday,TV
4318,2025-02-27,Electronics,Hyderabad,4348,2,8696,2025,2,27,Thursday,Phone
4319,2025-05-01,Clothing,Delhi,3377,7,23639,2025,5,1,Thursday,Shoes
4320,2025-05-08,Sports,Hyderabad,2597,9,23373,2025,5,8,Thursday,Bag
4321,2024-10-29,Clothing,Hyderabad,3061,6,18366,2024,10,29,Tuesday,Laptop
4322,2024-08-01,Sports,Delhi,2887,7,20209,2024,8,1,Thursday,Headphones
4323,2026-05-29,Clothing,Bangalore,3306,1,3306,2026,5,29,Friday,Shoes
4324,2024-12-05,Electronics,Hyderabad,2222,7,15554,2024,12,5,Thursday,Camera
4325,2024-10-26,Sports,Hyderabad,4184,1,4184,2024,10,26,Saturday,TV
4326,2025-11-01,Furniture,Hyderabad,2866,7,20062,2025,11,1,Saturday,Headphones
4327,2025-12-18,Clothing,Chennai,3905,7,27335,2025,12,18,Thursday,Camera
4328,2024-08-11,Furniture,Mumbai,2874,9,25866,2024,8,11,Sunday,TV
4329,2025-04-12,Clothing,Hyderabad,763,8,6104,2025,4,12,Saturday,Headphones
4330,2024-08-06,Groceries,Chennai,1006,1,1006,2024,8,6,Tuesday,Watch
4331,2025-07-16,Sports,Bangalore,1233,2,2466,2025,7,16,Wednesday,Camera
4332,2026-04-30,Clothing,Delhi,227,8,1816,2026,4,30,Thursday,Camera
4333,2026-01-05,Clothing,Chennai,4969,4,19876,2026,1,5,Monday,Phone
4334,2024-12-30,Sports,Delhi,3374,6,20244,2024,12,30,Monday,Phone
4335,2025-03-03,Furniture,Hyderabad,2900,6,17400,2025,3,3,Monday,Camera
4336,2026-02-07,Furniture,Chennai,4244,3,12732,2026,2,7,Saturday,Laptop
4337,2025-11-14,Clothing,Bangalore,3667,10,36670,2025,11,14,Friday,TV
4338,2026-02-07,Furniture,Chennai,1598,6,9588,2026,2,7,Saturday,Headphones
4339,2025-07-14,Furniture,Hyderabad,1940,9,17460,2025,7,14,Monday,Laptop
4340,2024-08-05,Clothing,Mumbai,4579,4,18316,2024,8,5,Monday,Keyboard
4341,2025-06-17,Groceries,Delhi,3993,8,31944,2025,6,17,Tuesday,Laptop
4342,2025-09-23,Electronics,Mumbai,112,7,784,2025,9,23,Tuesday,Watch
4343,2026-03-12,Groceries,Chennai,4524,2,9048,2026,3,12,Thursday,Camera
4344,2026-03-12,Furniture,Bangalore,947,9,8523,2026,3,12,Thursday,Phone
4345,2025-06-22,Sports,Chennai,3911,8,31288,2025,6,22,Sunday,Shoes
4346,2025-12-10,Clothing,Chennai,2075,2,4150,2025,12,10,Wednesday,Bag
4347,2024-09-02,Clothing,Mumbai,781,2,1562,2024,9,2,Monday,Bag
4348,2024-12-22,Electronics,Chennai,2179,10,21790,2024,12,22,Sunday,Phone
4349,2025-06-27,Groceries,Chennai,3230,10,32300,2025,6,27,Friday,Tablet
4350,2025-03-22,Furniture,Hyderabad,4271,6,25626,2025,3,22,Saturday,TV
4351,2024-12-12,Groceries,Hyderabad,2727,5,13635,2024,12,12,Thursday,Bag
4352,2025-01-20,Electronics,Chennai,4369,2,8738,2025,1,20,Monday,Camera
4353,2025-03-19,Groceries,Chennai,1314,9,11826,2025,3,19,Wednesday,Bag
4354,2026-06-16,Clothing,Bangalore,4909,4,19636,2026,6,16,Tuesday,Watch
4355,2025-10-02,Clothing,Chennai,4725,10,47250,2025,10,2,Thursday,Shoes
4356,2025-06-09,Furniture,Bangalore,1824,7,12768,2025,6,9,Monday,Shoes
4357,2025-05-01,Furniture,Mumbai,3064,6,18384,2025,5,1,Thursday,TV
4358,2024-08-30,Clothing,Delhi,231,5,1155,2024,8,30,Friday,Phone
4359,2024-10-02,Electronics,Delhi,979,6,5874,2024,10,2,Wednesday,Laptop
4360,2026-04-12,Groceries,Hyderabad,1502,9,13518,2026,4,12,Sunday,Watch
4361,2026-02-21,Furniture,Delhi,2551,8,20408,2026,2,21,Saturday,Keyboard
4362,2025-11-05,Sports,Mumbai,3036,7,21252,2025,11,5,Wednesday,Bag
4363,2025-04-29,Groceries,Delhi,4264,3,12792,2025,4,29,Tuesday,Keyboard
4364,2026-06-20,Furniture,Bangalore,2694,9,24246,2026,6,20,Saturday,Watch
4365,2026-06-07,Clothing,Hyderabad,4404,5,22020,2026,6,7,Sunday,Shoes
4366,2024-07-24,Sports,Bangalore,4730,3,14190,2024,7,24,Wednesday,Bag
4367,2024-07-05,Clothing,Hyderabad,2268,5,11340,2024,7,5,Friday,Laptop
4368,2025-02-21,Groceries,Hyderabad,4806,5,24030,2025,2,21,Friday,Shoes
4369,2025-02-08,Groceries,Mumbai,628,4,2512,2025,2,8,Saturday,Camera
4370,2025-08-20,Groceries,Hyderabad,4455,6,26730,2025,8,20,Wednesday,Camera
4371,2024-11-03,Furniture,Bangalore,4571,3,13713,2024,11,3,Sunday,Phone
4372,2025-02-21,Groceries,Delhi,3128,8,25024,2025,2,21,Friday,Laptop
4373,2025-10-01,Clothing,Bangalore,2512,4,10048,2025,10,1,Wednesday,Camera
4374,2024-10-04,Groceries,Mumbai,4459,5,22295,2024,10,4,Friday,TV
4375,2024-07-04,Electronics,Delhi,2577,5,12885,2024,7,4,Thursday,Watch
4376,2025-10-02,Groceries,Delhi,2835,1,2835,2025,10,2,Thursday,Shoes
4377,2025-08-04,Sports,Mumbai,4224,2,8448,2025,8,4,Monday,Laptop
4378,2024-12-04,Sports,Mumbai,1630,5,8150,2024,12,4,Wednesday,Bag
4379,2025-08-15,Furniture,Chennai,1939,2,3878,2025,8,15,Friday,Keyboard
4380,2024-08-21,Sports,Mumbai,2400,2,4800,2024,8,21,Wednesday,Bag
4381,2025-04-30,Sports,Bangalore,1918,6,11508,2025,4,30,Wednesday,Camera
4382,2025-05-11,Sports,Delhi,1170,1,1170,2025,5,11,Sunday,Camera
4383,2025-04-29,Clothing,Bangalore,3716,10,37160,2025,4,29,Tuesday,Bag
4384,2024-10-27,Sports,Mumbai,2259,4,9036,2024,10,27,Sunday,Shoes
4385,2026-06-13,Furniture,Hyderabad,1701,7,11907,2026,6,13,Saturday,Headphones
4386,2026-02-21,Clothing,Chennai,391,10,3910,2026,2,21,Saturday,TV
4387,2026-01-29,Electronics,Chennai,2511,3,7533,2026,1,29,Thursday,Camera
4388,2026-02-22,Clothing,Bangalore,4343,9,39087,2026,2,22,Sunday,Bag
4389,2026-02-16,Furniture,Hyderabad,2708,2,5416,2026,2,16,Monday,Headphones
4390,2025-03-12,Sports,Chennai,227,1,227,2025,3,12,Wednesday,Headphones
4391,2025-12-13,Furniture,Bangalore,2585,3,7755,2025,12,13,Saturday,Headphones
4392,2025-08-12,Groceries,Hyderabad,3713,1,3713,2025,8,12,Tuesday,Keyboard
4393,2026-06-23,Electronics,Chennai,4413,9,39717,2026,6,23,Tuesday,Camera
4394,2026-05-07,Clothing,Chennai,4700,9,42300,2026,5,7,Thursday,Headphones
4395,2025-10-12,Sports,Mumbai,3418,4,13672,2025,10,12,Sunday,Phone
4396,2026-06-12,Groceries,Bangalore,4411,1,4411,2026,6,12,Friday,TV
4397,2026-05-10,Furniture,Chennai,3708,3,11124,2026,5,10,Sunday,Camera
4398,2026-01-21,Groceries,Mumbai,230,6,1380,2026,1,21,Wednesday,Bag
4399,2024-10-23,Groceries,Chennai,3058,5,15290,2024,10,23,Wednesday,Keyboard
4400,2026-06-25,Clothing,Bangalore,2421,4,9684,2026,6,25,Thursday,Shoes
4401,2024-08-25,Furniture,Mumbai,2419,2,4838,2024,8,25,Sunday,Bag
4402,2024-12-12,Clothing,Mumbai,3836,6,23016,2024,12,12,Thursday,TV
4403,2025-04-19,Clothing,Chennai,3597,1,3597,2025,4,19,Saturday,Keyboard
4404,2026-01-13,Electronics,Bangalore,1088,7,7616,2026,1,13,Tuesday,Shoes
4405,2025-09-04,Furniture,Delhi,4021,7,28147,2025,9,4,Thursday,Keyboard
4406,2026-02-01,Furniture,Mumbai,2131,9,19179,2026,2,1,Sunday,Headphones
4407,2025-01-21,Clothing,Hyderabad,3214,8,25712,2025,1,21,Tuesday,Tablet
4408,2025-10-09,Furniture,Chennai,3709,2,7418,2025,10,9,Thursday,Camera
4409,2024-11-04,Electronics,Chennai,4204,2,8408,2024,11,4,Monday,Bag
4410,2024-12-19,Sports,Bangalore,2546,4,10184,2024,12,19,Thursday,TV
4411,2024-09-30,Sports,Chennai,1814,4,7256,2024,9,30,Monday,Keyboard
4412,2025-04-15,Sports,Delhi,4463,4,17852,2025,4,15,Tuesday,Tablet
4413,2025-06-02,Sports,Chennai,3504,3,10512,2025,6,2,Monday,Watch
4414,2024-10-20,Electronics,Delhi,2144,1,2144,2024,10,20,Sunday,Watch
4415,2025-12-16,Electronics,Chennai,4320,3,12960,2025,12,16,Tuesday,Camera
4416,2025-09-01,Sports,Chennai,4421,8,35368,2025,9,1,Monday,Phone
4417,2025-11-30,Furniture,Bangalore,4522,3,13566,2025,11,30,Sunday,Keyboard
4418,2025-09-19,Electronics,Delhi,3893,8,31144,2025,9,19,Friday,Phone
4419,2025-11-28,Furniture,Chennai,4701,8,37608,2025,11,28,Friday,Laptop
4420,2026-06-14,Sports,Hyderabad,3095,10,30950,2026,6,14,Sunday,Keyboard
4421,2024-07-30,Furniture,Mumbai,3988,8,31904,2024,7,30,Tuesday,Keyboard
4422,2025-12-25,Furniture,Chennai,2762,1,2762,2025,12,25,Thursday,Tablet
4423,2024-09-26,Clothing,Delhi,694,8,5552,2024,9,26,Thursday,Phone
4424,2024-10-13,Furniture,Bangalore,3705,10,37050,2024,10,13,Sunday,Headphones
4425,2026-02-23,Groceries,Hyderabad,707,10,7070,2026,2,23,Monday,TV
4426,2024-10-04,Furniture,Delhi,4392,6,26352,2024,10,4,Friday,Headphones
4427,2025-06-01,Sports,Mumbai,4777,9,42993,2025,6,1,Sunday,Headphones
4428,2026-03-26,Furniture,Bangalore,3106,5,15530,2026,3,26,Thursday,Bag
4429,2024-08-31,Electronics,Bangalore,2541,5,12705,2024,8,31,Saturday,Watch
4430,2026-02-24,Sports,Delhi,3831,4,15324,2026,2,24,Tuesday,Phone
4431,2024-06-28,Furniture,Delhi,3367,8,26936,2024,6,28,Friday,Laptop
4432,2025-04-06,Electronics,Hyderabad,2758,9,24822,2025,4,6,Sunday,Camera
4433,2026-02-02,Groceries,Delhi,1551,7,10857,2026,2,2,Monday,Keyboard
4434,2025-06-04,Groceries,Hyderabad,2223,2,4446,2025,6,4,Wednesday,Watch
4435,2025-03-27,Groceries,Mumbai,2526,6,15156,2025,3,27,Thursday,Bag
4436,2025-08-09,Furniture,Delhi,1197,10,11970,2025,8,9,Saturday,Tablet
4437,2025-09-02,Furniture,Bangalore,4987,10,49870,2025,9,2,Tuesday,Headphones
4438,2026-05-04,Furniture,Chennai,3832,3,11496,2026,5,4,Monday,Watch
4439,2026-03-11,Furniture,Chennai,3893,6,23358,2026,3,11,Wednesday,Keyboard
4440,2025-08-23,Furniture,Mumbai,3016,3,9048,2025,8,23,Saturday,Watch
4441,2026-04-07,Furniture,Delhi,1035,2,2070,2026,4,7,Tuesday,Phone
4442,2024-09-04,Groceries,Bangalore,2404,1,2404,2024,9,4,Wednesday,Bag
4443,2025-02-23,Furniture,Chennai,1760,8,14080,2025,2,23,Sunday,Headphones
4444,2025-12-27,Groceries,Mumbai,2660,3,7980,2025,12,27,Saturday,TV
4445,2025-06-27,Sports,Hyderabad,3940,10,39400,2025,6,27,Friday,Bag
4446,2025-01-22,Clothing,Chennai,633,8,5064,2025,1,22,Wednesday,Shoes
4447,2025-10-18,Groceries,Bangalore,541,10,5410,2025,10,18,Saturday,Phone
4448,2026-04-03,Groceries,Delhi,3323,6,19938,2026,4,3,Friday,Watch
4449,2025-10-07,Clothing,Hyderabad,2330,3,6990,2025,10,7,Tuesday,Keyboard
4450,2025-03-02,Sports,Bangalore,4506,2,9012,2025,3,2,Sunday,Watch
4451,2026-01-29,Furniture,Bangalore,2281,3,6843,2026,1,29,Thursday,Phone
4452,2025-02-17,Sports,Mumbai,4900,7,34300,2025,2,17,Monday,Phone
4453,2026-01-27,Clothing,Delhi,634,1,634,2026,1,27,Tuesday,Phone
4454,2026-04-08,Electronics,Chennai,2479,5,12395,2026,4,8,Wednesday,Watch
4455,2024-12-17,Clothing,Delhi,2173,5,10865,2024,12,17,Tuesday,Keyboard
4456,2024-12-22,Groceries,Chennai,613,2,1226,2024,12,22,Sunday,Tablet
4457,2025-11-28,Groceries,Mumbai,3796,6,22776,2025,11,28,Friday,Watch
4458,2025-06-06,Sports,Bangalore,4995,6,29970,2025,6,6,Friday,Laptop
4459,2026-03-12,Sports,Hyderabad,884,8,7072,2026,3,12,Thursday,Headphones
4460,2025-12-22,Sports,Delhi,4869,8,38952,2025,12,22,Monday,Bag
4461,2026-06-01,Groceries,Chennai,4539,9,40851,2026,6,1,Monday,Phone
4462,2025-11-05,Sports,Bangalore,1212,2,2424,2025,11,5,Wednesday,Watch
4463,2024-07-06,Sports,Bangalore,4677,8,37416,2024,7,6,Saturday,Camera
4464,2024-09-23,Sports,Bangalore,2086,7,14602,2024,9,23,Monday,TV
4465,2025-05-16,Furniture,Chennai,2313,10,23130,2025,5,16,Friday,Camera
4466,2024-10-07,Groceries,Bangalore,2434,9,21906,2024,10,7,Monday,Keyboard
4467,2025-08-12,Clothing,Mumbai,2087,2,4174,2025,8,12,Tuesday,Watch
4468,2026-06-09,Groceries,Delhi,833,8,6664,2026,6,9,Tuesday,Keyboard
4469,2024-12-16,Electronics,Bangalore,2571,1,2571,2024,12,16,Monday,Bag
4470,2025-12-30,Furniture,Delhi,4512,10,45120,2025,12,30,Tuesday,Phone
4471,2025-01-23,Sports,Delhi,4266,10,42660,2025,1,23,Thursday,Tablet
4472,2025-06-13,Electronics,Delhi,1344,1,1344,2025,6,13,Friday,Headphones
4473,2026-04-18,Clothing,Delhi,3268,3,9804,2026,4,18,Saturday,Bag
4474,2024-10-25,Electronics,Mumbai,1477,4,5908,2024,10,25,Friday,Phone
4475,2025-01-17,Furniture,Bangalore,2734,3,8202,2025,1,17,Friday,Keyboard
4476,2024-11-12,Sports,Chennai,2222,4,8888,2024,11,12,Tuesday,Shoes
4477,2025-05-01,Clothing,Hyderabad,2990,7,20930,2025,5,1,Thursday,Headphones
4478,2026-03-17,Furniture,Mumbai,2799,2,5598,2026,3,17,Tuesday,Phone
4479,2025-12-24,Groceries,Hyderabad,4403,6,26418,2025,12,24,Wednesday,Phone
4480,2026-05-12,Sports,Hyderabad,1621,3,4863,2026,5,12,Tuesday,Camera
4481,2025-11-29,Furniture,Delhi,254,4,1016,2025,11,29,Saturday,Watch
4482,2025-04-01,Groceries,Bangalore,3552,9,31968,2025,4,1,Tuesday,Headphones
4483,2025-12-29,Electronics,Delhi,156,10,1560,2025,12,29,Monday,Watch
4484,2025-12-06,Groceries,Hyderabad,3453,7,24171,2025,12,6,Saturday,Laptop
4485,2024-12-22,Groceries,Hyderabad,440,9,3960,2024,12,22,Sunday,Tablet
4486,2026-05-11,Electronics,Mumbai,767,6,4602,2026,5,11,Monday,Headphones
4487,2025-12-12,Electronics,Hyderabad,1912,2,3824,2025,12,12,Friday,Tablet
4488,2024-07-10,Electronics,Chennai,4000,8,32000,2024,7,10,Wednesday,Headphones
4489,2026-02-20,Sports,Delhi,4671,2,9342,2026,2,20,Friday,Camera
4490,2025-09-24,Clothing,Hyderabad,798,9,7182,2025,9,24,Wednesday,Headphones
4491,2026-02-01,Electronics,Chennai,1276,2,2552,2026,2,1,Sunday,Laptop
4492,2025-03-07,Sports,Delhi,484,2,968,2025,3,7,Friday,Watch
4493,2026-06-19,Sports,Delhi,1260,3,3780,2026,6,19,Friday,Laptop
4494,2026-02-23,Clothing,Delhi,2690,5,13450,2026,2,23,Monday,Watch
4495,2025-09-26,Clothing,Delhi,3905,3,11715,2025,9,26,Friday,Phone
4496,2025-05-02,Groceries,Delhi,2298,7,16086,2025,5,2,Friday,Phone
4497,2025-01-27,Clothing,Delhi,3825,4,15300,2025,1,27,Monday,Tablet
4498,2026-03-24,Groceries,Bangalore,2941,8,23528,2026,3,24,Tuesday,Keyboard
4499,2025-04-29,Clothing,Mumbai,3066,1,3066,2025,4,29,Tuesday,Camera
4500,2025-09-22,Sports,Chennai,836,5,4180,2025,9,22,Monday,Shoes
4501,2026-01-14,Furniture,Bangalore,4268,9,38412,2026,1,14,Wednesday,Laptop
4502,2025-08-15,Electronics,Delhi,3060,3,9180,2025,8,15,Friday,Camera
4503,2026-04-04,Groceries,Bangalore,4684,3,14052,2026,4,4,Saturday,Camera
4504,2025-05-26,Sports,Hyderabad,733,1,733,2025,5,26,Monday,Camera
4505,2026-06-15,Groceries,Delhi,3617,1,3617,2026,6,15,Monday,Shoes
4506,2025-04-09,Groceries,Delhi,2756,8,22048,2025,4,9,Wednesday,Keyboard
4507,2025-10-28,Sports,Mumbai,4472,8,35776,2025,10,28,Tuesday,Watch
4508,2025-03-30,Groceries,Bangalore,422,9,3798,2025,3,30,Sunday,Shoes
4509,2026-01-15,Furniture,Delhi,3850,9,34650,2026,1,15,Thursday,Keyboard
4510,2026-03-17,Sports,Delhi,2722,8,21776,2026,3,17,Tuesday,Keyboard
4511,2024-11-17,Sports,Bangalore,1092,2,2184,2024,11,17,Sunday,Watch
4512,2026-06-13,Furniture,Bangalore,4812,6,28872,2026,6,13,Saturday,Camera
4513,2025-03-17,Furniture,Mumbai,4918,4,19672,2025,3,17,Monday,Laptop
4514,2024-07-04,Clothing,Bangalore,3347,3,10041,2024,7,4,Thursday,Keyboard
4515,2024-07-07,Furniture,Delhi,1167,9,10503,2024,7,7,Sunday,Tablet
4516,2025-09-25,Groceries,Mumbai,4653,8,37224,2025,9,25,Thursday,Watch
4517,2025-06-16,Clothing,Hyderabad,3267,4,13068,2025,6,16,Monday,Laptop
4518,2025-02-18,Groceries,Bangalore,1165,10,11650,2025,2,18,Tuesday,Tablet
4519,2026-01-15,Clothing,Delhi,4979,10,49790,2026,1,15,Thursday,Tablet
4520,2024-10-23,Electronics,Hyderabad,1937,2,3874,2024,10,23,Wednesday,TV
4521,2025-02-02,Electronics,Hyderabad,1384,10,13840,2025,2,2,Sunday,Laptop
4522,2024-11-25,Clothing,Chennai,2411,4,9644,2024,11,25,Monday,TV
4523,2026-06-09,Groceries,Mumbai,1886,6,11316,2026,6,9,Tuesday,Watch
4524,2025-12-30,Furniture,Delhi,2169,2,4338,2025,12,30,Tuesday,Camera
4525,2025-04-16,Furniture,Delhi,804,4,3216,2025,4,16,Wednesday,TV
4526,2026-05-13,Electronics,Hyderabad,2790,9,25110,2026,5,13,Wednesday,Headphones
4527,2024-07-07,Clothing,Chennai,799,2,1598,2024,7,7,Sunday,Watch
4528,2026-01-11,Electronics,Delhi,3061,6,18366,2026,1,11,Sunday,Bag
4529,2025-02-09,Groceries,Mumbai,1673,1,1673,2025,2,9,Sunday,Phone
4530,2024-08-18,Clothing,Mumbai,3308,5,16540,2024,8,18,Sunday,Bag
4531,2024-07-06,Groceries,Mumbai,849,10,8490,2024,7,6,Saturday,Headphones
4532,2025-02-21,Groceries,Chennai,1550,3,4650,2025,2,21,Friday,Phone
4533,2025-11-22,Furniture,Chennai,4155,2,8310,2025,11,22,Saturday,Watch
4534,2024-08-25,Groceries,Bangalore,1607,4,6428,2024,8,25,Sunday,Watch
4535,2025-04-17,Electronics,Hyderabad,976,5,4880,2025,4,17,Thursday,Laptop
4536,2025-10-22,Sports,Bangalore,2746,4,10984,2025,10,22,Wednesday,Watch
4537,2025-10-27,Furniture,Hyderabad,2787,10,27870,2025,10,27,Monday,Camera
4538,2025-07-31,Clothing,Chennai,4963,4,19852,2025,7,31,Thursday,Keyboard
4539,2025-08-17,Electronics,Delhi,2322,8,18576,2025,8,17,Sunday,Laptop
4540,2025-09-02,Furniture,Chennai,4850,2,9700,2025,9,2,Tuesday,Phone
4541,2026-05-21,Electronics,Chennai,3688,5,18440,2026,5,21,Thursday,Keyboard
4542,2024-08-26,Groceries,Bangalore,4633,6,27798,2024,8,26,Monday,TV
4543,2025-02-15,Clothing,Delhi,2093,6,12558,2025,2,15,Saturday,Bag
4544,2025-03-25,Furniture,Delhi,4187,8,33496,2025,3,25,Tuesday,Shoes
4545,2025-11-24,Sports,Chennai,1376,2,2752,2025,11,24,Monday,Keyboard
4546,2026-02-18,Sports,Chennai,2248,8,17984,2026,2,18,Wednesday,Camera
4547,2025-02-06,Sports,Mumbai,4621,5,23105,2025,2,6,Thursday,Bag
4548,2024-10-26,Electronics,Hyderabad,3297,4,13188,2024,10,26,Saturday,Shoes
4549,2026-01-29,Sports,Hyderabad,1888,3,5664,2026,1,29,Thursday,Headphones
4550,2025-03-07,Electronics,Chennai,563,4,2252,2025,3,7,Friday,Bag
4551,2026-06-10,Clothing,Bangalore,3822,6,22932,2026,6,10,Wednesday,Phone
4552,2024-08-28,Sports,Mumbai,3864,6,23184,2024,8,28,Wednesday,Camera
4553,2025-02-09,Electronics,Hyderabad,4896,9,44064,2025,2,9,Sunday,Phone
4554,2026-02-05,Groceries,Bangalore,3152,3,9456,2026,2,5,Thursday,Bag
4555,2024-07-17,Furniture,Chennai,4907,8,39256,2024,7,17,Wednesday,TV
4556,2026-03-07,Clothing,Chennai,4840,8,38720,2026,3,7,Saturday,Camera
4557,2024-12-25,Sports,Bangalore,3910,10,39100,2024,12,25,Wednesday,Laptop
4558,2025-06-12,Sports,Hyderabad,2107,3,6321,2025,6,12,Thursday,Keyboard
4559,2026-01-30,Furniture,Bangalore,4381,2,8762,2026,1,30,Friday,Laptop
4560,2026-02-21,Groceries,Bangalore,2096,10,20960,2026,2,21,Saturday,Phone
4561,2025-07-11,Sports,Bangalore,4857,9,43713,2025,7,11,Friday,Camera
4562,2026-01-19,Groceries,Chennai,3110,1,3110,2026,1,19,Monday,Shoes
4563,2025-12-13,Groceries,Hyderabad,3029,6,18174,2025,12,13,Saturday,Headphones
4564,2024-08-12,Sports,Chennai,241,9,2169,2024,8,12,Monday,TV
4565,2026-02-24,Groceries,Bangalore,4676,9,42084,2026,2,24,Tuesday,Laptop
4566,2025-12-22,Furniture,Delhi,775,5,3875,2025,12,22,Monday,Watch
4567,2026-03-27,Furniture,Hyderabad,4437,6,26622,2026,3,27,Friday,Phone
4568,2026-06-03,Clothing,Bangalore,2559,10,25590,2026,6,3,Wednesday,Laptop
4569,2025-03-25,Furniture,Delhi,2037,1,2037,2025,3,25,Tuesday,Camera
4570,2025-02-17,Electronics,Delhi,455,1,455,2025,2,17,Monday,Keyboard
4571,2025-09-09,Clothing,Bangalore,4418,5,22090,2025,9,9,Tuesday,Bag
4572,2026-06-19,Sports,Hyderabad,2780,9,25020,2026,6,19,Friday,Laptop
4573,2025-09-08,Groceries,Bangalore,2586,3,7758,2025,9,8,Monday,TV
4574,2026-06-14,Sports,Bangalore,3087,7,21609,2026,6,14,Sunday,Laptop
4575,2025-09-16,Furniture,Chennai,1228,3,3684,2025,9,16,Tuesday,Tablet
4576,2026-05-22,Electronics,Hyderabad,4840,4,19360,2026,5,22,Friday,Tablet
4577,2026-06-25,Clothing,Chennai,326,10,3260,2026,6,25,Thursday,Laptop
4578,2026-01-08,Sports,Delhi,4801,9,43209,2026,1,8,Thursday,Shoes
4579,2025-01-13,Clothing,Chennai,2591,1,2591,2025,1,13,Monday,Laptop
4580,2025-06-15,Sports,Delhi,3928,7,27496,2025,6,15,Sunday,Phone
4581,2025-03-04,Clothing,Chennai,4149,6,24894,2025,3,4,Tuesday,Tablet
4582,2026-03-04,Clothing,Delhi,3778,10,37780,2026,3,4,Wednesday,Laptop
4583,2025-12-18,Groceries,Mumbai,941,3,2823,2025,12,18,Thursday,Bag
4584,2025-04-04,Furniture,Hyderabad,153,3,459,2025,4,4,Friday,Bag
4585,2024-10-02,Electronics,Mumbai,1609,1,1609,2024,10,2,Wednesday,Tablet
4586,2026-05-24,Clothing,Chennai,2832,6,16992,2026,5,24,Sunday,Watch
4587,2025-08-02,Sports,Hyderabad,1991,9,17919,2025,8,2,Saturday,TV
4588,2025-05-26,Furniture,Mumbai,3744,9,33696,2025,5,26,Monday,Phone
4589,2025-04-15,Electronics,Mumbai,1664,4,6656,2025,4,15,Tuesday,Shoes
4590,2024-08-26,Groceries,Bangalore,1798,2,3596,2024,8,26,Monday,Tablet
4591,2026-01-21,Electronics,Delhi,1046,2,2092,2026,1,21,Wednesday,Shoes
4592,2025-03-24,Sports,Chennai,246,2,492,2025,3,24,Monday,Camera
4593,2024-10-15,Clothing,Hyderabad,437,6,2622,2024,10,15,Tuesday,Camera
4594,2025-03-27,Furniture,Chennai,2866,5,14330,2025,3,27,Thursday,Tablet
4595,2024-08-25,Furniture,Delhi,1641,7,11487,2024,8,25,Sunday,Headphones
4596,2024-12-10,Groceries,Mumbai,4882,10,48820,2024,12,10,Tuesday,Headphones
4597,2026-05-01,Clothing,Chennai,1716,9,15444,2026,5,1,Friday,Tablet
4598,2025-11-07,Furniture,Delhi,3644,6,21864,2025,11,7,Friday,Shoes
4599,2025-12-11,Furniture,Bangalore,3549,2,7098,2025,12,11,Thursday,Phone
4600,2024-12-26,Groceries,Hyderabad,4855,9,43695,2024,12,26,Thursday,Laptop
4601,2025-11-07,Groceries,Hyderabad,3342,10,33420,2025,11,7,Friday,Phone
4602,2025-02-17,Electronics,Delhi,321,9,2889,2025,2,17,Monday,Bag
4603,2024-12-04,Clothing,Delhi,316,7,2212,2024,12,4,Wednesday,Bag
4604,2024-12-19,Furniture,Bangalore,3205,9,28845,2024,12,19,Thursday,Bag
4605,2025-07-23,Electronics,Bangalore,1515,3,4545,2025,7,23,Wednesday,Watch
4606,2026-02-06,Clothing,Bangalore,4136,9,37224,2026,2,6,Friday,Shoes
4607,2025-04-27,Sports,Mumbai,309,9,2781,2025,4,27,Sunday,Shoes
4608,2026-01-26,Furniture,Chennai,2804,5,14020,2026,1,26,Monday,Tablet
4609,2025-05-26,Electronics,Bangalore,1060,7,7420,2025,5,26,Monday,Camera
4610,2025-12-13,Furniture,Mumbai,3629,7,25403,2025,12,13,Saturday,Headphones
4611,2024-08-27,Electronics,Delhi,2440,1,2440,2024,8,27,Tuesday,Phone
4612,2024-07-03,Furniture,Delhi,1665,7,11655,2024,7,3,Wednesday,Shoes
4613,2025-01-31,Groceries,Bangalore,1638,1,1638,2025,1,31,Friday,Shoes
4614,2026-05-08,Furniture,Mumbai,1846,6,11076,2026,5,8,Friday,Keyboard
4615,2024-07-05,Sports,Delhi,4711,4,18844,2024,7,5,Friday,Bag
4616,2024-10-20,Groceries,Mumbai,2358,1,2358,2024,10,20,Sunday,Watch
4617,2025-09-06,Clothing,Mumbai,1724,2,3448,2025,9,6,Saturday,Keyboard
4618,2025-11-08,Clothing,Hyderabad,511,7,3577,2025,11,8,Saturday,Phone
4619,2025-03-15,Sports,Mumbai,1526,10,15260,2025,3,15,Saturday,Watch
4620,2024-08-22,Furniture,Delhi,3706,5,18530,2024,8,22,Thursday,TV
4621,2026-05-16,Groceries,Bangalore,150,10,1500,2026,5,16,Saturday,Bag
4622,2025-02-25,Furniture,Bangalore,3812,5,19060,2025,2,25,Tuesday,Camera
4623,2024-12-24,Furniture,Bangalore,383,8,3064,2024,12,24,Tuesday,Laptop
4624,2024-12-08,Electronics,Mumbai,4280,8,34240,2024,12,8,Sunday,TV
4625,2025-06-19,Sports,Mumbai,3927,7,27489,2025,6,19,Thursday,Keyboard
4626,2026-05-30,Furniture,Chennai,3924,1,3924,2026,5,30,Saturday,Camera
4627,2025-10-28,Furniture,Mumbai,4027,10,40270,2025,10,28,Tuesday,Headphones
4628,2024-10-26,Clothing,Bangalore,1989,1,1989,2024,10,26,Saturday,Watch
4629,2025-11-03,Electronics,Mumbai,1508,9,13572,2025,11,3,Monday,Shoes
4630,2025-02-14,Furniture,Mumbai,1379,8,11032,2025,2,14,Friday,Keyboard
4631,2025-06-05,Furniture,Hyderabad,3504,8,28032,2025,6,5,Thursday,Tablet
4632,2025-07-18,Clothing,Hyderabad,738,5,3690,2025,7,18,Friday,Laptop
4633,2025-09-18,Furniture,Hyderabad,3578,8,28624,2025,9,18,Thursday,Watch
4634,2024-11-30,Electronics,Bangalore,4595,4,18380,2024,11,30,Saturday,Keyboard
4635,2025-10-09,Groceries,Bangalore,3007,2,6014,2025,10,9,Thursday,Laptop
4636,2025-08-20,Groceries,Mumbai,3296,5,16480,2025,8,20,Wednesday,Watch
4637,2025-02-10,Sports,Hyderabad,4149,6,24894,2025,2,10,Monday,Phone
4638,2025-02-14,Electronics,Mumbai,3592,1,3592,2025,2,14,Friday,Phone
4639,2026-03-03,Sports,Chennai,683,6,4098,2026,3,3,Tuesday,Headphones
4640,2026-02-14,Groceries,Bangalore,1182,10,11820,2026,2,14,Saturday,Watch
4641,2024-10-19,Clothing,Bangalore,3434,9,30906,2024,10,19,Saturday,Tablet
4642,2026-05-21,Electronics,Bangalore,380,6,2280,2026,5,21,Thursday,Camera
4643,2024-08-17,Electronics,Mumbai,1295,5,6475,2024,8,17,Saturday,Shoes
4644,2025-02-04,Groceries,Mumbai,4559,6,27354,2025,2,4,Tuesday,Shoes
4645,2024-07-26,Groceries,Delhi,3940,10,39400,2024,7,26,Friday,Keyboard
4646,2024-07-11,Sports,Delhi,1407,8,11256,2024,7,11,Thursday,Phone
4647,2025-11-29,Sports,Bangalore,729,4,2916,2025,11,29,Saturday,Bag
4648,2025-10-23,Furniture,Mumbai,3525,4,14100,2025,10,23,Thursday,Phone
4649,2024-12-26,Clothing,Hyderabad,1645,6,9870,2024,12,26,Thursday,Headphones
4650,2025-11-09,Groceries,Bangalore,218,1,218,2025,11,9,Sunday,Keyboard
4651,2024-12-25,Sports,Chennai,3052,2,6104,2024,12,25,Wednesday,Bag
4652,2026-04-04,Sports,Mumbai,4078,8,32624,2026,4,4,Saturday,Tablet
4653,2024-07-22,Sports,Hyderabad,1760,5,8800,2024,7,22,Monday,Tablet
4654,2024-08-25,Electronics,Hyderabad,2940,4,11760,2024,8,25,Sunday,Watch
4655,2026-06-07,Clothing,Hyderabad,1927,9,17343,2026,6,7,Sunday,Watch
4656,2025-02-25,Furniture,Delhi,2344,6,14064,2025,2,25,Tuesday,Laptop
4657,2025-02-07,Sports,Mumbai,2762,1,2762,2025,2,7,Friday,Watch
4658,2025-04-08,Groceries,Delhi,1344,5,6720,2025,4,8,Tuesday,Watch
4659,2024-12-12,Electronics,Mumbai,3829,4,15316,2024,12,12,Thursday,Tablet
4660,2026-03-31,Clothing,Hyderabad,3475,9,31275,2026,3,31,Tuesday,TV
4661,2025-08-23,Clothing,Hyderabad,3742,1,3742,2025,8,23,Saturday,Camera
4662,2024-08-22,Groceries,Bangalore,1863,9,16767,2024,8,22,Thursday,Laptop
4663,2026-03-12,Clothing,Hyderabad,4631,5,23155,2026,3,12,Thursday,Bag
4664,2025-02-14,Furniture,Bangalore,1257,8,10056,2025,2,14,Friday,Phone
4665,2026-06-16,Furniture,Mumbai,2829,5,14145,2026,6,16,Tuesday,Bag
4666,2025-08-16,Furniture,Mumbai,778,7,5446,2025,8,16,Saturday,Bag
4667,2024-08-10,Clothing,Chennai,2749,8,21992,2024,8,10,Saturday,TV
4668,2026-05-01,Groceries,Mumbai,1504,7,10528,2026,5,1,Friday,Laptop
4669,2025-08-04,Sports,Delhi,4903,7,34321,2025,8,4,Monday,TV
4670,2025-09-07,Sports,Chennai,4912,10,49120,2025,9,7,Sunday,Shoes
4671,2026-03-02,Furniture,Bangalore,2948,3,8844,2026,3,2,Monday,Shoes
4672,2025-04-10,Electronics,Mumbai,593,10,5930,2025,4,10,Thursday,Tablet
4673,2024-07-18,Furniture,Mumbai,2907,10,29070,2024,7,18,Thursday,Tablet
4674,2025-03-21,Electronics,Chennai,2943,3,8829,2025,3,21,Friday,Camera
4675,2026-03-09,Clothing,Delhi,2611,3,7833,2026,3,9,Monday,Tablet
4676,2024-12-23,Electronics,Hyderabad,3292,10,32920,2024,12,23,Monday,TV
4677,2024-11-22,Groceries,Mumbai,2760,6,16560,2024,11,22,Friday,Phone
4678,2024-07-15,Furniture,Chennai,4276,1,4276,2024,7,15,Monday,Bag
4679,2026-01-25,Groceries,Hyderabad,1537,8,12296,2026,1,25,Sunday,Phone
4680,2026-03-17,Furniture,Bangalore,1452,4,5808,2026,3,17,Tuesday,Keyboard
4681,2025-03-17,Sports,Chennai,274,9,2466,2025,3,17,Monday,Keyboard
4682,2026-01-06,Furniture,Mumbai,799,10,7990,2026,1,6,Tuesday,Tablet
4683,2025-09-27,Electronics,Bangalore,3232,2,6464,2025,9,27,Saturday,TV
4684,2025-01-09,Furniture,Chennai,2670,4,10680,2025,1,9,Thursday,Phone
4685,2024-09-02,Groceries,Chennai,4502,6,27012,2024,9,2,Monday,Phone
4686,2025-07-31,Furniture,Chennai,1496,4,5984,2025,7,31,Thursday,Watch
4687,2025-02-28,Groceries,Delhi,1008,9,9072,2025,2,28,Friday,Bag
4688,2026-06-25,Sports,Chennai,4923,6,29538,2026,6,25,Thursday,Keyboard
4689,2024-11-11,Sports,Mumbai,4204,3,12612,2024,11,11,Monday,Bag
4690,2024-11-03,Furniture,Hyderabad,1189,4,4756,2024,11,3,Sunday,Phone
4691,2025-07-12,Clothing,Delhi,4469,5,22345,2025,7,12,Saturday,Camera
4692,2025-03-02,Electronics,Delhi,4429,3,13287,2025,3,2,Sunday,Headphones
4693,2026-01-26,Clothing,Mumbai,1973,2,3946,2026,1,26,Monday,Phone
4694,2024-08-25,Electronics,Chennai,3390,4,13560,2024,8,25,Sunday,Phone
4695,2026-02-27,Groceries,Chennai,2437,4,9748,2026,2,27,Friday,Bag
4696,2026-03-28,Furniture,Mumbai,3715,9,33435,2026,3,28,Saturday,TV
4697,2024-11-15,Groceries,Mumbai,3828,2,7656,2024,11,15,Friday,Watch
4698,2026-04-17,Clothing,Bangalore,3569,9,32121,2026,4,17,Friday,Headphones
4699,2025-08-28,Groceries,Mumbai,4458,6,26748,2025,8,28,Thursday,Phone
4700,2024-12-07,Electronics,Delhi,1234,8,9872,2024,12,7,Saturday,TV
4701,2026-05-19,Electronics,Bangalore,1332,8,10656,2026,5,19,Tuesday,Bag
4702,2025-02-05,Clothing,Bangalore,4532,9,40788,2025,2,5,Wednesday,Phone
4703,2024-07-27,Clothing,Delhi,3283,10,32830,2024,7,27,Saturday,Headphones
4704,2025-08-26,Sports,Mumbai,2753,9,24777,2025,8,26,Tuesday,Laptop
4705,2024-07-07,Clothing,Bangalore,2755,2,5510,2024,7,7,Sunday,Camera
4706,2025-08-02,Sports,Chennai,488,9,4392,2025,8,2,Saturday,Tablet
4707,2026-06-22,Groceries,Chennai,2667,7,18669,2026,6,22,Monday,Headphones
4708,2025-02-04,Clothing,Hyderabad,1604,5,8020,2025,2,4,Tuesday,Keyboard
4709,2024-11-29,Sports,Chennai,3773,7,26411,2024,11,29,Friday,Keyboard
4710,2025-01-22,Electronics,Delhi,418,1,418,2025,1,22,Wednesday,Shoes
4711,2026-04-29,Groceries,Bangalore,3590,5,17950,2026,4,29,Wednesday,Shoes
4712,2025-06-26,Furniture,Delhi,2768,10,27680,2025,6,26,Thursday,Bag
4713,2024-10-15,Clothing,Bangalore,138,9,1242,2024,10,15,Tuesday,Tablet
4714,2025-07-22,Clothing,Delhi,3708,6,22248,2025,7,22,Tuesday,TV
4715,2025-07-24,Clothing,Bangalore,4893,2,9786,2025,7,24,Thursday,Camera
4716,2024-07-25,Clothing,Hyderabad,2515,4,10060,2024,7,25,Thursday,Bag
4717,2025-04-12,Sports,Mumbai,2695,10,26950,2025,4,12,Saturday,Watch
4718,2026-04-19,Furniture,Mumbai,1448,10,14480,2026,4,19,Sunday,Laptop
4719,2024-10-07,Clothing,Hyderabad,1159,4,4636,2024,10,7,Monday,Keyboard
4720,2025-12-01,Sports,Bangalore,2850,8,22800,2025,12,1,Monday,Watch
4721,2026-06-14,Clothing,Mumbai,2801,1,2801,2026,6,14,Sunday,Keyboard
4722,2024-08-04,Clothing,Bangalore,4164,8,33312,2024,8,4,Sunday,Watch
4723,2024-09-20,Furniture,Mumbai,1334,1,1334,2024,9,20,Friday,Camera
4724,2025-06-09,Furniture,Mumbai,4741,5,23705,2025,6,9,Monday,Phone
4725,2026-03-02,Electronics,Mumbai,116,2,232,2026,3,2,Monday,Shoes
4726,2025-03-13,Sports,Hyderabad,1876,7,13132,2025,3,13,Thursday,Keyboard
4727,2026-05-11,Clothing,Mumbai,755,4,3020,2026,5,11,Monday,Camera
4728,2024-09-22,Groceries,Hyderabad,3822,4,15288,2024,9,22,Sunday,Shoes
4729,2025-04-28,Clothing,Hyderabad,2724,10,27240,2025,4,28,Monday,Phone
4730,2026-05-07,Groceries,Delhi,604,10,6040,2026,5,7,Thursday,Camera
4731,2026-05-09,Sports,Bangalore,2802,9,25218,2026,5,9,Saturday,Shoes
4732,2026-04-24,Furniture,Chennai,2908,9,26172,2026,4,24,Friday,Camera
4733,2026-01-01,Groceries,Chennai,3806,2,7612,2026,1,1,Thursday,Shoes
4734,2025-03-09,Groceries,Chennai,3120,9,28080,2025,3,9,Sunday,Laptop
4735,2025-04-18,Electronics,Delhi,4677,10,46770,2025,4,18,Friday,Tablet
4736,2024-09-11,Clothing,Delhi,1785,6,10710,2024,9,11,Wednesday,Phone
4737,2025-07-11,Groceries,Mumbai,686,1,686,2025,7,11,Friday,Bag
4738,2025-05-28,Sports,Mumbai,4530,9,40770,2025,5,28,Wednesday,Shoes
4739,2025-06-01,Clothing,Mumbai,1074,1,1074,2025,6,1,Sunday,Headphones
4740,2025-04-25,Groceries,Delhi,3093,6,18558,2025,4,25,Friday,Headphones
4741,2025-06-17,Clothing,Mumbai,1514,7,10598,2025,6,17,Tuesday,Headphones
4742,2026-05-04,Clothing,Bangalore,207,10,2070,2026,5,4,Monday,Keyboard
4743,2026-05-06,Sports,Chennai,4667,2,9334,2026,5,6,Wednesday,Camera
4744,2024-12-28,Sports,Hyderabad,1444,2,2888,2024,12,28,Saturday,Headphones
4745,2025-02-23,Electronics,Bangalore,102,10,1020,2025,2,23,Sunday,Headphones
4746,2026-03-04,Electronics,Hyderabad,3304,3,9912,2026,3,4,Wednesday,Camera
4747,2025-03-17,Groceries,Chennai,2342,5,11710,2025,3,17,Monday,Bag
4748,2026-06-18,Clothing,Hyderabad,4936,9,44424,2026,6,18,Thursday,Watch
4749,2025-11-18,Clothing,Hyderabad,4973,3,14919,2025,11,18,Tuesday,Watch
4750,2024-08-19,Groceries,Bangalore,4443,9,39987,2024,8,19,Monday,TV
4751,2025-08-07,Electronics,Bangalore,2819,3,8457,2025,8,7,Thursday,Headphones
4752,2026-01-10,Electronics,Delhi,852,3,2556,2026,1,10,Saturday,Phone
4753,2026-03-07,Groceries,Chennai,3588,3,10764,2026,3,7,Saturday,Tablet
4754,2025-03-02,Electronics,Bangalore,2802,6,16812,2025,3,2,Sunday,Bag
4755,2026-02-18,Groceries,Hyderabad,1553,2,3106,2026,2,18,Wednesday,Laptop
4756,2025-01-01,Groceries,Mumbai,1619,3,4857,2025,1,1,Wednesday,Laptop
4757,2026-01-23,Sports,Delhi,1870,4,7480,2026,1,23,Friday,Laptop
4758,2026-04-26,Electronics,Mumbai,202,6,1212,2026,4,26,Sunday,Watch
4759,2025-03-15,Groceries,Bangalore,3983,5,19915,2025,3,15,Saturday,Bag
4760,2025-04-23,Electronics,Hyderabad,3574,7,25018,2025,4,23,Wednesday,Keyboard
4761,2024-07-22,Furniture,Bangalore,3361,5,16805,2024,7,22,Monday,Watch
4762,2026-04-25,Furniture,Bangalore,2450,7,17150,2026,4,25,Saturday,Headphones
4763,2025-08-30,Sports,Chennai,591,9,5319,2025,8,30,Saturday,Shoes
4764,2026-01-16,Furniture,Chennai,2305,2,4610,2026,1,16,Friday,Watch
4765,2025-02-05,Groceries,Mumbai,387,1,387,2025,2,5,Wednesday,Phone
4766,2025-12-26,Groceries,Bangalore,3760,1,3760,2025,12,26,Friday,Laptop
4767,2025-03-03,Furniture,Mumbai,1561,3,4683,2025,3,3,Monday,Camera
4768,2025-10-05,Sports,Hyderabad,1490,9,13410,2025,10,5,Sunday,Phone
4769,2025-01-29,Furniture,Hyderabad,4369,1,4369,2025,1,29,Wednesday,Watch
4770,2025-08-24,Clothing,Bangalore,1021,8,8168,2025,8,24,Sunday,Keyboard
4771,2025-07-22,Clothing,Delhi,4918,1,4918,2025,7,22,Tuesday,Bag
4772,2024-09-15,Groceries,Chennai,2552,4,10208,2024,9,15,Sunday,Shoes
4773,2024-11-24,Sports,Bangalore,258,6,1548,2024,11,24,Sunday,Keyboard
4774,2024-08-04,Furniture,Hyderabad,1714,3,5142,2024,8,4,Sunday,Watch
4775,2024-09-09,Furniture,Bangalore,738,10,7380,2024,9,9,Monday,Keyboard
4776,2026-01-21,Groceries,Hyderabad,1896,10,18960,2026,1,21,Wednesday,Bag
4777,2024-09-23,Furniture,Hyderabad,4156,7,29092,2024,9,23,Monday,Laptop
4778,2025-10-23,Groceries,Chennai,4026,5,20130,2025,10,23,Thursday,Shoes
4779,2025-08-29,Groceries,Hyderabad,1038,5,5190,2025,8,29,Friday,Headphones
4780,2026-02-10,Sports,Chennai,146,2,292,2026,2,10,Tuesday,Headphones
4781,2025-07-20,Furniture,Delhi,3321,7,23247,2025,7,20,Sunday,Camera
4782,2024-09-09,Groceries,Hyderabad,3602,5,18010,2024,9,9,Monday,Shoes
4783,2026-01-12,Furniture,Chennai,3499,4,13996,2026,1,12,Monday,Keyboard
4784,2024-08-02,Groceries,Delhi,3579,7,25053,2024,8,2,Friday,Watch
4785,2024-08-28,Electronics,Mumbai,4626,10,46260,2024,8,28,Wednesday,Bag
4786,2025-11-18,Groceries,Hyderabad,1575,6,9450,2025,11,18,Tuesday,Watch
4787,2025-02-27,Furniture,Mumbai,885,9,7965,2025,2,27,Thursday,Laptop
4788,2026-02-09,Furniture,Hyderabad,2109,2,4218,2026,2,9,Monday,Tablet
4789,2025-04-07,Clothing,Hyderabad,1199,9,10791,2025,4,7,Monday,Shoes
4790,2025-09-20,Furniture,Bangalore,3292,9,29628,2025,9,20,Saturday,Watch
4791,2025-12-15,Electronics,Bangalore,2907,6,17442,2025,12,15,Monday,Camera
4792,2025-12-24,Furniture,Mumbai,1145,3,3435,2025,12,24,Wednesday,Keyboard
4793,2025-09-10,Groceries,Bangalore,1744,6,10464,2025,9,10,Wednesday,Phone
4794,2024-07-07,Sports,Bangalore,825,10,8250,2024,7,7,Sunday,Headphones
4795,2026-03-01,Sports,Chennai,1876,8,15008,2026,3,1,Sunday,Bag
4796,2025-10-15,Clothing,Bangalore,2398,7,16786,2025,10,15,Wednesday,TV
4797,2025-04-27,Furniture,Mumbai,4627,8,37016,2025,4,27,Sunday,Phone
4798,2025-01-02,Electronics,Bangalore,2485,4,9940,2025,1,2,Thursday,Shoes
4799,2025-10-27,Clothing,Delhi,2085,7,14595,2025,10,27,Monday,Watch
4800,2024-11-15,Furniture,Chennai,2964,9,26676,2024,11,15,Friday,Watch
4801,2025-03-27,Clothing,Mumbai,3592,1,3592,2025,3,27,Thursday,Laptop
4802,2024-10-27,Groceries,Chennai,3706,1,3706,2024,10,27,Sunday,TV
4803,2024-12-11,Clothing,Bangalore,4181,2,8362,2024,12,11,Wednesday,Watch
4804,2025-01-04,Groceries,Chennai,1998,4,7992,2025,1,4,Saturday,Phone
4805,2025-06-16,Groceries,Mumbai,1471,1,1471,2025,6,16,Monday,Phone
4806,2025-08-03,Electronics,Chennai,4857,7,33999,2025,8,3,Sunday,Keyboard
4807,2025-06-16,Electronics,Bangalore,4347,1,4347,2025,6,16,Monday,Camera
4808,2025-01-31,Furniture,Delhi,4586,10,45860,2025,1,31,Friday,Camera
4809,2024-12-31,Clothing,Hyderabad,4314,5,21570,2024,12,31,Tuesday,Phone
4810,2025-05-14,Groceries,Bangalore,1222,7,8554,2025,5,14,Wednesday,Camera
4811,2025-08-17,Sports,Hyderabad,1240,6,7440,2025,8,17,Sunday,TV
4812,2025-10-07,Furniture,Hyderabad,859,10,8590,2025,10,7,Tuesday,Watch
4813,2026-03-12,Electronics,Hyderabad,260,5,1300,2026,3,12,Thursday,Phone
4814,2025-02-02,Electronics,Delhi,428,2,856,2025,2,2,Sunday,Laptop
4815,2024-07-19,Groceries,Delhi,2693,6,16158,2024,7,19,Friday,Headphones
4816,2024-07-30,Groceries,Mumbai,2816,5,14080,2024,7,30,Tuesday,Phone
4817,2024-08-01,Clothing,Delhi,3315,3,9945,2024,8,1,Thursday,Bag
4818,2025-10-25,Sports,Chennai,2203,3,6609,2025,10,25,Saturday,Keyboard
4819,2025-07-22,Groceries,Bangalore,2084,9,18756,2025,7,22,Tuesday,Headphones
4820,2026-02-07,Clothing,Mumbai,279,5,1395,2026,2,7,Saturday,Keyboard
4821,2025-10-19,Electronics,Bangalore,4080,9,36720,2025,10,19,Sunday,Watch
4822,2025-08-14,Furniture,Bangalore,3575,3,10725,2025,8,14,Thursday,Laptop
4823,2025-07-15,Clothing,Delhi,2568,4,10272,2025,7,15,Tuesday,Bag
4824,2024-08-01,Clothing,Hyderabad,2504,9,22536,2024,8,1,Thursday,TV
4825,2025-08-06,Sports,Hyderabad,2289,8,18312,2025,8,6,Wednesday,TV
4826,2025-12-06,Furniture,Hyderabad,4976,3,14928,2025,12,6,Saturday,Phone
4827,2025-09-16,Groceries,Bangalore,4663,5,23315,2025,9,16,Tuesday,Phone
4828,2025-12-10,Groceries,Bangalore,191,1,191,2025,12,10,Wednesday,Shoes
4829,2024-11-11,Groceries,Chennai,687,6,4122,2024,11,11,Monday,Laptop
4830,2026-04-08,Sports,Chennai,1602,3,4806,2026,4,8,Wednesday,Watch
4831,2025-01-24,Electronics,Mumbai,1378,2,2756,2025,1,24,Friday,Watch
4832,2026-03-28,Clothing,Hyderabad,640,10,6400,2026,3,28,Saturday,Shoes
4833,2024-10-14,Sports,Bangalore,4004,2,8008,2024,10,14,Monday,TV
4834,2024-07-13,Electronics,Delhi,3791,3,11373,2024,7,13,Saturday,Phone
4835,2026-05-27,Electronics,Mumbai,4699,9,42291,2026,5,27,Wednesday,Tablet
4836,2025-11-21,Clothing,Delhi,2122,4,8488,2025,11,21,Friday,Headphones
4837,2025-03-11,Sports,Delhi,1037,2,2074,2025,3,11,Tuesday,Laptop
4838,2026-05-16,Sports,Hyderabad,126,5,630,2026,5,16,Saturday,Camera
4839,2026-01-02,Furniture,Hyderabad,1368,2,2736,2026,1,2,Friday,Headphones
4840,2025-04-02,Sports,Bangalore,237,5,1185,2025,4,2,Wednesday,Keyboard
4841,2026-05-25,Sports,Bangalore,1530,7,10710,2026,5,25,Monday,Bag
4842,2026-04-02,Sports,Hyderabad,395,3,1185,2026,4,2,Thursday,Laptop
4843,2026-01-13,Clothing,Bangalore,1021,5,5105,2026,1,13,Tuesday,Keyboard
4844,2025-10-31,Clothing,Hyderabad,1014,5,5070,2025,10,31,Friday,Phone
4845,2025-12-07,Groceries,Bangalore,1791,7,12537,2025,12,7,Sunday,TV
4846,2024-09-21,Groceries,Delhi,4280,2,8560,2024,9,21,Saturday,Bag
4847,2024-07-12,Electronics,Delhi,3179,5,15895,2024,7,12,Friday,TV
4848,2024-11-22,Groceries,Chennai,1186,2,2372,2024,11,22,Friday,Watch
4849,2025-01-12,Sports,Hyderabad,211,10,2110,2025,1,12,Sunday,Watch
4850,2025-05-23,Electronics,Hyderabad,4760,6,28560,2025,5,23,Friday,Keyboard
4851,2026-05-27,Furniture,Mumbai,2359,3,7077,2026,5,27,Wednesday,Watch
4852,2025-09-20,Clothing,Mumbai,1339,5,6695,2025,9,20,Saturday,Phone
4853,2026-05-27,Sports,Delhi,350,9,3150,2026,5,27,Wednesday,TV
4854,2025-07-19,Furniture,Mumbai,230,2,460,2025,7,19,Saturday,Camera
4855,2026-04-17,Furniture,Hyderabad,4980,1,4980,2026,4,17,Friday,TV
4856,2026-02-28,Electronics,Bangalore,1074,2,2148,2026,2,28,Saturday,Bag
4857,2026-05-09,Groceries,Hyderabad,1976,8,15808,2026,5,9,Saturday,Watch
4858,2024-12-18,Sports,Chennai,2577,9,23193,2024,12,18,Wednesday,TV
4859,2025-05-18,Groceries,Chennai,3892,7,27244,2025,5,18,Sunday,Phone
4860,2025-07-14,Sports,Mumbai,1564,9,14076,2025,7,14,Monday,Bag
4861,2026-06-02,Groceries,Chennai,1340,5,6700,2026,6,2,Tuesday,Laptop
4862,2025-06-07,Sports,Hyderabad,531,9,4779,2025,6,7,Saturday,Bag
4863,2024-11-12,Furniture,Chennai,787,9,7083,2024,11,12,Tuesday,Camera
4864,2026-01-07,Clothing,Chennai,1207,3,3621,2026,1,7,Wednesday,Phone
4865,2025-11-23,Electronics,Mumbai,2501,1,2501,2025,11,23,Sunday,Phone
4866,2024-11-24,Sports,Chennai,4401,4,17604,2024,11,24,Sunday,Headphones
4867,2024-12-03,Sports,Hyderabad,3971,3,11913,2024,12,3,Tuesday,Watch
4868,2025-05-19,Groceries,Hyderabad,3320,6,19920,2025,5,19,Monday,Keyboard
4869,2025-12-01,Groceries,Bangalore,940,5,4700,2025,12,1,Monday,Keyboard
4870,2026-02-08,Clothing,Hyderabad,4078,7,28546,2026,2,8,Sunday,Tablet
4871,2026-03-31,Groceries,Chennai,4096,8,32768,2026,3,31,Tuesday,Shoes
4872,2024-08-18,Groceries,Hyderabad,4786,7,33502,2024,8,18,Sunday,Keyboard
4873,2024-10-13,Groceries,Chennai,4594,7,32158,2024,10,13,Sunday,Laptop
4874,2025-07-10,Groceries,Mumbai,369,6,2214,2025,7,10,Thursday,Camera
4875,2024-09-18,Furniture,Delhi,3001,4,12004,2024,9,18,Wednesday,Watch
4876,2025-01-01,Furniture,Mumbai,2302,7,16114,2025,1,1,Wednesday,Laptop
4877,2026-01-11,Sports,Mumbai,1560,4,6240,2026,1,11,Sunday,Keyboard
4878,2026-01-31,Groceries,Mumbai,600,4,2400,2026,1,31,Saturday,Laptop
4879,2026-05-29,Groceries,Chennai,2577,7,18039,2026,5,29,Friday,Shoes
4880,2025-11-27,Groceries,Bangalore,2532,2,5064,2025,11,27,Thursday,Watch
4881,2024-09-17,Furniture,Bangalore,786,9,7074,2024,9,17,Tuesday,Watch
4882,2026-02-08,Sports,Hyderabad,635,7,4445,2026,2,8,Sunday,Keyboard
4883,2026-06-08,Sports,Bangalore,2829,6,16974,2026,6,8,Monday,Headphones
4884,2025-05-08,Sports,Mumbai,2791,10,27910,2025,5,8,Thursday,Laptop
4885,2025-08-10,Groceries,Chennai,4629,1,4629,2025,8,10,Sunday,Tablet
4886,2024-09-19,Electronics,Bangalore,727,3,2181,2024,9,19,Thursday,Camera
4887,2024-11-12,Groceries,Chennai,1111,2,2222,2024,11,12,Tuesday,Camera
4888,2025-12-15,Sports,Delhi,3821,10,38210,2025,12,15,Monday,Phone
4889,2024-07-23,Clothing,Hyderabad,3693,2,7386,2024,7,23,Tuesday,Tablet
4890,2025-04-26,Clothing,Hyderabad,1825,2,3650,2025,4,26,Saturday,Shoes
4891,2025-05-07,Furniture,Bangalore,1455,3,4365,2025,5,7,Wednesday,Shoes
4892,2024-11-11,Groceries,Bangalore,1820,7,12740,2024,11,11,Monday,Shoes
4893,2026-05-07,Electronics,Chennai,950,2,1900,2026,5,7,Thursday,Camera
4894,2025-11-01,Clothing,Chennai,2223,8,17784,2025,11,1,Saturday,Phone
4895,2024-09-02,Electronics,Delhi,3645,5,18225,2024,9,2,Monday,Laptop
4896,2026-05-03,Clothing,Chennai,4550,8,36400,2026,5,3,Sunday,TV
4897,2024-10-29,Clothing,Mumbai,2341,8,18728,2024,10,29,Tuesday,Keyboard
4898,2026-03-04,Sports,Delhi,2318,1,2318,2026,3,4,Wednesday,Watch
4899,2025-09-26,Sports,Delhi,4265,6,25590,2025,9,26,Friday,Shoes
4900,2024-06-28,Clothing,Bangalore,4280,4,17120,2024,6,28,Friday,Phone
4901,2025-12-01,Clothing,Hyderabad,945,6,5670,2025,12,1,Monday,Headphones
4902,2026-05-19,Groceries,Bangalore,1782,5,8910,2026,5,19,Tuesday,Camera
4903,2025-05-26,Clothing,Hyderabad,1619,9,14571,2025,5,26,Monday,Tablet
4904,2025-10-26,Clothing,Mumbai,2993,3,8979,2025,10,26,Sunday,Shoes
4905,2026-05-10,Groceries,Bangalore,3915,9,35235,2026,5,10,Sunday,Tablet
4906,2024-10-14,Sports,Hyderabad,1348,5,6740,2024,10,14,Monday,Shoes
4907,2024-07-04,Clothing,Hyderabad,4995,3,14985,2024,7,4,Thursday,Tablet
4908,2025-03-23,Sports,Hyderabad,2181,4,8724,2025,3,23,Sunday,Laptop
4909,2024-11-13,Sports,Delhi,2400,2,4800,2024,11,13,Wednesday,Watch
4910,2024-09-18,Sports,Hyderabad,4923,1,4923,2024,9,18,Wednesday,Camera
4911,2025-05-14,Electronics,Hyderabad,2364,6,14184,2025,5,14,Wednesday,Keyboard
4912,2025-06-20,Sports,Bangalore,555,5,2775,2025,6,20,Friday,Bag
4913,2025-02-12,Groceries,Mumbai,1443,4,5772,2025,2,12,Wednesday,Bag
4914,2024-09-14,Groceries,Delhi,2868,9,25812,2024,9,14,Saturday,Phone
4915,2025-04-10,Groceries,Bangalore,2275,7,15925,2025,4,10,Thursday,Laptop
4916,2025-04-24,Furniture,Delhi,1272,9,11448,2025,4,24,Thursday,Camera
4917,2025-08-11,Furniture,Hyderabad,3714,4,14856,2025,8,11,Monday,Camera
4918,2025-06-06,Furniture,Hyderabad,3652,8,29216,2025,6,6,Friday,Watch
4919,2025-01-02,Sports,Hyderabad,1681,1,1681,2025,1,2,Thursday,Watch
4920,2025-09-21,Groceries,Mumbai,2622,2,5244,2025,9,21,Sunday,Keyboard
4921,2024-08-15,Electronics,Delhi,832,8,6656,2024,8,15,Thursday,Shoes
4922,2026-04-13,Sports,Mumbai,3936,4,15744,2026,4,13,Monday,TV
4923,2025-04-01,Sports,Mumbai,1164,8,9312,2025,4,1,Tuesday,Tablet
4924,2025-11-24,Sports,Delhi,904,1,904,2025,11,24,Monday,Shoes
4925,2026-02-17,Sports,Chennai,3977,2,7954,2026,2,17,Tuesday,Laptop
4926,2026-06-28,Sports,Chennai,4761,10,47610,2026,6,28,Sunday,Shoes
4927,2025-10-22,Clothing,Mumbai,1721,8,13768,2025,10,22,Wednesday,Laptop
4928,2025-02-15,Furniture,Mumbai,533,7,3731,2025,2,15,Saturday,Camera
4929,2025-10-23,Sports,Chennai,707,5,3535,2025,10,23,Thursday,Laptop
4930,2026-02-23,Clothing,Hyderabad,1406,7,9842,2026,2,23,Monday,TV
4931,2025-09-18,Clothing,Chennai,2991,9,26919,2025,9,18,Thursday,Laptop
4932,2025-09-28,Groceries,Hyderabad,797,6,4782,2025,9,28,Sunday,Camera
4933,2026-03-12,Sports,Mumbai,3360,4,13440,2026,3,12,Thursday,Laptop
4934,2025-04-05,Electronics,Mumbai,3412,6,20472,2025,4,5,Saturday,Laptop
4935,2026-05-24,Groceries,Delhi,2473,8,19784,2026,5,24,Sunday,Laptop
4936,2025-05-30,Sports,Mumbai,3176,1,3176,2025,5,30,Friday,Bag
4937,2026-05-27,Clothing,Chennai,351,8,2808,2026,5,27,Wednesday,Shoes
4938,2025-09-28,Sports,Hyderabad,1059,3,3177,2025,9,28,Sunday,Keyboard
4939,2024-07-06,Sports,Bangalore,3306,4,13224,2024,7,6,Saturday,Watch
4940,2024-08-25,Furniture,Bangalore,4708,5,23540,2024,8,25,Sunday,Laptop
4941,2025-07-01,Furniture,Delhi,3779,1,3779,2025,7,1,Tuesday,Watch
4942,2026-01-08,Groceries,Mumbai,4347,1,4347,2026,1,8,Thursday,Headphones
4943,2025-04-29,Groceries,Hyderabad,322,1,322,2025,4,29,Tuesday,Watch
4944,2024-09-01,Groceries,Chennai,2236,6,13416,2024,9,1,Sunday,Laptop
4945,2025-07-18,Furniture,Delhi,4789,10,47890,2025,7,18,Friday,TV
4946,2024-11-20,Groceries,Hyderabad,294,9,2646,2024,11,20,Wednesday,Headphones
4947,2024-11-30,Sports,Hyderabad,4219,3,12657,2024,11,30,Saturday,Tablet
4948,2024-11-19,Furniture,Delhi,4523,5,22615,2024,11,19,Tuesday,Headphones
4949,2025-08-25,Electronics,Hyderabad,3926,5,19630,2025,8,25,Monday,Keyboard
4950,2024-11-06,Sports,Hyderabad,3298,6,19788,2024,11,6,Wednesday,Watch
4951,2025-10-08,Electronics,Bangalore,4272,1,4272,2025,10,8,Wednesday,Phone
4952,2025-08-25,Electronics,Hyderabad,4262,7,29834,2025,8,25,Monday,Headphones
4953,2025-01-29,Groceries,Hyderabad,4169,7,29183,2025,1,29,Wednesday,TV
4954,2025-05-09,Sports,Bangalore,3259,9,29331,2025,5,9,Friday,Laptop
4955,2025-04-21,Furniture,Hyderabad,2496,5,12480,2025,4,21,Monday,Watch
4956,2025-05-01,Groceries,Bangalore,3341,5,16705,2025,5,1,Thursday,Laptop
4957,2024-11-04,Groceries,Delhi,2262,10,22620,2024,11,4,Monday,Camera
4958,2024-12-07,Electronics,Mumbai,2169,2,4338,2024,12,7,Saturday,Keyboard
4959,2025-08-28,Groceries,Chennai,4194,9,37746,2025,8,28,Thursday,Headphones
4960,2025-09-15,Groceries,Delhi,2715,7,19005,2025,9,15,Monday,Keyboard
4961,2026-03-11,Sports,Hyderabad,242,4,968,2026,3,11,Wednesday,Watch
4962,2025-07-25,Furniture,Hyderabad,1000,5,5000,2025,7,25,Friday,Shoes
4963,2024-07-05,Sports,Chennai,2897,1,2897,2024,7,5,Friday,Watch
4964,2024-08-27,Clothing,Hyderabad,2195,6,13170,2024,8,27,Tuesday,Bag
4965,2026-01-25,Sports,Bangalore,1074,6,6444,2026,1,25,Sunday,Laptop
4966,2024-07-03,Electronics,Delhi,3247,5,16235,2024,7,3,Wednesday,Phone
4967,2026-01-18,Electronics,Delhi,3557,6,21342,2026,1,18,Sunday,Shoes
4968,2025-03-24,Clothing,Hyderabad,551,4,2204,2025,3,24,Monday,Shoes
4969,2025-06-11,Groceries,Delhi,2766,9,24894,2025,6,11,Wednesday,Bag
4970,2025-08-15,Furniture,Chennai,3794,4,15176,2025,8,15,Friday,Headphones
4971,2025-09-16,Sports,Delhi,1861,6,11166,2025,9,16,Tuesday,Tablet
4972,2025-05-11,Groceries,Chennai,3250,7,22750,2025,5,11,Sunday,Phone
4973,2025-07-19,Clothing,Hyderabad,2799,2,5598,2025,7,19,Saturday,Laptop
4974,2026-03-19,Groceries,Delhi,1666,4,6664,2026,3,19,Thursday,Shoes
4975,2026-02-12,Sports,Delhi,3712,10,37120,2026,2,12,Thursday,Watch
4976,2024-10-28,Furniture,Hyderabad,250,5,1250,2024,10,28,Monday,Camera
4977,2025-02-28,Clothing,Mumbai,4441,8,35528,2025,2,28,Friday,Bag
4978,2026-02-26,Clothing,Mumbai,987,5,4935,2026,2,26,Thursday,Keyboard
4979,2024-11-15,Groceries,Delhi,175,5,875,2024,11,15,Friday,Shoes
4980,2026-02-13,Groceries,Chennai,1266,5,6330,2026,2,13,Friday,Shoes
4981,2024-09-02,Sports,Chennai,367,3,1101,2024,9,2,Monday,Keyboard
4982,2025-04-22,Groceries,Hyderabad,281,1,281,2025,4,22,Tuesday,Shoes
4983,2025-12-03,Furniture,Delhi,3867,6,23202,2025,12,3,Wednesday,TV
4984,2025-07-09,Electronics,Mumbai,1437,9,12933,2025,7,9,Wednesday,Watch
4985,2025-11-28,Sports,Delhi,4034,2,8068,2025,11,28,Friday,Watch
4986,2025-03-02,Sports,Chennai,2394,1,2394,2025,3,2,Sunday,Tablet
4987,2024-10-16,Furniture,Chennai,1594,10,15940,2024,10,16,Wednesday,Shoes
4988,2024-07-29,Electronics,Bangalore,3134,8,25072,2024,7,29,Monday,TV
4989,2024-12-23,Sports,Mumbai,1990,10,19900,2024,12,23,Monday,Watch
4990,2024-07-04,Clothing,Chennai,1370,1,1370,2024,7,4,Thursday,Keyboard
4991,2025-02-11,Electronics,Delhi,1552,5,7760,2025,2,11,Tuesday,Phone
4992,2024-11-19,Furniture,Delhi,4460,3,13380,2024,11,19,Tuesday,Bag
4993,2025-04-26,Electronics,Chennai,457,9,4113,2025,4,26,Saturday,Watch
4994,2025-07-16,Groceries,Chennai,4938,8,39504,2025,7,16,Wednesday,Camera
4995,2025-08-10,Clothing,Chennai,4999,3,14997,2025,8,10,Sunday,Phone
4996,2025-12-26,Furniture,Mumbai,2340,8,18720,2025,12,26,Friday,Keyboard
4997,2026-05-19,Groceries,Delhi,2989,10,29890,2026,5,19,Tuesday,Keyboard
4998,2025-09-14,Clothing,Chennai,410,8,3280,2025,9,14,Sunday,Headphones
4999,2026-05-09,Groceries,Mumbai,1385,10,13850,2026,5,9,Saturday,Keyboard
5000,2025-10-18,Clothing,Mumbai,2265,4,9060,2025,10,18,Saturday,Shoes
5001,2024-12-09,Groceries,Delhi,649,2,1298,2024,12,9,Monday,Tablet
5002,2026-06-06,Groceries,Mumbai,1952,1,1952,2026,6,6,Saturday,Shoes
5003,2025-10-10,Electronics,Delhi,3626,3,10878,2025,10,10,Friday,Camera
5004,2025-10-20,Clothing,Mumbai,2808,4,11232,2025,10,20,Monday,Shoes
5005,2025-02-20,Groceries,Hyderabad,2206,3,6618,2025,2,20,Thursday,Tablet
5006,2025-07-14,Sports,Hyderabad,3507,4,14028,2025,7,14,Monday,TV
5007,2025-10-11,Groceries,Delhi,2801,6,16806,2025,10,11,Saturday,TV
5008,2025-03-15,Groceries,Hyderabad,3030,9,27270,2025,3,15,Saturday,Camera
5009,2025-11-14,Groceries,Hyderabad,2095,2,4190,2025,11,14,Friday,Bag
5010,2024-11-07,Furniture,Hyderabad,3525,10,35250,2024,11,7,Thursday,Tablet
5011,2025-12-29,Groceries,Bangalore,302,5,1510,2025,12,29,Monday,Headphones
5012,2026-02-01,Electronics,Hyderabad,970,8,7760,2026,2,1,Sunday,TV
5013,2025-12-16,Furniture,Delhi,2175,6,13050,2025,12,16,Tuesday,Bag
5014,2024-12-24,Clothing,Bangalore,4134,7,28938,2024,12,24,Tuesday,Keyboard
5015,2025-08-12,Furniture,Mumbai,4542,7,31794,2025,8,12,Tuesday,Keyboard
5016,2025-03-02,Sports,Chennai,2690,9,24210,2025,3,2,Sunday,Watch
5017,2026-01-10,Electronics,Delhi,479,9,4311,2026,1,10,Saturday,Keyboard
5018,2025-03-09,Furniture,Hyderabad,3443,2,6886,2025,3,9,Sunday,Shoes
5019,2024-12-29,Clothing,Mumbai,3436,2,6872,2024,12,29,Sunday,Keyboard
5020,2025-03-24,Sports,Hyderabad,3708,2,7416,2025,3,24,Monday,Keyboard
5021,2025-05-14,Groceries,Chennai,338,5,1690,2025,5,14,Wednesday,Watch
5022,2026-05-09,Sports,Hyderabad,109,10,1090,2026,5,9,Saturday,Watch
5023,2025-07-05,Groceries,Delhi,1890,10,18900,2025,7,5,Saturday,Shoes
5024,2025-03-31,Furniture,Chennai,3302,1,3302,2025,3,31,Monday,Headphones
5025,2025-09-10,Sports,Bangalore,4195,5,20975,2025,9,10,Wednesday,Shoes
5026,2026-03-21,Electronics,Chennai,3180,9,28620,2026,3,21,Saturday,Tablet
5027,2024-12-09,Furniture,Delhi,1283,1,1283,2024,12,9,Monday,Camera
5028,2025-04-05,Groceries,Bangalore,4109,2,8218,2025,4,5,Saturday,Watch
5029,2025-07-18,Groceries,Delhi,1910,10,19100,2025,7,18,Friday,Laptop
5030,2025-10-07,Clothing,Delhi,1615,4,6460,2025,10,7,Tuesday,Watch
5031,2025-10-30,Clothing,Mumbai,4892,5,24460,2025,10,30,Thursday,Headphones
5032,2025-08-15,Furniture,Hyderabad,437,1,437,2025,8,15,Friday,Camera
5033,2025-11-24,Sports,Bangalore,3566,2,7132,2025,11,24,Monday,Shoes
5034,2025-02-26,Furniture,Bangalore,880,9,7920,2025,2,26,Wednesday,Shoes
5035,2026-03-14,Groceries,Chennai,2193,10,21930,2026,3,14,Saturday,Shoes
5036,2026-05-18,Groceries,Bangalore,994,6,5964,2026,5,18,Monday,Watch
5037,2024-07-20,Groceries,Chennai,1307,3,3921,2024,7,20,Saturday,Headphones
5038,2025-10-15,Furniture,Bangalore,692,7,4844,2025,10,15,Wednesday,Shoes
5039,2025-05-24,Groceries,Delhi,1176,7,8232,2025,5,24,Saturday,Shoes
5040,2026-06-25,Clothing,Mumbai,2056,8,16448,2026,6,25,Thursday,Bag
5041,2026-05-06,Furniture,Hyderabad,3796,9,34164,2026,5,6,Wednesday,TV
5042,2025-01-04,Electronics,Bangalore,3658,1,3658,2025,1,4,Saturday,Phone
5043,2025-07-06,Electronics,Chennai,4012,2,8024,2025,7,6,Sunday,Bag
5044,2024-07-07,Clothing,Chennai,1364,8,10912,2024,7,7,Sunday,Laptop
5045,2026-06-15,Electronics,Bangalore,588,10,5880,2026,6,15,Monday,Camera
5046,2025-11-14,Clothing,Chennai,2701,4,10804,2025,11,14,Friday,Laptop
5047,2025-09-16,Groceries,Delhi,3683,8,29464,2025,9,16,Tuesday,Tablet
5048,2025-07-09,Sports,Bangalore,4129,9,37161,2025,7,9,Wednesday,Watch
5049,2024-10-25,Clothing,Chennai,1788,6,10728,2024,10,25,Friday,Tablet
5050,2025-11-28,Furniture,Hyderabad,1623,2,3246,2025,11,28,Friday,Headphones
5051,2025-07-09,Electronics,Mumbai,794,1,794,2025,7,9,Wednesday,Laptop
5052,2025-05-31,Sports,Hyderabad,2104,10,21040,2025,5,31,Saturday,Keyboard
5053,2026-03-03,Clothing,Delhi,3126,8,25008,2026,3,3,Tuesday,Laptop
5054,2025-12-10,Clothing,Chennai,4969,5,24845,2025,12,10,Wednesday,Laptop
5055,2025-05-22,Groceries,Mumbai,4901,8,39208,2025,5,22,Thursday,Laptop
5056,2025-02-27,Groceries,Chennai,3974,7,27818,2025,2,27,Thursday,Laptop
5057,2025-01-27,Furniture,Chennai,3669,10,36690,2025,1,27,Monday,Watch
5058,2026-04-13,Furniture,Hyderabad,3552,6,21312,2026,4,13,Monday,Camera
5059,2025-05-16,Groceries,Hyderabad,1075,3,3225,2025,5,16,Friday,Keyboard
5060,2025-04-06,Electronics,Mumbai,3152,3,9456,2025,4,6,Sunday,Camera
5061,2025-07-11,Groceries,Hyderabad,1965,10,19650,2025,7,11,Friday,Laptop
5062,2024-09-09,Clothing,Chennai,461,7,3227,2024,9,9,Monday,Tablet
5063,2025-08-02,Clothing,Bangalore,803,6,4818,2025,8,2,Saturday,Shoes
5064,2025-12-14,Clothing,Chennai,3099,10,30990,2025,12,14,Sunday,Camera
5065,2025-03-22,Sports,Bangalore,1479,9,13311,2025,3,22,Saturday,Keyboard
5066,2025-02-23,Furniture,Chennai,3659,9,32931,2025,2,23,Sunday,Phone
5067,2024-08-04,Groceries,Mumbai,3045,3,9135,2024,8,4,Sunday,Laptop
5068,2026-06-24,Furniture,Delhi,4713,10,47130,2026,6,24,Wednesday,Watch
5069,2026-01-19,Electronics,Mumbai,1424,7,9968,2026,1,19,Monday,Tablet
5070,2025-04-07,Clothing,Mumbai,939,5,4695,2025,4,7,Monday,TV
5071,2026-04-25,Clothing,Hyderabad,4854,2,9708,2026,4,25,Saturday,Phone
5072,2025-05-26,Sports,Delhi,2279,3,6837,2025,5,26,Monday,Bag
5073,2024-08-14,Electronics,Bangalore,4800,2,9600,2024,8,14,Wednesday,Keyboard
5074,2024-12-11,Furniture,Chennai,868,3,2604,2024,12,11,Wednesday,Keyboard
5075,2025-03-14,Electronics,Delhi,3665,3,10995,2025,3,14,Friday,Tablet
5076,2024-11-01,Electronics,Bangalore,4694,6,28164,2024,11,1,Friday,Bag
5077,2026-05-11,Groceries,Hyderabad,3388,2,6776,2026,5,11,Monday,Tablet
5078,2024-11-19,Clothing,Bangalore,2250,3,6750,2024,11,19,Tuesday,Camera
5079,2024-12-24,Furniture,Bangalore,3389,6,20334,2024,12,24,Tuesday,Tablet
5080,2025-09-04,Sports,Bangalore,4446,5,22230,2025,9,4,Thursday,Shoes
5081,2026-04-28,Furniture,Mumbai,4909,7,34363,2026,4,28,Tuesday,Bag
5082,2024-06-29,Clothing,Mumbai,3662,4,14648,2024,6,29,Saturday,Tablet
5083,2025-07-31,Furniture,Mumbai,3756,2,7512,2025,7,31,Thursday,Keyboard
5084,2026-02-23,Groceries,Mumbai,3367,6,20202,2026,2,23,Monday,Camera
5085,2026-05-24,Sports,Bangalore,1541,1,1541,2026,5,24,Sunday,Keyboard
5086,2026-06-25,Electronics,Delhi,2948,4,11792,2026,6,25,Thursday,Keyboard
5087,2025-10-02,Clothing,Bangalore,2350,4,9400,2025,10,2,Thursday,Keyboard
5088,2026-04-02,Clothing,Hyderabad,3818,5,19090,2026,4,2,Thursday,Tablet
5089,2024-07-28,Furniture,Chennai,3714,4,14856,2024,7,28,Sunday,Phone
5090,2024-11-16,Furniture,Hyderabad,689,8,5512,2024,11,16,Saturday,Camera
5091,2025-03-18,Electronics,Mumbai,4087,10,40870,2025,3,18,Tuesday,Phone
5092,2025-07-30,Electronics,Hyderabad,2856,3,8568,2025,7,30,Wednesday,Headphones
5093,2025-08-08,Electronics,Bangalore,2362,6,14172,2025,8,8,Friday,Phone
5094,2026-06-13,Furniture,Mumbai,4840,6,29040,2026,6,13,Saturday,Watch
5095,2024-10-29,Clothing,Mumbai,4167,10,41670,2024,10,29,Tuesday,Watch
5096,2025-02-27,Clothing,Delhi,4207,10,42070,2025,2,27,Thursday,Bag
5097,2025-10-08,Electronics,Chennai,490,9,4410,2025,10,8,Wednesday,Shoes
5098,2026-04-24,Furniture,Hyderabad,3208,8,25664,2026,4,24,Friday,Tablet
5099,2024-08-28,Clothing,Chennai,354,8,2832,2024,8,28,Wednesday,Laptop
5100,2025-04-03,Furniture,Delhi,4267,5,21335,2025,4,3,Thursday,Bag
5101,2026-05-14,Furniture,Hyderabad,3871,7,27097,2026,5,14,Thursday,Shoes
5102,2026-04-23,Clothing,Chennai,1049,9,9441,2026,4,23,Thursday,Shoes
5103,2026-05-27,Electronics,Hyderabad,4977,10,49770,2026,5,27,Wednesday,TV
5104,2025-10-04,Groceries,Hyderabad,1979,9,17811,2025,10,4,Saturday,Watch
5105,2025-07-12,Clothing,Chennai,998,8,7984,2025,7,12,Saturday,Bag
5106,2024-12-29,Electronics,Chennai,1309,1,1309,2024,12,29,Sunday,Camera
5107,2026-04-14,Clothing,Mumbai,4290,8,34320,2026,4,14,Tuesday,Tablet
5108,2025-12-14,Groceries,Mumbai,1687,6,10122,2025,12,14,Sunday,Shoes
5109,2024-10-20,Electronics,Delhi,4510,7,31570,2024,10,20,Sunday,Watch
5110,2026-04-17,Groceries,Mumbai,2015,2,4030,2026,4,17,Friday,Headphones
5111,2025-09-16,Clothing,Delhi,2519,6,15114,2025,9,16,Tuesday,Headphones
5112,2025-10-26,Groceries,Delhi,437,3,1311,2025,10,26,Sunday,Keyboard
5113,2025-02-14,Sports,Bangalore,3981,3,11943,2025,2,14,Friday,Shoes
5114,2026-04-21,Groceries,Delhi,3177,8,25416,2026,4,21,Tuesday,Watch
5115,2024-09-21,Electronics,Delhi,1158,9,10422,2024,9,21,Saturday,Phone
5116,2024-09-04,Sports,Mumbai,2498,6,14988,2024,9,4,Wednesday,TV
5117,2025-01-09,Sports,Mumbai,195,5,975,2025,1,9,Thursday,Laptop
5118,2025-01-22,Electronics,Delhi,560,3,1680,2025,1,22,Wednesday,Keyboard
5119,2024-07-06,Furniture,Delhi,4730,10,47300,2024,7,6,Saturday,Bag
5120,2025-11-03,Clothing,Chennai,227,9,2043,2025,11,3,Monday,Laptop
5121,2026-04-02,Groceries,Chennai,871,7,6097,2026,4,2,Thursday,Bag
5122,2025-05-12,Sports,Mumbai,4949,7,34643,2025,5,12,Monday,Camera
5123,2024-10-10,Sports,Hyderabad,795,6,4770,2024,10,10,Thursday,Watch
5124,2025-04-09,Furniture,Delhi,105,1,105,2025,4,9,Wednesday,Headphones
5125,2025-05-22,Sports,Mumbai,3818,1,3818,2025,5,22,Thursday,Keyboard
5126,2026-04-16,Clothing,Hyderabad,4649,5,23245,2026,4,16,Thursday,Bag
5127,2026-06-14,Groceries,Hyderabad,2224,7,15568,2026,6,14,Sunday,Watch
5128,2026-02-23,Furniture,Delhi,2073,4,8292,2026,2,23,Monday,Headphones
5129,2026-05-14,Clothing,Bangalore,1512,4,6048,2026,5,14,Thursday,Headphones
5130,2025-01-16,Electronics,Mumbai,1856,5,9280,2025,1,16,Thursday,Laptop
5131,2025-03-28,Clothing,Delhi,3992,5,19960,2025,3,28,Friday,Watch
5132,2025-06-04,Electronics,Delhi,3680,9,33120,2025,6,4,Wednesday,Bag
5133,2026-02-03,Sports,Mumbai,3416,2,6832,2026,2,3,Tuesday,Bag
5134,2025-01-26,Electronics,Delhi,1358,8,10864,2025,1,26,Sunday,Phone
5135,2026-03-20,Furniture,Delhi,1944,7,13608,2026,3,20,Friday,TV
5136,2024-12-21,Furniture,Hyderabad,1326,4,5304,2024,12,21,Saturday,Camera
5137,2024-08-14,Sports,Mumbai,1133,9,10197,2024,8,14,Wednesday,Phone
5138,2025-01-14,Groceries,Mumbai,4912,6,29472,2025,1,14,Tuesday,Headphones
5139,2025-01-08,Electronics,Bangalore,1466,6,8796,2025,1,8,Wednesday,Tablet
5140,2026-02-13,Furniture,Chennai,901,7,6307,2026,2,13,Friday,Camera
5141,2026-02-20,Clothing,Chennai,1533,7,10731,2026,2,20,Friday,Phone
5142,2024-08-27,Electronics,Delhi,203,10,2030,2024,8,27,Tuesday,Keyboard
5143,2025-02-18,Groceries,Mumbai,4057,8,32456,2025,2,18,Tuesday,Bag
5144,2026-06-04,Groceries,Delhi,3952,9,35568,2026,6,4,Thursday,Laptop
5145,2025-04-16,Groceries,Chennai,2270,4,9080,2025,4,16,Wednesday,Camera
5146,2024-08-13,Furniture,Hyderabad,3548,7,24836,2024,8,13,Tuesday,Laptop
5147,2025-01-10,Groceries,Chennai,3249,9,29241,2025,1,10,Friday,Tablet
5148,2026-02-20,Groceries,Bangalore,2246,1,2246,2026,2,20,Friday,Headphones
5149,2024-09-24,Electronics,Hyderabad,1272,2,2544,2024,9,24,Tuesday,TV
5150,2026-04-27,Sports,Delhi,2804,3,8412,2026,4,27,Monday,Laptop
5151,2025-03-14,Furniture,Chennai,2310,5,11550,2025,3,14,Friday,Laptop
5152,2025-04-28,Furniture,Mumbai,4775,3,14325,2025,4,28,Monday,Keyboard
5153,2025-04-13,Furniture,Bangalore,4671,7,32697,2025,4,13,Sunday,Keyboard
5154,2025-03-01,Electronics,Bangalore,4490,7,31430,2025,3,1,Saturday,Shoes
5155,2026-03-23,Electronics,Chennai,4899,9,44091,2026,3,23,Monday,Keyboard
5156,2026-01-10,Clothing,Mumbai,4337,10,43370,2026,1,10,Saturday,Keyboard
5157,2025-07-19,Sports,Delhi,3178,1,3178,2025,7,19,Saturday,Tablet
5158,2025-06-21,Electronics,Bangalore,1741,9,15669,2025,6,21,Saturday,Watch
5159,2025-02-05,Furniture,Chennai,1474,10,14740,2025,2,5,Wednesday,Camera
5160,2024-07-18,Clothing,Delhi,4495,8,35960,2024,7,18,Thursday,Phone
5161,2025-01-30,Furniture,Bangalore,1827,1,1827,2025,1,30,Thursday,Bag
5162,2025-12-21,Electronics,Delhi,2297,10,22970,2025,12,21,Sunday,Laptop
5163,2025-06-19,Groceries,Delhi,1285,9,11565,2025,6,19,Thursday,Shoes
5164,2026-03-15,Sports,Mumbai,2189,9,19701,2026,3,15,Sunday,Watch
5165,2026-01-09,Clothing,Chennai,354,6,2124,2026,1,9,Friday,Camera
5166,2025-06-24,Furniture,Bangalore,374,5,1870,2025,6,24,Tuesday,Tablet
5167,2024-08-04,Electronics,Bangalore,1689,10,16890,2024,8,4,Sunday,Phone
5168,2026-06-13,Clothing,Hyderabad,2819,5,14095,2026,6,13,Saturday,Camera
5169,2026-04-03,Electronics,Bangalore,1741,9,15669,2026,4,3,Friday,TV
5170,2026-04-21,Furniture,Chennai,1696,8,13568,2026,4,21,Tuesday,Tablet
5171,2025-02-23,Furniture,Bangalore,2373,6,14238,2025,2,23,Sunday,Watch
5172,2026-05-11,Groceries,Chennai,3412,3,10236,2026,5,11,Monday,Bag
5173,2024-07-11,Electronics,Bangalore,2174,1,2174,2024,7,11,Thursday,Bag
5174,2024-07-31,Clothing,Hyderabad,3282,6,19692,2024,7,31,Wednesday,Phone
5175,2026-05-28,Sports,Bangalore,296,1,296,2026,5,28,Thursday,Camera
5176,2026-02-14,Furniture,Hyderabad,2541,1,2541,2026,2,14,Saturday,Keyboard
5177,2025-05-30,Furniture,Mumbai,4866,8,38928,2025,5,30,Friday,Laptop
5178,2024-07-13,Clothing,Chennai,3916,5,19580,2024,7,13,Saturday,Phone
5179,2025-11-13,Furniture,Mumbai,3042,9,27378,2025,11,13,Thursday,Watch
5180,2025-07-24,Electronics,Mumbai,4920,5,24600,2025,7,24,Thursday,Keyboard
5181,2025-04-12,Groceries,Mumbai,4637,9,41733,2025,4,12,Saturday,Headphones
5182,2025-09-14,Sports,Chennai,1901,2,3802,2025,9,14,Sunday,Headphones
5183,2026-04-15,Electronics,Chennai,2864,9,25776,2026,4,15,Wednesday,Keyboard
5184,2025-02-01,Sports,Hyderabad,1501,6,9006,2025,2,1,Saturday,TV
5185,2026-05-13,Electronics,Delhi,3730,9,33570,2026,5,13,Wednesday,Tablet
5186,2026-05-23,Sports,Hyderabad,2660,3,7980,2026,5,23,Saturday,Headphones
5187,2026-05-22,Clothing,Hyderabad,2652,1,2652,2026,5,22,Friday,Laptop
5188,2025-06-06,Electronics,Hyderabad,4839,9,43551,2025,6,6,Friday,Phone
5189,2025-02-03,Groceries,Delhi,2050,6,12300,2025,2,3,Monday,Headphones
5190,2024-12-04,Sports,Delhi,4727,6,28362,2024,12,4,Wednesday,TV
5191,2024-09-05,Electronics,Mumbai,507,8,4056,2024,9,5,Thursday,Laptop
5192,2025-04-12,Furniture,Chennai,1290,2,2580,2025,4,12,Saturday,Bag
5193,2025-12-25,Electronics,Delhi,2515,9,22635,2025,12,25,Thursday,Bag
5194,2025-11-05,Groceries,Hyderabad,113,3,339,2025,11,5,Wednesday,Phone
5195,2026-01-30,Sports,Delhi,2798,6,16788,2026,1,30,Friday,Camera
5196,2025-03-31,Clothing,Delhi,673,3,2019,2025,3,31,Monday,Bag
5197,2026-06-14,Furniture,Hyderabad,2858,9,25722,2026,6,14,Sunday,Watch
5198,2024-09-26,Groceries,Delhi,3257,10,32570,2024,9,26,Thursday,Headphones
5199,2026-06-16,Groceries,Hyderabad,3627,10,36270,2026,6,16,Tuesday,Headphones
5200,2026-03-26,Sports,Bangalore,785,1,785,2026,3,26,Thursday,Phone
5201,2026-04-21,Groceries,Delhi,3113,5,15565,2026,4,21,Tuesday,Laptop
5202,2025-05-17,Groceries,Mumbai,2893,5,14465,2025,5,17,Saturday,Laptop
5203,2026-03-03,Groceries,Hyderabad,574,5,2870,2026,3,3,Tuesday,Bag
5204,2025-06-15,Furniture,Chennai,3583,7,25081,2025,6,15,Sunday,Shoes
5205,2025-04-05,Furniture,Mumbai,1305,2,2610,2025,4,5,Saturday,Tablet
5206,2026-05-15,Electronics,Mumbai,4322,1,4322,2026,5,15,Friday,Tablet
5207,2025-07-31,Furniture,Hyderabad,2382,10,23820,2025,7,31,Thursday,Shoes
5208,2024-10-02,Clothing,Delhi,3234,9,29106,2024,10,2,Wednesday,Camera
5209,2026-03-05,Sports,Chennai,4021,7,28147,2026,3,5,Thursday,Laptop
5210,2025-02-16,Clothing,Delhi,1089,10,10890,2025,2,16,Sunday,Bag
5211,2026-04-09,Electronics,Bangalore,1408,6,8448,2026,4,9,Thursday,Shoes
5212,2025-02-24,Furniture,Hyderabad,4274,9,38466,2025,2,24,Monday,Phone
5213,2025-03-18,Clothing,Delhi,2842,8,22736,2025,3,18,Tuesday,Watch
5214,2024-11-14,Groceries,Mumbai,2712,8,21696,2024,11,14,Thursday,Bag
5215,2026-05-04,Clothing,Mumbai,548,2,1096,2026,5,4,Monday,Camera
5216,2026-02-23,Groceries,Bangalore,3370,6,20220,2026,2,23,Monday,Camera
5217,2024-08-28,Sports,Hyderabad,4141,7,28987,2024,8,28,Wednesday,TV
5218,2026-05-11,Clothing,Hyderabad,2346,9,21114,2026,5,11,Monday,Camera
5219,2026-01-17,Clothing,Delhi,4231,1,4231,2026,1,17,Saturday,Tablet
5220,2025-12-22,Electronics,Mumbai,3553,4,14212,2025,12,22,Monday,Bag
5221,2025-01-24,Electronics,Chennai,4637,10,46370,2025,1,24,Friday,Keyboard
5222,2025-07-16,Clothing,Bangalore,2449,10,24490,2025,7,16,Wednesday,Laptop
5223,2025-07-12,Clothing,Delhi,2904,1,2904,2025,7,12,Saturday,Laptop
5224,2025-05-20,Sports,Chennai,2057,10,20570,2025,5,20,Tuesday,Laptop
5225,2025-05-25,Electronics,Chennai,1761,7,12327,2025,5,25,Sunday,Laptop
5226,2024-08-18,Furniture,Chennai,2563,8,20504,2024,8,18,Sunday,Phone
5227,2024-11-30,Clothing,Bangalore,2899,8,23192,2024,11,30,Saturday,Laptop
5228,2026-02-18,Sports,Mumbai,1779,10,17790,2026,2,18,Wednesday,Bag
5229,2025-02-02,Furniture,Chennai,3541,4,14164,2025,2,2,Sunday,Shoes
5230,2026-01-19,Groceries,Delhi,3352,8,26816,2026,1,19,Monday,Laptop
5231,2025-03-15,Sports,Bangalore,3994,4,15976,2025,3,15,Saturday,Shoes
5232,2026-05-11,Electronics,Delhi,4785,2,9570,2026,5,11,Monday,Headphones
5233,2024-09-27,Furniture,Mumbai,4130,8,33040,2024,9,27,Friday,Keyboard
5234,2024-08-28,Electronics,Bangalore,3696,2,7392,2024,8,28,Wednesday,Tablet
5235,2025-10-27,Groceries,Hyderabad,1146,9,10314,2025,10,27,Monday,Laptop
5236,2025-09-02,Furniture,Delhi,2122,10,21220,2025,9,2,Tuesday,Bag
5237,2026-04-10,Clothing,Bangalore,3192,2,6384,2026,4,10,Friday,Laptop
5238,2025-12-08,Groceries,Chennai,1651,8,13208,2025,12,8,Monday,Phone
5239,2024-08-22,Clothing,Hyderabad,2702,7,18914,2024,8,22,Thursday,Watch
5240,2025-05-02,Furniture,Mumbai,2171,3,6513,2025,5,2,Friday,Watch
5241,2025-01-19,Sports,Chennai,920,4,3680,2025,1,19,Sunday,Laptop
5242,2025-03-11,Groceries,Mumbai,2586,7,18102,2025,3,11,Tuesday,Keyboard
5243,2024-08-06,Furniture,Delhi,3100,6,18600,2024,8,6,Tuesday,Bag
5244,2026-05-05,Clothing,Mumbai,1705,6,10230,2026,5,5,Tuesday,Shoes
5245,2025-05-15,Clothing,Hyderabad,4344,4,17376,2025,5,15,Thursday,Shoes
5246,2024-09-07,Electronics,Delhi,1140,4,4560,2024,9,7,Saturday,Tablet
5247,2025-07-05,Electronics,Hyderabad,1559,1,1559,2025,7,5,Saturday,Bag
5248,2026-02-08,Electronics,Mumbai,2178,2,4356,2026,2,8,Sunday,Bag
5249,2025-06-24,Clothing,Mumbai,193,10,1930,2025,6,24,Tuesday,Headphones
5250,2025-09-23,Clothing,Bangalore,2958,4,11832,2025,9,23,Tuesday,Keyboard
5251,2024-12-29,Furniture,Mumbai,676,4,2704,2024,12,29,Sunday,Shoes
5252,2024-09-13,Groceries,Mumbai,4410,4,17640,2024,9,13,Friday,Keyboard
5253,2025-04-12,Clothing,Bangalore,4178,6,25068,2025,4,12,Saturday,Watch
5254,2026-02-16,Electronics,Mumbai,3896,9,35064,2026,2,16,Monday,Headphones
5255,2024-07-02,Clothing,Hyderabad,560,7,3920,2024,7,2,Tuesday,Headphones
5256,2024-09-25,Sports,Hyderabad,1722,5,8610,2024,9,25,Wednesday,Camera
5257,2025-01-02,Furniture,Chennai,1263,6,7578,2025,1,2,Thursday,Watch
5258,2025-05-02,Electronics,Delhi,3832,1,3832,2025,5,2,Friday,Keyboard
5259,2024-09-20,Sports,Chennai,3445,7,24115,2024,9,20,Friday,Shoes
5260,2026-02-07,Clothing,Bangalore,2201,1,2201,2026,2,7,Saturday,Headphones
5261,2025-02-18,Groceries,Mumbai,3357,9,30213,2025,2,18,Tuesday,Camera
5262,2025-03-20,Clothing,Bangalore,523,5,2615,2025,3,20,Thursday,Shoes
5263,2024-09-23,Groceries,Chennai,1442,8,11536,2024,9,23,Monday,Watch
5264,2025-09-19,Sports,Mumbai,4165,4,16660,2025,9,19,Friday,Keyboard
5265,2026-03-10,Clothing,Chennai,2902,3,8706,2026,3,10,Tuesday,Keyboard
5266,2025-05-01,Electronics,Mumbai,547,1,547,2025,5,1,Thursday,Phone
5267,2025-10-13,Sports,Mumbai,2626,3,7878,2025,10,13,Monday,Laptop
5268,2024-11-05,Sports,Delhi,115,4,460,2024,11,5,Tuesday,Shoes
5269,2025-10-09,Sports,Hyderabad,1301,6,7806,2025,10,9,Thursday,Laptop
5270,2025-07-29,Furniture,Chennai,3056,7,21392,2025,7,29,Tuesday,Phone
5271,2025-08-17,Electronics,Hyderabad,3462,5,17310,2025,8,17,Sunday,Tablet
5272,2025-07-27,Groceries,Bangalore,1430,4,5720,2025,7,27,Sunday,Laptop
5273,2026-02-22,Furniture,Chennai,946,6,5676,2026,2,22,Sunday,Shoes
5274,2025-02-12,Furniture,Chennai,324,4,1296,2025,2,12,Wednesday,Phone
5275,2025-04-19,Furniture,Mumbai,3029,5,15145,2025,4,19,Saturday,Watch
5276,2025-05-07,Clothing,Hyderabad,3616,3,10848,2025,5,7,Wednesday,Watch
5277,2026-03-21,Furniture,Mumbai,3761,2,7522,2026,3,21,Saturday,TV
5278,2025-07-04,Electronics,Delhi,4787,8,38296,2025,7,4,Friday,TV
5279,2024-06-30,Sports,Chennai,4239,3,12717,2024,6,30,Sunday,Camera
5280,2026-02-10,Clothing,Bangalore,880,10,8800,2026,2,10,Tuesday,TV
5281,2025-11-10,Sports,Mumbai,434,5,2170,2025,11,10,Monday,Keyboard
5282,2025-05-19,Furniture,Bangalore,4958,10,49580,2025,5,19,Monday,Phone
5283,2025-11-23,Groceries,Delhi,2579,2,5158,2025,11,23,Sunday,Shoes
5284,2026-05-20,Electronics,Bangalore,1210,4,4840,2026,5,20,Wednesday,Shoes
5285,2026-04-03,Electronics,Hyderabad,4414,5,22070,2026,4,3,Friday,Phone
5286,2024-08-07,Furniture,Hyderabad,965,1,965,2024,8,7,Wednesday,Phone
5287,2026-04-01,Electronics,Mumbai,219,6,1314,2026,4,1,Wednesday,Laptop
5288,2025-06-20,Furniture,Hyderabad,4601,3,13803,2025,6,20,Friday,Phone
5289,2025-03-30,Electronics,Chennai,3137,2,6274,2025,3,30,Sunday,Headphones
5290,2024-12-23,Furniture,Hyderabad,4449,5,22245,2024,12,23,Monday,Shoes
5291,2024-07-11,Clothing,Delhi,799,1,799,2024,7,11,Thursday,Tablet
5292,2025-05-03,Furniture,Delhi,1472,6,8832,2025,5,3,Saturday,Phone
5293,2024-07-13,Electronics,Mumbai,3983,4,15932,2024,7,13,Saturday,Phone
5294,2026-01-02,Sports,Hyderabad,4871,8,38968,2026,1,2,Friday,Shoes
5295,2024-12-22,Electronics,Delhi,4242,10,42420,2024,12,22,Sunday,Keyboard
5296,2025-10-07,Sports,Hyderabad,3089,7,21623,2025,10,7,Tuesday,Bag
5297,2025-05-18,Clothing,Mumbai,3868,5,19340,2025,5,18,Sunday,Shoes
5298,2024-10-23,Sports,Mumbai,2620,2,5240,2024,10,23,Wednesday,TV
5299,2025-09-18,Electronics,Chennai,919,2,1838,2025,9,18,Thursday,Tablet
5300,2025-04-18,Clothing,Bangalore,4266,1,4266,2025,4,18,Friday,Camera
5301,2025-07-02,Furniture,Hyderabad,2206,10,22060,2025,7,2,Wednesday,Headphones
5302,2024-11-13,Sports,Delhi,1704,6,10224,2024,11,13,Wednesday,Shoes
5303,2025-10-29,Electronics,Mumbai,3098,4,12392,2025,10,29,Wednesday,Bag
5304,2025-01-23,Electronics,Chennai,4376,5,21880,2025,1,23,Thursday,Headphones
5305,2025-10-02,Electronics,Mumbai,326,3,978,2025,10,2,Thursday,Headphones
5306,2025-08-26,Furniture,Delhi,723,4,2892,2025,8,26,Tuesday,TV
5307,2026-05-13,Furniture,Mumbai,4926,3,14778,2026,5,13,Wednesday,Phone
5308,2025-01-18,Electronics,Delhi,3397,10,33970,2025,1,18,Saturday,Keyboard
5309,2025-10-06,Electronics,Mumbai,1521,5,7605,2025,10,6,Monday,Watch
5310,2024-07-31,Furniture,Bangalore,2083,2,4166,2024,7,31,Wednesday,Keyboard
5311,2025-12-09,Furniture,Delhi,2050,8,16400,2025,12,9,Tuesday,Phone
5312,2025-11-23,Electronics,Chennai,3237,5,16185,2025,11,23,Sunday,Watch
5313,2025-05-06,Sports,Chennai,1307,1,1307,2025,5,6,Tuesday,TV
5314,2025-03-14,Electronics,Hyderabad,416,6,2496,2025,3,14,Friday,Phone
5315,2025-12-15,Furniture,Delhi,2298,5,11490,2025,12,15,Monday,Headphones
5316,2024-10-27,Electronics,Mumbai,1928,9,17352,2024,10,27,Sunday,Phone
5317,2025-06-04,Groceries,Delhi,3909,2,7818,2025,6,4,Wednesday,Tablet
5318,2025-11-26,Groceries,Mumbai,2182,10,21820,2025,11,26,Wednesday,TV
5319,2024-07-19,Furniture,Mumbai,4758,4,19032,2024,7,19,Friday,Laptop
5320,2024-11-01,Clothing,Chennai,4880,9,43920,2024,11,1,Friday,Keyboard
5321,2026-04-15,Groceries,Mumbai,3468,2,6936,2026,4,15,Wednesday,Keyboard
5322,2026-01-31,Furniture,Delhi,3390,7,23730,2026,1,31,Saturday,Keyboard
5323,2025-01-01,Sports,Delhi,2152,10,21520,2025,1,1,Wednesday,Shoes
5324,2025-04-05,Groceries,Chennai,4976,2,9952,2025,4,5,Saturday,Watch
5325,2025-02-01,Groceries,Hyderabad,2285,3,6855,2025,2,1,Saturday,Bag
5326,2026-05-19,Clothing,Bangalore,1628,1,1628,2026,5,19,Tuesday,Shoes
5327,2024-10-21,Sports,Chennai,2882,4,11528,2024,10,21,Monday,Keyboard
5328,2025-10-07,Electronics,Hyderabad,2899,8,23192,2025,10,7,Tuesday,Phone
5329,2024-11-24,Sports,Delhi,4840,8,38720,2024,11,24,Sunday,Phone
5330,2026-04-02,Electronics,Mumbai,1133,6,6798,2026,4,2,Thursday,Phone
5331,2025-06-03,Furniture,Mumbai,3224,6,19344,2025,6,3,Tuesday,Watch
5332,2024-12-07,Electronics,Hyderabad,2172,4,8688,2024,12,7,Saturday,Headphones
5333,2026-03-03,Groceries,Bangalore,3121,8,24968,2026,3,3,Tuesday,Phone
5334,2025-07-21,Furniture,Hyderabad,4452,9,40068,2025,7,21,Monday,Shoes
5335,2024-10-02,Electronics,Hyderabad,1410,7,9870,2024,10,2,Wednesday,TV
5336,2025-06-16,Electronics,Mumbai,286,6,1716,2025,6,16,Monday,Keyboard
5337,2025-07-12,Clothing,Chennai,4574,3,13722,2025,7,12,Saturday,Tablet
5338,2026-02-18,Sports,Mumbai,1198,6,7188,2026,2,18,Wednesday,Watch
5339,2025-07-16,Electronics,Delhi,3790,10,37900,2025,7,16,Wednesday,Headphones
5340,2024-07-31,Furniture,Hyderabad,1797,4,7188,2024,7,31,Wednesday,TV
5341,2026-02-28,Electronics,Delhi,4713,10,47130,2026,2,28,Saturday,Laptop
5342,2025-09-22,Groceries,Mumbai,3500,9,31500,2025,9,22,Monday,Camera
5343,2025-06-20,Groceries,Hyderabad,558,8,4464,2025,6,20,Friday,Laptop
5344,2026-03-29,Sports,Chennai,4874,1,4874,2026,3,29,Sunday,Laptop
5345,2026-04-03,Clothing,Delhi,1296,2,2592,2026,4,3,Friday,Keyboard
5346,2024-08-26,Electronics,Chennai,3138,8,25104,2024,8,26,Monday,Shoes
5347,2025-03-05,Sports,Bangalore,3283,5,16415,2025,3,5,Wednesday,Camera
5348,2024-11-08,Clothing,Bangalore,2849,10,28490,2024,11,8,Friday,Camera
5349,2026-02-04,Electronics,Delhi,3700,4,14800,2026,2,4,Wednesday,Laptop
5350,2026-05-09,Groceries,Chennai,4426,2,8852,2026,5,9,Saturday,Laptop
5351,2024-11-29,Furniture,Mumbai,597,5,2985,2024,11,29,Friday,Phone
5352,2024-08-28,Groceries,Bangalore,1191,6,7146,2024,8,28,Wednesday,Shoes
5353,2026-02-26,Furniture,Bangalore,2352,9,21168,2026,2,26,Thursday,Tablet
5354,2025-06-09,Electronics,Delhi,676,6,4056,2025,6,9,Monday,Bag
5355,2026-03-03,Groceries,Delhi,4399,9,39591,2026,3,3,Tuesday,Shoes
5356,2024-08-24,Sports,Hyderabad,360,5,1800,2024,8,24,Saturday,Keyboard
5357,2024-09-23,Furniture,Chennai,2146,3,6438,2024,9,23,Monday,Keyboard
5358,2024-10-17,Groceries,Chennai,3371,6,20226,2024,10,17,Thursday,Laptop
5359,2024-09-22,Groceries,Hyderabad,4375,6,26250,2024,9,22,Sunday,Watch
5360,2026-06-13,Sports,Delhi,2792,5,13960,2026,6,13,Saturday,Bag
5361,2026-05-09,Electronics,Delhi,4817,2,9634,2026,5,9,Saturday,Bag
5362,2024-09-11,Furniture,Delhi,1459,4,5836,2024,9,11,Wednesday,Camera
5363,2025-04-08,Clothing,Hyderabad,3868,7,27076,2025,4,8,Tuesday,Watch
5364,2025-10-07,Sports,Hyderabad,2027,5,10135,2025,10,7,Tuesday,Headphones
5365,2025-12-10,Electronics,Bangalore,4205,6,25230,2025,12,10,Wednesday,Headphones
5366,2026-03-17,Furniture,Chennai,3670,1,3670,2026,3,17,Tuesday,Tablet
5367,2024-07-30,Clothing,Bangalore,3862,3,11586,2024,7,30,Tuesday,Phone
5368,2025-11-08,Furniture,Chennai,1863,10,18630,2025,11,8,Saturday,Bag
5369,2025-10-08,Electronics,Hyderabad,2274,10,22740,2025,10,8,Wednesday,Headphones
5370,2025-04-04,Furniture,Bangalore,4195,2,8390,2025,4,4,Friday,Watch
5371,2026-06-07,Electronics,Hyderabad,1187,4,4748,2026,6,7,Sunday,Keyboard
5372,2026-01-25,Furniture,Hyderabad,4392,6,26352,2026,1,25,Sunday,Shoes
5373,2025-02-12,Furniture,Hyderabad,647,1,647,2025,2,12,Wednesday,Tablet
5374,2024-07-05,Electronics,Chennai,698,7,4886,2024,7,5,Friday,Phone
5375,2026-04-18,Sports,Chennai,3157,10,31570,2026,4,18,Saturday,Phone
5376,2025-09-21,Sports,Chennai,2150,10,21500,2025,9,21,Sunday,TV
5377,2025-07-05,Furniture,Delhi,1405,9,12645,2025,7,5,Saturday,Bag
5378,2024-08-20,Sports,Hyderabad,4778,10,47780,2024,8,20,Tuesday,Camera
5379,2025-02-26,Groceries,Bangalore,4995,3,14985,2025,2,26,Wednesday,Tablet
5380,2025-08-29,Furniture,Chennai,4151,6,24906,2025,8,29,Friday,Bag
5381,2024-11-07,Sports,Mumbai,4599,10,45990,2024,11,7,Thursday,Bag
5382,2026-04-06,Furniture,Hyderabad,2477,5,12385,2026,4,6,Monday,Laptop
5383,2025-06-07,Electronics,Chennai,4437,6,26622,2025,6,7,Saturday,Bag
5384,2026-06-08,Clothing,Bangalore,1961,1,1961,2026,6,8,Monday,Watch
5385,2024-09-13,Groceries,Hyderabad,4995,1,4995,2024,9,13,Friday,Headphones
5386,2026-03-23,Groceries,Hyderabad,217,2,434,2026,3,23,Monday,TV
5387,2026-05-06,Furniture,Chennai,4273,10,42730,2026,5,6,Wednesday,Watch
5388,2026-03-12,Clothing,Delhi,870,7,6090,2026,3,12,Thursday,Keyboard
5389,2025-06-03,Sports,Mumbai,419,2,838,2025,6,3,Tuesday,Watch
5390,2024-11-23,Electronics,Bangalore,1520,8,12160,2024,11,23,Saturday,Laptop
5391,2026-05-21,Groceries,Hyderabad,2949,9,26541,2026,5,21,Thursday,Phone
5392,2026-05-25,Clothing,Bangalore,2593,9,23337,2026,5,25,Monday,Bag
5393,2026-05-21,Electronics,Delhi,2953,4,11812,2026,5,21,Thursday,TV
5394,2025-02-01,Clothing,Chennai,1784,5,8920,2025,2,1,Saturday,Watch
5395,2025-09-10,Furniture,Bangalore,1470,5,7350,2025,9,10,Wednesday,Headphones
5396,2026-04-02,Clothing,Mumbai,660,2,1320,2026,4,2,Thursday,Phone
5397,2024-09-04,Sports,Delhi,4827,10,48270,2024,9,4,Wednesday,Laptop
5398,2024-07-03,Furniture,Hyderabad,1743,10,17430,2024,7,3,Wednesday,Laptop
5399,2025-07-07,Sports,Bangalore,1932,7,13524,2025,7,7,Monday,Keyboard
5400,2026-04-29,Electronics,Chennai,1418,2,2836,2026,4,29,Wednesday,Phone
5401,2024-11-21,Electronics,Hyderabad,3199,2,6398,2024,11,21,Thursday,Watch
5402,2026-06-22,Furniture,Bangalore,1558,6,9348,2026,6,22,Monday,Tablet
5403,2025-12-29,Furniture,Hyderabad,3711,10,37110,2025,12,29,Monday,Phone
5404,2024-07-19,Groceries,Mumbai,3316,3,9948,2024,7,19,Friday,Tablet
5405,2025-04-16,Sports,Bangalore,791,6,4746,2025,4,16,Wednesday,Watch
5406,2024-09-10,Groceries,Delhi,2034,6,12204,2024,9,10,Tuesday,Shoes
5407,2024-07-13,Electronics,Mumbai,1356,1,1356,2024,7,13,Saturday,Laptop
5408,2026-01-04,Electronics,Delhi,4054,4,16216,2026,1,4,Sunday,Headphones
5409,2026-06-02,Sports,Delhi,190,6,1140,2026,6,2,Tuesday,Phone
5410,2026-06-13,Electronics,Bangalore,4314,8,34512,2026,6,13,Saturday,Shoes
5411,2026-02-14,Electronics,Delhi,1269,9,11421,2026,2,14,Saturday,Laptop
5412,2025-05-10,Groceries,Mumbai,3477,3,10431,2025,5,10,Saturday,Headphones
5413,2025-02-21,Clothing,Mumbai,2766,2,5532,2025,2,21,Friday,Bag
5414,2026-02-16,Furniture,Delhi,3586,10,35860,2026,2,16,Monday,Shoes
5415,2026-06-09,Furniture,Hyderabad,3120,2,6240,2026,6,9,Tuesday,Camera
5416,2024-06-28,Furniture,Hyderabad,1936,9,17424,2024,6,28,Friday,Shoes
5417,2024-07-15,Furniture,Hyderabad,2146,7,15022,2024,7,15,Monday,Keyboard
5418,2025-11-24,Sports,Chennai,2921,5,14605,2025,11,24,Monday,Shoes
5419,2025-12-02,Clothing,Mumbai,807,9,7263,2025,12,2,Tuesday,Shoes
5420,2025-07-02,Sports,Delhi,4948,9,44532,2025,7,2,Wednesday,Headphones
5421,2024-09-15,Furniture,Mumbai,4210,4,16840,2024,9,15,Sunday,Camera
5422,2025-12-26,Furniture,Delhi,2645,1,2645,2025,12,26,Friday,Shoes
5423,2025-12-26,Furniture,Chennai,1576,2,3152,2025,12,26,Friday,Camera
5424,2025-09-29,Electronics,Delhi,1565,6,9390,2025,9,29,Monday,Bag
5425,2025-02-07,Groceries,Chennai,1423,8,11384,2025,2,7,Friday,Camera
5426,2024-10-05,Clothing,Hyderabad,1561,5,7805,2024,10,5,Saturday,Bag
5427,2025-01-03,Furniture,Mumbai,3246,9,29214,2025,1,3,Friday,Camera
5428,2025-05-28,Groceries,Bangalore,4455,10,44550,2025,5,28,Wednesday,TV
5429,2025-09-25,Furniture,Chennai,4176,5,20880,2025,9,25,Thursday,Laptop
5430,2026-04-10,Furniture,Mumbai,3854,4,15416,2026,4,10,Friday,Shoes
5431,2025-03-20,Groceries,Mumbai,2298,5,11490,2025,3,20,Thursday,Camera
5432,2025-08-21,Furniture,Hyderabad,2527,6,15162,2025,8,21,Thursday,Camera
5433,2026-04-05,Groceries,Bangalore,4416,6,26496,2026,4,5,Sunday,Laptop
5434,2025-06-17,Clothing,Hyderabad,3694,1,3694,2025,6,17,Tuesday,Tablet
5435,2026-04-16,Furniture,Chennai,4398,10,43980,2026,4,16,Thursday,Headphones
5436,2024-09-22,Electronics,Bangalore,468,10,4680,2024,9,22,Sunday,TV
5437,2026-03-05,Groceries,Delhi,1265,9,11385,2026,3,5,Thursday,TV
5438,2025-07-08,Clothing,Hyderabad,3878,8,31024,2025,7,8,Tuesday,Bag
5439,2025-11-21,Groceries,Hyderabad,2374,3,7122,2025,11,21,Friday,Bag
5440,2025-09-10,Furniture,Chennai,2792,6,16752,2025,9,10,Wednesday,Headphones
5441,2025-12-19,Furniture,Hyderabad,2503,2,5006,2025,12,19,Friday,TV
5442,2026-01-06,Clothing,Mumbai,943,1,943,2026,1,6,Tuesday,Headphones
5443,2025-01-17,Furniture,Delhi,4298,7,30086,2025,1,17,Friday,TV
5444,2025-06-22,Sports,Mumbai,3671,6,22026,2025,6,22,Sunday,TV
5445,2025-05-21,Furniture,Mumbai,3799,7,26593,2025,5,21,Wednesday,Bag
5446,2026-01-09,Clothing,Delhi,4605,8,36840,2026,1,9,Friday,TV
5447,2025-11-28,Groceries,Chennai,1359,5,6795,2025,11,28,Friday,Laptop
5448,2025-08-01,Sports,Bangalore,3902,5,19510,2025,8,1,Friday,Tablet
5449,2025-12-15,Furniture,Mumbai,3570,3,10710,2025,12,15,Monday,Tablet
5450,2024-08-03,Sports,Delhi,2419,9,21771,2024,8,3,Saturday,Camera
5451,2025-04-22,Sports,Chennai,4540,10,45400,2025,4,22,Tuesday,TV
5452,2024-08-18,Electronics,Hyderabad,2434,8,19472,2024,8,18,Sunday,Bag
5453,2024-07-05,Electronics,Hyderabad,4997,8,39976,2024,7,5,Friday,Phone
5454,2025-07-31,Groceries,Bangalore,283,1,283,2025,7,31,Thursday,Keyboard
5455,2025-02-05,Furniture,Delhi,3221,8,25768,2025,2,5,Wednesday,TV
5456,2026-05-18,Groceries,Bangalore,1864,2,3728,2026,5,18,Monday,Keyboard
5457,2024-11-21,Electronics,Chennai,4956,1,4956,2024,11,21,Thursday,Tablet
5458,2026-02-09,Groceries,Hyderabad,4306,2,8612,2026,2,9,Monday,TV
5459,2025-02-21,Furniture,Hyderabad,4777,6,28662,2025,2,21,Friday,Keyboard
5460,2025-05-09,Groceries,Hyderabad,968,9,8712,2025,5,9,Friday,Headphones
5461,2024-09-26,Furniture,Chennai,4214,8,33712,2024,9,26,Thursday,Watch
5462,2025-06-02,Furniture,Hyderabad,4212,3,12636,2025,6,2,Monday,Tablet
5463,2024-07-25,Clothing,Hyderabad,4705,3,14115,2024,7,25,Thursday,Camera
5464,2025-01-11,Furniture,Chennai,450,2,900,2025,1,11,Saturday,Tablet
5465,2026-06-18,Furniture,Hyderabad,356,8,2848,2026,6,18,Thursday,Bag
5466,2026-04-06,Sports,Hyderabad,2619,7,18333,2026,4,6,Monday,Phone
5467,2025-08-03,Clothing,Chennai,4615,8,36920,2025,8,3,Sunday,Shoes
5468,2026-04-11,Furniture,Delhi,1005,9,9045,2026,4,11,Saturday,Watch
5469,2025-06-28,Clothing,Mumbai,1222,6,7332,2025,6,28,Saturday,Tablet
5470,2025-10-30,Furniture,Mumbai,2578,3,7734,2025,10,30,Thursday,TV
5471,2026-05-17,Sports,Chennai,335,2,670,2026,5,17,Sunday,Phone
5472,2024-09-16,Groceries,Chennai,1689,4,6756,2024,9,16,Monday,Laptop
5473,2024-08-06,Clothing,Bangalore,3647,9,32823,2024,8,6,Tuesday,Bag
5474,2025-12-03,Clothing,Bangalore,3779,4,15116,2025,12,3,Wednesday,TV
5475,2024-08-23,Clothing,Chennai,4018,6,24108,2024,8,23,Friday,Shoes
5476,2025-03-01,Clothing,Chennai,4024,2,8048,2025,3,1,Saturday,Shoes
5477,2026-02-26,Clothing,Delhi,2893,1,2893,2026,2,26,Thursday,Watch
5478,2024-09-13,Clothing,Delhi,3420,1,3420,2024,9,13,Friday,Camera
5479,2025-04-29,Groceries,Mumbai,1679,2,3358,2025,4,29,Tuesday,Keyboard
5480,2025-01-03,Sports,Mumbai,2099,3,6297,2025,1,3,Friday,TV
5481,2026-02-17,Clothing,Bangalore,4772,4,19088,2026,2,17,Tuesday,Shoes
5482,2025-02-08,Groceries,Mumbai,3935,8,31480,2025,2,8,Saturday,Laptop
5483,2025-04-04,Clothing,Hyderabad,4337,2,8674,2025,4,4,Friday,Camera
5484,2026-06-23,Furniture,Chennai,355,1,355,2026,6,23,Tuesday,Tablet
5485,2026-05-20,Electronics,Hyderabad,4487,4,17948,2026,5,20,Wednesday,Laptop
5486,2025-02-08,Clothing,Mumbai,901,8,7208,2025,2,8,Saturday,Watch
5487,2026-01-22,Electronics,Delhi,1582,3,4746,2026,1,22,Thursday,Watch
5488,2025-03-20,Sports,Bangalore,2932,2,5864,2025,3,20,Thursday,Phone
5489,2024-11-28,Clothing,Bangalore,3132,8,25056,2024,11,28,Thursday,Headphones
5490,2024-10-19,Furniture,Hyderabad,3177,6,19062,2024,10,19,Saturday,Bag
5491,2024-08-14,Groceries,Mumbai,795,7,5565,2024,8,14,Wednesday,TV
5492,2025-03-11,Electronics,Mumbai,109,7,763,2025,3,11,Tuesday,Phone
5493,2025-05-06,Groceries,Hyderabad,739,9,6651,2025,5,6,Tuesday,Bag
5494,2025-06-18,Electronics,Mumbai,4554,7,31878,2025,6,18,Wednesday,Camera
5495,2026-06-23,Groceries,Hyderabad,1982,5,9910,2026,6,23,Tuesday,Keyboard
5496,2025-07-11,Clothing,Mumbai,2421,4,9684,2025,7,11,Friday,Camera
5497,2025-08-28,Sports,Mumbai,1493,5,7465,2025,8,28,Thursday,Bag
5498,2025-11-17,Furniture,Mumbai,2472,10,24720,2025,11,17,Monday,Watch
5499,2024-11-17,Furniture,Chennai,347,5,1735,2024,11,17,Sunday,Camera
5500,2026-04-13,Electronics,Delhi,1494,2,2988,2026,4,13,Monday,Keyboard
5501,2026-05-08,Electronics,Bangalore,4069,4,16276,2026,5,8,Friday,Headphones
5502,2025-04-13,Electronics,Mumbai,2768,5,13840,2025,4,13,Sunday,Tablet
5503,2026-03-27,Clothing,Delhi,2081,1,2081,2026,3,27,Friday,Phone
5504,2026-03-24,Clothing,Mumbai,4342,2,8684,2026,3,24,Tuesday,Camera
5505,2025-09-25,Sports,Hyderabad,343,4,1372,2025,9,25,Thursday,Bag
5506,2025-04-22,Furniture,Bangalore,1553,8,12424,2025,4,22,Tuesday,Laptop
5507,2026-01-20,Clothing,Chennai,4963,6,29778,2026,1,20,Tuesday,Bag
5508,2025-09-25,Clothing,Hyderabad,4058,3,12174,2025,9,25,Thursday,Laptop
5509,2026-02-02,Furniture,Chennai,3861,3,11583,2026,2,2,Monday,Phone
5510,2025-12-12,Groceries,Bangalore,2560,2,5120,2025,12,12,Friday,Phone
5511,2024-10-30,Clothing,Chennai,2229,8,17832,2024,10,30,Wednesday,Phone
5512,2026-01-05,Sports,Mumbai,4166,9,37494,2026,1,5,Monday,Watch
5513,2025-01-21,Groceries,Hyderabad,189,9,1701,2025,1,21,Tuesday,Keyboard
5514,2025-03-26,Clothing,Delhi,1708,8,13664,2025,3,26,Wednesday,Shoes
5515,2024-12-09,Groceries,Chennai,2851,7,19957,2024,12,9,Monday,Watch
5516,2024-09-27,Furniture,Chennai,3308,4,13232,2024,9,27,Friday,Headphones
5517,2024-08-24,Groceries,Bangalore,4549,3,13647,2024,8,24,Saturday,Camera
5518,2025-10-20,Furniture,Delhi,1141,9,10269,2025,10,20,Monday,Keyboard
5519,2025-08-11,Clothing,Mumbai,4120,3,12360,2025,8,11,Monday,Tablet
5520,2025-01-09,Groceries,Hyderabad,4016,10,40160,2025,1,9,Thursday,Watch
5521,2025-10-28,Electronics,Chennai,682,3,2046,2025,10,28,Tuesday,Shoes
5522,2024-12-24,Electronics,Bangalore,627,3,1881,2024,12,24,Tuesday,TV
5523,2025-04-16,Electronics,Mumbai,3319,1,3319,2025,4,16,Wednesday,Phone
5524,2026-03-29,Furniture,Mumbai,3382,1,3382,2026,3,29,Sunday,Tablet
5525,2025-07-19,Clothing,Bangalore,2343,2,4686,2025,7,19,Saturday,Watch
5526,2025-03-28,Furniture,Mumbai,512,7,3584,2025,3,28,Friday,Laptop
5527,2026-03-10,Electronics,Mumbai,2427,6,14562,2026,3,10,Tuesday,Laptop
5528,2025-04-24,Clothing,Bangalore,3384,2,6768,2025,4,24,Thursday,Phone
5529,2024-11-30,Furniture,Mumbai,2810,7,19670,2024,11,30,Saturday,Keyboard
5530,2024-08-04,Sports,Hyderabad,4596,5,22980,2024,8,4,Sunday,Bag
5531,2025-10-11,Furniture,Chennai,2563,5,12815,2025,10,11,Saturday,Bag
5532,2025-09-26,Sports,Hyderabad,831,7,5817,2025,9,26,Friday,Camera
5533,2025-06-29,Furniture,Delhi,1579,8,12632,2025,6,29,Sunday,Bag
5534,2026-04-27,Clothing,Mumbai,3982,7,27874,2026,4,27,Monday,Bag
5535,2025-05-07,Clothing,Hyderabad,2039,6,12234,2025,5,7,Wednesday,TV
5536,2024-07-03,Clothing,Mumbai,3330,1,3330,2024,7,3,Wednesday,Camera
5537,2025-10-17,Clothing,Bangalore,2901,6,17406,2025,10,17,Friday,Phone
5538,2024-09-22,Sports,Hyderabad,3552,2,7104,2024,9,22,Sunday,Tablet
5539,2024-11-01,Sports,Hyderabad,963,1,963,2024,11,1,Friday,Laptop
5540,2025-02-28,Sports,Chennai,3739,7,26173,2025,2,28,Friday,Keyboard
5541,2025-07-24,Furniture,Delhi,798,10,7980,2025,7,24,Thursday,TV
5542,2025-03-19,Groceries,Mumbai,3733,6,22398,2025,3,19,Wednesday,Phone
5543,2025-05-29,Sports,Delhi,2497,3,7491,2025,5,29,Thursday,Watch
5544,2025-06-23,Groceries,Chennai,3570,1,3570,2025,6,23,Monday,Watch
5545,2026-03-20,Electronics,Bangalore,4712,2,9424,2026,3,20,Friday,Laptop
5546,2025-12-13,Groceries,Bangalore,2937,3,8811,2025,12,13,Saturday,Bag
5547,2026-06-24,Electronics,Mumbai,3301,7,23107,2026,6,24,Wednesday,Shoes
5548,2025-11-01,Electronics,Hyderabad,3697,4,14788,2025,11,1,Saturday,Phone
5549,2024-08-31,Electronics,Bangalore,251,7,1757,2024,8,31,Saturday,Tablet
5550,2024-11-05,Furniture,Mumbai,179,6,1074,2024,11,5,Tuesday,Phone
5551,2026-05-23,Groceries,Hyderabad,4426,9,39834,2026,5,23,Saturday,Camera
5552,2024-09-05,Sports,Bangalore,3660,1,3660,2024,9,5,Thursday,Watch
5553,2025-06-09,Furniture,Mumbai,3896,5,19480,2025,6,9,Monday,Watch
5554,2024-07-31,Clothing,Mumbai,3758,10,37580,2024,7,31,Wednesday,Bag
5555,2024-10-16,Clothing,Chennai,4199,7,29393,2024,10,16,Wednesday,TV
5556,2025-03-04,Furniture,Bangalore,3713,9,33417,2025,3,4,Tuesday,Tablet
5557,2026-01-02,Electronics,Chennai,2786,10,27860,2026,1,2,Friday,Keyboard
5558,2026-05-23,Electronics,Chennai,2818,10,28180,2026,5,23,Saturday,Laptop
5559,2025-04-25,Groceries,Hyderabad,1018,1,1018,2025,4,25,Friday,Tablet
5560,2025-08-22,Groceries,Mumbai,1082,4,4328,2025,8,22,Friday,Laptop
5561,2025-08-09,Sports,Chennai,3472,9,31248,2025,8,9,Saturday,Shoes
5562,2025-07-15,Clothing,Mumbai,2156,7,15092,2025,7,15,Tuesday,TV
5563,2025-05-05,Electronics,Bangalore,171,9,1539,2025,5,5,Monday,Headphones
5564,2024-12-20,Sports,Hyderabad,2150,10,21500,2024,12,20,Friday,Tablet
5565,2025-01-10,Sports,Chennai,2779,3,8337,2025,1,10,Friday,TV
5566,2024-07-02,Furniture,Delhi,405,3,1215,2024,7,2,Tuesday,TV
5567,2026-03-13,Sports,Hyderabad,988,8,7904,2026,3,13,Friday,Bag
5568,2026-02-09,Furniture,Delhi,1813,7,12691,2026,2,9,Monday,Shoes
5569,2024-09-20,Electronics,Chennai,3081,10,30810,2024,9,20,Friday,Headphones
5570,2026-03-11,Groceries,Hyderabad,2719,10,27190,2026,3,11,Wednesday,Shoes
5571,2025-11-07,Sports,Bangalore,4426,10,44260,2025,11,7,Friday,Headphones
5572,2024-11-13,Clothing,Mumbai,4091,4,16364,2024,11,13,Wednesday,Headphones
5573,2025-05-27,Furniture,Delhi,4674,1,4674,2025,5,27,Tuesday,Camera
5574,2025-12-12,Electronics,Bangalore,476,4,1904,2025,12,12,Friday,TV
5575,2024-10-08,Clothing,Mumbai,4237,2,8474,2024,10,8,Tuesday,Bag
5576,2026-05-06,Clothing,Chennai,3284,10,32840,2026,5,6,Wednesday,Shoes
5577,2026-03-17,Electronics,Bangalore,3431,3,10293,2026,3,17,Tuesday,Bag
5578,2025-01-19,Sports,Hyderabad,570,4,2280,2025,1,19,Sunday,Camera
5579,2024-07-05,Furniture,Mumbai,1270,6,7620,2024,7,5,Friday,Shoes
5580,2026-06-03,Furniture,Mumbai,2979,7,20853,2026,6,3,Wednesday,Tablet
5581,2024-07-19,Furniture,Bangalore,297,3,891,2024,7,19,Friday,Watch
5582,2024-11-26,Sports,Delhi,708,8,5664,2024,11,26,Tuesday,Laptop
5583,2026-01-30,Sports,Hyderabad,3283,7,22981,2026,1,30,Friday,Camera
5584,2026-01-04,Furniture,Mumbai,1896,8,15168,2026,1,4,Sunday,Phone
5585,2025-09-20,Furniture,Mumbai,342,8,2736,2025,9,20,Saturday,Bag
5586,2026-05-03,Furniture,Hyderabad,1593,3,4779,2026,5,3,Sunday,Laptop
5587,2025-11-26,Electronics,Mumbai,1034,1,1034,2025,11,26,Wednesday,Tablet
5588,2024-10-08,Electronics,Mumbai,413,3,1239,2024,10,8,Tuesday,Bag
5589,2025-07-02,Electronics,Delhi,1264,4,5056,2025,7,2,Wednesday,Laptop
5590,2026-02-27,Groceries,Chennai,4716,6,28296,2026,2,27,Friday,Keyboard
5591,2024-08-01,Sports,Hyderabad,1083,5,5415,2024,8,1,Thursday,Phone
5592,2025-12-11,Sports,Hyderabad,1120,8,8960,2025,12,11,Thursday,TV
5593,2025-10-20,Furniture,Mumbai,452,2,904,2025,10,20,Monday,Shoes
5594,2025-02-28,Clothing,Mumbai,883,1,883,2025,2,28,Friday,Tablet
5595,2026-02-11,Clothing,Mumbai,2926,2,5852,2026,2,11,Wednesday,Watch
5596,2025-06-05,Furniture,Mumbai,979,10,9790,2025,6,5,Thursday,Keyboard
5597,2025-06-18,Clothing,Delhi,3258,1,3258,2025,6,18,Wednesday,Keyboard
5598,2025-06-05,Groceries,Chennai,509,6,3054,2025,6,5,Thursday,TV
5599,2024-08-10,Furniture,Delhi,2076,3,6228,2024,8,10,Saturday,Bag
5600,2026-01-25,Groceries,Mumbai,698,5,3490,2026,1,25,Sunday,Shoes
5601,2025-12-02,Sports,Mumbai,599,4,2396,2025,12,2,Tuesday,Laptop
5602,2026-01-25,Furniture,Chennai,3720,8,29760,2026,1,25,Sunday,Shoes
5603,2025-09-25,Sports,Hyderabad,847,6,5082,2025,9,25,Thursday,Watch
5604,2025-05-22,Sports,Chennai,3695,10,36950,2025,5,22,Thursday,Tablet
5605,2026-02-27,Sports,Bangalore,4485,2,8970,2026,2,27,Friday,Phone
5606,2025-09-20,Clothing,Mumbai,1178,10,11780,2025,9,20,Saturday,Bag
5607,2025-06-25,Groceries,Bangalore,1048,8,8384,2025,6,25,Wednesday,Watch
5608,2025-11-22,Furniture,Mumbai,4515,2,9030,2025,11,22,Saturday,Tablet
5609,2026-01-27,Furniture,Hyderabad,3306,10,33060,2026,1,27,Tuesday,Bag
5610,2025-10-11,Groceries,Hyderabad,4459,7,31213,2025,10,11,Saturday,Laptop
5611,2024-06-28,Sports,Bangalore,981,2,1962,2024,6,28,Friday,Bag
5612,2024-09-18,Furniture,Delhi,2838,7,19866,2024,9,18,Wednesday,Headphones
5613,2025-01-26,Groceries,Bangalore,1022,5,5110,2025,1,26,Sunday,Shoes
5614,2026-03-22,Furniture,Bangalore,1694,1,1694,2026,3,22,Sunday,Bag
5615,2025-07-28,Sports,Hyderabad,2362,6,14172,2025,7,28,Monday,Bag
5616,2024-08-27,Groceries,Bangalore,3523,7,24661,2024,8,27,Tuesday,Camera
5617,2025-06-05,Furniture,Chennai,2356,1,2356,2025,6,5,Thursday,Keyboard
5618,2024-12-12,Sports,Delhi,1238,3,3714,2024,12,12,Thursday,Watch
5619,2024-12-14,Furniture,Delhi,4648,4,18592,2024,12,14,Saturday,Keyboard
5620,2025-09-27,Clothing,Bangalore,3281,3,9843,2025,9,27,Saturday,Watch
5621,2025-10-04,Clothing,Bangalore,1188,2,2376,2025,10,4,Saturday,Shoes
5622,2025-11-18,Groceries,Mumbai,2952,4,11808,2025,11,18,Tuesday,Watch
5623,2024-09-11,Electronics,Delhi,3742,4,14968,2024,9,11,Wednesday,Phone
5624,2025-11-23,Clothing,Mumbai,3580,9,32220,2025,11,23,Sunday,Headphones
5625,2026-04-26,Groceries,Bangalore,1097,9,9873,2026,4,26,Sunday,Laptop
5626,2026-03-14,Electronics,Mumbai,187,8,1496,2026,3,14,Saturday,Bag
5627,2025-09-07,Clothing,Delhi,1803,4,7212,2025,9,7,Sunday,TV
5628,2025-01-02,Sports,Delhi,455,9,4095,2025,1,2,Thursday,Camera
5629,2025-06-12,Groceries,Bangalore,4943,4,19772,2025,6,12,Thursday,TV
5630,2024-12-26,Sports,Delhi,4532,1,4532,2024,12,26,Thursday,Laptop
5631,2025-05-05,Furniture,Hyderabad,613,7,4291,2025,5,5,Monday,Tablet
5632,2026-04-27,Clothing,Mumbai,4286,7,30002,2026,4,27,Monday,Shoes
5633,2024-08-20,Furniture,Mumbai,1220,3,3660,2024,8,20,Tuesday,Shoes
5634,2025-10-11,Clothing,Mumbai,3998,9,35982,2025,10,11,Saturday,Phone
5635,2025-10-22,Clothing,Hyderabad,4158,2,8316,2025,10,22,Wednesday,Laptop
5636,2025-06-19,Furniture,Chennai,4058,7,28406,2025,6,19,Thursday,Tablet
5637,2025-04-21,Electronics,Mumbai,1547,10,15470,2025,4,21,Monday,Watch
5638,2025-05-20,Furniture,Mumbai,247,4,988,2025,5,20,Tuesday,Bag
5639,2024-12-07,Groceries,Bangalore,4513,10,45130,2024,12,7,Saturday,Shoes
5640,2025-10-03,Electronics,Delhi,2639,9,23751,2025,10,3,Friday,Phone
5641,2025-06-02,Electronics,Chennai,3945,10,39450,2025,6,2,Monday,Laptop
5642,2025-09-05,Groceries,Chennai,1733,8,13864,2025,9,5,Friday,Phone
5643,2025-10-01,Furniture,Bangalore,1782,3,5346,2025,10,1,Wednesday,TV
5644,2026-02-12,Sports,Hyderabad,1777,4,7108,2026,2,12,Thursday,TV
5645,2024-12-27,Electronics,Chennai,4906,10,49060,2024,12,27,Friday,Phone
5646,2026-01-02,Furniture,Delhi,4477,7,31339,2026,1,2,Friday,Keyboard
5647,2026-04-24,Groceries,Hyderabad,2634,10,26340,2026,4,24,Friday,Bag
5648,2025-05-21,Electronics,Chennai,3049,4,12196,2025,5,21,Wednesday,Camera
5649,2026-06-08,Sports,Hyderabad,3186,6,19116,2026,6,8,Monday,Camera
5650,2025-03-14,Electronics,Bangalore,208,9,1872,2025,3,14,Friday,Headphones
5651,2025-05-06,Sports,Hyderabad,1042,8,8336,2025,5,6,Tuesday,Bag
5652,2026-06-16,Furniture,Bangalore,4685,4,18740,2026,6,16,Tuesday,Watch
5653,2025-08-30,Furniture,Bangalore,4227,9,38043,2025,8,30,Saturday,Watch
5654,2024-12-01,Electronics,Chennai,204,9,1836,2024,12,1,Sunday,Shoes
5655,2026-03-16,Clothing,Bangalore,1604,7,11228,2026,3,16,Monday,Headphones
5656,2025-05-09,Groceries,Chennai,4629,3,13887,2025,5,9,Friday,Headphones
5657,2025-03-10,Electronics,Bangalore,1810,2,3620,2025,3,10,Monday,Headphones
5658,2024-07-30,Groceries,Chennai,4976,6,29856,2024,7,30,Tuesday,Headphones
5659,2026-03-09,Clothing,Chennai,2466,8,19728,2026,3,9,Monday,Laptop
5660,2025-04-09,Electronics,Hyderabad,4263,10,42630,2025,4,9,Wednesday,Laptop
5661,2025-10-16,Groceries,Mumbai,1755,8,14040,2025,10,16,Thursday,Shoes
5662,2024-09-20,Furniture,Delhi,212,2,424,2024,9,20,Friday,TV
5663,2026-01-11,Electronics,Chennai,4457,5,22285,2026,1,11,Sunday,TV
5664,2026-03-13,Sports,Delhi,2002,1,2002,2026,3,13,Friday,Laptop
5665,2024-08-18,Sports,Chennai,3949,1,3949,2024,8,18,Sunday,TV
5666,2024-07-02,Sports,Delhi,4819,3,14457,2024,7,2,Tuesday,Shoes
5667,2025-09-09,Clothing,Chennai,1556,5,7780,2025,9,9,Tuesday,TV
5668,2025-04-30,Sports,Delhi,2142,10,21420,2025,4,30,Wednesday,Camera
5669,2024-08-18,Furniture,Chennai,4767,2,9534,2024,8,18,Sunday,Shoes
5670,2025-06-09,Furniture,Bangalore,1571,3,4713,2025,6,9,Monday,TV
5671,2026-06-20,Sports,Chennai,2536,10,25360,2026,6,20,Saturday,Watch
5672,2026-01-31,Clothing,Bangalore,4339,6,26034,2026,1,31,Saturday,Bag
5673,2025-03-19,Groceries,Mumbai,1417,9,12753,2025,3,19,Wednesday,TV
5674,2026-05-30,Furniture,Mumbai,2052,4,8208,2026,5,30,Saturday,Laptop
5675,2025-11-24,Groceries,Delhi,1476,2,2952,2025,11,24,Monday,Keyboard
5676,2026-06-02,Electronics,Bangalore,3975,5,19875,2026,6,2,Tuesday,TV
5677,2024-11-03,Electronics,Chennai,4396,1,4396,2024,11,3,Sunday,Watch
5678,2025-04-05,Furniture,Mumbai,993,6,5958,2025,4,5,Saturday,Tablet
5679,2026-04-13,Clothing,Chennai,1538,6,9228,2026,4,13,Monday,Tablet
5680,2024-08-04,Groceries,Delhi,2410,5,12050,2024,8,4,Sunday,Shoes
5681,2024-07-02,Furniture,Delhi,1181,10,11810,2024,7,2,Tuesday,TV
5682,2025-05-18,Furniture,Chennai,2925,9,26325,2025,5,18,Sunday,TV
5683,2025-11-03,Furniture,Chennai,4604,3,13812,2025,11,3,Monday,Camera
5684,2025-12-03,Sports,Hyderabad,2491,5,12455,2025,12,3,Wednesday,Camera
5685,2026-04-11,Groceries,Bangalore,1708,3,5124,2026,4,11,Saturday,Camera
5686,2025-10-09,Sports,Bangalore,1425,8,11400,2025,10,9,Thursday,Keyboard
5687,2025-03-02,Groceries,Hyderabad,4178,8,33424,2025,3,2,Sunday,Headphones
5688,2025-08-06,Groceries,Chennai,3826,10,38260,2025,8,6,Wednesday,Shoes
5689,2026-04-30,Groceries,Hyderabad,4747,10,47470,2026,4,30,Thursday,TV
5690,2024-08-20,Furniture,Chennai,1289,8,10312,2024,8,20,Tuesday,Shoes
5691,2024-08-09,Groceries,Delhi,104,1,104,2024,8,9,Friday,Shoes
5692,2024-11-28,Groceries,Hyderabad,2050,8,16400,2024,11,28,Thursday,TV
5693,2025-07-20,Furniture,Hyderabad,1247,3,3741,2025,7,20,Sunday,Tablet
5694,2025-03-25,Groceries,Mumbai,2087,7,14609,2025,3,25,Tuesday,TV
5695,2025-10-02,Sports,Hyderabad,3051,2,6102,2025,10,2,Thursday,Headphones
5696,2025-06-12,Groceries,Bangalore,4178,7,29246,2025,6,12,Thursday,Bag
5697,2025-09-07,Furniture,Bangalore,2522,4,10088,2025,9,7,Sunday,Bag
5698,2025-07-13,Electronics,Hyderabad,3150,2,6300,2025,7,13,Sunday,Watch
5699,2025-03-25,Sports,Delhi,2031,9,18279,2025,3,25,Tuesday,Camera
5700,2025-10-05,Sports,Delhi,4371,10,43710,2025,10,5,Sunday,Shoes
5701,2024-12-09,Furniture,Mumbai,4048,8,32384,2024,12,9,Monday,Watch
5702,2025-12-26,Electronics,Chennai,3688,4,14752,2025,12,26,Friday,Watch
5703,2024-10-23,Electronics,Bangalore,1359,5,6795,2024,10,23,Wednesday,Headphones
5704,2025-09-10,Furniture,Hyderabad,4024,8,32192,2025,9,10,Wednesday,Bag
5705,2024-10-13,Furniture,Mumbai,4649,8,37192,2024,10,13,Sunday,Tablet
5706,2024-12-30,Furniture,Mumbai,3549,6,21294,2024,12,30,Monday,Shoes
5707,2024-07-22,Groceries,Chennai,3715,4,14860,2024,7,22,Monday,Shoes
5708,2025-02-24,Furniture,Hyderabad,2225,2,4450,2025,2,24,Monday,Camera
5709,2026-03-31,Groceries,Hyderabad,852,2,1704,2026,3,31,Tuesday,Camera
5710,2025-12-04,Electronics,Chennai,335,8,2680,2025,12,4,Thursday,Camera
5711,2026-01-26,Groceries,Chennai,2603,5,13015,2026,1,26,Monday,Shoes
5712,2025-05-01,Sports,Mumbai,2531,9,22779,2025,5,1,Thursday,Phone
5713,2024-09-24,Furniture,Hyderabad,3171,10,31710,2024,9,24,Tuesday,Tablet
5714,2025-07-27,Furniture,Hyderabad,1041,9,9369,2025,7,27,Sunday,Bag
5715,2025-05-23,Sports,Chennai,612,6,3672,2025,5,23,Friday,Headphones
5716,2025-02-08,Clothing,Mumbai,1595,4,6380,2025,2,8,Saturday,Laptop
5717,2026-03-22,Groceries,Mumbai,1559,9,14031,2026,3,22,Sunday,Tablet
5718,2025-04-10,Clothing,Bangalore,2073,10,20730,2025,4,10,Thursday,Headphones
5719,2024-12-30,Sports,Delhi,4474,7,31318,2024,12,30,Monday,Headphones
5720,2025-04-25,Sports,Chennai,3903,8,31224,2025,4,25,Friday,Watch
5721,2026-06-16,Groceries,Hyderabad,4130,4,16520,2026,6,16,Tuesday,TV
5722,2024-09-16,Furniture,Delhi,2023,2,4046,2024,9,16,Monday,Tablet
5723,2024-07-09,Groceries,Delhi,4572,4,18288,2024,7,9,Tuesday,Keyboard
5724,2025-02-26,Groceries,Hyderabad,3058,2,6116,2025,2,26,Wednesday,Bag
5725,2026-06-18,Sports,Mumbai,1459,4,5836,2026,6,18,Thursday,Keyboard
5726,2025-08-17,Groceries,Hyderabad,1784,10,17840,2025,8,17,Sunday,Laptop
5727,2026-06-09,Sports,Delhi,4079,10,40790,2026,6,9,Tuesday,Keyboard
5728,2026-02-07,Groceries,Chennai,887,5,4435,2026,2,7,Saturday,TV
5729,2026-03-29,Sports,Bangalore,1020,5,5100,2026,3,29,Sunday,Bag
5730,2026-01-28,Groceries,Mumbai,3299,8,26392,2026,1,28,Wednesday,Camera
5731,2025-08-26,Furniture,Hyderabad,1819,4,7276,2025,8,26,Tuesday,Watch
5732,2024-07-23,Sports,Hyderabad,4692,9,42228,2024,7,23,Tuesday,Shoes
5733,2024-10-30,Sports,Hyderabad,3928,9,35352,2024,10,30,Wednesday,Shoes
5734,2024-06-29,Groceries,Bangalore,4550,8,36400,2024,6,29,Saturday,Keyboard
5735,2024-09-27,Clothing,Bangalore,799,10,7990,2024,9,27,Friday,Laptop
5736,2024-10-11,Furniture,Chennai,985,1,985,2024,10,11,Friday,Camera
5737,2025-08-20,Electronics,Chennai,4289,10,42890,2025,8,20,Wednesday,Shoes
5738,2025-11-02,Furniture,Bangalore,775,7,5425,2025,11,2,Sunday,TV
5739,2026-04-08,Sports,Hyderabad,4532,6,27192,2026,4,8,Wednesday,Shoes
5740,2024-07-06,Sports,Bangalore,3864,3,11592,2024,7,6,Saturday,Tablet
5741,2025-06-16,Clothing,Bangalore,4769,4,19076,2025,6,16,Monday,Laptop
5742,2025-09-01,Furniture,Bangalore,3216,3,9648,2025,9,1,Monday,Watch
5743,2026-03-27,Clothing,Bangalore,1312,2,2624,2026,3,27,Friday,Watch
5744,2024-12-30,Sports,Mumbai,4060,5,20300,2024,12,30,Monday,Laptop
5745,2025-08-13,Clothing,Bangalore,1741,8,13928,2025,8,13,Wednesday,Shoes
5746,2025-12-05,Electronics,Chennai,4267,9,38403,2025,12,5,Friday,Camera
5747,2025-06-24,Furniture,Delhi,653,3,1959,2025,6,24,Tuesday,Keyboard
5748,2025-06-15,Sports,Bangalore,1957,1,1957,2025,6,15,Sunday,Headphones
5749,2025-01-31,Furniture,Bangalore,3036,1,3036,2025,1,31,Friday,Camera
5750,2026-05-05,Groceries,Mumbai,4201,5,21005,2026,5,5,Tuesday,Phone
5751,2026-04-09,Sports,Mumbai,1740,6,10440,2026,4,9,Thursday,Phone
5752,2025-01-24,Electronics,Mumbai,2873,10,28730,2025,1,24,Friday,TV
5753,2024-10-20,Sports,Bangalore,3662,7,25634,2024,10,20,Sunday,Shoes
5754,2025-04-13,Clothing,Chennai,2861,1,2861,2025,4,13,Sunday,Watch
5755,2025-05-31,Clothing,Bangalore,2828,6,16968,2025,5,31,Saturday,Bag
5756,2026-03-08,Clothing,Delhi,2358,6,14148,2026,3,8,Sunday,TV
5757,2026-06-20,Clothing,Bangalore,3980,7,27860,2026,6,20,Saturday,Phone
5758,2026-06-16,Groceries,Hyderabad,1874,4,7496,2026,6,16,Tuesday,Bag
5759,2025-05-27,Clothing,Mumbai,3183,8,25464,2025,5,27,Tuesday,Phone
5760,2025-09-12,Furniture,Delhi,4931,6,29586,2025,9,12,Friday,Watch
5761,2026-04-13,Sports,Bangalore,2569,2,5138,2026,4,13,Monday,Watch
5762,2024-09-18,Clothing,Mumbai,1304,4,5216,2024,9,18,Wednesday,Phone
5763,2026-02-11,Clothing,Hyderabad,789,1,789,2026,2,11,Wednesday,Tablet
5764,2026-01-07,Electronics,Chennai,2450,1,2450,2026,1,7,Wednesday,Phone
5765,2024-11-03,Sports,Bangalore,2443,9,21987,2024,11,3,Sunday,Keyboard
5766,2025-08-27,Clothing,Delhi,4665,4,18660,2025,8,27,Wednesday,Laptop
5767,2025-02-02,Sports,Delhi,1254,5,6270,2025,2,2,Sunday,Camera
5768,2025-12-13,Electronics,Chennai,1903,7,13321,2025,12,13,Saturday,TV
5769,2026-01-31,Furniture,Bangalore,565,6,3390,2026,1,31,Saturday,Laptop
5770,2025-10-04,Groceries,Delhi,714,3,2142,2025,10,4,Saturday,Laptop
5771,2026-05-06,Sports,Chennai,521,5,2605,2026,5,6,Wednesday,Tablet
5772,2024-08-04,Sports,Delhi,228,1,228,2024,8,4,Sunday,Camera
5773,2026-03-28,Furniture,Delhi,1923,3,5769,2026,3,28,Saturday,Camera
5774,2026-06-03,Electronics,Bangalore,1212,3,3636,2026,6,3,Wednesday,Keyboard
5775,2025-10-25,Electronics,Mumbai,4204,2,8408,2025,10,25,Saturday,Watch
5776,2026-02-19,Groceries,Bangalore,3632,5,18160,2026,2,19,Thursday,Watch
5777,2025-01-01,Furniture,Bangalore,479,7,3353,2025,1,1,Wednesday,Camera
5778,2026-01-19,Electronics,Delhi,3842,4,15368,2026,1,19,Monday,TV
5779,2024-12-13,Clothing,Bangalore,2224,10,22240,2024,12,13,Friday,Bag
5780,2025-09-09,Furniture,Chennai,3204,8,25632,2025,9,9,Tuesday,Camera
5781,2026-05-17,Electronics,Delhi,2962,9,26658,2026,5,17,Sunday,Keyboard
5782,2025-09-27,Clothing,Mumbai,2089,10,20890,2025,9,27,Saturday,TV
5783,2026-03-31,Sports,Mumbai,3944,10,39440,2026,3,31,Tuesday,TV
5784,2025-12-19,Groceries,Hyderabad,970,5,4850,2025,12,19,Friday,Camera
5785,2025-07-06,Electronics,Delhi,4987,10,49870,2025,7,6,Sunday,Bag
5786,2025-01-18,Furniture,Mumbai,110,8,880,2025,1,18,Saturday,Shoes
5787,2026-05-30,Sports,Chennai,4689,10,46890,2026,5,30,Saturday,Headphones
5788,2025-09-27,Electronics,Bangalore,3824,4,15296,2025,9,27,Saturday,Bag
5789,2026-02-23,Electronics,Mumbai,3540,4,14160,2026,2,23,Monday,Tablet
5790,2025-06-27,Sports,Delhi,2647,6,15882,2025,6,27,Friday,Headphones
5791,2025-09-10,Furniture,Hyderabad,1102,7,7714,2025,9,10,Wednesday,Watch
5792,2024-07-20,Electronics,Chennai,4884,5,24420,2024,7,20,Saturday,Camera
5793,2025-05-05,Clothing,Delhi,3728,4,14912,2025,5,5,Monday,Keyboard
5794,2024-12-02,Clothing,Delhi,134,10,1340,2024,12,2,Monday,Phone
5795,2025-03-09,Electronics,Mumbai,185,8,1480,2025,3,9,Sunday,Tablet
5796,2025-05-21,Clothing,Chennai,4855,4,19420,2025,5,21,Wednesday,Keyboard
5797,2024-08-18,Furniture,Chennai,3204,1,3204,2024,8,18,Sunday,Camera
5798,2024-10-09,Sports,Chennai,3900,6,23400,2024,10,9,Wednesday,TV
5799,2025-04-15,Groceries,Delhi,812,4,3248,2025,4,15,Tuesday,Watch
5800,2025-02-12,Groceries,Hyderabad,4738,10,47380,2025,2,12,Wednesday,Bag
5801,2024-10-28,Clothing,Hyderabad,2137,6,12822,2024,10,28,Monday,TV
5802,2024-09-14,Clothing,Delhi,1085,8,8680,2024,9,14,Saturday,Phone
5803,2026-01-11,Sports,Delhi,4147,10,41470,2026,1,11,Sunday,Phone
5804,2025-08-13,Furniture,Mumbai,1256,10,12560,2025,8,13,Wednesday,Tablet
5805,2025-05-20,Groceries,Delhi,3461,4,13844,2025,5,20,Tuesday,Headphones
5806,2025-01-28,Sports,Chennai,3515,6,21090,2025,1,28,Tuesday,Keyboard
5807,2024-07-09,Clothing,Chennai,535,1,535,2024,7,9,Tuesday,Tablet
5808,2025-02-14,Electronics,Chennai,4184,6,25104,2025,2,14,Friday,Camera
5809,2025-08-28,Furniture,Chennai,637,8,5096,2025,8,28,Thursday,Tablet
5810,2026-01-06,Furniture,Bangalore,1585,2,3170,2026,1,6,Tuesday,Laptop
5811,2025-06-15,Sports,Hyderabad,4657,5,23285,2025,6,15,Sunday,Watch
5812,2026-03-08,Sports,Bangalore,2424,8,19392,2026,3,8,Sunday,Bag
5813,2024-07-08,Electronics,Bangalore,2456,3,7368,2024,7,8,Monday,Laptop
5814,2026-05-30,Groceries,Bangalore,2591,8,20728,2026,5,30,Saturday,Keyboard
5815,2025-11-09,Groceries,Chennai,1796,5,8980,2025,11,9,Sunday,Camera
5816,2025-05-03,Clothing,Hyderabad,1599,2,3198,2025,5,3,Saturday,Headphones
5817,2025-06-06,Sports,Mumbai,2500,1,2500,2025,6,6,Friday,Watch
5818,2024-09-23,Clothing,Delhi,2414,8,19312,2024,9,23,Monday,Watch
5819,2026-06-28,Clothing,Chennai,3610,10,36100,2026,6,28,Sunday,Watch
5820,2025-05-10,Sports,Mumbai,1312,8,10496,2025,5,10,Saturday,Bag
5821,2025-10-23,Clothing,Delhi,4270,10,42700,2025,10,23,Thursday,TV
5822,2024-11-10,Electronics,Delhi,3770,10,37700,2024,11,10,Sunday,TV
5823,2025-06-14,Sports,Delhi,1308,6,7848,2025,6,14,Saturday,Camera
5824,2025-02-13,Sports,Bangalore,4841,2,9682,2025,2,13,Thursday,Bag
5825,2025-06-12,Furniture,Bangalore,4762,9,42858,2025,6,12,Thursday,Laptop
5826,2024-10-25,Furniture,Delhi,1426,7,9982,2024,10,25,Friday,Watch
5827,2025-04-23,Sports,Chennai,2144,1,2144,2025,4,23,Wednesday,Phone
5828,2025-09-24,Clothing,Bangalore,2593,4,10372,2025,9,24,Wednesday,Shoes
5829,2025-01-20,Groceries,Hyderabad,1151,9,10359,2025,1,20,Monday,Camera
5830,2024-11-24,Clothing,Hyderabad,3271,4,13084,2024,11,24,Sunday,Watch
5831,2025-02-18,Clothing,Chennai,4192,3,12576,2025,2,18,Tuesday,Headphones
5832,2024-12-01,Groceries,Chennai,3909,7,27363,2024,12,1,Sunday,Keyboard
5833,2025-02-05,Groceries,Bangalore,4398,3,13194,2025,2,5,Wednesday,Shoes
5834,2025-08-10,Electronics,Hyderabad,740,2,1480,2025,8,10,Sunday,Phone
5835,2024-10-23,Groceries,Delhi,3768,8,30144,2024,10,23,Wednesday,Tablet
5836,2025-01-14,Clothing,Mumbai,181,7,1267,2025,1,14,Tuesday,Laptop
5837,2025-10-12,Electronics,Chennai,3252,4,13008,2025,10,12,Sunday,Watch
5838,2025-04-16,Groceries,Chennai,1438,3,4314,2025,4,16,Wednesday,Tablet
5839,2024-08-15,Groceries,Hyderabad,2011,6,12066,2024,8,15,Thursday,Shoes
5840,2024-08-23,Furniture,Delhi,1541,10,15410,2024,8,23,Friday,TV
5841,2025-04-09,Clothing,Chennai,4660,7,32620,2025,4,9,Wednesday,Shoes
5842,2025-01-02,Sports,Bangalore,4515,2,9030,2025,1,2,Thursday,Laptop
5843,2025-12-11,Electronics,Chennai,2484,9,22356,2025,12,11,Thursday,Headphones
5844,2024-10-11,Clothing,Bangalore,2662,7,18634,2024,10,11,Friday,TV
5845,2025-01-16,Clothing,Hyderabad,1024,7,7168,2025,1,16,Thursday,Watch
5846,2026-05-03,Clothing,Delhi,625,9,5625,2026,5,3,Sunday,Headphones
5847,2024-11-24,Clothing,Bangalore,3535,7,24745,2024,11,24,Sunday,Bag
5848,2024-11-23,Groceries,Delhi,4619,9,41571,2024,11,23,Saturday,Bag
5849,2026-01-12,Furniture,Mumbai,3829,9,34461,2026,1,12,Monday,Phone
5850,2025-12-29,Electronics,Chennai,734,6,4404,2025,12,29,Monday,Watch
5851,2026-04-16,Electronics,Chennai,4408,3,13224,2026,4,16,Thursday,Keyboard
5852,2024-07-16,Furniture,Delhi,3752,5,18760,2024,7,16,Tuesday,Laptop
5853,2026-03-01,Furniture,Mumbai,1063,6,6378,2026,3,1,Sunday,Watch
5854,2025-12-18,Sports,Delhi,3355,2,6710,2025,12,18,Thursday,Camera
5855,2024-08-22,Groceries,Delhi,4605,1,4605,2024,8,22,Thursday,Camera
5856,2025-11-03,Clothing,Mumbai,2201,5,11005,2025,11,3,Monday,Watch
5857,2024-10-30,Groceries,Hyderabad,4742,10,47420,2024,10,30,Wednesday,Watch
5858,2025-08-05,Furniture,Delhi,850,1,850,2025,8,5,Tuesday,Watch
5859,2026-02-14,Clothing,Mumbai,677,5,3385,2026,2,14,Saturday,Headphones
5860,2025-10-03,Sports,Bangalore,3862,5,19310,2025,10,3,Friday,Bag
5861,2026-02-24,Electronics,Chennai,4876,2,9752,2026,2,24,Tuesday,Keyboard
5862,2025-10-15,Electronics,Hyderabad,2991,7,20937,2025,10,15,Wednesday,Laptop
5863,2025-12-28,Electronics,Delhi,846,4,3384,2025,12,28,Sunday,Laptop
5864,2025-07-29,Clothing,Chennai,3438,8,27504,2025,7,29,Tuesday,Shoes
5865,2026-06-06,Clothing,Hyderabad,3640,9,32760,2026,6,6,Saturday,Phone
5866,2025-06-25,Furniture,Mumbai,4028,4,16112,2025,6,25,Wednesday,Tablet
5867,2026-06-14,Groceries,Hyderabad,2302,7,16114,2026,6,14,Sunday,TV
5868,2024-11-12,Electronics,Delhi,2476,1,2476,2024,11,12,Tuesday,Camera
5869,2026-02-09,Sports,Mumbai,2161,2,4322,2026,2,9,Monday,Shoes
5870,2024-08-19,Groceries,Mumbai,3635,4,14540,2024,8,19,Monday,Bag
5871,2024-09-09,Sports,Delhi,3512,1,3512,2024,9,9,Monday,Headphones
5872,2024-12-30,Furniture,Mumbai,518,5,2590,2024,12,30,Monday,Keyboard
5873,2026-03-10,Electronics,Hyderabad,3906,8,31248,2026,3,10,Tuesday,Headphones
5874,2025-03-22,Clothing,Mumbai,515,10,5150,2025,3,22,Saturday,Headphones
5875,2026-04-08,Electronics,Bangalore,922,9,8298,2026,4,8,Wednesday,Bag
5876,2025-04-13,Electronics,Delhi,3096,6,18576,2025,4,13,Sunday,Shoes
5877,2025-07-20,Groceries,Chennai,1702,10,17020,2025,7,20,Sunday,Watch
5878,2024-07-28,Electronics,Mumbai,436,3,1308,2024,7,28,Sunday,TV
5879,2026-01-08,Furniture,Hyderabad,4327,6,25962,2026,1,8,Thursday,Shoes
5880,2024-11-20,Electronics,Bangalore,4570,9,41130,2024,11,20,Wednesday,TV
5881,2026-06-16,Groceries,Mumbai,2089,7,14623,2026,6,16,Tuesday,Laptop
5882,2026-02-15,Sports,Chennai,1991,7,13937,2026,2,15,Sunday,Tablet
5883,2026-04-24,Sports,Mumbai,347,8,2776,2026,4,24,Friday,Camera
5884,2024-09-22,Furniture,Bangalore,1058,6,6348,2024,9,22,Sunday,Laptop
5885,2025-03-01,Electronics,Mumbai,3512,8,28096,2025,3,1,Saturday,Laptop
5886,2025-10-04,Electronics,Delhi,1921,10,19210,2025,10,4,Saturday,Camera
5887,2026-04-15,Clothing,Chennai,4531,4,18124,2026,4,15,Wednesday,Laptop
5888,2026-02-03,Clothing,Mumbai,540,1,540,2026,2,3,Tuesday,Shoes
5889,2025-12-18,Clothing,Delhi,819,6,4914,2025,12,18,Thursday,Headphones
5890,2026-05-27,Furniture,Mumbai,1936,6,11616,2026,5,27,Wednesday,Camera
5891,2024-09-04,Clothing,Chennai,4108,4,16432,2024,9,4,Wednesday,TV
5892,2026-04-14,Sports,Bangalore,3983,3,11949,2026,4,14,Tuesday,Tablet
5893,2025-02-01,Furniture,Mumbai,890,4,3560,2025,2,1,Saturday,Keyboard
5894,2024-12-09,Clothing,Chennai,1619,4,6476,2024,12,9,Monday,Watch
5895,2024-12-30,Groceries,Bangalore,971,5,4855,2024,12,30,Monday,TV
5896,2026-06-18,Electronics,Chennai,346,5,1730,2026,6,18,Thursday,Tablet
5897,2025-01-22,Electronics,Hyderabad,3443,2,6886,2025,1,22,Wednesday,Watch
5898,2025-10-02,Sports,Chennai,3037,10,30370,2025,10,2,Thursday,Tablet
5899,2025-05-26,Furniture,Delhi,816,7,5712,2025,5,26,Monday,Laptop
5900,2024-09-27,Clothing,Mumbai,1166,3,3498,2024,9,27,Friday,Keyboard
5901,2025-06-21,Electronics,Hyderabad,319,3,957,2025,6,21,Saturday,Phone
5902,2025-04-29,Groceries,Mumbai,3556,5,17780,2025,4,29,Tuesday,Tablet
5903,2025-03-17,Groceries,Delhi,855,5,4275,2025,3,17,Monday,Watch
5904,2025-01-16,Furniture,Mumbai,430,5,2150,2025,1,16,Thursday,Camera
5905,2026-03-21,Furniture,Hyderabad,3853,4,15412,2026,3,21,Saturday,Headphones
5906,2024-11-16,Clothing,Chennai,4922,8,39376,2024,11,16,Saturday,Bag
5907,2024-08-07,Electronics,Chennai,565,2,1130,2024,8,7,Wednesday,Shoes
5908,2026-01-26,Clothing,Hyderabad,4450,3,13350,2026,1,26,Monday,Laptop
5909,2025-04-01,Sports,Chennai,3566,4,14264,2025,4,1,Tuesday,Tablet
5910,2025-12-17,Clothing,Delhi,4778,9,43002,2025,12,17,Wednesday,Watch
5911,2026-06-25,Clothing,Chennai,149,4,596,2026,6,25,Thursday,Watch
5912,2025-10-06,Electronics,Chennai,490,8,3920,2025,10,6,Monday,Camera
5913,2025-08-10,Groceries,Delhi,3959,6,23754,2025,8,10,Sunday,Watch
5914,2025-12-25,Furniture,Bangalore,1647,9,14823,2025,12,25,Thursday,Keyboard
5915,2026-01-05,Clothing,Bangalore,2864,9,25776,2026,1,5,Monday,Watch
5916,2025-01-20,Electronics,Mumbai,3017,3,9051,2025,1,20,Monday,Tablet
5917,2026-05-03,Furniture,Mumbai,3074,4,12296,2026,5,3,Sunday,TV
5918,2026-02-19,Clothing,Hyderabad,340,8,2720,2026,2,19,Thursday,Headphones
5919,2024-08-21,Groceries,Mumbai,4910,1,4910,2024,8,21,Wednesday,Headphones
5920,2026-06-02,Electronics,Delhi,4466,8,35728,2026,6,2,Tuesday,Watch
5921,2025-11-01,Groceries,Chennai,3694,3,11082,2025,11,1,Saturday,Phone
5922,2026-01-07,Clothing,Hyderabad,1029,9,9261,2026,1,7,Wednesday,Bag
5923,2024-12-19,Sports,Delhi,4120,6,24720,2024,12,19,Thursday,TV
5924,2026-02-18,Sports,Hyderabad,2249,3,6747,2026,2,18,Wednesday,Keyboard
5925,2024-12-18,Clothing,Bangalore,3569,5,17845,2024,12,18,Wednesday,Headphones
5926,2025-06-13,Sports,Mumbai,2045,6,12270,2025,6,13,Friday,Shoes
5927,2025-07-06,Furniture,Bangalore,4332,1,4332,2025,7,6,Sunday,Phone
5928,2025-10-20,Groceries,Bangalore,1952,9,17568,2025,10,20,Monday,TV
5929,2024-07-01,Clothing,Hyderabad,3424,4,13696,2024,7,1,Monday,Camera
5930,2026-02-26,Electronics,Delhi,2872,2,5744,2026,2,26,Thursday,Shoes
5931,2025-11-15,Furniture,Mumbai,213,9,1917,2025,11,15,Saturday,Keyboard
5932,2025-10-16,Groceries,Chennai,3553,2,7106,2025,10,16,Thursday,Shoes
5933,2024-11-01,Electronics,Hyderabad,202,8,1616,2024,11,1,Friday,Bag
5934,2024-07-15,Clothing,Bangalore,2322,7,16254,2024,7,15,Monday,Watch
5935,2025-08-29,Electronics,Hyderabad,2322,4,9288,2025,8,29,Friday,Phone
5936,2024-11-01,Furniture,Delhi,4196,9,37764,2024,11,1,Friday,Camera
5937,2024-09-09,Groceries,Mumbai,4154,7,29078,2024,9,9,Monday,Bag
5938,2025-04-27,Furniture,Mumbai,1816,7,12712,2025,4,27,Sunday,Headphones
5939,2024-12-31,Electronics,Chennai,1705,10,17050,2024,12,31,Tuesday,Watch
5940,2025-04-17,Sports,Delhi,4975,10,49750,2025,4,17,Thursday,Phone
5941,2024-08-14,Electronics,Delhi,3496,1,3496,2024,8,14,Wednesday,TV
5942,2025-02-24,Clothing,Mumbai,772,2,1544,2025,2,24,Monday,Laptop
5943,2025-09-19,Electronics,Hyderabad,3791,10,37910,2025,9,19,Friday,Watch
5944,2025-03-13,Groceries,Delhi,3000,3,9000,2025,3,13,Thursday,Bag
5945,2026-06-05,Sports,Hyderabad,994,4,3976,2026,6,5,Friday,Headphones
5946,2025-10-15,Groceries,Mumbai,3131,2,6262,2025,10,15,Wednesday,Bag
5947,2025-11-04,Sports,Mumbai,4667,9,42003,2025,11,4,Tuesday,Tablet
5948,2025-03-19,Clothing,Chennai,3934,3,11802,2025,3,19,Wednesday,Camera
5949,2024-10-24,Furniture,Mumbai,1537,9,13833,2024,10,24,Thursday,Camera
5950,2026-01-20,Groceries,Bangalore,2520,8,20160,2026,1,20,Tuesday,Headphones
5951,2025-12-18,Clothing,Chennai,263,6,1578,2025,12,18,Thursday,Tablet
5952,2025-05-19,Furniture,Mumbai,1570,1,1570,2025,5,19,Monday,Laptop
5953,2025-01-27,Clothing,Chennai,4945,6,29670,2025,1,27,Monday,TV
5954,2025-07-03,Clothing,Chennai,630,6,3780,2025,7,3,Thursday,Shoes
5955,2026-04-18,Electronics,Mumbai,1368,9,12312,2026,4,18,Saturday,Watch
5956,2026-03-30,Furniture,Bangalore,3942,6,23652,2026,3,30,Monday,Phone
5957,2025-10-19,Electronics,Hyderabad,4709,10,47090,2025,10,19,Sunday,Shoes
5958,2024-10-16,Groceries,Hyderabad,4009,8,32072,2024,10,16,Wednesday,Shoes
5959,2025-11-12,Furniture,Bangalore,3826,7,26782,2025,11,12,Wednesday,Phone
5960,2025-08-06,Clothing,Mumbai,4758,7,33306,2025,8,6,Wednesday,Laptop
5961,2025-04-09,Furniture,Hyderabad,1394,8,11152,2025,4,9,Wednesday,Keyboard
5962,2025-02-16,Electronics,Chennai,1019,1,1019,2025,2,16,Sunday,Phone
5963,2026-03-14,Groceries,Chennai,4032,8,32256,2026,3,14,Saturday,Tablet
5964,2025-11-05,Sports,Bangalore,3885,4,15540,2025,11,5,Wednesday,Shoes
5965,2026-05-09,Furniture,Chennai,1818,5,9090,2026,5,9,Saturday,Keyboard
5966,2026-01-18,Sports,Bangalore,2359,4,9436,2026,1,18,Sunday,Headphones
5967,2025-02-20,Clothing,Hyderabad,3059,5,15295,2025,2,20,Thursday,Watch
5968,2024-07-10,Electronics,Bangalore,4407,3,13221,2024,7,10,Wednesday,Tablet
5969,2025-07-13,Electronics,Delhi,290,5,1450,2025,7,13,Sunday,Watch
5970,2024-08-20,Furniture,Hyderabad,610,1,610,2024,8,20,Tuesday,TV
5971,2025-02-26,Groceries,Delhi,411,6,2466,2025,2,26,Wednesday,Watch
5972,2025-10-12,Electronics,Bangalore,2978,10,29780,2025,10,12,Sunday,Camera
5973,2025-12-28,Groceries,Chennai,4214,10,42140,2025,12,28,Sunday,Camera
5974,2025-05-28,Furniture,Bangalore,3263,3,9789,2025,5,28,Wednesday,TV
5975,2025-02-27,Sports,Mumbai,1089,1,1089,2025,2,27,Thursday,Watch
5976,2026-03-20,Groceries,Delhi,1541,9,13869,2026,3,20,Friday,Keyboard
5977,2026-05-24,Sports,Chennai,1934,5,9670,2026,5,24,Sunday,Phone
5978,2025-03-12,Electronics,Mumbai,4173,7,29211,2025,3,12,Wednesday,Tablet
5979,2024-09-07,Electronics,Delhi,212,1,212,2024,9,7,Saturday,Watch
5980,2024-12-14,Clothing,Delhi,3484,1,3484,2024,12,14,Saturday,Bag
5981,2024-07-22,Clothing,Hyderabad,1480,8,11840,2024,7,22,Monday,Tablet
5982,2025-10-26,Groceries,Mumbai,1295,1,1295,2025,10,26,Sunday,TV
5983,2024-06-30,Sports,Hyderabad,3310,6,19860,2024,6,30,Sunday,Laptop
5984,2024-08-22,Groceries,Delhi,4816,7,33712,2024,8,22,Thursday,Keyboard
5985,2026-06-24,Groceries,Bangalore,3504,8,28032,2026,6,24,Wednesday,Headphones
5986,2025-10-07,Sports,Chennai,3862,10,38620,2025,10,7,Tuesday,Watch
5987,2025-12-01,Furniture,Bangalore,1634,2,3268,2025,12,1,Monday,Laptop
5988,2024-09-26,Clothing,Bangalore,2499,4,9996,2024,9,26,Thursday,Headphones
5989,2025-08-25,Clothing,Bangalore,4217,2,8434,2025,8,25,Monday,Headphones
5990,2025-03-02,Groceries,Bangalore,3056,6,18336,2025,3,2,Sunday,Bag
5991,2025-07-28,Sports,Chennai,3424,2,6848,2025,7,28,Monday,Headphones
5992,2025-07-28,Furniture,Mumbai,3672,6,22032,2025,7,28,Monday,Tablet
5993,2026-01-22,Furniture,Delhi,2939,1,2939,2026,1,22,Thursday,Shoes
5994,2025-05-18,Sports,Mumbai,2798,9,25182,2025,5,18,Sunday,Camera
5995,2026-04-16,Clothing,Chennai,1734,2,3468,2026,4,16,Thursday,Phone
5996,2025-10-04,Furniture,Delhi,3852,8,30816,2025,10,4,Saturday,Laptop
5997,2024-08-08,Sports,Mumbai,4123,1,4123,2024,8,8,Thursday,Headphones
5998,2024-08-04,Clothing,Delhi,3669,4,14676,2024,8,4,Sunday,Laptop
5999,2026-01-13,Furniture,Hyderabad,4334,5,21670,2026,1,13,Tuesday,Watch
6000,2025-06-30,Electronics,Mumbai,1258,6,7548,2025,6,30,Monday,Bag
6001,2024-11-24,Clothing,Chennai,407,7,2849,2024,11,24,Sunday,Shoes
6002,2026-02-14,Sports,Hyderabad,912,4,3648,2026,2,14,Saturday,Watch
6003,2026-04-11,Groceries,Hyderabad,4663,7,32641,2026,4,11,Saturday,Shoes
6004,2024-07-31,Electronics,Chennai,2601,8,20808,2024,7,31,Wednesday,Bag
6005,2024-10-14,Clothing,Delhi,3623,6,21738,2024,10,14,Monday,Keyboard
6006,2026-01-31,Furniture,Delhi,3166,2,6332,2026,1,31,Saturday,Camera
6007,2024-09-04,Electronics,Hyderabad,3004,1,3004,2024,9,4,Wednesday,Watch
6008,2025-04-02,Groceries,Bangalore,440,8,3520,2025,4,2,Wednesday,Shoes
6009,2025-05-25,Sports,Delhi,887,1,887,2025,5,25,Sunday,TV
6010,2024-08-16,Sports,Chennai,1170,6,7020,2024,8,16,Friday,Headphones
6011,2026-02-07,Clothing,Delhi,4201,9,37809,2026,2,7,Saturday,Bag
6012,2025-08-16,Clothing,Bangalore,2930,6,17580,2025,8,16,Saturday,Shoes
6013,2026-01-30,Furniture,Bangalore,4247,4,16988,2026,1,30,Friday,Keyboard
6014,2024-11-01,Furniture,Delhi,4951,6,29706,2024,11,1,Friday,Camera
6015,2025-11-27,Sports,Bangalore,3855,2,7710,2025,11,27,Thursday,Laptop
6016,2026-02-03,Clothing,Bangalore,3343,9,30087,2026,2,3,Tuesday,Laptop
6017,2025-05-28,Electronics,Chennai,688,3,2064,2025,5,28,Wednesday,Phone
6018,2024-10-21,Electronics,Chennai,4663,1,4663,2024,10,21,Monday,Camera
6019,2025-01-09,Groceries,Delhi,4501,8,36008,2025,1,9,Thursday,Bag
6020,2026-05-13,Sports,Delhi,2732,7,19124,2026,5,13,Wednesday,Headphones
6021,2026-05-24,Groceries,Mumbai,3789,8,30312,2026,5,24,Sunday,Camera
6022,2026-03-20,Clothing,Delhi,4943,3,14829,2026,3,20,Friday,Laptop
6023,2024-07-08,Sports,Chennai,2168,4,8672,2024,7,8,Monday,Laptop
6024,2024-09-27,Groceries,Chennai,844,9,7596,2024,9,27,Friday,Shoes
6025,2025-07-20,Sports,Mumbai,1215,9,10935,2025,7,20,Sunday,Phone
6026,2025-09-26,Clothing,Delhi,4993,1,4993,2025,9,26,Friday,Watch
6027,2024-08-05,Clothing,Hyderabad,4747,10,47470,2024,8,5,Monday,Keyboard
6028,2024-11-01,Sports,Chennai,2207,10,22070,2024,11,1,Friday,Shoes
6029,2025-10-13,Clothing,Chennai,1043,6,6258,2025,10,13,Monday,Tablet
6030,2024-11-20,Groceries,Hyderabad,4036,4,16144,2024,11,20,Wednesday,Camera
6031,2025-02-03,Furniture,Hyderabad,3414,2,6828,2025,2,3,Monday,Tablet
6032,2024-07-03,Furniture,Chennai,3046,6,18276,2024,7,3,Wednesday,Tablet
6033,2024-10-07,Clothing,Bangalore,1483,3,4449,2024,10,7,Monday,Shoes
6034,2025-04-23,Furniture,Hyderabad,632,1,632,2025,4,23,Wednesday,Headphones
6035,2026-03-29,Clothing,Delhi,2033,9,18297,2026,3,29,Sunday,Shoes
6036,2025-07-30,Groceries,Delhi,4403,6,26418,2025,7,30,Wednesday,Camera
6037,2025-03-06,Furniture,Hyderabad,3199,3,9597,2025,3,6,Thursday,Headphones
6038,2024-07-15,Furniture,Mumbai,1288,2,2576,2024,7,15,Monday,Keyboard
6039,2024-11-27,Clothing,Hyderabad,1055,5,5275,2024,11,27,Wednesday,Laptop
6040,2026-02-27,Furniture,Chennai,4567,2,9134,2026,2,27,Friday,Headphones
6041,2026-04-27,Clothing,Bangalore,4745,1,4745,2026,4,27,Monday,Keyboard
6042,2026-02-27,Sports,Chennai,1185,2,2370,2026,2,27,Friday,TV
6043,2026-01-13,Sports,Chennai,4353,7,30471,2026,1,13,Tuesday,Laptop
6044,2026-03-13,Electronics,Mumbai,2022,3,6066,2026,3,13,Friday,Watch
6045,2025-01-24,Groceries,Chennai,335,8,2680,2025,1,24,Friday,Phone
6046,2025-03-10,Groceries,Chennai,3985,10,39850,2025,3,10,Monday,Camera
6047,2024-08-03,Clothing,Delhi,3378,1,3378,2024,8,3,Saturday,Shoes
6048,2024-11-04,Groceries,Bangalore,2648,2,5296,2024,11,4,Monday,Bag
6049,2025-10-11,Groceries,Mumbai,3417,8,27336,2025,10,11,Saturday,Headphones
6050,2025-04-20,Clothing,Bangalore,226,9,2034,2025,4,20,Sunday,Phone
6051,2026-03-12,Clothing,Chennai,3179,8,25432,2026,3,12,Thursday,Camera
6052,2025-04-22,Furniture,Bangalore,597,2,1194,2025,4,22,Tuesday,Camera
6053,2024-10-03,Electronics,Chennai,2601,3,7803,2024,10,3,Thursday,TV
6054,2024-09-09,Clothing,Bangalore,1751,2,3502,2024,9,9,Monday,Headphones
6055,2026-02-02,Groceries,Hyderabad,295,7,2065,2026,2,2,Monday,Camera
6056,2025-03-08,Clothing,Bangalore,3916,7,27412,2025,3,8,Saturday,TV
6057,2025-12-14,Groceries,Mumbai,654,3,1962,2025,12,14,Sunday,Camera
6058,2025-12-15,Sports,Hyderabad,4587,4,18348,2025,12,15,Monday,Bag
6059,2025-06-08,Furniture,Bangalore,1682,8,13456,2025,6,8,Sunday,Keyboard
6060,2026-03-17,Furniture,Delhi,1936,1,1936,2026,3,17,Tuesday,TV
6061,2025-10-19,Sports,Mumbai,2043,2,4086,2025,10,19,Sunday,Phone
6062,2025-12-22,Furniture,Chennai,2132,1,2132,2025,12,22,Monday,Keyboard
6063,2026-06-18,Sports,Delhi,3040,4,12160,2026,6,18,Thursday,Keyboard
6064,2024-09-22,Furniture,Bangalore,1186,6,7116,2024,9,22,Sunday,Camera
6065,2026-06-02,Sports,Bangalore,2304,7,16128,2026,6,2,Tuesday,TV
6066,2024-12-01,Clothing,Hyderabad,4193,1,4193,2024,12,1,Sunday,Watch
6067,2026-01-02,Electronics,Mumbai,606,2,1212,2026,1,2,Friday,Camera
6068,2025-04-25,Groceries,Delhi,1713,8,13704,2025,4,25,Friday,Headphones
6069,2024-08-05,Clothing,Chennai,4935,6,29610,2024,8,5,Monday,Keyboard
6070,2025-10-28,Groceries,Chennai,4589,5,22945,2025,10,28,Tuesday,Phone
6071,2024-10-29,Furniture,Chennai,112,7,784,2024,10,29,Tuesday,Bag
6072,2024-11-05,Groceries,Bangalore,1944,2,3888,2024,11,5,Tuesday,Bag
6073,2025-12-08,Furniture,Chennai,585,7,4095,2025,12,8,Monday,Tablet
6074,2025-06-30,Electronics,Chennai,3717,2,7434,2025,6,30,Monday,Bag
6075,2024-07-08,Furniture,Mumbai,3638,3,10914,2024,7,8,Monday,Bag
6076,2025-09-24,Sports,Delhi,2077,6,12462,2025,9,24,Wednesday,Shoes
6077,2026-02-09,Electronics,Hyderabad,168,4,672,2026,2,9,Monday,Laptop
6078,2025-03-26,Groceries,Mumbai,1347,3,4041,2025,3,26,Wednesday,Keyboard
6079,2026-06-11,Sports,Hyderabad,1574,3,4722,2026,6,11,Thursday,Camera
6080,2025-03-05,Clothing,Chennai,2211,5,11055,2025,3,5,Wednesday,Bag
6081,2026-01-01,Sports,Mumbai,3422,7,23954,2026,1,1,Thursday,Laptop
6082,2026-04-21,Sports,Hyderabad,4883,7,34181,2026,4,21,Tuesday,Watch
6083,2025-03-02,Electronics,Chennai,3238,3,9714,2025,3,2,Sunday,Laptop
6084,2025-01-17,Groceries,Delhi,2424,6,14544,2025,1,17,Friday,Phone
6085,2025-07-06,Groceries,Mumbai,4812,5,24060,2025,7,6,Sunday,Laptop
6086,2025-08-28,Sports,Chennai,1521,9,13689,2025,8,28,Thursday,Watch
6087,2026-06-10,Electronics,Bangalore,1971,3,5913,2026,6,10,Wednesday,Bag
6088,2024-11-14,Clothing,Chennai,1665,7,11655,2024,11,14,Thursday,Shoes
6089,2026-02-17,Electronics,Bangalore,1787,9,16083,2026,2,17,Tuesday,Tablet
6090,2024-08-05,Groceries,Chennai,1626,10,16260,2024,8,5,Monday,Watch
6091,2026-01-07,Electronics,Chennai,4911,1,4911,2026,1,7,Wednesday,TV
6092,2025-08-16,Electronics,Chennai,4070,10,40700,2025,8,16,Saturday,Keyboard
6093,2025-02-20,Groceries,Chennai,3728,8,29824,2025,2,20,Thursday,Shoes
6094,2024-08-12,Electronics,Mumbai,717,9,6453,2024,8,12,Monday,Shoes
6095,2026-03-07,Groceries,Hyderabad,718,2,1436,2026,3,7,Saturday,Camera
6096,2026-03-17,Clothing,Delhi,2390,8,19120,2026,3,17,Tuesday,Keyboard
6097,2024-07-04,Electronics,Delhi,705,7,4935,2024,7,4,Thursday,Keyboard
6098,2025-12-07,Clothing,Chennai,1821,8,14568,2025,12,7,Sunday,Bag
6099,2026-06-08,Groceries,Bangalore,3661,2,7322,2026,6,8,Monday,Shoes
6100,2025-06-24,Groceries,Delhi,1808,5,9040,2025,6,24,Tuesday,Phone
6101,2025-02-07,Sports,Bangalore,2681,6,16086,2025,2,7,Friday,Laptop
6102,2025-05-30,Groceries,Mumbai,4773,5,23865,2025,5,30,Friday,TV
6103,2024-08-28,Clothing,Delhi,4525,5,22625,2024,8,28,Wednesday,Laptop
6104,2026-04-22,Groceries,Chennai,1506,3,4518,2026,4,22,Wednesday,Phone
6105,2024-07-18,Furniture,Hyderabad,4455,9,40095,2024,7,18,Thursday,Watch
6106,2025-07-25,Sports,Mumbai,1781,5,8905,2025,7,25,Friday,Laptop
6107,2024-10-05,Clothing,Hyderabad,3264,3,9792,2024,10,5,Saturday,Keyboard
6108,2024-11-13,Furniture,Mumbai,3954,6,23724,2024,11,13,Wednesday,Tablet
6109,2026-02-28,Clothing,Chennai,2442,7,17094,2026,2,28,Saturday,Headphones
6110,2024-07-26,Furniture,Bangalore,3566,2,7132,2024,7,26,Friday,Bag
6111,2025-05-20,Sports,Mumbai,1808,3,5424,2025,5,20,Tuesday,Camera
6112,2025-06-23,Sports,Delhi,991,1,991,2025,6,23,Monday,TV
6113,2025-05-01,Groceries,Chennai,168,1,168,2025,5,1,Thursday,Watch
6114,2024-10-28,Electronics,Mumbai,4913,1,4913,2024,10,28,Monday,Shoes
6115,2025-09-04,Electronics,Bangalore,4973,5,24865,2025,9,4,Thursday,Phone
6116,2024-11-18,Furniture,Delhi,1477,4,5908,2024,11,18,Monday,Tablet
6117,2025-09-18,Furniture,Delhi,1652,5,8260,2025,9,18,Thursday,Keyboard
6118,2026-01-14,Electronics,Chennai,2310,4,9240,2026,1,14,Wednesday,Headphones
6119,2025-07-04,Sports,Chennai,1566,7,10962,2025,7,4,Friday,Bag
6120,2025-07-30,Groceries,Bangalore,4458,3,13374,2025,7,30,Wednesday,Phone
6121,2026-06-06,Clothing,Hyderabad,2739,4,10956,2026,6,6,Saturday,Headphones
6122,2025-02-18,Clothing,Chennai,4292,9,38628,2025,2,18,Tuesday,Laptop
6123,2024-07-22,Groceries,Bangalore,3493,5,17465,2024,7,22,Monday,Headphones
6124,2026-03-25,Sports,Bangalore,3971,9,35739,2026,3,25,Wednesday,Bag
6125,2026-03-31,Clothing,Bangalore,963,4,3852,2026,3,31,Tuesday,Camera
6126,2026-04-11,Clothing,Chennai,3197,2,6394,2026,4,11,Saturday,Shoes
6127,2025-09-10,Sports,Delhi,2469,8,19752,2025,9,10,Wednesday,Phone
6128,2026-04-14,Clothing,Bangalore,4951,6,29706,2026,4,14,Tuesday,Bag
6129,2025-03-21,Clothing,Chennai,2735,4,10940,2025,3,21,Friday,Watch
6130,2026-01-15,Electronics,Chennai,962,1,962,2026,1,15,Thursday,Laptop
6131,2025-02-26,Groceries,Bangalore,3146,9,28314,2025,2,26,Wednesday,TV
6132,2025-05-17,Furniture,Bangalore,1132,2,2264,2025,5,17,Saturday,Phone
6133,2025-09-04,Sports,Bangalore,998,9,8982,2025,9,4,Thursday,Bag
6134,2024-09-05,Sports,Chennai,4272,3,12816,2024,9,5,Thursday,Headphones
6135,2024-11-25,Furniture,Hyderabad,4192,3,12576,2024,11,25,Monday,Camera
6136,2025-03-03,Electronics,Delhi,4392,3,13176,2025,3,3,Monday,TV
6137,2025-03-16,Groceries,Bangalore,2660,8,21280,2025,3,16,Sunday,Bag
6138,2024-08-05,Electronics,Hyderabad,4850,1,4850,2024,8,5,Monday,Tablet
6139,2025-03-20,Sports,Chennai,2769,6,16614,2025,3,20,Thursday,Phone
6140,2026-05-30,Electronics,Chennai,148,1,148,2026,5,30,Saturday,Camera
6141,2026-06-18,Sports,Hyderabad,2168,2,4336,2026,6,18,Thursday,Shoes
6142,2024-08-14,Electronics,Delhi,903,9,8127,2024,8,14,Wednesday,Tablet
6143,2026-01-13,Sports,Delhi,3160,6,18960,2026,1,13,Tuesday,TV
6144,2026-06-15,Electronics,Mumbai,493,5,2465,2026,6,15,Monday,Shoes
6145,2024-11-21,Clothing,Bangalore,4392,6,26352,2024,11,21,Thursday,Headphones
6146,2025-01-30,Sports,Mumbai,386,2,772,2025,1,30,Thursday,Bag
6147,2025-04-25,Clothing,Bangalore,2967,1,2967,2025,4,25,Friday,Laptop
6148,2024-11-25,Electronics,Bangalore,3542,3,10626,2024,11,25,Monday,Phone
6149,2024-12-31,Sports,Chennai,1381,1,1381,2024,12,31,Tuesday,Keyboard
6150,2026-06-08,Furniture,Delhi,1359,10,13590,2026,6,8,Monday,Camera
6151,2024-08-31,Electronics,Hyderabad,3467,1,3467,2024,8,31,Saturday,Watch
6152,2025-05-08,Furniture,Mumbai,2811,9,25299,2025,5,8,Thursday,TV
6153,2025-08-29,Groceries,Hyderabad,3104,1,3104,2025,8,29,Friday,Laptop
6154,2026-05-24,Furniture,Delhi,335,2,670,2026,5,24,Sunday,Camera
6155,2025-11-02,Clothing,Chennai,4408,4,17632,2025,11,2,Sunday,Phone
6156,2024-12-18,Electronics,Hyderabad,2609,5,13045,2024,12,18,Wednesday,TV
6157,2026-02-11,Sports,Mumbai,1282,6,7692,2026,2,11,Wednesday,Tablet
6158,2025-09-14,Groceries,Bangalore,567,1,567,2025,9,14,Sunday,TV
6159,2024-12-24,Electronics,Bangalore,1090,6,6540,2024,12,24,Tuesday,Tablet
6160,2024-09-01,Electronics,Bangalore,2086,3,6258,2024,9,1,Sunday,Headphones
6161,2024-08-25,Sports,Mumbai,2527,7,17689,2024,8,25,Sunday,Shoes
6162,2025-01-27,Clothing,Mumbai,1668,3,5004,2025,1,27,Monday,Laptop
6163,2025-06-22,Groceries,Delhi,4974,8,39792,2025,6,22,Sunday,Phone
6164,2026-05-21,Furniture,Delhi,2654,2,5308,2026,5,21,Thursday,Watch
6165,2026-03-28,Groceries,Delhi,445,7,3115,2026,3,28,Saturday,Headphones
6166,2026-05-24,Clothing,Delhi,1068,2,2136,2026,5,24,Sunday,Watch
6167,2025-08-18,Furniture,Hyderabad,924,4,3696,2025,8,18,Monday,Tablet
6168,2025-12-18,Electronics,Bangalore,737,3,2211,2025,12,18,Thursday,Camera
6169,2025-10-21,Furniture,Hyderabad,1206,9,10854,2025,10,21,Tuesday,Bag
6170,2026-01-10,Electronics,Bangalore,2901,6,17406,2026,1,10,Saturday,Headphones
6171,2026-05-12,Clothing,Delhi,900,10,9000,2026,5,12,Tuesday,Headphones
6172,2025-03-24,Electronics,Chennai,1227,8,9816,2025,3,24,Monday,Laptop
6173,2025-01-21,Electronics,Delhi,2364,1,2364,2025,1,21,Tuesday,Bag
6174,2025-01-22,Sports,Hyderabad,3775,8,30200,2025,1,22,Wednesday,Watch
6175,2025-01-17,Sports,Hyderabad,2071,8,16568,2025,1,17,Friday,TV
6176,2025-07-15,Furniture,Delhi,2227,7,15589,2025,7,15,Tuesday,Tablet
6177,2025-10-05,Groceries,Delhi,4256,8,34048,2025,10,5,Sunday,Headphones
6178,2025-11-15,Clothing,Bangalore,4936,4,19744,2025,11,15,Saturday,Tablet
6179,2025-06-01,Electronics,Delhi,254,2,508,2025,6,1,Sunday,Phone
6180,2026-04-02,Clothing,Hyderabad,905,8,7240,2026,4,2,Thursday,Watch
6181,2026-05-02,Electronics,Mumbai,4650,8,37200,2026,5,2,Saturday,Tablet
6182,2026-04-16,Electronics,Delhi,3499,6,20994,2026,4,16,Thursday,Bag
6183,2024-12-03,Furniture,Chennai,3117,1,3117,2024,12,3,Tuesday,Headphones
6184,2025-05-13,Furniture,Delhi,934,10,9340,2025,5,13,Tuesday,TV
6185,2025-08-01,Electronics,Mumbai,860,6,5160,2025,8,1,Friday,Tablet
6186,2024-11-24,Clothing,Delhi,1525,8,12200,2024,11,24,Sunday,Headphones
6187,2025-11-13,Electronics,Bangalore,4087,9,36783,2025,11,13,Thursday,Shoes
6188,2025-02-17,Electronics,Delhi,3663,10,36630,2025,2,17,Monday,Camera
6189,2025-05-12,Sports,Hyderabad,307,8,2456,2025,5,12,Monday,Shoes
6190,2025-02-14,Groceries,Chennai,3390,5,16950,2025,2,14,Friday,Keyboard
6191,2024-12-01,Groceries,Hyderabad,727,7,5089,2024,12,1,Sunday,Headphones
6192,2026-03-25,Clothing,Chennai,4773,8,38184,2026,3,25,Wednesday,TV
6193,2025-08-15,Clothing,Hyderabad,1071,8,8568,2025,8,15,Friday,TV
6194,2025-06-10,Furniture,Delhi,2605,2,5210,2025,6,10,Tuesday,Tablet
6195,2024-08-04,Sports,Mumbai,2544,2,5088,2024,8,4,Sunday,Tablet
6196,2025-12-31,Sports,Chennai,1582,3,4746,2025,12,31,Wednesday,Headphones
6197,2024-09-15,Furniture,Hyderabad,1274,6,7644,2024,9,15,Sunday,Tablet
6198,2025-08-28,Groceries,Bangalore,4235,3,12705,2025,8,28,Thursday,TV
6199,2024-11-12,Groceries,Delhi,4368,9,39312,2024,11,12,Tuesday,Laptop
6200,2025-07-22,Clothing,Chennai,3567,10,35670,2025,7,22,Tuesday,TV
6201,2025-02-21,Groceries,Chennai,797,3,2391,2025,2,21,Friday,Laptop
6202,2024-11-06,Electronics,Hyderabad,3613,1,3613,2024,11,6,Wednesday,Shoes
6203,2024-12-25,Electronics,Delhi,4991,3,14973,2024,12,25,Wednesday,Laptop
6204,2025-09-28,Clothing,Bangalore,568,7,3976,2025,9,28,Sunday,Keyboard
6205,2024-11-10,Sports,Hyderabad,4846,2,9692,2024,11,10,Sunday,Keyboard
6206,2025-01-03,Electronics,Hyderabad,4611,2,9222,2025,1,3,Friday,Bag
6207,2024-12-24,Clothing,Hyderabad,2902,1,2902,2024,12,24,Tuesday,Bag
6208,2025-09-04,Sports,Hyderabad,1322,8,10576,2025,9,4,Thursday,TV
6209,2025-09-04,Sports,Bangalore,4404,5,22020,2025,9,4,Thursday,Headphones
6210,2025-06-06,Furniture,Hyderabad,2905,7,20335,2025,6,6,Friday,Keyboard
6211,2025-04-30,Sports,Bangalore,2535,2,5070,2025,4,30,Wednesday,Camera
6212,2026-06-04,Groceries,Delhi,1632,3,4896,2026,6,4,Thursday,Tablet
6213,2024-11-29,Electronics,Chennai,3717,6,22302,2024,11,29,Friday,Laptop
6214,2025-10-12,Clothing,Delhi,2085,3,6255,2025,10,12,Sunday,Camera
6215,2026-04-28,Furniture,Delhi,4355,6,26130,2026,4,28,Tuesday,Phone
6216,2025-05-11,Furniture,Chennai,4778,7,33446,2025,5,11,Sunday,Shoes
6217,2026-04-19,Sports,Hyderabad,2405,7,16835,2026,4,19,Sunday,Camera
6218,2025-03-18,Sports,Bangalore,2758,3,8274,2025,3,18,Tuesday,Laptop
6219,2026-05-17,Sports,Mumbai,4369,2,8738,2026,5,17,Sunday,Bag
6220,2024-12-24,Clothing,Bangalore,2064,10,20640,2024,12,24,Tuesday,Shoes
6221,2025-05-24,Groceries,Delhi,2965,8,23720,2025,5,24,Saturday,Camera
6222,2024-07-06,Sports,Chennai,1809,3,5427,2024,7,6,Saturday,Shoes
6223,2025-03-25,Sports,Hyderabad,1077,4,4308,2025,3,25,Tuesday,Shoes
6224,2025-12-21,Furniture,Delhi,3756,9,33804,2025,12,21,Sunday,TV
6225,2026-03-08,Furniture,Bangalore,289,6,1734,2026,3,8,Sunday,Phone
6226,2024-10-03,Groceries,Delhi,2135,4,8540,2024,10,3,Thursday,Headphones
6227,2025-10-30,Sports,Chennai,2486,5,12430,2025,10,30,Thursday,TV
6228,2025-01-08,Sports,Chennai,176,2,352,2025,1,8,Wednesday,Phone
6229,2024-12-02,Furniture,Hyderabad,1423,3,4269,2024,12,2,Monday,Shoes
6230,2024-12-27,Clothing,Mumbai,3396,4,13584,2024,12,27,Friday,Phone
6231,2026-04-02,Furniture,Mumbai,1482,10,14820,2026,4,2,Thursday,TV
6232,2025-03-06,Groceries,Hyderabad,3626,10,36260,2025,3,6,Thursday,Phone
6233,2025-01-19,Electronics,Mumbai,3252,9,29268,2025,1,19,Sunday,Camera
6234,2026-06-14,Clothing,Bangalore,431,10,4310,2026,6,14,Sunday,Shoes
6235,2024-08-07,Clothing,Hyderabad,1227,3,3681,2024,8,7,Wednesday,Shoes
6236,2025-05-26,Furniture,Bangalore,3356,1,3356,2025,5,26,Monday,Shoes
6237,2025-06-24,Electronics,Delhi,4970,4,19880,2025,6,24,Tuesday,Shoes
6238,2025-09-24,Clothing,Mumbai,961,3,2883,2025,9,24,Wednesday,Watch
6239,2024-11-16,Clothing,Delhi,3419,10,34190,2024,11,16,Saturday,Keyboard
6240,2024-09-24,Clothing,Hyderabad,4430,9,39870,2024,9,24,Tuesday,Camera
6241,2026-06-13,Furniture,Mumbai,1654,1,1654,2026,6,13,Saturday,Tablet
6242,2025-07-13,Clothing,Bangalore,1127,2,2254,2025,7,13,Sunday,Bag
6243,2025-02-03,Furniture,Hyderabad,3198,9,28782,2025,2,3,Monday,Camera
6244,2025-09-16,Groceries,Mumbai,3692,8,29536,2025,9,16,Tuesday,Tablet
6245,2024-10-08,Groceries,Bangalore,3550,5,17750,2024,10,8,Tuesday,Keyboard
6246,2026-05-19,Furniture,Mumbai,701,8,5608,2026,5,19,Tuesday,Watch
6247,2025-10-05,Electronics,Chennai,3442,3,10326,2025,10,5,Sunday,Bag
6248,2025-05-19,Groceries,Chennai,2999,3,8997,2025,5,19,Monday,Headphones
6249,2024-11-14,Sports,Bangalore,2895,5,14475,2024,11,14,Thursday,Headphones
6250,2025-10-26,Furniture,Chennai,3163,9,28467,2025,10,26,Sunday,Bag
6251,2026-02-02,Furniture,Bangalore,3686,8,29488,2026,2,2,Monday,Phone
6252,2025-09-25,Sports,Delhi,3439,7,24073,2025,9,25,Thursday,Phone
6253,2025-03-19,Furniture,Hyderabad,425,8,3400,2025,3,19,Wednesday,Camera
6254,2025-12-29,Sports,Delhi,903,7,6321,2025,12,29,Monday,Headphones
6255,2026-06-08,Clothing,Hyderabad,461,5,2305,2026,6,8,Monday,Keyboard
6256,2025-04-17,Sports,Mumbai,3712,3,11136,2025,4,17,Thursday,Phone
6257,2025-07-22,Clothing,Mumbai,4678,4,18712,2025,7,22,Tuesday,TV
6258,2025-02-01,Electronics,Mumbai,2015,9,18135,2025,2,1,Saturday,Tablet
6259,2025-09-14,Clothing,Delhi,3677,6,22062,2025,9,14,Sunday,TV
6260,2024-07-04,Clothing,Hyderabad,2283,3,6849,2024,7,4,Thursday,Headphones
6261,2024-07-27,Groceries,Hyderabad,3499,5,17495,2024,7,27,Saturday,Watch
6262,2026-03-24,Electronics,Mumbai,3427,7,23989,2026,3,24,Tuesday,Headphones
6263,2025-06-17,Groceries,Delhi,628,6,3768,2025,6,17,Tuesday,Shoes
6264,2025-12-24,Groceries,Bangalore,3896,7,27272,2025,12,24,Wednesday,Headphones
6265,2025-04-21,Electronics,Bangalore,212,9,1908,2025,4,21,Monday,Tablet
6266,2026-06-17,Electronics,Mumbai,1667,6,10002,2026,6,17,Wednesday,Laptop
6267,2025-11-24,Clothing,Bangalore,2888,9,25992,2025,11,24,Monday,Laptop
6268,2025-12-07,Furniture,Chennai,1944,3,5832,2025,12,7,Sunday,Phone
6269,2025-12-20,Electronics,Delhi,1289,2,2578,2025,12,20,Saturday,Camera
6270,2024-10-12,Electronics,Chennai,778,8,6224,2024,10,12,Saturday,Shoes
6271,2025-12-23,Sports,Bangalore,2212,10,22120,2025,12,23,Tuesday,Camera
6272,2024-09-04,Groceries,Delhi,1427,9,12843,2024,9,4,Wednesday,Bag
6273,2025-10-10,Electronics,Delhi,2844,6,17064,2025,10,10,Friday,Phone
6274,2025-02-01,Electronics,Mumbai,690,3,2070,2025,2,1,Saturday,Camera
6275,2025-07-23,Groceries,Hyderabad,4713,1,4713,2025,7,23,Wednesday,Shoes
6276,2025-10-12,Sports,Delhi,5000,8,40000,2025,10,12,Sunday,Tablet
6277,2024-11-16,Electronics,Mumbai,587,7,4109,2024,11,16,Saturday,Phone
6278,2024-09-01,Clothing,Mumbai,318,10,3180,2024,9,1,Sunday,Bag
6279,2025-05-01,Clothing,Mumbai,1433,1,1433,2025,5,1,Thursday,Camera
6280,2025-03-25,Furniture,Hyderabad,2208,10,22080,2025,3,25,Tuesday,Bag
6281,2025-02-18,Groceries,Chennai,1059,7,7413,2025,2,18,Tuesday,Bag
6282,2025-04-01,Electronics,Hyderabad,2470,4,9880,2025,4,1,Tuesday,Laptop
6283,2024-10-26,Furniture,Chennai,1802,6,10812,2024,10,26,Saturday,Bag
6284,2026-05-01,Electronics,Bangalore,4737,7,33159,2026,5,1,Friday,Bag
6285,2026-01-19,Clothing,Delhi,2429,1,2429,2026,1,19,Monday,Laptop
6286,2025-09-09,Furniture,Hyderabad,1340,8,10720,2025,9,9,Tuesday,Camera
6287,2026-04-24,Clothing,Bangalore,1865,6,11190,2026,4,24,Friday,Laptop
6288,2025-11-15,Electronics,Bangalore,1945,2,3890,2025,11,15,Saturday,Headphones
6289,2024-08-24,Groceries,Bangalore,1127,5,5635,2024,8,24,Saturday,Bag
6290,2025-03-10,Electronics,Hyderabad,963,7,6741,2025,3,10,Monday,Watch
6291,2024-07-26,Sports,Mumbai,1452,3,4356,2024,7,26,Friday,Watch
6292,2025-01-16,Electronics,Chennai,3962,8,31696,2025,1,16,Thursday,Laptop
6293,2024-10-12,Electronics,Bangalore,948,7,6636,2024,10,12,Saturday,TV
6294,2026-03-17,Electronics,Chennai,471,6,2826,2026,3,17,Tuesday,Shoes
6295,2024-10-10,Clothing,Hyderabad,694,8,5552,2024,10,10,Thursday,Watch
6296,2025-03-31,Electronics,Hyderabad,910,4,3640,2025,3,31,Monday,Tablet
6297,2026-03-02,Groceries,Chennai,1840,5,9200,2026,3,2,Monday,Bag
6298,2024-09-05,Clothing,Mumbai,3611,2,7222,2024,9,5,Thursday,Keyboard
6299,2024-07-17,Sports,Chennai,4678,1,4678,2024,7,17,Wednesday,TV
6300,2024-12-17,Electronics,Hyderabad,1272,6,7632,2024,12,17,Tuesday,Watch
6301,2025-07-26,Furniture,Delhi,3038,3,9114,2025,7,26,Saturday,Shoes
6302,2025-12-23,Sports,Bangalore,2546,10,25460,2025,12,23,Tuesday,Bag
6303,2026-02-07,Furniture,Bangalore,1409,1,1409,2026,2,7,Saturday,Tablet
6304,2026-05-30,Furniture,Hyderabad,1473,1,1473,2026,5,30,Saturday,TV
6305,2024-12-11,Clothing,Chennai,3287,8,26296,2024,12,11,Wednesday,Keyboard
6306,2025-09-23,Electronics,Bangalore,2737,8,21896,2025,9,23,Tuesday,Shoes
6307,2024-09-14,Sports,Bangalore,3583,4,14332,2024,9,14,Saturday,Shoes
6308,2024-12-10,Electronics,Chennai,1987,5,9935,2024,12,10,Tuesday,Headphones
6309,2026-05-06,Sports,Hyderabad,1193,2,2386,2026,5,6,Wednesday,Watch
6310,2025-06-20,Electronics,Mumbai,3201,3,9603,2025,6,20,Friday,Tablet
6311,2026-03-27,Sports,Hyderabad,921,2,1842,2026,3,27,Friday,Headphones
6312,2025-08-02,Clothing,Bangalore,2296,1,2296,2025,8,2,Saturday,Keyboard
6313,2025-03-21,Clothing,Hyderabad,2566,3,7698,2025,3,21,Friday,Shoes
6314,2025-08-25,Sports,Delhi,2464,5,12320,2025,8,25,Monday,TV
6315,2024-10-12,Electronics,Hyderabad,2461,7,17227,2024,10,12,Saturday,Tablet
6316,2026-04-04,Furniture,Mumbai,4455,10,44550,2026,4,4,Saturday,Laptop
6317,2026-03-27,Groceries,Bangalore,3287,6,19722,2026,3,27,Friday,Shoes
6318,2025-12-19,Sports,Bangalore,274,5,1370,2025,12,19,Friday,TV
6319,2024-10-13,Clothing,Hyderabad,769,6,4614,2024,10,13,Sunday,Phone
6320,2025-06-09,Sports,Bangalore,1988,3,5964,2025,6,9,Monday,Watch
6321,2024-12-10,Sports,Mumbai,930,6,5580,2024,12,10,Tuesday,Shoes
6322,2025-02-07,Sports,Bangalore,1307,4,5228,2025,2,7,Friday,Watch
6323,2025-01-27,Sports,Mumbai,4496,2,8992,2025,1,27,Monday,Laptop
6324,2024-12-31,Sports,Delhi,193,1,193,2024,12,31,Tuesday,Bag
6325,2026-01-24,Clothing,Delhi,388,1,388,2026,1,24,Saturday,Phone
6326,2025-01-12,Sports,Bangalore,1680,10,16800,2025,1,12,Sunday,Keyboard
6327,2025-09-02,Electronics,Delhi,1861,2,3722,2025,9,2,Tuesday,Tablet
6328,2025-06-09,Electronics,Chennai,823,8,6584,2025,6,9,Monday,Shoes
6329,2025-05-13,Furniture,Chennai,1169,1,1169,2025,5,13,Tuesday,Camera
6330,2025-04-18,Electronics,Chennai,4158,1,4158,2025,4,18,Friday,Camera
6331,2025-01-25,Sports,Delhi,2449,4,9796,2025,1,25,Saturday,Shoes
6332,2026-02-24,Clothing,Delhi,1463,8,11704,2026,2,24,Tuesday,TV
6333,2025-12-18,Sports,Hyderabad,3564,2,7128,2025,12,18,Thursday,Tablet
6334,2024-07-02,Groceries,Chennai,4459,3,13377,2024,7,2,Tuesday,Camera
6335,2025-02-28,Groceries,Delhi,3134,7,21938,2025,2,28,Friday,Phone
6336,2025-05-23,Electronics,Bangalore,4568,2,9136,2025,5,23,Friday,Camera
6337,2026-02-18,Sports,Bangalore,1871,7,13097,2026,2,18,Wednesday,Laptop
6338,2026-06-03,Sports,Hyderabad,1086,4,4344,2026,6,3,Wednesday,Tablet
6339,2026-06-08,Sports,Mumbai,1664,3,4992,2026,6,8,Monday,Keyboard
6340,2024-10-24,Groceries,Bangalore,1653,6,9918,2024,10,24,Thursday,Headphones
6341,2026-01-07,Groceries,Hyderabad,2956,10,29560,2026,1,7,Wednesday,Watch
6342,2025-07-01,Furniture,Chennai,3788,4,15152,2025,7,1,Tuesday,Tablet
6343,2026-05-14,Clothing,Chennai,1415,4,5660,2026,5,14,Thursday,Camera
6344,2024-09-10,Electronics,Chennai,2778,9,25002,2024,9,10,Tuesday,Watch
6345,2025-11-27,Groceries,Mumbai,1193,5,5965,2025,11,27,Thursday,Tablet
6346,2024-09-13,Furniture,Bangalore,3515,10,35150,2024,9,13,Friday,Watch
6347,2025-09-27,Clothing,Bangalore,1507,2,3014,2025,9,27,Saturday,TV
6348,2025-03-25,Clothing,Bangalore,2235,10,22350,2025,3,25,Tuesday,Shoes
6349,2025-02-08,Sports,Hyderabad,857,2,1714,2025,2,8,Saturday,Keyboard
6350,2026-01-01,Groceries,Delhi,2142,4,8568,2026,1,1,Thursday,Headphones
6351,2024-08-13,Clothing,Chennai,3619,2,7238,2024,8,13,Tuesday,Camera
6352,2025-04-14,Electronics,Chennai,4132,4,16528,2025,4,14,Monday,Bag
6353,2025-05-04,Electronics,Delhi,1179,3,3537,2025,5,4,Sunday,Bag
6354,2025-06-01,Groceries,Hyderabad,1472,4,5888,2025,6,1,Sunday,Bag
6355,2026-04-10,Electronics,Chennai,2991,1,2991,2026,4,10,Friday,Shoes
6356,2024-08-16,Groceries,Hyderabad,2174,1,2174,2024,8,16,Friday,Watch
6357,2024-10-09,Groceries,Chennai,638,5,3190,2024,10,9,Wednesday,Laptop
6358,2026-05-23,Electronics,Delhi,1828,6,10968,2026,5,23,Saturday,Laptop
6359,2026-05-11,Groceries,Hyderabad,2763,9,24867,2026,5,11,Monday,Camera
6360,2026-04-30,Furniture,Delhi,2263,2,4526,2026,4,30,Thursday,Watch
6361,2024-09-27,Electronics,Bangalore,1927,9,17343,2024,9,27,Friday,Bag
6362,2026-04-11,Groceries,Chennai,2747,10,27470,2026,4,11,Saturday,Watch
6363,2025-07-27,Clothing,Chennai,4881,6,29286,2025,7,27,Sunday,TV
6364,2025-08-06,Groceries,Mumbai,3668,3,11004,2025,8,6,Wednesday,Tablet
6365,2025-11-10,Groceries,Bangalore,2987,7,20909,2025,11,10,Monday,Phone
6366,2025-11-29,Clothing,Mumbai,1324,7,9268,2025,11,29,Saturday,Camera
6367,2024-07-15,Groceries,Bangalore,2787,8,22296,2024,7,15,Monday,Shoes
6368,2025-03-12,Sports,Hyderabad,2287,3,6861,2025,3,12,Wednesday,Laptop
6369,2026-03-24,Furniture,Mumbai,818,9,7362,2026,3,24,Tuesday,Headphones
6370,2025-03-03,Clothing,Delhi,3741,10,37410,2025,3,3,Monday,Headphones
6371,2026-05-20,Clothing,Delhi,101,2,202,2026,5,20,Wednesday,Keyboard
6372,2026-06-03,Sports,Hyderabad,210,6,1260,2026,6,3,Wednesday,Bag
6373,2026-04-11,Clothing,Bangalore,4013,6,24078,2026,4,11,Saturday,Laptop
6374,2025-05-13,Sports,Delhi,4087,2,8174,2025,5,13,Tuesday,Keyboard
6375,2025-01-27,Sports,Hyderabad,1557,10,15570,2025,1,27,Monday,Watch
6376,2026-04-03,Furniture,Bangalore,3671,5,18355,2026,4,3,Friday,TV
6377,2025-12-30,Sports,Delhi,2183,4,8732,2025,12,30,Tuesday,TV
6378,2026-04-29,Furniture,Mumbai,2534,8,20272,2026,4,29,Wednesday,Shoes
6379,2026-03-12,Groceries,Hyderabad,870,4,3480,2026,3,12,Thursday,Laptop
6380,2025-10-04,Furniture,Mumbai,4489,5,22445,2025,10,4,Saturday,TV
6381,2025-08-12,Clothing,Chennai,4643,2,9286,2025,8,12,Tuesday,Keyboard
6382,2025-04-13,Furniture,Chennai,3872,8,30976,2025,4,13,Sunday,Headphones
6383,2025-06-03,Electronics,Bangalore,2242,4,8968,2025,6,3,Tuesday,Camera
6384,2026-04-14,Groceries,Hyderabad,3313,8,26504,2026,4,14,Tuesday,Tablet
6385,2025-04-17,Clothing,Chennai,1501,9,13509,2025,4,17,Thursday,Laptop
6386,2024-11-04,Furniture,Hyderabad,2079,10,20790,2024,11,4,Monday,Shoes
6387,2025-10-18,Electronics,Mumbai,1804,8,14432,2025,10,18,Saturday,Tablet
6388,2024-12-07,Clothing,Bangalore,1478,7,10346,2024,12,7,Saturday,Bag
6389,2024-11-17,Electronics,Chennai,4521,3,13563,2024,11,17,Sunday,Keyboard
6390,2026-05-08,Clothing,Delhi,676,2,1352,2026,5,8,Friday,TV
6391,2026-02-25,Electronics,Mumbai,3010,6,18060,2026,2,25,Wednesday,Bag
6392,2025-10-30,Sports,Delhi,2565,6,15390,2025,10,30,Thursday,Phone
6393,2026-04-05,Furniture,Hyderabad,3291,3,9873,2026,4,5,Sunday,Tablet
6394,2025-10-18,Clothing,Mumbai,4470,3,13410,2025,10,18,Saturday,Laptop
6395,2025-05-10,Furniture,Hyderabad,1704,9,15336,2025,5,10,Saturday,Watch
6396,2025-03-22,Electronics,Delhi,461,1,461,2025,3,22,Saturday,Watch
6397,2026-03-30,Sports,Delhi,2240,6,13440,2026,3,30,Monday,Laptop
6398,2024-09-30,Furniture,Mumbai,1413,5,7065,2024,9,30,Monday,TV
6399,2024-12-14,Furniture,Chennai,1568,6,9408,2024,12,14,Saturday,Shoes
6400,2025-08-16,Clothing,Hyderabad,2204,6,13224,2025,8,16,Saturday,Keyboard
6401,2025-09-25,Electronics,Chennai,3185,3,9555,2025,9,25,Thursday,Phone
6402,2025-12-21,Sports,Hyderabad,809,9,7281,2025,12,21,Sunday,Shoes
6403,2025-12-22,Clothing,Bangalore,2454,3,7362,2025,12,22,Monday,Laptop
6404,2024-06-30,Clothing,Chennai,2682,1,2682,2024,6,30,Sunday,TV
6405,2024-09-04,Groceries,Chennai,2277,6,13662,2024,9,4,Wednesday,Shoes
6406,2025-03-13,Sports,Delhi,3444,6,20664,2025,3,13,Thursday,Laptop
6407,2024-12-22,Clothing,Bangalore,2951,1,2951,2024,12,22,Sunday,Watch
6408,2024-11-21,Electronics,Bangalore,3562,2,7124,2024,11,21,Thursday,TV
6409,2024-11-03,Clothing,Bangalore,4698,3,14094,2024,11,3,Sunday,Tablet
6410,2026-01-20,Furniture,Bangalore,4139,3,12417,2026,1,20,Tuesday,Tablet
6411,2026-05-26,Groceries,Chennai,1128,8,9024,2026,5,26,Tuesday,Tablet
6412,2025-10-10,Sports,Chennai,2563,2,5126,2025,10,10,Friday,Camera
6413,2026-06-24,Clothing,Bangalore,2432,8,19456,2026,6,24,Wednesday,Camera
6414,2026-03-14,Electronics,Hyderabad,4107,8,32856,2026,3,14,Saturday,TV
6415,2025-01-31,Sports,Delhi,3621,10,36210,2025,1,31,Friday,Headphones
6416,2025-08-13,Clothing,Chennai,2281,5,11405,2025,8,13,Wednesday,Laptop
6417,2025-08-22,Sports,Chennai,2604,1,2604,2025,8,22,Friday,Shoes
6418,2025-03-23,Groceries,Bangalore,2900,10,29000,2025,3,23,Sunday,Tablet
6419,2025-02-05,Electronics,Bangalore,2550,2,5100,2025,2,5,Wednesday,Bag
6420,2026-03-08,Clothing,Chennai,1003,2,2006,2026,3,8,Sunday,Headphones
6421,2024-10-29,Sports,Bangalore,2849,6,17094,2024,10,29,Tuesday,Phone
6422,2026-05-13,Groceries,Delhi,4176,6,25056,2026,5,13,Wednesday,Camera
6423,2024-12-22,Groceries,Hyderabad,1766,5,8830,2024,12,22,Sunday,Laptop
6424,2026-06-22,Furniture,Bangalore,3765,4,15060,2026,6,22,Monday,Headphones
6425,2025-05-23,Sports,Mumbai,3910,7,27370,2025,5,23,Friday,Watch
6426,2024-07-11,Clothing,Hyderabad,3538,8,28304,2024,7,11,Thursday,TV
6427,2024-07-28,Groceries,Delhi,2233,10,22330,2024,7,28,Sunday,Shoes
6428,2024-11-20,Furniture,Hyderabad,3686,4,14744,2024,11,20,Wednesday,Headphones
6429,2024-12-05,Sports,Bangalore,1064,3,3192,2024,12,5,Thursday,TV
6430,2026-01-07,Groceries,Delhi,4036,10,40360,2026,1,7,Wednesday,Bag
6431,2025-04-14,Sports,Delhi,1451,8,11608,2025,4,14,Monday,Phone
6432,2026-02-04,Furniture,Hyderabad,2885,3,8655,2026,2,4,Wednesday,Shoes
6433,2026-06-11,Clothing,Chennai,827,6,4962,2026,6,11,Thursday,Keyboard
6434,2024-07-29,Furniture,Chennai,1562,6,9372,2024,7,29,Monday,Keyboard
6435,2026-05-23,Clothing,Delhi,2165,8,17320,2026,5,23,Saturday,Shoes
6436,2024-07-09,Sports,Bangalore,2511,7,17577,2024,7,9,Tuesday,Bag
6437,2025-10-19,Electronics,Mumbai,4446,4,17784,2025,10,19,Sunday,TV
6438,2026-05-24,Sports,Hyderabad,3460,7,24220,2026,5,24,Sunday,Bag
6439,2024-07-20,Electronics,Chennai,634,2,1268,2024,7,20,Saturday,Laptop
6440,2026-05-23,Groceries,Hyderabad,1191,6,7146,2026,5,23,Saturday,Watch
6441,2026-06-01,Electronics,Chennai,3342,10,33420,2026,6,1,Monday,Tablet
6442,2026-02-11,Groceries,Chennai,2273,2,4546,2026,2,11,Wednesday,Tablet
6443,2025-12-07,Electronics,Mumbai,3919,5,19595,2025,12,7,Sunday,Headphones
6444,2026-06-28,Furniture,Bangalore,3095,5,15475,2026,6,28,Sunday,Headphones
6445,2024-08-29,Electronics,Delhi,618,4,2472,2024,8,29,Thursday,Headphones
6446,2026-01-30,Groceries,Hyderabad,453,3,1359,2026,1,30,Friday,TV
6447,2025-04-08,Electronics,Delhi,2321,3,6963,2025,4,8,Tuesday,Tablet
6448,2025-05-30,Sports,Bangalore,1831,7,12817,2025,5,30,Friday,Keyboard
6449,2025-05-19,Sports,Delhi,2355,1,2355,2025,5,19,Monday,Bag
6450,2024-12-23,Clothing,Chennai,4123,3,12369,2024,12,23,Monday,Shoes
6451,2025-08-09,Clothing,Bangalore,1639,5,8195,2025,8,9,Saturday,Tablet
6452,2025-09-29,Sports,Mumbai,573,1,573,2025,9,29,Monday,Shoes
6453,2026-03-28,Electronics,Bangalore,1459,2,2918,2026,3,28,Saturday,Headphones
6454,2024-07-14,Clothing,Bangalore,2552,3,7656,2024,7,14,Sunday,Camera
6455,2025-06-24,Furniture,Chennai,602,9,5418,2025,6,24,Tuesday,Headphones
6456,2025-06-25,Furniture,Bangalore,1892,7,13244,2025,6,25,Wednesday,TV
6457,2026-02-03,Clothing,Bangalore,2676,5,13380,2026,2,3,Tuesday,Keyboard
6458,2026-05-15,Clothing,Chennai,2410,1,2410,2026,5,15,Friday,Camera
6459,2024-09-22,Clothing,Delhi,3702,1,3702,2024,9,22,Sunday,Laptop
6460,2025-02-06,Furniture,Bangalore,3362,10,33620,2025,2,6,Thursday,Phone
6461,2025-07-20,Sports,Mumbai,1922,4,7688,2025,7,20,Sunday,Keyboard
6462,2026-04-25,Groceries,Chennai,1073,2,2146,2026,4,25,Saturday,Keyboard
6463,2025-12-01,Groceries,Delhi,1157,1,1157,2025,12,1,Monday,Laptop
6464,2025-05-06,Furniture,Delhi,4477,6,26862,2025,5,6,Tuesday,Headphones
6465,2026-03-08,Clothing,Delhi,263,9,2367,2026,3,8,Sunday,TV
6466,2025-08-08,Clothing,Mumbai,4703,3,14109,2025,8,8,Friday,Camera
6467,2026-03-06,Clothing,Hyderabad,4084,1,4084,2026,3,6,Friday,Headphones
6468,2026-05-29,Clothing,Delhi,1397,7,9779,2026,5,29,Friday,Bag
6469,2024-10-09,Furniture,Chennai,4294,5,21470,2024,10,9,Wednesday,Phone
6470,2024-10-15,Electronics,Bangalore,4710,2,9420,2024,10,15,Tuesday,Tablet
6471,2025-04-11,Electronics,Bangalore,2916,7,20412,2025,4,11,Friday,Headphones
6472,2025-12-07,Groceries,Hyderabad,1118,7,7826,2025,12,7,Sunday,Watch
6473,2025-09-29,Groceries,Mumbai,1018,10,10180,2025,9,29,Monday,Tablet
6474,2025-12-13,Groceries,Bangalore,3950,7,27650,2025,12,13,Saturday,Keyboard
6475,2025-11-22,Electronics,Chennai,3038,8,24304,2025,11,22,Saturday,Watch
6476,2024-11-11,Clothing,Mumbai,226,9,2034,2024,11,11,Monday,Keyboard
6477,2025-11-28,Sports,Chennai,1454,2,2908,2025,11,28,Friday,Watch
6478,2025-05-01,Clothing,Delhi,921,1,921,2025,5,1,Thursday,Keyboard
6479,2026-03-04,Furniture,Hyderabad,3452,3,10356,2026,3,4,Wednesday,TV
6480,2024-09-29,Clothing,Hyderabad,4316,3,12948,2024,9,29,Sunday,Watch
6481,2026-01-04,Sports,Bangalore,3612,7,25284,2026,1,4,Sunday,Headphones
6482,2025-09-20,Groceries,Mumbai,614,6,3684,2025,9,20,Saturday,Tablet
6483,2025-08-21,Furniture,Bangalore,4471,7,31297,2025,8,21,Thursday,Bag
6484,2025-04-22,Groceries,Hyderabad,2821,4,11284,2025,4,22,Tuesday,TV
6485,2026-01-11,Sports,Hyderabad,3069,2,6138,2026,1,11,Sunday,Phone
6486,2025-03-15,Electronics,Hyderabad,4752,2,9504,2025,3,15,Saturday,Tablet
6487,2024-09-02,Clothing,Mumbai,3186,7,22302,2024,9,2,Monday,Camera
6488,2024-08-18,Furniture,Delhi,1725,5,8625,2024,8,18,Sunday,Headphones
6489,2026-04-10,Sports,Bangalore,4525,10,45250,2026,4,10,Friday,TV
6490,2024-08-20,Furniture,Mumbai,1282,3,3846,2024,8,20,Tuesday,Watch
6491,2025-12-08,Furniture,Chennai,803,5,4015,2025,12,8,Monday,Tablet
6492,2024-12-21,Furniture,Chennai,4824,8,38592,2024,12,21,Saturday,Camera
6493,2025-02-28,Sports,Delhi,1342,2,2684,2025,2,28,Friday,Headphones
6494,2025-03-18,Clothing,Bangalore,539,2,1078,2025,3,18,Tuesday,Camera
6495,2025-03-31,Clothing,Delhi,1589,3,4767,2025,3,31,Monday,Laptop
6496,2026-04-12,Electronics,Mumbai,2989,6,17934,2026,4,12,Sunday,TV
6497,2025-11-24,Sports,Mumbai,904,5,4520,2025,11,24,Monday,Bag
6498,2025-07-16,Electronics,Hyderabad,2265,1,2265,2025,7,16,Wednesday,Watch
6499,2024-11-17,Groceries,Bangalore,3212,5,16060,2024,11,17,Sunday,Shoes
6500,2024-12-06,Groceries,Hyderabad,1158,10,11580,2024,12,6,Friday,Tablet
6501,2024-07-22,Clothing,Delhi,104,1,104,2024,7,22,Monday,Bag
6502,2025-12-02,Groceries,Bangalore,570,7,3990,2025,12,2,Tuesday,TV
6503,2025-04-07,Electronics,Bangalore,3349,2,6698,2025,4,7,Monday,Bag
6504,2024-10-11,Groceries,Hyderabad,1546,10,15460,2024,10,11,Friday,Tablet
6505,2026-04-14,Clothing,Bangalore,2136,6,12816,2026,4,14,Tuesday,Headphones
6506,2026-03-13,Electronics,Delhi,1422,8,11376,2026,3,13,Friday,TV
6507,2025-12-03,Sports,Hyderabad,3450,7,24150,2025,12,3,Wednesday,Laptop
6508,2026-01-17,Groceries,Bangalore,407,1,407,2026,1,17,Saturday,Laptop
6509,2025-06-26,Sports,Hyderabad,1742,8,13936,2025,6,26,Thursday,Tablet
6510,2025-10-03,Sports,Chennai,1837,8,14696,2025,10,3,Friday,Phone
6511,2025-06-17,Sports,Mumbai,1295,6,7770,2025,6,17,Tuesday,Watch
6512,2026-03-23,Sports,Chennai,2552,2,5104,2026,3,23,Monday,TV
6513,2025-05-07,Groceries,Delhi,107,7,749,2025,5,7,Wednesday,Laptop
6514,2025-06-11,Sports,Bangalore,643,1,643,2025,6,11,Wednesday,TV
6515,2025-09-06,Clothing,Chennai,3594,10,35940,2025,9,6,Saturday,TV
6516,2026-04-26,Clothing,Hyderabad,3894,5,19470,2026,4,26,Sunday,TV
6517,2025-12-05,Clothing,Chennai,742,6,4452,2025,12,5,Friday,Bag
6518,2026-05-26,Sports,Mumbai,1276,6,7656,2026,5,26,Tuesday,Headphones
6519,2025-11-25,Furniture,Mumbai,2509,8,20072,2025,11,25,Tuesday,Keyboard
6520,2024-11-19,Clothing,Hyderabad,4684,1,4684,2024,11,19,Tuesday,Shoes
6521,2026-03-25,Clothing,Mumbai,1906,8,15248,2026,3,25,Wednesday,Shoes
6522,2026-05-12,Clothing,Delhi,3804,1,3804,2026,5,12,Tuesday,Camera
6523,2025-07-08,Groceries,Hyderabad,364,3,1092,2025,7,8,Tuesday,Watch
6524,2025-08-31,Sports,Bangalore,1157,8,9256,2025,8,31,Sunday,Keyboard
6525,2025-01-19,Electronics,Delhi,4921,7,34447,2025,1,19,Sunday,Laptop
6526,2024-09-07,Furniture,Delhi,4344,8,34752,2024,9,7,Saturday,Bag
6527,2026-01-04,Furniture,Bangalore,4209,3,12627,2026,1,4,Sunday,TV
6528,2025-01-11,Electronics,Hyderabad,1185,4,4740,2025,1,11,Saturday,Shoes
6529,2025-08-31,Furniture,Bangalore,3280,10,32800,2025,8,31,Sunday,Camera
6530,2024-07-11,Groceries,Delhi,429,9,3861,2024,7,11,Thursday,Keyboard
6531,2025-04-22,Groceries,Hyderabad,2075,6,12450,2025,4,22,Tuesday,Phone
6532,2025-12-02,Furniture,Mumbai,1253,5,6265,2025,12,2,Tuesday,TV
6533,2024-08-25,Furniture,Delhi,4135,3,12405,2024,8,25,Sunday,Shoes
6534,2026-03-06,Sports,Delhi,460,3,1380,2026,3,6,Friday,Watch
6535,2025-11-26,Furniture,Delhi,4424,4,17696,2025,11,26,Wednesday,Phone
6536,2026-01-05,Sports,Chennai,2304,8,18432,2026,1,5,Monday,Headphones
6537,2024-08-11,Groceries,Chennai,1682,2,3364,2024,8,11,Sunday,Headphones
6538,2025-01-17,Sports,Chennai,4330,8,34640,2025,1,17,Friday,Headphones
6539,2025-01-15,Groceries,Mumbai,1241,7,8687,2025,1,15,Wednesday,Watch
6540,2024-11-22,Furniture,Hyderabad,3537,7,24759,2024,11,22,Friday,Phone
6541,2024-07-09,Furniture,Hyderabad,1489,4,5956,2024,7,9,Tuesday,TV
6542,2024-08-04,Clothing,Delhi,1012,6,6072,2024,8,4,Sunday,Headphones
6543,2025-12-08,Sports,Delhi,799,2,1598,2025,12,8,Monday,Shoes
6544,2025-05-02,Groceries,Bangalore,1731,1,1731,2025,5,2,Friday,Headphones
6545,2025-01-14,Clothing,Chennai,2242,10,22420,2025,1,14,Tuesday,Watch
6546,2025-08-30,Clothing,Bangalore,4080,10,40800,2025,8,30,Saturday,TV
6547,2025-09-22,Furniture,Delhi,3112,2,6224,2025,9,22,Monday,Watch
6548,2025-12-10,Electronics,Chennai,1528,9,13752,2025,12,10,Wednesday,Headphones
6549,2024-07-30,Furniture,Bangalore,1292,1,1292,2024,7,30,Tuesday,Laptop
6550,2025-04-05,Furniture,Delhi,2129,5,10645,2025,4,5,Saturday,TV
6551,2026-03-07,Electronics,Chennai,4978,10,49780,2026,3,7,Saturday,Tablet
6552,2024-09-16,Furniture,Bangalore,1421,3,4263,2024,9,16,Monday,Camera
6553,2025-02-10,Clothing,Chennai,1477,4,5908,2025,2,10,Monday,Bag
6554,2025-05-05,Furniture,Mumbai,2114,5,10570,2025,5,5,Monday,Keyboard
6555,2024-12-17,Electronics,Bangalore,525,1,525,2024,12,17,Tuesday,Laptop
6556,2026-05-30,Groceries,Bangalore,2737,4,10948,2026,5,30,Saturday,TV
6557,2025-05-11,Electronics,Mumbai,3382,7,23674,2025,5,11,Sunday,Shoes
6558,2024-11-13,Groceries,Mumbai,785,10,7850,2024,11,13,Wednesday,Phone
6559,2025-05-30,Electronics,Mumbai,4093,1,4093,2025,5,30,Friday,Bag
6560,2025-03-28,Electronics,Delhi,2966,2,5932,2025,3,28,Friday,Laptop
6561,2026-01-10,Groceries,Bangalore,2772,3,8316,2026,1,10,Saturday,TV
6562,2026-05-21,Groceries,Delhi,2615,1,2615,2026,5,21,Thursday,Tablet
6563,2025-03-20,Groceries,Delhi,3084,1,3084,2025,3,20,Thursday,Bag
6564,2025-11-13,Furniture,Delhi,4463,4,17852,2025,11,13,Thursday,Shoes
6565,2026-01-13,Furniture,Bangalore,527,8,4216,2026,1,13,Tuesday,Shoes
6566,2024-07-14,Furniture,Hyderabad,3169,6,19014,2024,7,14,Sunday,Bag
6567,2025-08-26,Groceries,Chennai,4408,1,4408,2025,8,26,Tuesday,Tablet
6568,2025-08-08,Clothing,Chennai,4286,7,30002,2025,8,8,Friday,Watch
6569,2025-04-15,Clothing,Hyderabad,2498,10,24980,2025,4,15,Tuesday,Watch
6570,2025-02-13,Groceries,Delhi,2355,1,2355,2025,2,13,Thursday,Tablet
6571,2026-05-14,Furniture,Chennai,1761,4,7044,2026,5,14,Thursday,Watch
6572,2025-12-26,Electronics,Bangalore,4971,8,39768,2025,12,26,Friday,Watch
6573,2026-02-13,Furniture,Hyderabad,4630,9,41670,2026,2,13,Friday,TV
6574,2025-03-17,Electronics,Hyderabad,2767,7,19369,2025,3,17,Monday,Camera
6575,2025-11-05,Groceries,Delhi,1243,6,7458,2025,11,5,Wednesday,Camera
6576,2025-01-09,Clothing,Hyderabad,4619,5,23095,2025,1,9,Thursday,Keyboard
6577,2026-05-17,Sports,Bangalore,4465,1,4465,2026,5,17,Sunday,Phone
6578,2026-05-16,Groceries,Chennai,3913,3,11739,2026,5,16,Saturday,TV
6579,2025-01-25,Furniture,Delhi,2954,10,29540,2025,1,25,Saturday,TV
6580,2025-04-15,Clothing,Delhi,3749,5,18745,2025,4,15,Tuesday,Tablet
6581,2025-07-18,Clothing,Bangalore,2145,5,10725,2025,7,18,Friday,Keyboard
6582,2025-02-16,Electronics,Chennai,2395,7,16765,2025,2,16,Sunday,Watch
6583,2025-10-11,Clothing,Delhi,2307,4,9228,2025,10,11,Saturday,Laptop
6584,2025-08-07,Sports,Hyderabad,945,7,6615,2025,8,7,Thursday,Headphones
6585,2026-05-07,Electronics,Chennai,4518,5,22590,2026,5,7,Thursday,TV
6586,2024-09-04,Groceries,Chennai,455,5,2275,2024,9,4,Wednesday,Tablet
6587,2025-12-19,Furniture,Bangalore,718,2,1436,2025,12,19,Friday,Watch
6588,2026-05-18,Furniture,Bangalore,4200,4,16800,2026,5,18,Monday,Phone
6589,2025-05-04,Clothing,Chennai,3761,7,26327,2025,5,4,Sunday,Shoes
6590,2025-10-27,Sports,Hyderabad,4873,7,34111,2025,10,27,Monday,Camera
6591,2025-01-03,Groceries,Delhi,1416,7,9912,2025,1,3,Friday,Bag
6592,2025-10-12,Clothing,Chennai,319,5,1595,2025,10,12,Sunday,Headphones
6593,2026-04-28,Furniture,Hyderabad,1228,6,7368,2026,4,28,Tuesday,Tablet
6594,2026-03-02,Furniture,Delhi,1906,9,17154,2026,3,2,Monday,Tablet
6595,2024-12-09,Furniture,Delhi,348,4,1392,2024,12,9,Monday,Phone
6596,2026-05-01,Sports,Delhi,3933,9,35397,2026,5,1,Friday,Watch
6597,2025-03-04,Sports,Delhi,3310,3,9930,2025,3,4,Tuesday,Tablet
6598,2026-03-11,Sports,Chennai,2248,4,8992,2026,3,11,Wednesday,Laptop
6599,2025-02-14,Sports,Delhi,2018,1,2018,2025,2,14,Friday,Shoes
6600,2025-01-15,Sports,Mumbai,2703,7,18921,2025,1,15,Wednesday,Laptop
6601,2026-02-11,Clothing,Chennai,4749,3,14247,2026,2,11,Wednesday,Camera
6602,2026-05-18,Electronics,Bangalore,2928,8,23424,2026,5,18,Monday,TV
6603,2025-09-10,Groceries,Bangalore,3685,5,18425,2025,9,10,Wednesday,Shoes
6604,2025-01-15,Clothing,Bangalore,3128,8,25024,2025,1,15,Wednesday,Watch
6605,2024-09-14,Furniture,Chennai,2015,5,10075,2024,9,14,Saturday,Headphones
6606,2024-09-04,Sports,Hyderabad,198,10,1980,2024,9,4,Wednesday,Laptop
6607,2025-09-19,Groceries,Bangalore,3107,7,21749,2025,9,19,Friday,TV
6608,2024-10-04,Electronics,Mumbai,1635,4,6540,2024,10,4,Friday,TV
6609,2025-09-25,Electronics,Hyderabad,2075,3,6225,2025,9,25,Thursday,Camera
6610,2024-08-20,Electronics,Hyderabad,4106,2,8212,2024,8,20,Tuesday,Laptop
6611,2025-12-10,Clothing,Mumbai,968,10,9680,2025,12,10,Wednesday,Keyboard
6612,2025-05-01,Sports,Bangalore,1898,9,17082,2025,5,1,Thursday,Bag
6613,2024-12-31,Sports,Delhi,4670,5,23350,2024,12,31,Tuesday,Laptop
6614,2026-06-23,Clothing,Mumbai,2070,10,20700,2026,6,23,Tuesday,Phone
6615,2025-05-23,Furniture,Mumbai,4412,1,4412,2025,5,23,Friday,Keyboard
6616,2026-02-03,Groceries,Hyderabad,651,5,3255,2026,2,3,Tuesday,Bag
6617,2025-04-09,Furniture,Mumbai,1792,2,3584,2025,4,9,Wednesday,Tablet
6618,2024-10-02,Sports,Bangalore,1329,2,2658,2024,10,2,Wednesday,Headphones
6619,2025-06-07,Clothing,Bangalore,1160,1,1160,2025,6,7,Saturday,Headphones
6620,2024-09-04,Electronics,Hyderabad,4986,4,19944,2024,9,4,Wednesday,Tablet
6621,2024-11-13,Sports,Bangalore,1517,9,13653,2024,11,13,Wednesday,Bag
6622,2026-02-05,Furniture,Chennai,2365,2,4730,2026,2,5,Thursday,Tablet
6623,2026-02-04,Sports,Chennai,1366,6,8196,2026,2,4,Wednesday,Camera
6624,2024-08-07,Clothing,Chennai,3319,10,33190,2024,8,7,Wednesday,Tablet
6625,2026-03-25,Sports,Bangalore,1640,8,13120,2026,3,25,Wednesday,Phone
6626,2024-11-18,Clothing,Delhi,1706,5,8530,2024,11,18,Monday,Shoes
6627,2024-12-08,Sports,Delhi,1546,10,15460,2024,12,8,Sunday,Bag
6628,2024-09-19,Sports,Delhi,1075,1,1075,2024,9,19,Thursday,Bag
6629,2024-07-09,Groceries,Delhi,1691,1,1691,2024,7,9,Tuesday,Shoes
6630,2026-03-04,Sports,Delhi,1910,9,17190,2026,3,4,Wednesday,Shoes
6631,2026-06-17,Electronics,Chennai,1729,4,6916,2026,6,17,Wednesday,Laptop
6632,2026-01-28,Furniture,Hyderabad,3227,4,12908,2026,1,28,Wednesday,Camera
6633,2026-03-25,Clothing,Mumbai,546,6,3276,2026,3,25,Wednesday,Laptop
6634,2024-07-24,Electronics,Chennai,2619,2,5238,2024,7,24,Wednesday,Shoes
6635,2025-03-11,Furniture,Mumbai,3224,5,16120,2025,3,11,Tuesday,TV
6636,2026-03-11,Clothing,Hyderabad,1176,8,9408,2026,3,11,Wednesday,Phone
6637,2025-04-13,Clothing,Mumbai,1713,4,6852,2025,4,13,Sunday,Phone
6638,2025-12-22,Furniture,Delhi,4917,2,9834,2025,12,22,Monday,Camera
6639,2026-01-04,Clothing,Chennai,2892,2,5784,2026,1,4,Sunday,Keyboard
6640,2026-05-13,Clothing,Mumbai,3429,8,27432,2026,5,13,Wednesday,Watch
6641,2025-10-09,Groceries,Bangalore,3155,9,28395,2025,10,9,Thursday,Shoes
6642,2025-11-26,Groceries,Chennai,2716,7,19012,2025,11,26,Wednesday,Tablet
6643,2024-10-06,Electronics,Chennai,3326,5,16630,2024,10,6,Sunday,Shoes
6644,2025-02-27,Clothing,Bangalore,1937,2,3874,2025,2,27,Thursday,TV
6645,2024-07-13,Electronics,Mumbai,4623,5,23115,2024,7,13,Saturday,Phone
6646,2025-04-21,Electronics,Chennai,1282,3,3846,2025,4,21,Monday,Bag
6647,2025-03-30,Sports,Chennai,4943,9,44487,2025,3,30,Sunday,Shoes
6648,2026-05-22,Furniture,Mumbai,4368,4,17472,2026,5,22,Friday,Shoes
6649,2025-05-23,Electronics,Hyderabad,3643,3,10929,2025,5,23,Friday,Camera
6650,2025-09-19,Clothing,Mumbai,3764,2,7528,2025,9,19,Friday,Shoes
6651,2025-09-02,Clothing,Mumbai,2898,7,20286,2025,9,2,Tuesday,Watch
6652,2024-07-16,Furniture,Chennai,1769,7,12383,2024,7,16,Tuesday,TV
6653,2025-11-07,Electronics,Hyderabad,2419,8,19352,2025,11,7,Friday,Watch
6654,2024-10-20,Sports,Chennai,740,5,3700,2024,10,20,Sunday,Watch
6655,2026-05-31,Furniture,Bangalore,4391,2,8782,2026,5,31,Sunday,TV
6656,2024-08-25,Furniture,Chennai,2597,2,5194,2024,8,25,Sunday,Watch
6657,2026-02-10,Electronics,Chennai,2564,8,20512,2026,2,10,Tuesday,Keyboard
6658,2025-02-18,Groceries,Mumbai,3625,6,21750,2025,2,18,Tuesday,Laptop
6659,2025-03-24,Sports,Hyderabad,3224,2,6448,2025,3,24,Monday,Watch
6660,2025-09-23,Electronics,Delhi,3411,8,27288,2025,9,23,Tuesday,Camera
6661,2024-09-04,Groceries,Bangalore,1942,6,11652,2024,9,4,Wednesday,Headphones
6662,2025-09-17,Clothing,Chennai,1404,5,7020,2025,9,17,Wednesday,Laptop
6663,2025-04-27,Groceries,Bangalore,3235,8,25880,2025,4,27,Sunday,Phone
6664,2024-08-24,Electronics,Hyderabad,761,10,7610,2024,8,24,Saturday,Shoes
6665,2026-06-26,Furniture,Bangalore,189,8,1512,2026,6,26,Friday,Camera
6666,2024-08-10,Furniture,Delhi,4715,6,28290,2024,8,10,Saturday,TV
6667,2025-02-20,Furniture,Mumbai,2726,6,16356,2025,2,20,Thursday,Phone
6668,2026-04-11,Sports,Delhi,677,2,1354,2026,4,11,Saturday,TV
6669,2025-06-02,Sports,Mumbai,4297,5,21485,2025,6,2,Monday,Keyboard
6670,2025-05-29,Electronics,Bangalore,2013,6,12078,2025,5,29,Thursday,Laptop
6671,2026-03-30,Groceries,Mumbai,903,6,5418,2026,3,30,Monday,Watch
6672,2025-09-25,Clothing,Delhi,1656,5,8280,2025,9,25,Thursday,Keyboard
6673,2024-08-12,Electronics,Mumbai,2046,1,2046,2024,8,12,Monday,Shoes
6674,2026-06-17,Clothing,Hyderabad,3200,9,28800,2026,6,17,Wednesday,Laptop
6675,2024-07-10,Furniture,Delhi,1481,1,1481,2024,7,10,Wednesday,Headphones
6676,2025-09-03,Electronics,Delhi,630,2,1260,2025,9,3,Wednesday,Phone
6677,2024-11-25,Electronics,Bangalore,2418,8,19344,2024,11,25,Monday,Bag
6678,2025-09-16,Clothing,Bangalore,3626,5,18130,2025,9,16,Tuesday,Watch
6679,2026-06-04,Groceries,Hyderabad,2088,1,2088,2026,6,4,Thursday,Watch
6680,2025-10-20,Clothing,Delhi,4303,9,38727,2025,10,20,Monday,Shoes
6681,2025-03-05,Furniture,Chennai,4013,9,36117,2025,3,5,Wednesday,Laptop
6682,2026-05-21,Electronics,Mumbai,2133,10,21330,2026,5,21,Thursday,Laptop
6683,2025-05-10,Groceries,Bangalore,2076,3,6228,2025,5,10,Saturday,TV
6684,2025-10-29,Groceries,Hyderabad,4605,3,13815,2025,10,29,Wednesday,Phone
6685,2025-05-03,Groceries,Delhi,599,7,4193,2025,5,3,Saturday,Watch
6686,2025-08-07,Furniture,Mumbai,1823,10,18230,2025,8,7,Thursday,Shoes
6687,2024-07-30,Electronics,Chennai,3727,3,11181,2024,7,30,Tuesday,Laptop
6688,2026-01-30,Electronics,Bangalore,437,3,1311,2026,1,30,Friday,Phone
6689,2024-07-02,Groceries,Chennai,4613,4,18452,2024,7,2,Tuesday,Laptop
6690,2024-09-25,Electronics,Chennai,2616,10,26160,2024,9,25,Wednesday,Shoes
6691,2025-01-30,Groceries,Chennai,2944,2,5888,2025,1,30,Thursday,Shoes
6692,2025-07-05,Electronics,Mumbai,3782,4,15128,2025,7,5,Saturday,Keyboard
6693,2025-05-12,Electronics,Bangalore,3817,10,38170,2025,5,12,Monday,Laptop
6694,2025-07-30,Electronics,Bangalore,3202,4,12808,2025,7,30,Wednesday,Shoes
6695,2026-02-04,Furniture,Hyderabad,1034,8,8272,2026,2,4,Wednesday,Laptop
6696,2024-07-10,Sports,Delhi,1471,1,1471,2024,7,10,Wednesday,Watch
6697,2026-01-31,Groceries,Chennai,4127,2,8254,2026,1,31,Saturday,Watch
6698,2026-06-15,Clothing,Mumbai,1982,9,17838,2026,6,15,Monday,Camera
6699,2025-04-28,Groceries,Delhi,1976,9,17784,2025,4,28,Monday,Shoes
6700,2025-01-21,Furniture,Hyderabad,4995,3,14985,2025,1,21,Tuesday,Tablet
6701,2026-06-03,Furniture,Delhi,2229,9,20061,2026,6,3,Wednesday,Tablet
6702,2026-03-23,Electronics,Mumbai,2555,8,20440,2026,3,23,Monday,Tablet
6703,2025-04-13,Electronics,Mumbai,3248,1,3248,2025,4,13,Sunday,Phone
6704,2025-07-21,Furniture,Mumbai,1988,6,11928,2025,7,21,Monday,TV
6705,2024-10-18,Electronics,Delhi,4211,7,29477,2024,10,18,Friday,Keyboard
6706,2026-03-18,Sports,Chennai,3459,2,6918,2026,3,18,Wednesday,Tablet
6707,2025-07-07,Electronics,Delhi,4128,2,8256,2025,7,7,Monday,Watch
6708,2025-03-04,Sports,Mumbai,966,5,4830,2025,3,4,Tuesday,Tablet
6709,2025-07-19,Groceries,Mumbai,4631,6,27786,2025,7,19,Saturday,Bag
6710,2025-09-16,Clothing,Hyderabad,2492,4,9968,2025,9,16,Tuesday,TV
6711,2024-11-28,Sports,Bangalore,164,3,492,2024,11,28,Thursday,Shoes
6712,2025-02-18,Electronics,Delhi,1813,6,10878,2025,2,18,Tuesday,Watch
6713,2025-01-19,Furniture,Chennai,3098,2,6196,2025,1,19,Sunday,Keyboard
6714,2024-07-10,Electronics,Hyderabad,3023,8,24184,2024,7,10,Wednesday,Camera
6715,2025-09-12,Clothing,Mumbai,3228,9,29052,2025,9,12,Friday,Camera
6716,2024-09-08,Sports,Hyderabad,1293,10,12930,2024,9,8,Sunday,Phone
6717,2024-09-05,Electronics,Chennai,479,2,958,2024,9,5,Thursday,Phone
6718,2025-10-02,Clothing,Bangalore,1227,9,11043,2025,10,2,Thursday,Bag
6719,2025-06-28,Clothing,Delhi,3212,4,12848,2025,6,28,Saturday,Laptop
6720,2026-06-14,Furniture,Hyderabad,2051,7,14357,2026,6,14,Sunday,Phone
6721,2026-04-09,Furniture,Hyderabad,4100,1,4100,2026,4,9,Thursday,Headphones
6722,2025-03-03,Groceries,Mumbai,1488,10,14880,2025,3,3,Monday,Bag
6723,2025-06-21,Furniture,Delhi,3485,5,17425,2025,6,21,Saturday,Keyboard
6724,2025-11-10,Sports,Mumbai,2786,6,16716,2025,11,10,Monday,Watch
6725,2025-08-04,Furniture,Chennai,1150,6,6900,2025,8,4,Monday,Bag
6726,2026-04-07,Clothing,Chennai,1057,7,7399,2026,4,7,Tuesday,Bag
6727,2024-09-23,Clothing,Delhi,3156,8,25248,2024,9,23,Monday,Shoes
6728,2024-12-23,Electronics,Mumbai,3387,8,27096,2024,12,23,Monday,Phone
6729,2025-12-17,Clothing,Chennai,4779,8,38232,2025,12,17,Wednesday,Keyboard
6730,2025-03-26,Electronics,Mumbai,2078,2,4156,2025,3,26,Wednesday,TV
6731,2025-08-10,Clothing,Chennai,804,5,4020,2025,8,10,Sunday,Shoes
6732,2025-11-19,Groceries,Mumbai,2640,5,13200,2025,11,19,Wednesday,Tablet
6733,2024-08-05,Groceries,Delhi,2347,1,2347,2024,8,5,Monday,Camera
6734,2025-08-05,Clothing,Delhi,3306,4,13224,2025,8,5,Tuesday,Shoes
6735,2024-12-15,Furniture,Bangalore,2644,7,18508,2024,12,15,Sunday,Laptop
6736,2024-10-27,Groceries,Bangalore,3952,2,7904,2024,10,27,Sunday,Watch
6737,2024-08-12,Furniture,Chennai,2292,3,6876,2024,8,12,Monday,Tablet
6738,2025-06-14,Electronics,Bangalore,3052,3,9156,2025,6,14,Saturday,Keyboard
6739,2026-05-25,Furniture,Hyderabad,2166,10,21660,2026,5,25,Monday,TV
6740,2026-03-25,Furniture,Bangalore,1956,3,5868,2026,3,25,Wednesday,Keyboard
6741,2025-01-08,Clothing,Delhi,663,1,663,2025,1,8,Wednesday,Keyboard
6742,2025-10-17,Electronics,Bangalore,3625,3,10875,2025,10,17,Friday,Bag
6743,2025-03-02,Furniture,Delhi,3180,6,19080,2025,3,2,Sunday,Bag
6744,2026-01-14,Groceries,Bangalore,3401,4,13604,2026,1,14,Wednesday,Keyboard
6745,2025-10-14,Groceries,Bangalore,1199,3,3597,2025,10,14,Tuesday,TV
6746,2025-06-14,Furniture,Bangalore,279,9,2511,2025,6,14,Saturday,Tablet
6747,2026-05-23,Electronics,Bangalore,4366,7,30562,2026,5,23,Saturday,Keyboard
6748,2024-09-12,Electronics,Chennai,4377,1,4377,2024,9,12,Thursday,Shoes
6749,2026-01-20,Sports,Bangalore,819,2,1638,2026,1,20,Tuesday,Bag
6750,2025-01-10,Clothing,Hyderabad,3258,8,26064,2025,1,10,Friday,Watch
6751,2024-07-25,Sports,Bangalore,985,3,2955,2024,7,25,Thursday,Headphones
6752,2026-04-04,Groceries,Mumbai,2632,7,18424,2026,4,4,Saturday,Phone
6753,2024-08-01,Furniture,Bangalore,4786,8,38288,2024,8,1,Thursday,Keyboard
6754,2025-02-07,Groceries,Mumbai,4394,9,39546,2025,2,7,Friday,Tablet
6755,2025-03-18,Sports,Hyderabad,4248,3,12744,2025,3,18,Tuesday,Keyboard
6756,2024-11-29,Electronics,Mumbai,2695,9,24255,2024,11,29,Friday,Shoes
6757,2025-11-23,Groceries,Delhi,341,1,341,2025,11,23,Sunday,Keyboard
6758,2024-12-29,Groceries,Hyderabad,4535,9,40815,2024,12,29,Sunday,Camera
6759,2025-08-30,Groceries,Mumbai,1298,1,1298,2025,8,30,Saturday,Headphones
6760,2025-07-26,Sports,Hyderabad,3044,7,21308,2025,7,26,Saturday,Bag
6761,2025-04-11,Groceries,Chennai,2762,1,2762,2025,4,11,Friday,Headphones
6762,2025-05-09,Sports,Mumbai,4420,8,35360,2025,5,9,Friday,Phone
6763,2024-11-21,Sports,Mumbai,2555,7,17885,2024,11,21,Thursday,TV
6764,2024-08-15,Clothing,Hyderabad,2452,1,2452,2024,8,15,Thursday,Camera
6765,2024-08-25,Clothing,Mumbai,950,4,3800,2024,8,25,Sunday,Watch
6766,2026-04-14,Sports,Bangalore,1010,9,9090,2026,4,14,Tuesday,Phone
6767,2025-11-30,Furniture,Mumbai,3612,5,18060,2025,11,30,Sunday,Bag
6768,2026-04-06,Groceries,Chennai,3016,3,9048,2026,4,6,Monday,Watch
6769,2026-06-02,Electronics,Hyderabad,2909,8,23272,2026,6,2,Tuesday,Shoes
6770,2025-03-09,Groceries,Bangalore,4812,1,4812,2025,3,9,Sunday,Shoes
6771,2025-09-23,Clothing,Chennai,759,3,2277,2025,9,23,Tuesday,Bag
6772,2025-08-18,Electronics,Delhi,4654,1,4654,2025,8,18,Monday,Keyboard
6773,2025-03-11,Sports,Hyderabad,4412,3,13236,2025,3,11,Tuesday,TV
6774,2025-10-16,Sports,Bangalore,1924,10,19240,2025,10,16,Thursday,Watch
6775,2024-09-27,Furniture,Delhi,4190,7,29330,2024,9,27,Friday,Headphones
6776,2024-12-05,Groceries,Hyderabad,1650,5,8250,2024,12,5,Thursday,Phone
6777,2024-08-26,Groceries,Chennai,719,2,1438,2024,8,26,Monday,Tablet
6778,2025-03-08,Sports,Delhi,4722,4,18888,2025,3,8,Saturday,Shoes
6779,2025-11-29,Groceries,Hyderabad,2017,8,16136,2025,11,29,Saturday,Tablet
6780,2024-07-26,Groceries,Delhi,449,2,898,2024,7,26,Friday,Keyboard
6781,2025-07-26,Electronics,Bangalore,240,4,960,2025,7,26,Saturday,Watch
6782,2025-02-25,Groceries,Bangalore,1754,5,8770,2025,2,25,Tuesday,Keyboard
6783,2024-07-24,Sports,Hyderabad,3737,9,33633,2024,7,24,Wednesday,Camera
6784,2026-05-20,Clothing,Delhi,4268,4,17072,2026,5,20,Wednesday,Camera
6785,2024-11-06,Clothing,Mumbai,2716,7,19012,2024,11,6,Wednesday,Bag
6786,2026-01-15,Groceries,Hyderabad,2272,8,18176,2026,1,15,Thursday,Phone
6787,2026-02-25,Electronics,Delhi,2890,7,20230,2026,2,25,Wednesday,TV
6788,2025-07-02,Sports,Bangalore,4155,3,12465,2025,7,2,Wednesday,Keyboard
6789,2024-07-18,Electronics,Delhi,317,4,1268,2024,7,18,Thursday,Tablet
6790,2025-07-07,Electronics,Delhi,1062,1,1062,2025,7,7,Monday,Camera
6791,2025-06-03,Electronics,Delhi,2368,1,2368,2025,6,3,Tuesday,TV
6792,2026-04-15,Clothing,Delhi,4848,9,43632,2026,4,15,Wednesday,Laptop
6793,2026-06-03,Electronics,Chennai,845,4,3380,2026,6,3,Wednesday,Bag
6794,2025-06-21,Clothing,Delhi,3960,9,35640,2025,6,21,Saturday,TV
6795,2025-08-23,Groceries,Mumbai,1374,2,2748,2025,8,23,Saturday,Phone
6796,2026-01-28,Clothing,Chennai,2918,2,5836,2026,1,28,Wednesday,Bag
6797,2025-02-04,Electronics,Bangalore,4291,6,25746,2025,2,4,Tuesday,Tablet
6798,2025-03-02,Clothing,Mumbai,1543,3,4629,2025,3,2,Sunday,Headphones
6799,2024-12-21,Electronics,Chennai,3951,9,35559,2024,12,21,Saturday,Camera
6800,2024-10-11,Electronics,Chennai,3556,1,3556,2024,10,11,Friday,Bag
6801,2024-08-26,Clothing,Delhi,2400,6,14400,2024,8,26,Monday,Headphones
6802,2026-01-12,Groceries,Mumbai,4999,5,24995,2026,1,12,Monday,Bag
6803,2026-04-09,Clothing,Mumbai,3125,7,21875,2026,4,9,Thursday,Tablet
6804,2024-10-27,Groceries,Bangalore,669,1,669,2024,10,27,Sunday,Tablet
6805,2024-08-25,Groceries,Chennai,553,6,3318,2024,8,25,Sunday,Camera
6806,2024-12-25,Sports,Mumbai,4071,1,4071,2024,12,25,Wednesday,Watch
6807,2024-12-14,Clothing,Hyderabad,797,7,5579,2024,12,14,Saturday,Headphones
6808,2026-03-07,Clothing,Mumbai,3559,5,17795,2026,3,7,Saturday,Watch
6809,2026-05-21,Electronics,Delhi,1473,7,10311,2026,5,21,Thursday,Phone
6810,2024-07-19,Groceries,Chennai,3426,9,30834,2024,7,19,Friday,TV
6811,2026-02-05,Groceries,Mumbai,1687,1,1687,2026,2,5,Thursday,Tablet
6812,2025-05-23,Groceries,Hyderabad,3224,10,32240,2025,5,23,Friday,Laptop
6813,2024-10-31,Furniture,Bangalore,4681,8,37448,2024,10,31,Thursday,Keyboard
6814,2024-08-09,Furniture,Bangalore,3988,4,15952,2024,8,9,Friday,Laptop
6815,2024-07-22,Sports,Delhi,3839,9,34551,2024,7,22,Monday,Camera
6816,2025-10-16,Electronics,Hyderabad,1971,10,19710,2025,10,16,Thursday,Bag
6817,2024-10-31,Sports,Delhi,3107,5,15535,2024,10,31,Thursday,Keyboard
6818,2024-12-22,Clothing,Hyderabad,4329,6,25974,2024,12,22,Sunday,Shoes
6819,2025-01-12,Sports,Delhi,772,5,3860,2025,1,12,Sunday,Laptop
6820,2025-01-30,Clothing,Bangalore,2528,9,22752,2025,1,30,Thursday,TV
6821,2025-10-29,Clothing,Mumbai,4545,1,4545,2025,10,29,Wednesday,Phone
6822,2025-09-20,Electronics,Hyderabad,4340,6,26040,2025,9,20,Saturday,Watch
6823,2025-08-13,Furniture,Bangalore,2476,6,14856,2025,8,13,Wednesday,Phone
6824,2025-10-10,Electronics,Delhi,4921,10,49210,2025,10,10,Friday,Headphones
6825,2025-09-06,Electronics,Bangalore,4524,8,36192,2025,9,6,Saturday,Keyboard
6826,2025-08-16,Furniture,Hyderabad,3213,8,25704,2025,8,16,Saturday,Camera
6827,2024-10-19,Clothing,Hyderabad,486,9,4374,2024,10,19,Saturday,Watch
6828,2026-05-19,Groceries,Bangalore,2108,7,14756,2026,5,19,Tuesday,Phone
6829,2025-09-08,Clothing,Mumbai,3670,10,36700,2025,9,8,Monday,Keyboard
6830,2025-02-16,Clothing,Chennai,4784,2,9568,2025,2,16,Sunday,Shoes
6831,2026-06-05,Sports,Hyderabad,3718,9,33462,2026,6,5,Friday,Headphones
6832,2026-06-28,Electronics,Bangalore,3268,10,32680,2026,6,28,Sunday,TV
6833,2024-12-07,Groceries,Hyderabad,3022,6,18132,2024,12,7,Saturday,Tablet
6834,2025-04-24,Groceries,Hyderabad,1057,4,4228,2025,4,24,Thursday,Watch
6835,2024-07-26,Clothing,Hyderabad,1328,4,5312,2024,7,26,Friday,Headphones
6836,2026-03-30,Sports,Chennai,1140,5,5700,2026,3,30,Monday,TV
6837,2025-05-03,Groceries,Hyderabad,2267,5,11335,2025,5,3,Saturday,Bag
6838,2025-06-20,Groceries,Hyderabad,3661,1,3661,2025,6,20,Friday,Tablet
6839,2025-01-23,Groceries,Bangalore,1660,4,6640,2025,1,23,Thursday,TV
6840,2025-10-24,Electronics,Hyderabad,682,6,4092,2025,10,24,Friday,Watch
6841,2024-10-20,Furniture,Hyderabad,1783,8,14264,2024,10,20,Sunday,Tablet
6842,2026-05-22,Furniture,Bangalore,3332,7,23324,2026,5,22,Friday,Camera
6843,2026-04-02,Sports,Bangalore,2177,4,8708,2026,4,2,Thursday,Phone
6844,2025-12-13,Clothing,Delhi,186,9,1674,2025,12,13,Saturday,Bag
6845,2025-01-31,Sports,Mumbai,2756,4,11024,2025,1,31,Friday,Tablet
6846,2025-05-24,Electronics,Bangalore,568,2,1136,2025,5,24,Saturday,Watch
6847,2025-12-31,Electronics,Delhi,4362,6,26172,2025,12,31,Wednesday,Laptop
6848,2024-07-26,Groceries,Bangalore,1017,9,9153,2024,7,26,Friday,Bag
6849,2025-01-10,Furniture,Bangalore,2657,9,23913,2025,1,10,Friday,Shoes
6850,2026-06-11,Clothing,Bangalore,3975,9,35775,2026,6,11,Thursday,Laptop
6851,2025-02-17,Furniture,Hyderabad,4933,1,4933,2025,2,17,Monday,TV
6852,2025-01-07,Electronics,Bangalore,4424,10,44240,2025,1,7,Tuesday,Phone
6853,2026-06-11,Furniture,Chennai,3454,7,24178,2026,6,11,Thursday,Laptop
6854,2025-12-14,Furniture,Hyderabad,1395,8,11160,2025,12,14,Sunday,Tablet
6855,2026-05-15,Furniture,Mumbai,4775,3,14325,2026,5,15,Friday,Camera
6856,2025-11-07,Furniture,Mumbai,2296,8,18368,2025,11,7,Friday,Bag
6857,2025-07-09,Furniture,Delhi,892,6,5352,2025,7,9,Wednesday,Laptop
6858,2026-06-12,Clothing,Mumbai,1346,4,5384,2026,6,12,Friday,Phone
6859,2025-10-16,Sports,Hyderabad,1597,5,7985,2025,10,16,Thursday,Tablet
6860,2026-02-21,Clothing,Bangalore,1531,3,4593,2026,2,21,Saturday,Laptop
6861,2025-06-03,Groceries,Chennai,837,4,3348,2025,6,3,Tuesday,Laptop
6862,2024-11-16,Groceries,Chennai,816,9,7344,2024,11,16,Saturday,Tablet
6863,2025-04-06,Sports,Mumbai,3217,3,9651,2025,4,6,Sunday,Laptop
6864,2024-06-28,Clothing,Bangalore,2318,6,13908,2024,6,28,Friday,Keyboard
6865,2024-12-15,Electronics,Bangalore,4015,3,12045,2024,12,15,Sunday,Tablet
6866,2025-03-20,Electronics,Bangalore,1685,4,6740,2025,3,20,Thursday,Bag
6867,2025-01-07,Electronics,Hyderabad,2054,4,8216,2025,1,7,Tuesday,Keyboard
6868,2025-11-03,Clothing,Chennai,879,9,7911,2025,11,3,Monday,Phone
6869,2024-08-20,Clothing,Bangalore,1977,6,11862,2024,8,20,Tuesday,Tablet
6870,2026-03-02,Sports,Mumbai,4139,5,20695,2026,3,2,Monday,Watch
6871,2025-01-21,Furniture,Delhi,4672,4,18688,2025,1,21,Tuesday,Laptop
6872,2026-02-12,Groceries,Bangalore,2970,9,26730,2026,2,12,Thursday,Laptop
6873,2026-06-21,Electronics,Hyderabad,824,9,7416,2026,6,21,Sunday,Laptop
6874,2026-04-11,Groceries,Delhi,155,6,930,2026,4,11,Saturday,Shoes
6875,2025-09-21,Furniture,Hyderabad,437,1,437,2025,9,21,Sunday,Headphones
6876,2025-04-22,Electronics,Bangalore,1602,1,1602,2025,4,22,Tuesday,Laptop
6877,2026-03-03,Electronics,Hyderabad,3146,6,18876,2026,3,3,Tuesday,Phone
6878,2025-03-03,Electronics,Chennai,3635,5,18175,2025,3,3,Monday,Phone
6879,2025-12-04,Sports,Mumbai,2440,10,24400,2025,12,4,Thursday,Camera
6880,2024-09-25,Clothing,Delhi,933,9,8397,2024,9,25,Wednesday,Camera
6881,2024-11-09,Electronics,Mumbai,287,6,1722,2024,11,9,Saturday,Watch
6882,2024-08-23,Furniture,Chennai,4050,8,32400,2024,8,23,Friday,Laptop
6883,2025-12-17,Electronics,Mumbai,4630,7,32410,2025,12,17,Wednesday,Watch
6884,2025-05-29,Sports,Hyderabad,329,7,2303,2025,5,29,Thursday,Watch
6885,2025-08-03,Furniture,Mumbai,647,2,1294,2025,8,3,Sunday,Tablet
6886,2025-03-07,Sports,Chennai,2887,7,20209,2025,3,7,Friday,Laptop
6887,2025-04-30,Furniture,Chennai,4741,4,18964,2025,4,30,Wednesday,TV
6888,2024-11-13,Electronics,Delhi,2187,1,2187,2024,11,13,Wednesday,Bag
6889,2025-02-11,Clothing,Mumbai,3019,3,9057,2025,2,11,Tuesday,Bag
6890,2026-04-27,Clothing,Bangalore,728,5,3640,2026,4,27,Monday,Watch
6891,2026-06-02,Clothing,Bangalore,4607,4,18428,2026,6,2,Tuesday,Shoes
6892,2026-05-21,Furniture,Mumbai,734,2,1468,2026,5,21,Thursday,Tablet
6893,2024-07-11,Furniture,Mumbai,3375,2,6750,2024,7,11,Thursday,Camera
6894,2024-11-08,Clothing,Delhi,2886,1,2886,2024,11,8,Friday,Bag
6895,2026-04-10,Furniture,Mumbai,602,9,5418,2026,4,10,Friday,Keyboard
6896,2024-09-15,Sports,Bangalore,4449,5,22245,2024,9,15,Sunday,Shoes
6897,2025-05-14,Sports,Hyderabad,3059,4,12236,2025,5,14,Wednesday,Laptop
6898,2024-08-03,Groceries,Bangalore,2833,1,2833,2024,8,3,Saturday,Phone
6899,2025-04-06,Electronics,Mumbai,2789,9,25101,2025,4,6,Sunday,Watch
6900,2026-06-12,Groceries,Chennai,2323,2,4646,2026,6,12,Friday,TV
6901,2024-07-24,Clothing,Delhi,333,4,1332,2024,7,24,Wednesday,Laptop
6902,2026-04-04,Electronics,Chennai,2433,6,14598,2026,4,4,Saturday,Headphones
6903,2025-09-07,Furniture,Bangalore,1938,9,17442,2025,9,7,Sunday,TV
6904,2025-06-18,Electronics,Hyderabad,4623,2,9246,2025,6,18,Wednesday,Keyboard
6905,2025-02-18,Electronics,Mumbai,2395,6,14370,2025,2,18,Tuesday,TV
6906,2024-10-13,Groceries,Mumbai,3039,9,27351,2024,10,13,Sunday,Tablet
6907,2024-09-17,Groceries,Bangalore,4545,10,45450,2024,9,17,Tuesday,Laptop
6908,2026-03-03,Furniture,Mumbai,1428,6,8568,2026,3,3,Tuesday,Headphones
6909,2025-08-17,Clothing,Chennai,409,10,4090,2025,8,17,Sunday,Bag
6910,2025-02-20,Clothing,Mumbai,306,9,2754,2025,2,20,Thursday,Watch
6911,2024-09-05,Sports,Bangalore,3163,1,3163,2024,9,5,Thursday,Shoes
6912,2025-04-24,Furniture,Chennai,2359,6,14154,2025,4,24,Thursday,Tablet
6913,2024-12-29,Sports,Mumbai,2092,5,10460,2024,12,29,Sunday,Keyboard
6914,2025-04-13,Electronics,Bangalore,4984,3,14952,2025,4,13,Sunday,Phone
6915,2025-05-15,Furniture,Chennai,2828,8,22624,2025,5,15,Thursday,Bag
6916,2026-01-09,Electronics,Mumbai,3473,3,10419,2026,1,9,Friday,Keyboard
6917,2025-06-27,Sports,Chennai,1338,6,8028,2025,6,27,Friday,Phone
6918,2024-09-27,Clothing,Bangalore,2798,8,22384,2024,9,27,Friday,TV
6919,2026-02-15,Clothing,Chennai,2344,6,14064,2026,2,15,Sunday,Watch
6920,2024-07-30,Clothing,Chennai,557,5,2785,2024,7,30,Tuesday,Headphones
6921,2025-09-16,Sports,Mumbai,2098,1,2098,2025,9,16,Tuesday,Bag
6922,2025-09-12,Sports,Delhi,1463,6,8778,2025,9,12,Friday,Tablet
6923,2024-07-14,Sports,Bangalore,4782,2,9564,2024,7,14,Sunday,Keyboard
6924,2026-06-16,Groceries,Delhi,3151,4,12604,2026,6,16,Tuesday,Bag
6925,2025-09-14,Groceries,Chennai,3772,1,3772,2025,9,14,Sunday,Tablet
6926,2024-11-16,Sports,Mumbai,3105,2,6210,2024,11,16,Saturday,Camera
6927,2026-04-28,Furniture,Bangalore,2131,1,2131,2026,4,28,Tuesday,Watch
6928,2025-04-18,Electronics,Delhi,134,6,804,2025,4,18,Friday,Keyboard
6929,2024-12-20,Furniture,Hyderabad,4238,8,33904,2024,12,20,Friday,Headphones
6930,2024-11-05,Electronics,Bangalore,1352,4,5408,2024,11,5,Tuesday,Laptop
6931,2025-07-17,Clothing,Hyderabad,3070,2,6140,2025,7,17,Thursday,Camera
6932,2024-09-19,Sports,Bangalore,3558,8,28464,2024,9,19,Thursday,Phone
6933,2025-01-29,Sports,Bangalore,1807,10,18070,2025,1,29,Wednesday,Keyboard
6934,2025-10-07,Groceries,Hyderabad,1794,5,8970,2025,10,7,Tuesday,Phone
6935,2025-06-19,Sports,Chennai,2563,6,15378,2025,6,19,Thursday,Watch
6936,2025-06-25,Groceries,Mumbai,1359,9,12231,2025,6,25,Wednesday,TV
6937,2025-01-09,Furniture,Bangalore,2427,8,19416,2025,1,9,Thursday,Camera
6938,2025-12-27,Electronics,Mumbai,4116,3,12348,2025,12,27,Saturday,Keyboard
6939,2024-12-04,Sports,Hyderabad,4866,10,48660,2024,12,4,Wednesday,Headphones
6940,2025-06-30,Clothing,Chennai,2323,9,20907,2025,6,30,Monday,Phone
6941,2026-06-08,Sports,Bangalore,142,2,284,2026,6,8,Monday,Keyboard
6942,2025-08-04,Furniture,Bangalore,3428,6,20568,2025,8,4,Monday,Watch
6943,2024-08-24,Clothing,Chennai,3622,2,7244,2024,8,24,Saturday,Watch
6944,2025-08-14,Groceries,Delhi,4906,6,29436,2025,8,14,Thursday,Shoes
6945,2025-12-24,Sports,Chennai,531,3,1593,2025,12,24,Wednesday,Watch
6946,2026-01-18,Clothing,Hyderabad,623,5,3115,2026,1,18,Sunday,Tablet
6947,2026-03-07,Groceries,Hyderabad,4766,9,42894,2026,3,7,Saturday,Phone
6948,2025-09-03,Clothing,Hyderabad,695,3,2085,2025,9,3,Wednesday,Camera
6949,2025-07-24,Sports,Hyderabad,3527,4,14108,2025,7,24,Thursday,TV
6950,2024-10-16,Furniture,Bangalore,1382,1,1382,2024,10,16,Wednesday,Headphones
6951,2024-07-25,Sports,Bangalore,1538,3,4614,2024,7,25,Thursday,Watch
6952,2025-06-20,Furniture,Hyderabad,482,8,3856,2025,6,20,Friday,Camera
6953,2026-03-04,Groceries,Hyderabad,3023,4,12092,2026,3,4,Wednesday,Keyboard
6954,2025-04-16,Electronics,Chennai,1775,7,12425,2025,4,16,Wednesday,TV
6955,2025-06-29,Groceries,Chennai,314,1,314,2025,6,29,Sunday,Headphones
6956,2025-08-23,Electronics,Bangalore,761,3,2283,2025,8,23,Saturday,Tablet
6957,2026-05-24,Groceries,Bangalore,904,8,7232,2026,5,24,Sunday,Camera
6958,2024-07-27,Groceries,Mumbai,2597,6,15582,2024,7,27,Saturday,Camera
6959,2025-10-07,Electronics,Bangalore,1988,3,5964,2025,10,7,Tuesday,TV
6960,2024-12-14,Sports,Chennai,1161,2,2322,2024,12,14,Saturday,Bag
6961,2025-07-24,Groceries,Hyderabad,1609,3,4827,2025,7,24,Thursday,Camera
6962,2025-07-02,Clothing,Mumbai,2500,7,17500,2025,7,2,Wednesday,Camera
6963,2026-02-21,Clothing,Hyderabad,1528,3,4584,2026,2,21,Saturday,Watch
6964,2025-01-17,Groceries,Hyderabad,4882,6,29292,2025,1,17,Friday,Phone
6965,2024-07-22,Furniture,Bangalore,1543,4,6172,2024,7,22,Monday,Keyboard
6966,2024-12-10,Furniture,Hyderabad,2229,6,13374,2024,12,10,Tuesday,Bag
6967,2025-08-22,Clothing,Hyderabad,1630,6,9780,2025,8,22,Friday,Shoes
6968,2026-05-09,Sports,Hyderabad,635,5,3175,2026,5,9,Saturday,Keyboard
6969,2025-11-24,Groceries,Hyderabad,2111,4,8444,2025,11,24,Monday,Keyboard
6970,2025-08-22,Electronics,Delhi,2383,9,21447,2025,8,22,Friday,Tablet
6971,2026-04-23,Furniture,Mumbai,1198,8,9584,2026,4,23,Thursday,Headphones
6972,2025-04-03,Groceries,Bangalore,2074,8,16592,2025,4,3,Thursday,Camera
6973,2026-01-09,Furniture,Chennai,3167,9,28503,2026,1,9,Friday,Watch
6974,2025-04-06,Groceries,Delhi,1746,1,1746,2025,4,6,Sunday,Laptop
6975,2026-01-08,Sports,Hyderabad,1583,10,15830,2026,1,8,Thursday,Watch
6976,2025-10-11,Furniture,Delhi,3131,9,28179,2025,10,11,Saturday,Watch
6977,2026-04-19,Clothing,Mumbai,2150,2,4300,2026,4,19,Sunday,Phone
6978,2026-05-21,Electronics,Delhi,4282,7,29974,2026,5,21,Thursday,Headphones
6979,2025-01-23,Clothing,Bangalore,3601,9,32409,2025,1,23,Thursday,Tablet
6980,2026-06-21,Clothing,Delhi,682,6,4092,2026,6,21,Sunday,Phone
6981,2025-11-09,Electronics,Mumbai,4270,2,8540,2025,11,9,Sunday,Watch
6982,2025-08-05,Groceries,Delhi,1181,4,4724,2025,8,5,Tuesday,Keyboard
6983,2025-04-05,Clothing,Bangalore,2977,9,26793,2025,4,5,Saturday,Bag
6984,2024-09-29,Groceries,Hyderabad,3423,2,6846,2024,9,29,Sunday,Shoes
6985,2025-11-08,Furniture,Mumbai,1054,5,5270,2025,11,8,Saturday,Laptop
6986,2025-04-26,Furniture,Hyderabad,2260,10,22600,2025,4,26,Saturday,Laptop
6987,2025-06-27,Groceries,Mumbai,3668,1,3668,2025,6,27,Friday,Laptop
6988,2025-10-20,Electronics,Bangalore,3754,2,7508,2025,10,20,Monday,Bag
6989,2024-08-14,Furniture,Mumbai,208,8,1664,2024,8,14,Wednesday,Bag
6990,2026-03-08,Furniture,Mumbai,1866,4,7464,2026,3,8,Sunday,Camera
6991,2025-05-15,Electronics,Bangalore,1755,2,3510,2025,5,15,Thursday,Laptop
6992,2025-05-03,Sports,Mumbai,3544,6,21264,2025,5,3,Saturday,TV
6993,2026-03-08,Electronics,Bangalore,1863,6,11178,2026,3,8,Sunday,Watch
6994,2025-03-07,Clothing,Chennai,351,1,351,2025,3,7,Friday,Bag
6995,2025-03-31,Furniture,Mumbai,1448,4,5792,2025,3,31,Monday,Watch
6996,2026-01-12,Furniture,Delhi,4781,8,38248,2026,1,12,Monday,Bag
6997,2024-11-17,Groceries,Bangalore,4573,6,27438,2024,11,17,Sunday,Bag
6998,2024-12-12,Clothing,Delhi,2243,5,11215,2024,12,12,Thursday,Tablet
6999,2024-09-14,Furniture,Chennai,357,8,2856,2024,9,14,Saturday,Phone
7000,2025-02-07,Groceries,Mumbai,3166,9,28494,2025,2,7,Friday,Tablet
7001,2026-02-21,Clothing,Chennai,2191,7,15337,2026,2,21,Saturday,TV
7002,2025-11-05,Sports,Bangalore,1145,5,5725,2025,11,5,Wednesday,Watch
7003,2024-09-17,Furniture,Mumbai,230,10,2300,2024,9,17,Tuesday,Laptop
7004,2026-06-01,Furniture,Bangalore,1097,5,5485,2026,6,1,Monday,Keyboard
7005,2026-01-23,Sports,Delhi,621,5,3105,2026,1,23,Friday,Tablet
7006,2025-06-03,Clothing,Mumbai,554,8,4432,2025,6,3,Tuesday,TV
7007,2026-04-06,Furniture,Bangalore,881,5,4405,2026,4,6,Monday,Headphones
7008,2025-04-28,Clothing,Delhi,3577,7,25039,2025,4,28,Monday,Keyboard
7009,2025-04-20,Sports,Chennai,3554,8,28432,2025,4,20,Sunday,Phone
7010,2025-08-01,Clothing,Hyderabad,3362,9,30258,2025,8,1,Friday,TV
7011,2025-06-27,Groceries,Mumbai,987,3,2961,2025,6,27,Friday,Tablet
7012,2025-12-13,Electronics,Chennai,1218,7,8526,2025,12,13,Saturday,TV
7013,2025-04-30,Furniture,Chennai,999,1,999,2025,4,30,Wednesday,Laptop
7014,2024-10-29,Clothing,Delhi,3970,7,27790,2024,10,29,Tuesday,Phone
7015,2026-01-12,Furniture,Chennai,4967,7,34769,2026,1,12,Monday,TV
7016,2025-11-06,Clothing,Bangalore,4116,1,4116,2025,11,6,Thursday,Bag
7017,2025-02-08,Electronics,Chennai,4021,5,20105,2025,2,8,Saturday,Camera
7018,2025-11-21,Clothing,Delhi,1388,7,9716,2025,11,21,Friday,Laptop
7019,2026-03-01,Groceries,Mumbai,1868,4,7472,2026,3,1,Sunday,Watch
7020,2025-08-16,Groceries,Delhi,2864,4,11456,2025,8,16,Saturday,TV
7021,2026-01-15,Furniture,Hyderabad,2831,7,19817,2026,1,15,Thursday,Phone
7022,2025-08-31,Furniture,Delhi,3360,2,6720,2025,8,31,Sunday,Watch
7023,2025-03-25,Clothing,Bangalore,3863,9,34767,2025,3,25,Tuesday,TV
7024,2026-05-03,Sports,Mumbai,4951,3,14853,2026,5,3,Sunday,Watch
7025,2024-10-14,Sports,Delhi,3803,4,15212,2024,10,14,Monday,Tablet
7026,2024-12-28,Sports,Hyderabad,3291,7,23037,2024,12,28,Saturday,Phone
7027,2025-12-05,Groceries,Hyderabad,3434,7,24038,2025,12,5,Friday,Watch
7028,2025-11-15,Groceries,Delhi,4782,8,38256,2025,11,15,Saturday,Headphones
7029,2026-06-10,Sports,Delhi,3866,3,11598,2026,6,10,Wednesday,Laptop
7030,2026-01-05,Clothing,Mumbai,4575,6,27450,2026,1,5,Monday,TV
7031,2024-12-25,Clothing,Hyderabad,3455,5,17275,2024,12,25,Wednesday,Phone
7032,2025-09-15,Furniture,Delhi,3182,6,19092,2025,9,15,Monday,Laptop
7033,2026-04-09,Furniture,Bangalore,3375,10,33750,2026,4,9,Thursday,Keyboard
7034,2026-03-13,Electronics,Mumbai,4766,8,38128,2026,3,13,Friday,Bag
7035,2025-07-18,Electronics,Bangalore,153,3,459,2025,7,18,Friday,Bag
7036,2025-08-08,Electronics,Delhi,1379,10,13790,2025,8,8,Friday,Shoes
7037,2024-10-07,Electronics,Delhi,3009,2,6018,2024,10,7,Monday,Bag
7038,2025-07-17,Furniture,Bangalore,4838,4,19352,2025,7,17,Thursday,Camera
7039,2024-07-01,Clothing,Hyderabad,3959,10,39590,2024,7,1,Monday,Shoes
7040,2026-04-17,Clothing,Hyderabad,4960,10,49600,2026,4,17,Friday,Shoes
7041,2024-08-28,Electronics,Mumbai,2400,4,9600,2024,8,28,Wednesday,TV
7042,2026-02-21,Furniture,Mumbai,2176,4,8704,2026,2,21,Saturday,TV
7043,2025-11-04,Groceries,Mumbai,4361,4,17444,2025,11,4,Tuesday,Bag
7044,2025-10-18,Groceries,Hyderabad,2850,7,19950,2025,10,18,Saturday,Headphones
7045,2026-01-31,Electronics,Bangalore,1778,9,16002,2026,1,31,Saturday,Headphones
7046,2025-08-19,Sports,Bangalore,4533,1,4533,2025,8,19,Tuesday,Headphones
7047,2025-09-01,Furniture,Mumbai,1069,7,7483,2025,9,1,Monday,Phone
7048,2024-11-04,Furniture,Mumbai,1365,5,6825,2024,11,4,Monday,Keyboard
7049,2024-09-21,Groceries,Chennai,136,4,544,2024,9,21,Saturday,Shoes
7050,2025-06-23,Sports,Bangalore,4362,3,13086,2025,6,23,Monday,TV
7051,2025-08-04,Clothing,Mumbai,3356,5,16780,2025,8,4,Monday,Camera
7052,2025-06-15,Groceries,Chennai,3232,7,22624,2025,6,15,Sunday,Laptop
7053,2024-11-09,Groceries,Bangalore,4114,2,8228,2024,11,9,Saturday,Shoes
7054,2024-12-22,Groceries,Delhi,1539,10,15390,2024,12,22,Sunday,Shoes
7055,2024-11-05,Groceries,Hyderabad,1695,7,11865,2024,11,5,Tuesday,Camera
7056,2026-06-13,Clothing,Delhi,1015,8,8120,2026,6,13,Saturday,Shoes
7057,2024-11-16,Clothing,Bangalore,3500,5,17500,2024,11,16,Saturday,Phone
7058,2025-04-01,Clothing,Chennai,2541,1,2541,2025,4,1,Tuesday,Phone
7059,2026-04-24,Electronics,Hyderabad,3829,1,3829,2026,4,24,Friday,Tablet
7060,2025-04-15,Furniture,Hyderabad,1901,8,15208,2025,4,15,Tuesday,Laptop
7061,2025-02-17,Electronics,Mumbai,1969,5,9845,2025,2,17,Monday,Shoes
7062,2025-08-19,Furniture,Bangalore,2275,10,22750,2025,8,19,Tuesday,Laptop
7063,2025-08-31,Furniture,Hyderabad,3195,4,12780,2025,8,31,Sunday,Tablet
7064,2024-10-21,Groceries,Bangalore,1840,4,7360,2024,10,21,Monday,Keyboard
7065,2025-11-09,Clothing,Delhi,1301,6,7806,2025,11,9,Sunday,TV
7066,2025-10-19,Sports,Delhi,1577,2,3154,2025,10,19,Sunday,Phone
7067,2025-07-01,Electronics,Delhi,1531,5,7655,2025,7,1,Tuesday,Headphones
7068,2026-01-24,Sports,Hyderabad,799,10,7990,2026,1,24,Saturday,Tablet
7069,2024-12-14,Furniture,Mumbai,4967,4,19868,2024,12,14,Saturday,Bag
7070,2026-05-27,Groceries,Mumbai,489,8,3912,2026,5,27,Wednesday,Watch
7071,2025-01-18,Furniture,Chennai,4759,8,38072,2025,1,18,Saturday,Watch
7072,2024-11-10,Groceries,Mumbai,3969,4,15876,2024,11,10,Sunday,Bag
7073,2025-11-17,Furniture,Mumbai,4402,2,8804,2025,11,17,Monday,TV
7074,2025-11-15,Clothing,Chennai,725,10,7250,2025,11,15,Saturday,Phone
7075,2024-11-25,Groceries,Hyderabad,1799,8,14392,2024,11,25,Monday,Keyboard
7076,2024-10-01,Electronics,Mumbai,3211,1,3211,2024,10,1,Tuesday,Headphones
7077,2025-02-25,Sports,Bangalore,2432,6,14592,2025,2,25,Tuesday,Keyboard
7078,2025-04-20,Electronics,Hyderabad,4724,9,42516,2025,4,20,Sunday,Bag
7079,2024-12-06,Clothing,Chennai,759,2,1518,2024,12,6,Friday,Bag
7080,2025-06-26,Groceries,Mumbai,4196,5,20980,2025,6,26,Thursday,Keyboard
7081,2025-02-12,Groceries,Chennai,3132,5,15660,2025,2,12,Wednesday,Tablet
7082,2025-07-16,Groceries,Bangalore,3165,9,28485,2025,7,16,Wednesday,TV
7083,2026-05-18,Electronics,Hyderabad,401,5,2005,2026,5,18,Monday,Bag
7084,2026-01-16,Sports,Mumbai,4003,7,28021,2026,1,16,Friday,Tablet
7085,2024-10-17,Clothing,Chennai,812,1,812,2024,10,17,Thursday,Watch
7086,2025-09-18,Groceries,Bangalore,4103,8,32824,2025,9,18,Thursday,Headphones
7087,2025-02-06,Furniture,Mumbai,4208,8,33664,2025,2,6,Thursday,Tablet
7088,2024-12-11,Electronics,Delhi,4130,7,28910,2024,12,11,Wednesday,Bag
7089,2024-11-28,Furniture,Mumbai,560,10,5600,2024,11,28,Thursday,Keyboard
7090,2025-12-31,Sports,Bangalore,3652,4,14608,2025,12,31,Wednesday,Camera
7091,2025-12-30,Electronics,Chennai,737,10,7370,2025,12,30,Tuesday,Shoes
7092,2025-01-11,Electronics,Bangalore,4470,2,8940,2025,1,11,Saturday,Laptop
7093,2025-06-26,Furniture,Bangalore,4480,7,31360,2025,6,26,Thursday,Headphones
7094,2026-01-03,Sports,Hyderabad,3407,4,13628,2026,1,3,Saturday,Headphones
7095,2026-01-12,Clothing,Hyderabad,2622,10,26220,2026,1,12,Monday,Watch
7096,2025-11-04,Furniture,Chennai,1383,1,1383,2025,11,4,Tuesday,Tablet
7097,2026-06-22,Sports,Chennai,4989,9,44901,2026,6,22,Monday,Bag
7098,2024-11-04,Groceries,Chennai,2335,3,7005,2024,11,4,Monday,Phone
7099,2025-12-02,Sports,Delhi,270,1,270,2025,12,2,Tuesday,Camera
7100,2025-07-13,Electronics,Hyderabad,4906,7,34342,2025,7,13,Sunday,Camera
7101,2025-03-17,Clothing,Hyderabad,4747,6,28482,2025,3,17,Monday,Bag
7102,2024-09-16,Electronics,Hyderabad,908,10,9080,2024,9,16,Monday,Keyboard
7103,2025-02-25,Sports,Delhi,1490,5,7450,2025,2,25,Tuesday,TV
7104,2025-05-24,Clothing,Mumbai,4698,7,32886,2025,5,24,Saturday,Keyboard
7105,2026-01-07,Sports,Bangalore,1932,3,5796,2026,1,7,Wednesday,TV
7106,2025-06-21,Electronics,Hyderabad,480,2,960,2025,6,21,Saturday,Shoes
7107,2024-08-22,Furniture,Hyderabad,3895,2,7790,2024,8,22,Thursday,Laptop
7108,2024-07-18,Clothing,Hyderabad,330,1,330,2024,7,18,Thursday,Bag
7109,2024-12-09,Groceries,Chennai,762,8,6096,2024,12,9,Monday,Laptop
7110,2025-11-29,Groceries,Hyderabad,1584,5,7920,2025,11,29,Saturday,Shoes
7111,2024-10-29,Furniture,Hyderabad,3660,7,25620,2024,10,29,Tuesday,TV
7112,2025-03-01,Groceries,Bangalore,3269,2,6538,2025,3,1,Saturday,Keyboard
7113,2025-06-24,Sports,Chennai,3956,4,15824,2025,6,24,Tuesday,Keyboard
7114,2026-01-17,Sports,Hyderabad,413,2,826,2026,1,17,Saturday,TV
7115,2025-06-02,Sports,Chennai,2544,6,15264,2025,6,2,Monday,Tablet
7116,2026-05-06,Groceries,Bangalore,3790,5,18950,2026,5,6,Wednesday,TV
7117,2025-07-17,Electronics,Chennai,1570,8,12560,2025,7,17,Thursday,Tablet
7118,2026-02-03,Electronics,Delhi,1930,5,9650,2026,2,3,Tuesday,Shoes
7119,2024-10-13,Sports,Delhi,4796,9,43164,2024,10,13,Sunday,TV
7120,2026-02-13,Electronics,Bangalore,4654,8,37232,2026,2,13,Friday,TV
7121,2025-03-08,Clothing,Chennai,703,7,4921,2025,3,8,Saturday,Watch
7122,2025-09-11,Electronics,Mumbai,4294,2,8588,2025,9,11,Thursday,Camera
7123,2024-11-25,Clothing,Delhi,3869,6,23214,2024,11,25,Monday,Bag
7124,2025-05-25,Sports,Delhi,1730,10,17300,2025,5,25,Sunday,Watch
7125,2025-05-22,Electronics,Delhi,520,9,4680,2025,5,22,Thursday,Bag
7126,2024-11-11,Sports,Delhi,1670,1,1670,2024,11,11,Monday,Tablet
7127,2025-09-27,Electronics,Delhi,3675,9,33075,2025,9,27,Saturday,Watch
7128,2024-11-09,Sports,Delhi,3290,6,19740,2024,11,9,Saturday,TV
7129,2026-02-01,Sports,Hyderabad,139,4,556,2026,2,1,Sunday,TV
7130,2026-05-27,Sports,Bangalore,2051,5,10255,2026,5,27,Wednesday,Keyboard
7131,2026-06-24,Groceries,Bangalore,4690,9,42210,2026,6,24,Wednesday,Camera
7132,2026-05-30,Electronics,Chennai,211,1,211,2026,5,30,Saturday,Bag
7133,2025-04-07,Groceries,Delhi,321,5,1605,2025,4,7,Monday,Camera
7134,2025-01-02,Clothing,Delhi,4490,1,4490,2025,1,2,Thursday,Camera
7135,2025-01-07,Furniture,Hyderabad,3583,3,10749,2025,1,7,Tuesday,Shoes
7136,2024-10-21,Clothing,Mumbai,1923,9,17307,2024,10,21,Monday,Phone
7137,2026-02-17,Sports,Hyderabad,1032,7,7224,2026,2,17,Tuesday,Phone
7138,2024-12-11,Furniture,Hyderabad,2902,10,29020,2024,12,11,Wednesday,Watch
7139,2026-04-20,Electronics,Mumbai,3039,5,15195,2026,4,20,Monday,TV
7140,2024-11-26,Clothing,Chennai,2861,4,11444,2024,11,26,Tuesday,Laptop
7141,2025-04-20,Clothing,Chennai,905,7,6335,2025,4,20,Sunday,Camera
7142,2025-12-30,Furniture,Hyderabad,1016,6,6096,2025,12,30,Tuesday,Shoes
7143,2025-10-27,Groceries,Hyderabad,2069,8,16552,2025,10,27,Monday,Headphones
7144,2024-11-12,Sports,Bangalore,2597,5,12985,2024,11,12,Tuesday,TV
7145,2025-08-27,Groceries,Delhi,2457,4,9828,2025,8,27,Wednesday,Laptop
7146,2026-04-24,Clothing,Hyderabad,3681,1,3681,2026,4,24,Friday,Camera
7147,2024-09-05,Electronics,Bangalore,3902,9,35118,2024,9,5,Thursday,Laptop
7148,2025-07-24,Furniture,Delhi,1155,6,6930,2025,7,24,Thursday,Camera
7149,2025-02-25,Clothing,Delhi,1937,10,19370,2025,2,25,Tuesday,TV
7150,2024-10-05,Groceries,Chennai,4152,3,12456,2024,10,5,Saturday,TV
7151,2025-02-17,Clothing,Delhi,4446,1,4446,2025,2,17,Monday,TV
7152,2025-12-26,Sports,Delhi,1453,5,7265,2025,12,26,Friday,Camera
7153,2025-10-08,Groceries,Hyderabad,2319,8,18552,2025,10,8,Wednesday,TV
7154,2024-11-13,Electronics,Mumbai,950,6,5700,2024,11,13,Wednesday,Headphones
7155,2025-03-11,Electronics,Chennai,4975,8,39800,2025,3,11,Tuesday,Laptop
7156,2025-04-09,Electronics,Delhi,1685,4,6740,2025,4,9,Wednesday,TV
7157,2025-05-09,Electronics,Mumbai,1087,7,7609,2025,5,9,Friday,Camera
7158,2026-01-06,Sports,Mumbai,985,6,5910,2026,1,6,Tuesday,Tablet
7159,2025-03-25,Groceries,Delhi,3918,8,31344,2025,3,25,Tuesday,Laptop
7160,2026-04-15,Groceries,Chennai,1439,2,2878,2026,4,15,Wednesday,Laptop
7161,2024-12-17,Electronics,Bangalore,4177,3,12531,2024,12,17,Tuesday,Shoes
7162,2024-11-14,Furniture,Delhi,990,10,9900,2024,11,14,Thursday,Watch
7163,2025-10-05,Groceries,Bangalore,1558,8,12464,2025,10,5,Sunday,Camera
7164,2024-09-30,Furniture,Delhi,2736,8,21888,2024,9,30,Monday,Camera
7165,2025-03-30,Groceries,Mumbai,2936,4,11744,2025,3,30,Sunday,Laptop
7166,2025-09-18,Electronics,Mumbai,4806,7,33642,2025,9,18,Thursday,Bag
7167,2026-03-17,Electronics,Mumbai,1771,1,1771,2026,3,17,Tuesday,Bag
7168,2025-08-12,Clothing,Chennai,3649,2,7298,2025,8,12,Tuesday,Watch
7169,2025-04-28,Electronics,Chennai,4546,1,4546,2025,4,28,Monday,Watch
7170,2025-08-12,Furniture,Mumbai,2716,8,21728,2025,8,12,Tuesday,Bag
7171,2025-09-06,Furniture,Hyderabad,2841,8,22728,2025,9,6,Saturday,Phone
7172,2025-03-27,Groceries,Mumbai,2872,10,28720,2025,3,27,Thursday,Bag
7173,2025-05-17,Electronics,Chennai,3176,6,19056,2025,5,17,Saturday,Tablet
7174,2024-10-20,Groceries,Mumbai,1177,6,7062,2024,10,20,Sunday,Laptop
7175,2026-06-09,Furniture,Chennai,1504,7,10528,2026,6,9,Tuesday,Watch
7176,2025-11-24,Electronics,Hyderabad,2347,10,23470,2025,11,24,Monday,Headphones
7177,2024-10-01,Clothing,Chennai,1866,9,16794,2024,10,1,Tuesday,Shoes
7178,2025-06-14,Electronics,Bangalore,2203,9,19827,2025,6,14,Saturday,TV
7179,2024-08-03,Electronics,Hyderabad,4253,9,38277,2024,8,3,Saturday,Bag
7180,2024-08-26,Clothing,Mumbai,4411,2,8822,2024,8,26,Monday,Laptop
7181,2024-12-09,Groceries,Bangalore,1268,1,1268,2024,12,9,Monday,Camera
7182,2025-09-21,Groceries,Delhi,840,9,7560,2025,9,21,Sunday,Phone
7183,2025-06-27,Furniture,Mumbai,2444,2,4888,2025,6,27,Friday,Shoes
7184,2025-02-05,Electronics,Chennai,899,6,5394,2025,2,5,Wednesday,Bag
7185,2026-06-14,Groceries,Bangalore,769,10,7690,2026,6,14,Sunday,Bag
7186,2024-12-27,Groceries,Hyderabad,1713,5,8565,2024,12,27,Friday,Watch
7187,2026-05-10,Electronics,Mumbai,3830,3,11490,2026,5,10,Sunday,TV
7188,2025-01-22,Electronics,Delhi,1772,7,12404,2025,1,22,Wednesday,Tablet
7189,2026-03-15,Sports,Chennai,780,5,3900,2026,3,15,Sunday,TV
7190,2026-01-03,Furniture,Mumbai,4945,8,39560,2026,1,3,Saturday,Headphones
7191,2026-04-10,Clothing,Hyderabad,618,3,1854,2026,4,10,Friday,Headphones
7192,2025-03-26,Clothing,Bangalore,678,7,4746,2025,3,26,Wednesday,Shoes
7193,2025-12-03,Furniture,Chennai,1886,9,16974,2025,12,3,Wednesday,Camera
7194,2025-03-05,Furniture,Chennai,932,6,5592,2025,3,5,Wednesday,Watch
7195,2026-06-06,Electronics,Delhi,123,1,123,2026,6,6,Saturday,Camera
7196,2025-02-14,Furniture,Hyderabad,972,7,6804,2025,2,14,Friday,Watch
7197,2025-07-19,Electronics,Delhi,3212,3,9636,2025,7,19,Saturday,Watch
7198,2025-09-04,Electronics,Hyderabad,2774,10,27740,2025,9,4,Thursday,Bag
7199,2025-10-02,Sports,Delhi,2602,8,20816,2025,10,2,Thursday,Headphones
7200,2024-10-07,Furniture,Hyderabad,1700,10,17000,2024,10,7,Monday,Bag
7201,2024-09-13,Sports,Bangalore,4569,1,4569,2024,9,13,Friday,Phone
7202,2025-11-18,Clothing,Bangalore,4504,7,31528,2025,11,18,Tuesday,Phone
7203,2026-01-04,Clothing,Bangalore,3997,6,23982,2026,1,4,Sunday,Laptop
7204,2024-08-02,Sports,Hyderabad,3946,6,23676,2024,8,2,Friday,Laptop
7205,2024-08-23,Groceries,Hyderabad,2907,4,11628,2024,8,23,Friday,Camera
7206,2025-10-23,Furniture,Bangalore,264,4,1056,2025,10,23,Thursday,Bag
7207,2026-02-07,Electronics,Mumbai,1419,5,7095,2026,2,7,Saturday,Bag
7208,2025-02-13,Furniture,Chennai,3857,5,19285,2025,2,13,Thursday,Shoes
7209,2026-05-23,Furniture,Hyderabad,1610,8,12880,2026,5,23,Saturday,Bag
7210,2026-05-06,Sports,Hyderabad,2159,1,2159,2026,5,6,Wednesday,Tablet
7211,2025-05-07,Clothing,Delhi,567,2,1134,2025,5,7,Wednesday,Camera
7212,2025-04-19,Clothing,Mumbai,3169,5,15845,2025,4,19,Saturday,Laptop
7213,2025-10-07,Sports,Chennai,1987,9,17883,2025,10,7,Tuesday,Keyboard
7214,2026-02-14,Electronics,Delhi,2536,4,10144,2026,2,14,Saturday,Headphones
7215,2026-05-20,Furniture,Delhi,1976,4,7904,2026,5,20,Wednesday,Headphones
7216,2026-05-09,Furniture,Hyderabad,2745,6,16470,2026,5,9,Saturday,Phone
7217,2025-07-22,Electronics,Hyderabad,4421,2,8842,2025,7,22,Tuesday,Camera
7218,2026-02-14,Electronics,Mumbai,1965,4,7860,2026,2,14,Saturday,Laptop
7219,2024-07-14,Clothing,Hyderabad,445,6,2670,2024,7,14,Sunday,Laptop
7220,2025-05-17,Sports,Delhi,2741,7,19187,2025,5,17,Saturday,Bag
7221,2024-11-12,Furniture,Delhi,4467,6,26802,2024,11,12,Tuesday,Shoes
7222,2025-07-20,Electronics,Delhi,2207,7,15449,2025,7,20,Sunday,Watch
7223,2026-06-10,Electronics,Chennai,3025,4,12100,2026,6,10,Wednesday,Camera
7224,2024-11-24,Sports,Hyderabad,3523,9,31707,2024,11,24,Sunday,Watch
7225,2025-08-25,Clothing,Mumbai,407,4,1628,2025,8,25,Monday,Camera
7226,2024-10-13,Sports,Chennai,269,5,1345,2024,10,13,Sunday,Headphones
7227,2026-05-15,Clothing,Bangalore,4750,3,14250,2026,5,15,Friday,Keyboard
7228,2025-07-02,Sports,Chennai,2321,7,16247,2025,7,2,Wednesday,Camera
7229,2025-01-03,Groceries,Mumbai,2270,5,11350,2025,1,3,Friday,Headphones
7230,2026-04-23,Clothing,Bangalore,4601,10,46010,2026,4,23,Thursday,Headphones
7231,2025-10-19,Sports,Hyderabad,4452,4,17808,2025,10,19,Sunday,Laptop
7232,2025-04-22,Electronics,Delhi,2358,5,11790,2025,4,22,Tuesday,Shoes
7233,2024-06-28,Clothing,Bangalore,3078,3,9234,2024,6,28,Friday,Headphones
7234,2026-03-31,Furniture,Delhi,2290,5,11450,2026,3,31,Tuesday,Tablet
7235,2024-08-14,Clothing,Hyderabad,2030,3,6090,2024,8,14,Wednesday,Bag
7236,2026-03-27,Groceries,Chennai,1337,4,5348,2026,3,27,Friday,Laptop
7237,2024-11-06,Clothing,Mumbai,682,8,5456,2024,11,6,Wednesday,Headphones
7238,2025-12-28,Furniture,Mumbai,1837,3,5511,2025,12,28,Sunday,Tablet
7239,2024-07-21,Clothing,Bangalore,4771,3,14313,2024,7,21,Sunday,Headphones
7240,2025-01-07,Groceries,Chennai,3477,2,6954,2025,1,7,Tuesday,Phone
7241,2024-07-05,Electronics,Bangalore,2795,9,25155,2024,7,5,Friday,Camera
7242,2026-05-12,Furniture,Bangalore,3209,5,16045,2026,5,12,Tuesday,Bag
7243,2024-08-20,Sports,Mumbai,2925,8,23400,2024,8,20,Tuesday,Watch
7244,2025-03-07,Electronics,Delhi,4257,5,21285,2025,3,7,Friday,Headphones
7245,2025-11-21,Clothing,Bangalore,2248,6,13488,2025,11,21,Friday,TV
7246,2025-12-16,Clothing,Delhi,368,3,1104,2025,12,16,Tuesday,Headphones
7247,2024-08-05,Electronics,Bangalore,828,4,3312,2024,8,5,Monday,Watch
7248,2025-12-15,Clothing,Bangalore,4255,5,21275,2025,12,15,Monday,Keyboard
7249,2024-12-24,Electronics,Delhi,4351,1,4351,2024,12,24,Tuesday,Bag
7250,2026-02-17,Sports,Delhi,1790,7,12530,2026,2,17,Tuesday,TV
7251,2026-01-10,Groceries,Chennai,858,9,7722,2026,1,10,Saturday,Laptop
7252,2025-12-24,Clothing,Delhi,4847,3,14541,2025,12,24,Wednesday,Camera
7253,2026-05-15,Clothing,Hyderabad,1325,6,7950,2026,5,15,Friday,Tablet
7254,2025-11-03,Electronics,Chennai,3266,10,32660,2025,11,3,Monday,Watch
7255,2025-06-14,Furniture,Chennai,3501,9,31509,2025,6,14,Saturday,Tablet
7256,2025-05-24,Clothing,Delhi,4864,6,29184,2025,5,24,Saturday,Phone
7257,2025-02-15,Groceries,Hyderabad,2049,1,2049,2025,2,15,Saturday,Laptop
7258,2024-10-01,Clothing,Chennai,3608,3,10824,2024,10,1,Tuesday,Laptop
7259,2024-07-29,Furniture,Mumbai,3842,8,30736,2024,7,29,Monday,Shoes
7260,2025-07-16,Clothing,Hyderabad,4752,8,38016,2025,7,16,Wednesday,Watch
7261,2025-02-26,Electronics,Mumbai,2054,3,6162,2025,2,26,Wednesday,Bag
7262,2025-05-17,Clothing,Chennai,2705,10,27050,2025,5,17,Saturday,Shoes
7263,2025-02-25,Electronics,Chennai,1741,2,3482,2025,2,25,Tuesday,Bag
7264,2025-01-04,Furniture,Mumbai,1266,3,3798,2025,1,4,Saturday,Shoes
7265,2025-10-24,Groceries,Chennai,4789,1,4789,2025,10,24,Friday,TV
7266,2025-07-03,Groceries,Delhi,4927,2,9854,2025,7,3,Thursday,Keyboard
7267,2025-04-15,Clothing,Delhi,4810,2,9620,2025,4,15,Tuesday,Camera
7268,2024-08-11,Sports,Delhi,3072,6,18432,2024,8,11,Sunday,Keyboard
7269,2025-12-08,Groceries,Hyderabad,2164,5,10820,2025,12,8,Monday,Tablet
7270,2024-12-28,Groceries,Mumbai,4486,5,22430,2024,12,28,Saturday,Shoes
7271,2024-12-03,Furniture,Chennai,2568,2,5136,2024,12,3,Tuesday,Watch
7272,2025-06-22,Groceries,Bangalore,4761,7,33327,2025,6,22,Sunday,Camera
7273,2026-06-21,Sports,Mumbai,1284,2,2568,2026,6,21,Sunday,Shoes
7274,2025-05-04,Electronics,Hyderabad,4580,7,32060,2025,5,4,Sunday,Bag
7275,2026-04-14,Sports,Delhi,1530,2,3060,2026,4,14,Tuesday,Watch
7276,2026-02-03,Clothing,Bangalore,2549,4,10196,2026,2,3,Tuesday,Bag
7277,2025-12-09,Groceries,Delhi,4313,10,43130,2025,12,9,Tuesday,Laptop
7278,2024-11-27,Electronics,Chennai,974,10,9740,2024,11,27,Wednesday,Bag
7279,2025-01-14,Electronics,Bangalore,3331,1,3331,2025,1,14,Tuesday,Bag
7280,2024-08-05,Furniture,Mumbai,3214,5,16070,2024,8,5,Monday,Headphones
7281,2026-05-28,Electronics,Mumbai,2750,10,27500,2026,5,28,Thursday,Camera
7282,2026-01-20,Electronics,Delhi,1064,4,4256,2026,1,20,Tuesday,Keyboard
7283,2025-10-13,Furniture,Chennai,1370,6,8220,2025,10,13,Monday,Headphones
7284,2024-12-07,Sports,Chennai,3405,6,20430,2024,12,7,Saturday,Shoes
7285,2025-02-14,Sports,Delhi,4455,5,22275,2025,2,14,Friday,Phone
7286,2025-05-31,Furniture,Hyderabad,4586,9,41274,2025,5,31,Saturday,Tablet
7287,2025-01-24,Sports,Chennai,1357,5,6785,2025,1,24,Friday,Watch
7288,2024-09-18,Clothing,Mumbai,3550,1,3550,2024,9,18,Wednesday,Shoes
7289,2025-05-04,Furniture,Delhi,3550,7,24850,2025,5,4,Sunday,Phone
7290,2025-04-10,Clothing,Hyderabad,4541,2,9082,2025,4,10,Thursday,Laptop
7291,2024-12-05,Groceries,Mumbai,3408,1,3408,2024,12,5,Thursday,TV
7292,2024-07-23,Clothing,Chennai,4032,1,4032,2024,7,23,Tuesday,Shoes
7293,2025-03-11,Clothing,Delhi,3354,1,3354,2025,3,11,Tuesday,Watch
7294,2024-08-25,Clothing,Mumbai,4027,7,28189,2024,8,25,Sunday,Bag
7295,2024-10-14,Groceries,Delhi,3087,7,21609,2024,10,14,Monday,Camera
7296,2026-05-17,Clothing,Hyderabad,2580,6,15480,2026,5,17,Sunday,Laptop
7297,2024-09-24,Electronics,Bangalore,1731,10,17310,2024,9,24,Tuesday,Watch
7298,2025-05-12,Groceries,Delhi,3069,8,24552,2025,5,12,Monday,Bag
7299,2025-05-10,Sports,Mumbai,1721,9,15489,2025,5,10,Saturday,Bag
7300,2025-11-07,Furniture,Mumbai,1121,1,1121,2025,11,7,Friday,Shoes
7301,2025-11-28,Electronics,Hyderabad,3843,4,15372,2025,11,28,Friday,Keyboard
7302,2025-01-11,Groceries,Bangalore,3518,6,21108,2025,1,11,Saturday,Keyboard
7303,2025-08-28,Sports,Mumbai,3605,8,28840,2025,8,28,Thursday,Camera
7304,2025-10-28,Groceries,Hyderabad,1731,5,8655,2025,10,28,Tuesday,Laptop
7305,2024-08-18,Sports,Bangalore,1305,8,10440,2024,8,18,Sunday,TV
7306,2024-09-06,Furniture,Hyderabad,2485,7,17395,2024,9,6,Friday,Tablet
7307,2024-12-23,Groceries,Mumbai,1036,7,7252,2024,12,23,Monday,Bag
7308,2025-09-12,Furniture,Delhi,2252,2,4504,2025,9,12,Friday,Watch
7309,2025-04-03,Furniture,Delhi,3238,4,12952,2025,4,3,Thursday,Watch
7310,2025-08-27,Electronics,Mumbai,1210,6,7260,2025,8,27,Wednesday,Keyboard
7311,2025-04-06,Groceries,Chennai,2109,7,14763,2025,4,6,Sunday,Shoes
7312,2024-09-09,Groceries,Hyderabad,927,2,1854,2024,9,9,Monday,Camera
7313,2024-10-15,Sports,Chennai,1349,6,8094,2024,10,15,Tuesday,TV
7314,2026-05-19,Groceries,Mumbai,2406,5,12030,2026,5,19,Tuesday,Watch
7315,2024-12-04,Sports,Bangalore,1795,3,5385,2024,12,4,Wednesday,Headphones
7316,2026-06-25,Sports,Bangalore,3762,10,37620,2026,6,25,Thursday,Watch
7317,2026-03-01,Sports,Bangalore,3644,1,3644,2026,3,1,Sunday,Keyboard
7318,2025-02-06,Furniture,Bangalore,1613,6,9678,2025,2,6,Thursday,Camera
7319,2025-10-28,Sports,Hyderabad,4419,7,30933,2025,10,28,Tuesday,Tablet
7320,2025-10-18,Groceries,Mumbai,3903,5,19515,2025,10,18,Saturday,Tablet
7321,2026-05-09,Furniture,Mumbai,3156,1,3156,2026,5,9,Saturday,TV
7322,2025-01-26,Furniture,Delhi,1495,10,14950,2025,1,26,Sunday,Watch
7323,2024-09-30,Sports,Mumbai,4319,4,17276,2024,9,30,Monday,Bag
7324,2024-10-15,Sports,Delhi,1077,8,8616,2024,10,15,Tuesday,Laptop
7325,2025-06-08,Furniture,Delhi,1983,8,15864,2025,6,8,Sunday,Phone
7326,2025-08-14,Electronics,Mumbai,1909,6,11454,2025,8,14,Thursday,Bag
7327,2025-07-09,Sports,Hyderabad,1625,3,4875,2025,7,9,Wednesday,Shoes
7328,2026-01-01,Electronics,Mumbai,1635,1,1635,2026,1,1,Thursday,Keyboard
7329,2026-01-22,Groceries,Bangalore,118,6,708,2026,1,22,Thursday,TV
7330,2025-02-16,Furniture,Hyderabad,226,3,678,2025,2,16,Sunday,Watch
7331,2025-12-28,Furniture,Chennai,750,2,1500,2025,12,28,Sunday,Watch
7332,2024-09-01,Electronics,Delhi,3063,10,30630,2024,9,1,Sunday,Watch
7333,2026-03-10,Groceries,Bangalore,1055,9,9495,2026,3,10,Tuesday,Shoes
7334,2025-03-22,Furniture,Bangalore,417,1,417,2025,3,22,Saturday,Camera
7335,2025-11-17,Electronics,Bangalore,1986,2,3972,2025,11,17,Monday,Keyboard
7336,2025-05-29,Sports,Chennai,470,2,940,2025,5,29,Thursday,Bag
7337,2025-12-18,Sports,Delhi,4901,9,44109,2025,12,18,Thursday,Watch
7338,2025-01-15,Sports,Bangalore,1368,2,2736,2025,1,15,Wednesday,Tablet
7339,2024-12-21,Groceries,Delhi,4123,6,24738,2024,12,21,Saturday,Tablet
7340,2025-11-06,Clothing,Hyderabad,153,5,765,2025,11,6,Thursday,Headphones
7341,2024-09-10,Sports,Delhi,4160,9,37440,2024,9,10,Tuesday,Tablet
7342,2025-01-05,Groceries,Chennai,257,1,257,2025,1,5,Sunday,Keyboard
7343,2025-05-23,Clothing,Bangalore,4969,10,49690,2025,5,23,Friday,Phone
7344,2025-04-11,Groceries,Hyderabad,1919,4,7676,2025,4,11,Friday,Keyboard
7345,2025-12-28,Groceries,Chennai,3998,5,19990,2025,12,28,Sunday,Tablet
7346,2026-01-24,Sports,Bangalore,831,4,3324,2026,1,24,Saturday,Watch
7347,2026-03-08,Furniture,Chennai,3039,1,3039,2026,3,8,Sunday,Laptop
7348,2025-03-08,Sports,Delhi,3853,5,19265,2025,3,8,Saturday,TV
7349,2026-06-06,Sports,Delhi,757,2,1514,2026,6,6,Saturday,Shoes
7350,2025-11-23,Furniture,Delhi,4320,2,8640,2025,11,23,Sunday,Phone
7351,2026-02-17,Sports,Delhi,2039,6,12234,2026,2,17,Tuesday,Tablet
7352,2024-07-13,Groceries,Delhi,411,9,3699,2024,7,13,Saturday,Watch
7353,2025-08-19,Groceries,Hyderabad,4551,6,27306,2025,8,19,Tuesday,Tablet
7354,2025-08-10,Furniture,Delhi,3710,3,11130,2025,8,10,Sunday,Headphones
7355,2024-11-28,Groceries,Chennai,3607,10,36070,2024,11,28,Thursday,Keyboard
7356,2025-07-15,Electronics,Hyderabad,2978,5,14890,2025,7,15,Tuesday,Shoes
7357,2025-05-19,Electronics,Chennai,2226,9,20034,2025,5,19,Monday,Keyboard
7358,2025-05-30,Groceries,Delhi,2604,5,13020,2025,5,30,Friday,Watch
7359,2026-01-02,Sports,Bangalore,2329,1,2329,2026,1,2,Friday,TV
7360,2025-03-23,Groceries,Hyderabad,1948,10,19480,2025,3,23,Sunday,Watch
7361,2026-04-07,Electronics,Delhi,529,2,1058,2026,4,7,Tuesday,Camera
7362,2025-10-09,Groceries,Mumbai,2820,9,25380,2025,10,9,Thursday,Headphones
7363,2026-04-03,Furniture,Chennai,3504,6,21024,2026,4,3,Friday,Phone
7364,2025-03-08,Clothing,Mumbai,1355,1,1355,2025,3,8,Saturday,Shoes
7365,2026-01-08,Clothing,Delhi,3384,4,13536,2026,1,8,Thursday,Laptop
7366,2025-12-21,Furniture,Delhi,2589,4,10356,2025,12,21,Sunday,Laptop
7367,2024-12-07,Electronics,Chennai,4489,4,17956,2024,12,7,Saturday,Phone
7368,2025-03-22,Furniture,Delhi,4321,8,34568,2025,3,22,Saturday,Phone
7369,2025-07-03,Sports,Bangalore,2442,10,24420,2025,7,3,Thursday,TV
7370,2025-08-25,Groceries,Delhi,2148,10,21480,2025,8,25,Monday,Keyboard
7371,2026-01-07,Furniture,Mumbai,4369,1,4369,2026,1,7,Wednesday,Tablet
7372,2024-12-21,Sports,Hyderabad,3641,7,25487,2024,12,21,Saturday,Tablet
7373,2025-01-14,Groceries,Bangalore,3801,1,3801,2025,1,14,Tuesday,TV
7374,2025-04-13,Groceries,Mumbai,2237,4,8948,2025,4,13,Sunday,Headphones
7375,2025-02-01,Clothing,Mumbai,2796,5,13980,2025,2,1,Saturday,Bag
7376,2026-03-05,Sports,Hyderabad,4107,8,32856,2026,3,5,Thursday,TV
7377,2025-07-25,Furniture,Bangalore,3394,9,30546,2025,7,25,Friday,TV
7378,2025-06-24,Furniture,Bangalore,4823,4,19292,2025,6,24,Tuesday,Shoes
7379,2026-02-06,Clothing,Mumbai,4333,7,30331,2026,2,6,Friday,TV
7380,2026-06-11,Groceries,Mumbai,2794,5,13970,2026,6,11,Thursday,Phone
7381,2025-04-24,Clothing,Bangalore,823,5,4115,2025,4,24,Thursday,Headphones
7382,2024-07-07,Sports,Hyderabad,2852,9,25668,2024,7,7,Sunday,Shoes
7383,2025-04-19,Groceries,Mumbai,2415,1,2415,2025,4,19,Saturday,Bag
7384,2026-02-06,Furniture,Mumbai,739,4,2956,2026,2,6,Friday,Bag
7385,2025-01-12,Electronics,Delhi,3727,10,37270,2025,1,12,Sunday,TV
7386,2025-01-14,Groceries,Hyderabad,4909,8,39272,2025,1,14,Tuesday,Laptop
7387,2024-08-17,Furniture,Chennai,4514,2,9028,2024,8,17,Saturday,Shoes
7388,2026-03-18,Furniture,Hyderabad,1071,6,6426,2026,3,18,Wednesday,Bag
7389,2025-11-03,Sports,Delhi,1665,4,6660,2025,11,3,Monday,Phone
7390,2025-10-22,Groceries,Delhi,2781,6,16686,2025,10,22,Wednesday,Laptop
7391,2024-10-26,Furniture,Chennai,3948,9,35532,2024,10,26,Saturday,Watch
7392,2025-07-23,Clothing,Hyderabad,1753,6,10518,2025,7,23,Wednesday,Bag
7393,2025-11-12,Electronics,Delhi,3364,10,33640,2025,11,12,Wednesday,TV
7394,2024-11-28,Clothing,Chennai,909,1,909,2024,11,28,Thursday,Camera
7395,2025-02-02,Furniture,Bangalore,2215,4,8860,2025,2,2,Sunday,Headphones
7396,2025-10-08,Electronics,Bangalore,1531,6,9186,2025,10,8,Wednesday,Shoes
7397,2024-07-18,Groceries,Mumbai,1641,4,6564,2024,7,18,Thursday,Shoes
7398,2026-02-14,Sports,Chennai,1492,5,7460,2026,2,14,Saturday,Headphones
7399,2026-01-03,Groceries,Hyderabad,1602,6,9612,2026,1,3,Saturday,Tablet
7400,2025-01-06,Groceries,Bangalore,4162,7,29134,2025,1,6,Monday,Phone
7401,2024-08-28,Clothing,Bangalore,4341,4,17364,2024,8,28,Wednesday,Camera
7402,2026-05-21,Clothing,Mumbai,267,6,1602,2026,5,21,Thursday,Headphones
7403,2024-08-07,Groceries,Chennai,2760,7,19320,2024,8,7,Wednesday,Tablet
7404,2024-06-30,Furniture,Bangalore,2840,1,2840,2024,6,30,Sunday,Camera
7405,2025-08-16,Electronics,Delhi,3710,3,11130,2025,8,16,Saturday,Phone
7406,2025-12-12,Sports,Mumbai,2145,5,10725,2025,12,12,Friday,Watch
7407,2025-01-31,Sports,Bangalore,816,1,816,2025,1,31,Friday,Tablet
7408,2025-09-27,Groceries,Mumbai,3023,1,3023,2025,9,27,Saturday,Watch
7409,2025-05-26,Furniture,Bangalore,4310,8,34480,2025,5,26,Monday,Keyboard
7410,2026-05-19,Sports,Delhi,4561,1,4561,2026,5,19,Tuesday,Shoes
7411,2025-11-15,Furniture,Bangalore,4846,3,14538,2025,11,15,Saturday,Tablet
7412,2024-08-03,Sports,Delhi,2297,1,2297,2024,8,3,Saturday,Shoes
7413,2025-08-01,Furniture,Hyderabad,3188,9,28692,2025,8,1,Friday,Watch
7414,2024-09-11,Electronics,Hyderabad,2706,3,8118,2024,9,11,Wednesday,Keyboard
7415,2024-11-12,Groceries,Mumbai,1750,2,3500,2024,11,12,Tuesday,Watch
7416,2025-08-08,Groceries,Hyderabad,3376,8,27008,2025,8,8,Friday,Tablet
7417,2025-05-16,Groceries,Bangalore,396,7,2772,2025,5,16,Friday,Laptop
7418,2024-08-24,Electronics,Chennai,3166,1,3166,2024,8,24,Saturday,Camera
7419,2025-06-18,Sports,Chennai,2979,7,20853,2025,6,18,Wednesday,Watch
7420,2025-06-09,Electronics,Bangalore,1866,4,7464,2025,6,9,Monday,Phone
7421,2026-06-16,Groceries,Delhi,2482,3,7446,2026,6,16,Tuesday,TV
7422,2025-02-10,Furniture,Bangalore,4035,10,40350,2025,2,10,Monday,Laptop
7423,2024-07-03,Sports,Mumbai,3042,10,30420,2024,7,3,Wednesday,Tablet
7424,2025-05-19,Sports,Hyderabad,4380,7,30660,2025,5,19,Monday,Watch
7425,2026-05-23,Groceries,Hyderabad,1797,9,16173,2026,5,23,Saturday,Laptop
7426,2024-10-12,Groceries,Mumbai,4863,4,19452,2024,10,12,Saturday,Shoes
7427,2024-08-03,Sports,Delhi,3490,1,3490,2024,8,3,Saturday,Bag
7428,2025-11-06,Groceries,Mumbai,1116,4,4464,2025,11,6,Thursday,Keyboard
7429,2025-09-21,Groceries,Chennai,2171,5,10855,2025,9,21,Sunday,TV
7430,2026-02-21,Clothing,Mumbai,4639,5,23195,2026,2,21,Saturday,Keyboard
7431,2025-10-05,Clothing,Delhi,611,9,5499,2025,10,5,Sunday,Watch
7432,2026-06-18,Electronics,Bangalore,4221,4,16884,2026,6,18,Thursday,Tablet
7433,2026-01-28,Groceries,Chennai,2354,1,2354,2026,1,28,Wednesday,TV
7434,2026-04-01,Clothing,Bangalore,2297,1,2297,2026,4,1,Wednesday,Bag
7435,2025-08-29,Sports,Hyderabad,507,1,507,2025,8,29,Friday,Headphones
7436,2025-03-25,Groceries,Hyderabad,586,3,1758,2025,3,25,Tuesday,Watch
7437,2025-11-16,Electronics,Hyderabad,1348,5,6740,2025,11,16,Sunday,Phone
7438,2026-06-25,Furniture,Mumbai,4924,2,9848,2026,6,25,Thursday,Shoes
7439,2026-02-18,Furniture,Bangalore,3776,1,3776,2026,2,18,Wednesday,Bag
7440,2025-08-09,Groceries,Mumbai,1682,3,5046,2025,8,9,Saturday,Keyboard
7441,2026-01-10,Furniture,Chennai,3596,8,28768,2026,1,10,Saturday,Laptop
7442,2025-06-11,Clothing,Hyderabad,4959,8,39672,2025,6,11,Wednesday,Shoes
7443,2025-08-24,Clothing,Chennai,4816,3,14448,2025,8,24,Sunday,Keyboard
7444,2024-07-15,Furniture,Hyderabad,4222,9,37998,2024,7,15,Monday,Keyboard
7445,2025-10-29,Furniture,Delhi,2475,10,24750,2025,10,29,Wednesday,Tablet
7446,2024-09-28,Sports,Delhi,2827,3,8481,2024,9,28,Saturday,TV
7447,2024-10-08,Sports,Chennai,3334,1,3334,2024,10,8,Tuesday,Laptop
7448,2025-12-16,Sports,Delhi,458,10,4580,2025,12,16,Tuesday,Watch
7449,2025-08-21,Electronics,Mumbai,937,5,4685,2025,8,21,Thursday,Keyboard
7450,2024-09-16,Electronics,Delhi,2423,8,19384,2024,9,16,Monday,Laptop
7451,2025-06-07,Clothing,Hyderabad,2170,10,21700,2025,6,7,Saturday,Bag
7452,2025-11-10,Furniture,Bangalore,445,3,1335,2025,11,10,Monday,Tablet
7453,2024-11-06,Clothing,Hyderabad,2611,8,20888,2024,11,6,Wednesday,Bag
7454,2025-04-21,Furniture,Hyderabad,3073,1,3073,2025,4,21,Monday,Bag
7455,2025-02-27,Groceries,Bangalore,1181,8,9448,2025,2,27,Thursday,Keyboard
7456,2025-10-25,Clothing,Delhi,4094,5,20470,2025,10,25,Saturday,Laptop
7457,2025-10-20,Furniture,Chennai,2403,8,19224,2025,10,20,Monday,TV
7458,2025-10-05,Groceries,Delhi,4396,6,26376,2025,10,5,Sunday,Tablet
7459,2024-10-06,Furniture,Delhi,4330,2,8660,2024,10,6,Sunday,Camera
7460,2025-05-15,Sports,Mumbai,3210,4,12840,2025,5,15,Thursday,Laptop
7461,2024-10-19,Groceries,Delhi,1642,4,6568,2024,10,19,Saturday,Keyboard
7462,2025-03-20,Furniture,Chennai,1385,2,2770,2025,3,20,Thursday,Camera
7463,2025-06-25,Clothing,Delhi,619,7,4333,2025,6,25,Wednesday,Bag
7464,2025-09-16,Clothing,Hyderabad,820,3,2460,2025,9,16,Tuesday,Shoes
7465,2026-05-25,Groceries,Delhi,2536,3,7608,2026,5,25,Monday,Watch
7466,2026-05-17,Sports,Hyderabad,4416,5,22080,2026,5,17,Sunday,Bag
7467,2025-09-24,Furniture,Chennai,1949,8,15592,2025,9,24,Wednesday,Laptop
7468,2025-06-02,Clothing,Delhi,3614,8,28912,2025,6,2,Monday,Headphones
7469,2025-12-27,Clothing,Delhi,861,6,5166,2025,12,27,Saturday,Laptop
7470,2025-07-08,Furniture,Delhi,4073,4,16292,2025,7,8,Tuesday,Camera
7471,2025-05-09,Furniture,Mumbai,4736,6,28416,2025,5,9,Friday,Laptop
7472,2026-06-02,Electronics,Chennai,962,4,3848,2026,6,2,Tuesday,Watch
7473,2024-11-21,Sports,Bangalore,2905,1,2905,2024,11,21,Thursday,Tablet
7474,2025-12-08,Groceries,Mumbai,3078,10,30780,2025,12,8,Monday,Keyboard
7475,2024-10-03,Electronics,Mumbai,4826,1,4826,2024,10,3,Thursday,TV
7476,2025-12-02,Clothing,Mumbai,1549,8,12392,2025,12,2,Tuesday,Camera
7477,2024-08-23,Clothing,Chennai,2800,3,8400,2024,8,23,Friday,Watch
7478,2025-06-08,Electronics,Hyderabad,4631,9,41679,2025,6,8,Sunday,Shoes
7479,2025-03-30,Sports,Delhi,4059,5,20295,2025,3,30,Sunday,TV
7480,2025-07-17,Furniture,Bangalore,3672,10,36720,2025,7,17,Thursday,Headphones
7481,2026-03-05,Clothing,Hyderabad,303,2,606,2026,3,5,Thursday,Laptop
7482,2024-11-08,Sports,Bangalore,308,7,2156,2024,11,8,Friday,Watch
7483,2025-11-18,Electronics,Bangalore,4878,6,29268,2025,11,18,Tuesday,Laptop
7484,2024-08-27,Clothing,Hyderabad,1603,9,14427,2024,8,27,Tuesday,Laptop
7485,2026-01-26,Electronics,Mumbai,3770,9,33930,2026,1,26,Monday,Laptop
7486,2025-12-11,Furniture,Mumbai,2173,8,17384,2025,12,11,Thursday,Laptop
7487,2026-06-09,Electronics,Mumbai,4656,7,32592,2026,6,9,Tuesday,TV
7488,2026-04-02,Sports,Hyderabad,2274,8,18192,2026,4,2,Thursday,Camera
7489,2025-05-12,Electronics,Mumbai,358,2,716,2025,5,12,Monday,Camera
7490,2025-04-05,Electronics,Chennai,1042,4,4168,2025,4,5,Saturday,Tablet
7491,2024-07-17,Furniture,Delhi,2606,2,5212,2024,7,17,Wednesday,Phone
7492,2025-01-12,Sports,Bangalore,2061,5,10305,2025,1,12,Sunday,Keyboard
7493,2025-08-25,Clothing,Hyderabad,4115,2,8230,2025,8,25,Monday,Headphones
7494,2025-10-19,Furniture,Mumbai,3745,6,22470,2025,10,19,Sunday,Camera
7495,2024-08-13,Clothing,Delhi,2893,8,23144,2024,8,13,Tuesday,Camera
7496,2026-01-17,Electronics,Bangalore,3582,2,7164,2026,1,17,Saturday,Watch
7497,2025-08-27,Furniture,Mumbai,1386,9,12474,2025,8,27,Wednesday,Shoes
7498,2025-12-21,Sports,Bangalore,2729,2,5458,2025,12,21,Sunday,Headphones
7499,2025-07-10,Furniture,Delhi,4788,2,9576,2025,7,10,Thursday,Bag
7500,2025-08-05,Furniture,Delhi,3630,1,3630,2025,8,5,Tuesday,Headphones
7501,2025-07-31,Sports,Delhi,1463,5,7315,2025,7,31,Thursday,Tablet
7502,2025-11-07,Clothing,Mumbai,1973,1,1973,2025,11,7,Friday,Phone
7503,2024-09-26,Sports,Mumbai,3710,7,25970,2024,9,26,Thursday,Laptop
7504,2024-08-26,Electronics,Bangalore,2755,7,19285,2024,8,26,Monday,Laptop
7505,2025-11-28,Clothing,Mumbai,1294,2,2588,2025,11,28,Friday,TV
7506,2025-05-14,Electronics,Bangalore,933,1,933,2025,5,14,Wednesday,Bag
7507,2025-04-28,Clothing,Chennai,1450,8,11600,2025,4,28,Monday,Watch
7508,2024-12-08,Sports,Chennai,4461,5,22305,2024,12,8,Sunday,Tablet
7509,2026-05-13,Furniture,Delhi,4988,2,9976,2026,5,13,Wednesday,Keyboard
7510,2025-09-22,Furniture,Bangalore,4341,10,43410,2025,9,22,Monday,TV
7511,2024-07-02,Groceries,Bangalore,1905,1,1905,2024,7,2,Tuesday,Laptop
7512,2025-07-26,Groceries,Chennai,562,1,562,2025,7,26,Saturday,TV
7513,2024-11-27,Groceries,Delhi,1552,5,7760,2024,11,27,Wednesday,Bag
7514,2026-02-20,Clothing,Delhi,920,7,6440,2026,2,20,Friday,Watch
7515,2024-09-10,Electronics,Mumbai,1378,2,2756,2024,9,10,Tuesday,Camera
7516,2025-05-13,Groceries,Bangalore,4290,8,34320,2025,5,13,Tuesday,Bag
7517,2026-04-18,Electronics,Bangalore,835,10,8350,2026,4,18,Saturday,Tablet
7518,2024-12-24,Clothing,Delhi,3983,4,15932,2024,12,24,Tuesday,Phone
7519,2025-08-24,Sports,Hyderabad,1485,1,1485,2025,8,24,Sunday,Camera
7520,2025-09-16,Groceries,Bangalore,168,9,1512,2025,9,16,Tuesday,Phone
7521,2024-07-23,Furniture,Delhi,2797,7,19579,2024,7,23,Tuesday,TV
7522,2025-02-02,Electronics,Delhi,3528,5,17640,2025,2,2,Sunday,Bag
7523,2025-11-09,Groceries,Delhi,4666,10,46660,2025,11,9,Sunday,Shoes
7524,2025-03-08,Sports,Chennai,4260,6,25560,2025,3,8,Saturday,Tablet
7525,2025-01-14,Furniture,Chennai,4192,1,4192,2025,1,14,Tuesday,Shoes
7526,2025-04-25,Electronics,Delhi,2328,5,11640,2025,4,25,Friday,Headphones
7527,2026-04-17,Furniture,Delhi,3288,1,3288,2026,4,17,Friday,Laptop
7528,2024-09-20,Furniture,Mumbai,103,1,103,2024,9,20,Friday,Headphones
7529,2026-03-01,Sports,Bangalore,2116,7,14812,2026,3,1,Sunday,Camera
7530,2025-03-25,Furniture,Chennai,3080,3,9240,2025,3,25,Tuesday,Bag
7531,2025-05-02,Groceries,Hyderabad,2857,1,2857,2025,5,2,Friday,Laptop
7532,2025-09-09,Sports,Chennai,1893,6,11358,2025,9,9,Tuesday,TV
7533,2025-05-11,Electronics,Mumbai,3240,3,9720,2025,5,11,Sunday,TV
7534,2025-06-03,Electronics,Chennai,181,1,181,2025,6,3,Tuesday,Laptop
7535,2026-03-02,Groceries,Mumbai,1673,7,11711,2026,3,2,Monday,Tablet
7536,2024-11-09,Groceries,Delhi,1424,9,12816,2024,11,9,Saturday,Keyboard
7537,2025-09-27,Clothing,Bangalore,3354,3,10062,2025,9,27,Saturday,Phone
7538,2026-03-12,Furniture,Delhi,3011,2,6022,2026,3,12,Thursday,TV
7539,2024-10-05,Clothing,Delhi,2503,10,25030,2024,10,5,Saturday,TV
7540,2024-07-12,Clothing,Chennai,1106,1,1106,2024,7,12,Friday,Tablet
7541,2026-03-05,Sports,Chennai,2362,8,18896,2026,3,5,Thursday,Camera
7542,2024-07-15,Furniture,Chennai,3494,4,13976,2024,7,15,Monday,Watch
7543,2024-08-29,Groceries,Mumbai,1468,6,8808,2024,8,29,Thursday,Bag
7544,2026-05-05,Clothing,Delhi,2381,4,9524,2026,5,5,Tuesday,TV
7545,2025-04-13,Clothing,Chennai,809,10,8090,2025,4,13,Sunday,TV
7546,2025-06-09,Furniture,Hyderabad,3429,5,17145,2025,6,9,Monday,Shoes
7547,2025-06-01,Sports,Chennai,727,9,6543,2025,6,1,Sunday,Camera
7548,2024-12-31,Furniture,Delhi,4948,5,24740,2024,12,31,Tuesday,Keyboard
7549,2024-09-20,Clothing,Mumbai,215,3,645,2024,9,20,Friday,Watch
7550,2026-05-02,Furniture,Hyderabad,1000,9,9000,2026,5,2,Saturday,Tablet
7551,2025-12-01,Sports,Bangalore,2651,5,13255,2025,12,1,Monday,Shoes
7552,2025-01-24,Sports,Chennai,3569,10,35690,2025,1,24,Friday,Phone
7553,2025-04-22,Sports,Hyderabad,4944,8,39552,2025,4,22,Tuesday,Watch
7554,2024-07-24,Clothing,Delhi,3557,10,35570,2024,7,24,Wednesday,Camera
7555,2025-04-12,Furniture,Mumbai,3510,2,7020,2025,4,12,Saturday,Headphones
7556,2026-05-25,Clothing,Mumbai,571,9,5139,2026,5,25,Monday,Phone
7557,2025-09-17,Sports,Chennai,446,6,2676,2025,9,17,Wednesday,Bag
7558,2025-01-17,Furniture,Hyderabad,2144,10,21440,2025,1,17,Friday,Shoes
7559,2026-03-11,Sports,Mumbai,1215,3,3645,2026,3,11,Wednesday,Camera
7560,2025-10-18,Groceries,Delhi,4138,10,41380,2025,10,18,Saturday,Bag
7561,2024-11-10,Groceries,Hyderabad,910,2,1820,2024,11,10,Sunday,Tablet
7562,2024-07-15,Electronics,Bangalore,1261,5,6305,2024,7,15,Monday,TV
7563,2025-04-19,Furniture,Hyderabad,3357,8,26856,2025,4,19,Saturday,Camera
7564,2026-01-20,Sports,Chennai,1084,3,3252,2026,1,20,Tuesday,Watch
7565,2024-11-23,Groceries,Mumbai,4622,5,23110,2024,11,23,Saturday,Camera
7566,2025-08-10,Sports,Hyderabad,1036,5,5180,2025,8,10,Sunday,Tablet
7567,2025-09-09,Electronics,Chennai,4524,1,4524,2025,9,9,Tuesday,TV
7568,2024-11-03,Sports,Chennai,1755,10,17550,2024,11,3,Sunday,Shoes
7569,2026-06-19,Groceries,Chennai,1259,1,1259,2026,6,19,Friday,Bag
7570,2025-03-26,Sports,Chennai,2278,10,22780,2025,3,26,Wednesday,Keyboard
7571,2026-06-08,Clothing,Mumbai,3831,1,3831,2026,6,8,Monday,Phone
7572,2024-12-12,Groceries,Hyderabad,3957,5,19785,2024,12,12,Thursday,Bag
7573,2024-10-02,Sports,Delhi,4080,8,32640,2024,10,2,Wednesday,Watch
7574,2024-11-04,Furniture,Mumbai,3534,5,17670,2024,11,4,Monday,Phone
7575,2025-05-12,Clothing,Delhi,628,9,5652,2025,5,12,Monday,TV
7576,2025-06-09,Groceries,Chennai,4992,7,34944,2025,6,9,Monday,Phone
7577,2025-01-11,Groceries,Delhi,3164,9,28476,2025,1,11,Saturday,Bag
7578,2026-03-01,Clothing,Delhi,2919,7,20433,2026,3,1,Sunday,Watch
7579,2026-04-10,Sports,Chennai,2285,2,4570,2026,4,10,Friday,Tablet
7580,2025-12-30,Sports,Bangalore,675,5,3375,2025,12,30,Tuesday,Watch
7581,2025-09-29,Furniture,Mumbai,2313,4,9252,2025,9,29,Monday,TV
7582,2025-11-26,Clothing,Delhi,3309,1,3309,2025,11,26,Wednesday,Phone
7583,2025-07-18,Sports,Bangalore,4558,6,27348,2025,7,18,Friday,Keyboard
7584,2026-01-03,Sports,Bangalore,3250,7,22750,2026,1,3,Saturday,Tablet
7585,2025-02-12,Groceries,Hyderabad,2117,9,19053,2025,2,12,Wednesday,Shoes
7586,2025-05-07,Groceries,Chennai,2897,6,17382,2025,5,7,Wednesday,TV
7587,2026-06-09,Furniture,Chennai,3975,2,7950,2026,6,9,Tuesday,Shoes
7588,2025-10-28,Groceries,Bangalore,4161,6,24966,2025,10,28,Tuesday,Keyboard
7589,2025-03-28,Electronics,Bangalore,748,5,3740,2025,3,28,Friday,Keyboard
7590,2026-01-18,Clothing,Chennai,2353,1,2353,2026,1,18,Sunday,TV
7591,2025-12-02,Groceries,Hyderabad,3331,8,26648,2025,12,2,Tuesday,Laptop
7592,2025-09-19,Electronics,Bangalore,2948,10,29480,2025,9,19,Friday,Phone
7593,2024-12-11,Groceries,Delhi,1360,1,1360,2024,12,11,Wednesday,Keyboard
7594,2026-05-16,Clothing,Delhi,1874,5,9370,2026,5,16,Saturday,Shoes
7595,2024-07-15,Electronics,Delhi,1081,7,7567,2024,7,15,Monday,Tablet
7596,2025-07-25,Sports,Delhi,3212,8,25696,2025,7,25,Friday,Bag
7597,2024-10-15,Electronics,Bangalore,2183,5,10915,2024,10,15,Tuesday,Keyboard
7598,2024-11-05,Groceries,Mumbai,215,1,215,2024,11,5,Tuesday,Headphones
7599,2025-12-03,Clothing,Bangalore,2762,10,27620,2025,12,3,Wednesday,Watch
7600,2024-10-06,Electronics,Mumbai,2014,1,2014,2024,10,6,Sunday,Shoes
7601,2025-10-09,Electronics,Mumbai,4394,1,4394,2025,10,9,Thursday,Laptop
7602,2025-03-13,Furniture,Chennai,4602,7,32214,2025,3,13,Thursday,Camera
7603,2025-08-10,Furniture,Hyderabad,4203,6,25218,2025,8,10,Sunday,Headphones
7604,2025-12-18,Sports,Mumbai,685,6,4110,2025,12,18,Thursday,Bag
7605,2024-10-30,Sports,Hyderabad,3737,7,26159,2024,10,30,Wednesday,Headphones
7606,2025-09-12,Furniture,Hyderabad,2816,2,5632,2025,9,12,Friday,Camera
7607,2025-08-15,Groceries,Chennai,4959,10,49590,2025,8,15,Friday,Shoes
7608,2024-11-28,Clothing,Delhi,561,7,3927,2024,11,28,Thursday,Laptop
7609,2025-06-10,Furniture,Mumbai,2988,10,29880,2025,6,10,Tuesday,Keyboard
7610,2025-03-09,Electronics,Chennai,2433,4,9732,2025,3,9,Sunday,Watch
7611,2025-11-01,Groceries,Mumbai,1678,1,1678,2025,11,1,Saturday,Headphones
7612,2025-12-02,Clothing,Bangalore,3229,10,32290,2025,12,2,Tuesday,Headphones
7613,2024-11-28,Groceries,Hyderabad,3192,3,9576,2024,11,28,Thursday,Tablet
7614,2025-11-15,Furniture,Hyderabad,1559,8,12472,2025,11,15,Saturday,TV
7615,2025-05-12,Groceries,Mumbai,1258,3,3774,2025,5,12,Monday,TV
7616,2026-02-18,Electronics,Delhi,1707,10,17070,2026,2,18,Wednesday,Headphones
7617,2025-08-19,Furniture,Chennai,4543,10,45430,2025,8,19,Tuesday,Laptop
7618,2026-01-25,Furniture,Mumbai,3219,7,22533,2026,1,25,Sunday,TV
7619,2024-11-28,Clothing,Delhi,858,5,4290,2024,11,28,Thursday,Tablet
7620,2025-04-21,Electronics,Delhi,3613,1,3613,2025,4,21,Monday,Camera
7621,2025-11-28,Clothing,Mumbai,3243,2,6486,2025,11,28,Friday,Shoes
7622,2024-12-14,Furniture,Chennai,4022,1,4022,2024,12,14,Saturday,Headphones
7623,2024-11-03,Electronics,Mumbai,2410,6,14460,2024,11,3,Sunday,Shoes
7624,2024-11-21,Clothing,Delhi,1148,5,5740,2024,11,21,Thursday,TV
7625,2024-10-31,Sports,Bangalore,4053,7,28371,2024,10,31,Thursday,Laptop
7626,2025-07-09,Furniture,Delhi,4619,7,32333,2025,7,9,Wednesday,Laptop
7627,2025-10-04,Electronics,Chennai,1166,8,9328,2025,10,4,Saturday,Bag
7628,2025-01-09,Clothing,Hyderabad,3949,10,39490,2025,1,9,Thursday,Tablet
7629,2025-11-06,Sports,Chennai,2102,1,2102,2025,11,6,Thursday,Phone
7630,2025-12-11,Sports,Chennai,1823,4,7292,2025,12,11,Thursday,Keyboard
7631,2026-02-11,Groceries,Bangalore,3233,3,9699,2026,2,11,Wednesday,Tablet
7632,2025-08-20,Electronics,Mumbai,1439,10,14390,2025,8,20,Wednesday,Watch
7633,2024-10-18,Furniture,Delhi,2104,1,2104,2024,10,18,Friday,Laptop
7634,2025-09-18,Electronics,Bangalore,465,7,3255,2025,9,18,Thursday,Phone
7635,2025-06-11,Electronics,Bangalore,2565,2,5130,2025,6,11,Wednesday,Bag
7636,2026-01-12,Furniture,Chennai,1393,4,5572,2026,1,12,Monday,Bag
7637,2024-11-09,Clothing,Bangalore,3962,2,7924,2024,11,9,Saturday,Headphones
7638,2025-11-30,Clothing,Chennai,1521,2,3042,2025,11,30,Sunday,Tablet
7639,2025-06-15,Electronics,Bangalore,1678,4,6712,2025,6,15,Sunday,Bag
7640,2025-04-15,Electronics,Mumbai,4499,6,26994,2025,4,15,Tuesday,Camera
7641,2025-02-28,Furniture,Delhi,1646,5,8230,2025,2,28,Friday,Camera
7642,2025-07-22,Electronics,Chennai,1794,5,8970,2025,7,22,Tuesday,Keyboard
7643,2026-03-31,Groceries,Delhi,262,6,1572,2026,3,31,Tuesday,Headphones
7644,2025-05-13,Clothing,Chennai,4161,2,8322,2025,5,13,Tuesday,Tablet
7645,2026-06-13,Sports,Chennai,1638,2,3276,2026,6,13,Saturday,Phone
7646,2025-09-06,Clothing,Chennai,1466,5,7330,2025,9,6,Saturday,Bag
7647,2025-06-03,Sports,Hyderabad,634,7,4438,2025,6,3,Tuesday,Shoes
7648,2026-01-14,Sports,Hyderabad,4574,1,4574,2026,1,14,Wednesday,Tablet
7649,2024-07-27,Sports,Mumbai,4281,9,38529,2024,7,27,Saturday,Camera
7650,2024-11-26,Groceries,Mumbai,1334,3,4002,2024,11,26,Tuesday,TV
7651,2025-09-08,Sports,Hyderabad,4813,2,9626,2025,9,8,Monday,Bag
7652,2025-03-31,Electronics,Delhi,3635,6,21810,2025,3,31,Monday,TV
7653,2025-06-10,Groceries,Bangalore,1836,9,16524,2025,6,10,Tuesday,Bag
7654,2025-12-23,Clothing,Hyderabad,776,6,4656,2025,12,23,Tuesday,Headphones
7655,2025-09-28,Groceries,Mumbai,2693,5,13465,2025,9,28,Sunday,Bag
7656,2024-08-19,Electronics,Chennai,3054,1,3054,2024,8,19,Monday,Watch
7657,2025-07-01,Groceries,Delhi,3569,2,7138,2025,7,1,Tuesday,Watch
7658,2024-10-21,Electronics,Mumbai,571,1,571,2024,10,21,Monday,Shoes
7659,2025-03-04,Groceries,Mumbai,1362,1,1362,2025,3,4,Tuesday,Headphones
7660,2026-06-09,Electronics,Bangalore,640,10,6400,2026,6,9,Tuesday,Watch
7661,2024-08-21,Furniture,Hyderabad,4228,1,4228,2024,8,21,Wednesday,Bag
7662,2024-07-09,Clothing,Chennai,3353,4,13412,2024,7,9,Tuesday,Laptop
7663,2025-07-25,Electronics,Chennai,3871,10,38710,2025,7,25,Friday,Laptop
7664,2024-12-28,Sports,Bangalore,4022,9,36198,2024,12,28,Saturday,Laptop
7665,2025-02-26,Furniture,Bangalore,1780,8,14240,2025,2,26,Wednesday,Watch
7666,2025-05-18,Electronics,Hyderabad,4120,3,12360,2025,5,18,Sunday,Tablet
7667,2025-10-06,Clothing,Bangalore,1525,6,9150,2025,10,6,Monday,Laptop
7668,2025-12-06,Groceries,Hyderabad,4707,5,23535,2025,12,6,Saturday,Shoes
7669,2025-08-25,Electronics,Mumbai,3327,5,16635,2025,8,25,Monday,Shoes
7670,2024-10-14,Furniture,Mumbai,4344,3,13032,2024,10,14,Monday,Phone
7671,2026-02-13,Groceries,Bangalore,1136,9,10224,2026,2,13,Friday,Camera
7672,2025-02-17,Furniture,Mumbai,3994,2,7988,2025,2,17,Monday,Tablet
7673,2026-03-22,Electronics,Hyderabad,752,3,2256,2026,3,22,Sunday,Shoes
7674,2026-01-31,Clothing,Mumbai,2940,6,17640,2026,1,31,Saturday,Phone
7675,2025-04-30,Clothing,Hyderabad,2800,3,8400,2025,4,30,Wednesday,Bag
7676,2025-09-04,Clothing,Chennai,1898,3,5694,2025,9,4,Thursday,Watch
7677,2024-09-02,Furniture,Mumbai,2401,5,12005,2024,9,2,Monday,Camera
7678,2025-04-17,Electronics,Hyderabad,3859,7,27013,2025,4,17,Thursday,Phone
7679,2025-12-15,Furniture,Delhi,4062,9,36558,2025,12,15,Monday,Camera
7680,2025-04-02,Groceries,Bangalore,346,3,1038,2025,4,2,Wednesday,Watch
7681,2024-07-01,Sports,Hyderabad,534,10,5340,2024,7,1,Monday,Bag
7682,2024-08-28,Furniture,Chennai,3414,10,34140,2024,8,28,Wednesday,Phone
7683,2025-09-05,Sports,Mumbai,657,4,2628,2025,9,5,Friday,Camera
7684,2024-11-27,Clothing,Bangalore,4355,8,34840,2024,11,27,Wednesday,Tablet
7685,2025-05-17,Sports,Mumbai,1241,10,12410,2025,5,17,Saturday,Headphones
7686,2026-02-26,Furniture,Hyderabad,3177,3,9531,2026,2,26,Thursday,Camera
7687,2026-03-02,Furniture,Hyderabad,1857,6,11142,2026,3,2,Monday,Keyboard
7688,2024-07-09,Clothing,Hyderabad,4807,8,38456,2024,7,9,Tuesday,Keyboard
7689,2024-07-17,Electronics,Delhi,2035,8,16280,2024,7,17,Wednesday,Laptop
7690,2025-10-03,Furniture,Chennai,3929,2,7858,2025,10,3,Friday,Tablet
7691,2024-12-07,Furniture,Delhi,4398,1,4398,2024,12,7,Saturday,Shoes
7692,2025-02-13,Electronics,Bangalore,3622,6,21732,2025,2,13,Thursday,Bag
7693,2025-09-07,Clothing,Bangalore,4459,7,31213,2025,9,7,Sunday,Laptop
7694,2025-03-09,Furniture,Mumbai,3493,3,10479,2025,3,9,Sunday,Phone
7695,2024-08-15,Electronics,Bangalore,2282,1,2282,2024,8,15,Thursday,Phone
7696,2026-01-20,Furniture,Bangalore,4821,6,28926,2026,1,20,Tuesday,Bag
7697,2026-05-03,Furniture,Mumbai,3402,9,30618,2026,5,3,Sunday,Laptop
7698,2025-01-23,Furniture,Mumbai,2503,1,2503,2025,1,23,Thursday,TV
7699,2025-10-10,Clothing,Delhi,1479,4,5916,2025,10,10,Friday,Camera
7700,2026-06-17,Furniture,Hyderabad,2519,7,17633,2026,6,17,Wednesday,Camera
7701,2024-10-26,Sports,Bangalore,4320,7,30240,2024,10,26,Saturday,Phone
7702,2025-05-17,Electronics,Mumbai,3607,6,21642,2025,5,17,Saturday,Laptop
7703,2025-06-02,Groceries,Mumbai,4839,2,9678,2025,6,2,Monday,Shoes
7704,2026-01-07,Furniture,Bangalore,2002,5,10010,2026,1,7,Wednesday,TV
7705,2026-06-20,Furniture,Chennai,2251,6,13506,2026,6,20,Saturday,Keyboard
7706,2026-05-31,Furniture,Hyderabad,1770,6,10620,2026,5,31,Sunday,Bag
7707,2024-11-18,Groceries,Hyderabad,3814,6,22884,2024,11,18,Monday,Bag
7708,2024-09-17,Groceries,Bangalore,960,8,7680,2024,9,17,Tuesday,Shoes
7709,2025-10-04,Groceries,Bangalore,4587,6,27522,2025,10,4,Saturday,Phone
7710,2025-10-24,Groceries,Delhi,2616,10,26160,2025,10,24,Friday,Phone
7711,2025-08-05,Groceries,Hyderabad,4653,7,32571,2025,8,5,Tuesday,Tablet
7712,2024-09-24,Electronics,Bangalore,4958,1,4958,2024,9,24,Tuesday,Camera
7713,2025-06-17,Groceries,Chennai,100,2,200,2025,6,17,Tuesday,Shoes
7714,2024-12-13,Sports,Bangalore,157,2,314,2024,12,13,Friday,Tablet
7715,2025-11-25,Furniture,Mumbai,2675,4,10700,2025,11,25,Tuesday,Shoes
7716,2024-10-23,Sports,Hyderabad,1063,2,2126,2024,10,23,Wednesday,Bag
7717,2026-06-09,Sports,Bangalore,3501,5,17505,2026,6,9,Tuesday,Laptop
7718,2024-12-31,Sports,Chennai,826,8,6608,2024,12,31,Tuesday,Shoes
7719,2025-12-21,Electronics,Mumbai,213,4,852,2025,12,21,Sunday,Tablet
7720,2025-02-20,Furniture,Chennai,222,4,888,2025,2,20,Thursday,Camera
7721,2024-11-19,Groceries,Delhi,4640,5,23200,2024,11,19,Tuesday,Shoes
7722,2025-01-13,Furniture,Delhi,2577,8,20616,2025,1,13,Monday,Keyboard
7723,2025-05-05,Groceries,Delhi,4186,6,25116,2025,5,5,Monday,Bag
7724,2026-05-05,Clothing,Chennai,4651,8,37208,2026,5,5,Tuesday,Headphones
7725,2026-05-24,Electronics,Chennai,2115,7,14805,2026,5,24,Sunday,TV
7726,2026-01-29,Furniture,Hyderabad,4660,3,13980,2026,1,29,Thursday,Bag
7727,2024-10-19,Electronics,Bangalore,586,1,586,2024,10,19,Saturday,Phone
7728,2025-07-12,Electronics,Bangalore,1169,2,2338,2025,7,12,Saturday,TV
7729,2024-11-02,Electronics,Chennai,979,8,7832,2024,11,2,Saturday,Shoes
7730,2025-04-23,Sports,Bangalore,480,4,1920,2025,4,23,Wednesday,Headphones
7731,2026-04-27,Sports,Bangalore,3755,7,26285,2026,4,27,Monday,Shoes
7732,2025-10-10,Groceries,Delhi,4613,1,4613,2025,10,10,Friday,Headphones
7733,2025-01-28,Sports,Mumbai,585,4,2340,2025,1,28,Tuesday,Phone
7734,2025-09-26,Sports,Hyderabad,3509,7,24563,2025,9,26,Friday,Watch
7735,2025-09-17,Sports,Hyderabad,779,2,1558,2025,9,17,Wednesday,Phone
7736,2024-11-02,Groceries,Hyderabad,120,2,240,2024,11,2,Saturday,Phone
7737,2026-01-07,Groceries,Hyderabad,4836,2,9672,2026,1,7,Wednesday,Shoes
7738,2024-08-04,Sports,Hyderabad,3143,8,25144,2024,8,4,Sunday,Shoes
7739,2024-07-23,Groceries,Hyderabad,2405,9,21645,2024,7,23,Tuesday,Watch
7740,2024-07-05,Clothing,Hyderabad,4588,2,9176,2024,7,5,Friday,Camera
7741,2026-04-27,Groceries,Hyderabad,1878,5,9390,2026,4,27,Monday,Laptop
7742,2024-07-03,Furniture,Chennai,1739,9,15651,2024,7,3,Wednesday,Tablet
7743,2025-09-23,Electronics,Delhi,1365,6,8190,2025,9,23,Tuesday,Laptop
7744,2025-09-30,Furniture,Mumbai,4432,10,44320,2025,9,30,Tuesday,Bag
7745,2025-11-08,Groceries,Chennai,3717,4,14868,2025,11,8,Saturday,Shoes
7746,2026-03-11,Furniture,Delhi,4523,4,18092,2026,3,11,Wednesday,Watch
7747,2025-10-20,Sports,Mumbai,1735,4,6940,2025,10,20,Monday,Shoes
7748,2026-05-31,Electronics,Chennai,2561,6,15366,2026,5,31,Sunday,Phone
7749,2026-05-12,Clothing,Delhi,2388,8,19104,2026,5,12,Tuesday,Headphones
7750,2025-05-05,Sports,Bangalore,1169,2,2338,2025,5,5,Monday,Headphones
7751,2026-03-05,Groceries,Bangalore,2149,3,6447,2026,3,5,Thursday,Headphones
7752,2025-04-07,Clothing,Mumbai,544,2,1088,2025,4,7,Monday,Bag
7753,2024-12-17,Clothing,Delhi,3349,10,33490,2024,12,17,Tuesday,Phone
7754,2026-06-05,Electronics,Hyderabad,2196,7,15372,2026,6,5,Friday,Phone
7755,2025-06-25,Groceries,Hyderabad,3443,9,30987,2025,6,25,Wednesday,Watch
7756,2026-03-17,Clothing,Delhi,2383,7,16681,2026,3,17,Tuesday,Keyboard
7757,2026-04-25,Groceries,Bangalore,4180,10,41800,2026,4,25,Saturday,TV
7758,2026-05-03,Electronics,Bangalore,4411,4,17644,2026,5,3,Sunday,Phone
7759,2026-04-18,Clothing,Mumbai,3032,7,21224,2026,4,18,Saturday,Keyboard
7760,2025-12-13,Furniture,Mumbai,923,4,3692,2025,12,13,Saturday,Shoes
7761,2024-06-28,Groceries,Bangalore,3775,7,26425,2024,6,28,Friday,Tablet
7762,2025-12-24,Furniture,Hyderabad,2240,3,6720,2025,12,24,Wednesday,TV
7763,2025-09-20,Clothing,Mumbai,4689,9,42201,2025,9,20,Saturday,Laptop
7764,2025-10-01,Groceries,Bangalore,1905,10,19050,2025,10,1,Wednesday,Bag
7765,2026-02-17,Sports,Bangalore,2509,1,2509,2026,2,17,Tuesday,Laptop
7766,2024-12-16,Groceries,Hyderabad,115,5,575,2024,12,16,Monday,Watch
7767,2025-01-22,Furniture,Chennai,1648,6,9888,2025,1,22,Wednesday,Keyboard
7768,2025-03-29,Electronics,Mumbai,3160,1,3160,2025,3,29,Saturday,Watch
7769,2026-04-12,Groceries,Mumbai,4005,2,8010,2026,4,12,Sunday,Shoes
7770,2025-07-10,Groceries,Chennai,2771,2,5542,2025,7,10,Thursday,Laptop
7771,2025-07-17,Electronics,Bangalore,3905,1,3905,2025,7,17,Thursday,TV
7772,2025-12-24,Clothing,Hyderabad,763,1,763,2025,12,24,Wednesday,Tablet
7773,2026-02-01,Sports,Mumbai,4040,9,36360,2026,2,1,Sunday,TV
7774,2026-05-02,Clothing,Mumbai,2477,10,24770,2026,5,2,Saturday,Camera
7775,2026-05-08,Electronics,Mumbai,2054,1,2054,2026,5,8,Friday,Tablet
7776,2026-06-19,Furniture,Chennai,891,4,3564,2026,6,19,Friday,Tablet
7777,2025-02-21,Electronics,Bangalore,3721,3,11163,2025,2,21,Friday,Shoes
7778,2024-10-08,Sports,Chennai,1028,8,8224,2024,10,8,Tuesday,Shoes
7779,2025-11-22,Sports,Chennai,4206,6,25236,2025,11,22,Saturday,Shoes
7780,2025-08-27,Furniture,Chennai,476,8,3808,2025,8,27,Wednesday,Tablet
7781,2025-03-18,Electronics,Hyderabad,526,10,5260,2025,3,18,Tuesday,Watch
7782,2024-07-29,Sports,Delhi,4364,3,13092,2024,7,29,Monday,Watch
7783,2026-04-14,Groceries,Chennai,3797,4,15188,2026,4,14,Tuesday,Keyboard
7784,2024-09-25,Clothing,Bangalore,3271,8,26168,2024,9,25,Wednesday,Laptop
7785,2025-09-02,Sports,Chennai,4076,7,28532,2025,9,2,Tuesday,Laptop
7786,2026-06-02,Electronics,Delhi,4047,5,20235,2026,6,2,Tuesday,Headphones
7787,2024-07-16,Sports,Chennai,2026,6,12156,2024,7,16,Tuesday,Phone
7788,2024-12-14,Furniture,Delhi,309,4,1236,2024,12,14,Saturday,Bag
7789,2025-07-16,Furniture,Chennai,250,2,500,2025,7,16,Wednesday,Bag
7790,2026-04-11,Electronics,Chennai,2747,9,24723,2026,4,11,Saturday,Camera
7791,2025-02-12,Groceries,Bangalore,3724,1,3724,2025,2,12,Wednesday,Tablet
7792,2024-07-31,Groceries,Mumbai,1642,4,6568,2024,7,31,Wednesday,Headphones
7793,2024-10-20,Sports,Delhi,361,1,361,2024,10,20,Sunday,Shoes
7794,2026-04-24,Sports,Delhi,4605,3,13815,2026,4,24,Friday,TV
7795,2026-01-08,Sports,Mumbai,2532,10,25320,2026,1,8,Thursday,Watch
7796,2026-06-03,Sports,Bangalore,3365,5,16825,2026,6,3,Wednesday,TV
7797,2025-05-25,Sports,Chennai,2104,6,12624,2025,5,25,Sunday,Watch
7798,2026-06-10,Electronics,Hyderabad,2041,1,2041,2026,6,10,Wednesday,Headphones
7799,2024-09-24,Electronics,Bangalore,1498,9,13482,2024,9,24,Tuesday,Camera
7800,2026-05-15,Furniture,Delhi,1285,4,5140,2026,5,15,Friday,Phone
7801,2025-09-28,Furniture,Chennai,2879,2,5758,2025,9,28,Sunday,TV
7802,2025-12-30,Sports,Chennai,805,6,4830,2025,12,30,Tuesday,Bag
7803,2025-05-04,Clothing,Delhi,1303,5,6515,2025,5,4,Sunday,Keyboard
7804,2024-07-12,Furniture,Bangalore,3272,1,3272,2024,7,12,Friday,Tablet
7805,2026-05-13,Groceries,Chennai,2135,2,4270,2026,5,13,Wednesday,Laptop
7806,2025-03-17,Sports,Delhi,4395,4,17580,2025,3,17,Monday,TV
7807,2025-07-28,Electronics,Chennai,3056,2,6112,2025,7,28,Monday,Laptop
7808,2024-12-19,Sports,Mumbai,797,3,2391,2024,12,19,Thursday,Phone
7809,2025-01-18,Electronics,Mumbai,4291,7,30037,2025,1,18,Saturday,Headphones
7810,2025-08-06,Electronics,Chennai,2295,2,4590,2025,8,6,Wednesday,Camera
7811,2025-06-03,Clothing,Chennai,4935,4,19740,2025,6,3,Tuesday,Laptop
7812,2026-04-16,Furniture,Delhi,3944,6,23664,2026,4,16,Thursday,Headphones
7813,2026-04-07,Electronics,Delhi,4729,10,47290,2026,4,7,Tuesday,Keyboard
7814,2024-10-26,Sports,Delhi,1514,3,4542,2024,10,26,Saturday,Camera
7815,2026-02-09,Groceries,Hyderabad,4493,1,4493,2026,2,9,Monday,Laptop
7816,2025-04-10,Clothing,Chennai,3132,6,18792,2025,4,10,Thursday,TV
7817,2025-07-22,Sports,Hyderabad,4259,6,25554,2025,7,22,Tuesday,Shoes
7818,2025-09-10,Clothing,Bangalore,4436,1,4436,2025,9,10,Wednesday,Headphones
7819,2025-06-22,Clothing,Bangalore,4669,4,18676,2025,6,22,Sunday,Tablet
7820,2025-10-07,Sports,Mumbai,3449,6,20694,2025,10,7,Tuesday,Phone
7821,2024-11-05,Electronics,Mumbai,2517,7,17619,2024,11,5,Tuesday,Headphones
7822,2025-05-25,Furniture,Chennai,4072,9,36648,2025,5,25,Sunday,Headphones
7823,2025-01-28,Groceries,Hyderabad,4244,3,12732,2025,1,28,Tuesday,Phone
7824,2025-05-08,Electronics,Delhi,4804,3,14412,2025,5,8,Thursday,Headphones
7825,2026-05-04,Furniture,Delhi,3262,10,32620,2026,5,4,Monday,TV
7826,2026-06-06,Electronics,Delhi,3706,2,7412,2026,6,6,Saturday,Watch
7827,2025-07-27,Electronics,Hyderabad,1246,5,6230,2025,7,27,Sunday,Tablet
7828,2026-02-11,Groceries,Hyderabad,4594,9,41346,2026,2,11,Wednesday,Bag
7829,2026-05-20,Sports,Chennai,147,5,735,2026,5,20,Wednesday,Camera
7830,2025-11-24,Electronics,Delhi,1552,5,7760,2025,11,24,Monday,Camera
7831,2024-11-13,Furniture,Bangalore,2209,10,22090,2024,11,13,Wednesday,Phone
7832,2025-02-24,Electronics,Hyderabad,2834,9,25506,2025,2,24,Monday,Camera
7833,2025-09-14,Sports,Chennai,3287,6,19722,2025,9,14,Sunday,Camera
7834,2025-06-29,Groceries,Mumbai,3024,8,24192,2025,6,29,Sunday,Keyboard
7835,2025-10-13,Furniture,Mumbai,4477,4,17908,2025,10,13,Monday,Watch
7836,2025-12-22,Electronics,Bangalore,4506,9,40554,2025,12,22,Monday,Laptop
7837,2025-09-01,Furniture,Bangalore,260,3,780,2025,9,1,Monday,Tablet
7838,2025-10-02,Furniture,Hyderabad,2701,5,13505,2025,10,2,Thursday,Keyboard
7839,2026-02-11,Clothing,Bangalore,1746,6,10476,2026,2,11,Wednesday,TV
7840,2024-08-01,Clothing,Chennai,4842,4,19368,2024,8,1,Thursday,Bag
7841,2026-01-07,Electronics,Hyderabad,4533,10,45330,2026,1,7,Wednesday,Headphones
7842,2024-07-30,Clothing,Hyderabad,4072,4,16288,2024,7,30,Tuesday,Laptop
7843,2025-12-26,Sports,Chennai,4801,1,4801,2025,12,26,Friday,Watch
7844,2026-01-14,Groceries,Hyderabad,1507,10,15070,2026,1,14,Wednesday,Watch
7845,2026-05-05,Clothing,Chennai,4167,6,25002,2026,5,5,Tuesday,TV
7846,2025-09-02,Groceries,Chennai,2576,1,2576,2025,9,2,Tuesday,TV
7847,2025-03-01,Electronics,Chennai,4646,5,23230,2025,3,1,Saturday,Bag
7848,2024-07-27,Furniture,Bangalore,3350,8,26800,2024,7,27,Saturday,Laptop
7849,2026-06-16,Groceries,Mumbai,687,6,4122,2026,6,16,Tuesday,Tablet
7850,2024-10-09,Furniture,Delhi,2187,6,13122,2024,10,9,Wednesday,Headphones
7851,2025-09-28,Electronics,Delhi,1656,8,13248,2025,9,28,Sunday,Shoes
7852,2025-06-26,Electronics,Mumbai,3809,7,26663,2025,6,26,Thursday,TV
7853,2026-04-03,Clothing,Mumbai,4399,1,4399,2026,4,3,Friday,TV
7854,2025-03-28,Electronics,Hyderabad,122,3,366,2025,3,28,Friday,Tablet
7855,2026-01-21,Clothing,Bangalore,2905,6,17430,2026,1,21,Wednesday,Keyboard
7856,2024-07-13,Furniture,Delhi,4463,5,22315,2024,7,13,Saturday,Camera
7857,2026-01-18,Clothing,Hyderabad,1495,4,5980,2026,1,18,Sunday,Phone
7858,2025-02-03,Groceries,Mumbai,3687,9,33183,2025,2,3,Monday,TV
7859,2024-11-03,Clothing,Delhi,3877,1,3877,2024,11,3,Sunday,Camera
7860,2024-12-14,Furniture,Chennai,2266,1,2266,2024,12,14,Saturday,Keyboard
7861,2025-01-01,Clothing,Bangalore,3592,4,14368,2025,1,1,Wednesday,Headphones
7862,2025-01-11,Furniture,Mumbai,920,2,1840,2025,1,11,Saturday,Camera
7863,2024-08-20,Furniture,Bangalore,2558,5,12790,2024,8,20,Tuesday,Phone
7864,2025-04-28,Clothing,Mumbai,1466,10,14660,2025,4,28,Monday,Keyboard
7865,2026-02-05,Electronics,Mumbai,1753,6,10518,2026,2,5,Thursday,Camera
7866,2025-02-09,Electronics,Mumbai,1276,10,12760,2025,2,9,Sunday,TV
7867,2025-09-16,Groceries,Mumbai,1305,7,9135,2025,9,16,Tuesday,Tablet
7868,2025-02-09,Furniture,Mumbai,3893,4,15572,2025,2,9,Sunday,Shoes
7869,2025-06-23,Groceries,Delhi,3861,9,34749,2025,6,23,Monday,Phone
7870,2025-12-11,Furniture,Mumbai,4389,1,4389,2025,12,11,Thursday,Shoes
7871,2025-10-28,Furniture,Mumbai,1395,1,1395,2025,10,28,Tuesday,Tablet
7872,2024-10-08,Electronics,Delhi,115,10,1150,2024,10,8,Tuesday,Shoes
7873,2025-06-18,Furniture,Hyderabad,3845,10,38450,2025,6,18,Wednesday,Tablet
7874,2025-07-12,Sports,Chennai,508,8,4064,2025,7,12,Saturday,Watch
7875,2026-03-04,Groceries,Delhi,4154,6,24924,2026,3,4,Wednesday,Phone
7876,2026-01-31,Clothing,Hyderabad,2883,9,25947,2026,1,31,Saturday,Camera
7877,2025-01-08,Electronics,Chennai,3112,9,28008,2025,1,8,Wednesday,Watch
7878,2025-09-30,Clothing,Chennai,1484,3,4452,2025,9,30,Tuesday,TV
7879,2024-07-08,Electronics,Bangalore,2560,6,15360,2024,7,8,Monday,TV
7880,2025-07-02,Clothing,Chennai,4803,3,14409,2025,7,2,Wednesday,Watch
7881,2026-02-28,Clothing,Chennai,962,4,3848,2026,2,28,Saturday,TV
7882,2024-07-21,Clothing,Delhi,3345,6,20070,2024,7,21,Sunday,Camera
7883,2024-09-25,Sports,Chennai,3620,4,14480,2024,9,25,Wednesday,Headphones
7884,2026-05-18,Electronics,Delhi,1419,3,4257,2026,5,18,Monday,TV
7885,2025-01-02,Groceries,Mumbai,2990,8,23920,2025,1,2,Thursday,Camera
7886,2026-02-11,Clothing,Delhi,779,4,3116,2026,2,11,Wednesday,Watch
7887,2024-06-28,Electronics,Mumbai,2768,10,27680,2024,6,28,Friday,Camera
7888,2025-10-26,Electronics,Bangalore,4138,6,24828,2025,10,26,Sunday,Headphones
7889,2024-07-14,Groceries,Hyderabad,2273,4,9092,2024,7,14,Sunday,Headphones
7890,2024-10-27,Electronics,Chennai,3217,5,16085,2024,10,27,Sunday,Tablet
7891,2025-04-27,Groceries,Hyderabad,1937,5,9685,2025,4,27,Sunday,Phone
7892,2024-07-03,Clothing,Mumbai,4261,7,29827,2024,7,3,Wednesday,Camera
7893,2024-07-15,Electronics,Hyderabad,3374,10,33740,2024,7,15,Monday,Bag
7894,2025-03-30,Furniture,Delhi,2271,4,9084,2025,3,30,Sunday,Phone
7895,2025-04-13,Electronics,Bangalore,1050,6,6300,2025,4,13,Sunday,Tablet
7896,2026-04-24,Sports,Hyderabad,145,3,435,2026,4,24,Friday,Tablet
7897,2025-12-28,Groceries,Hyderabad,3802,9,34218,2025,12,28,Sunday,Laptop
7898,2025-12-23,Sports,Hyderabad,4430,1,4430,2025,12,23,Tuesday,Shoes
7899,2025-07-12,Electronics,Bangalore,1206,3,3618,2025,7,12,Saturday,Keyboard
7900,2026-01-27,Sports,Bangalore,294,5,1470,2026,1,27,Tuesday,Camera
7901,2026-02-20,Furniture,Bangalore,3156,5,15780,2026,2,20,Friday,Keyboard
7902,2025-09-14,Furniture,Chennai,1442,2,2884,2025,9,14,Sunday,Headphones
7903,2025-03-24,Electronics,Chennai,3919,5,19595,2025,3,24,Monday,Camera
7904,2025-07-15,Clothing,Delhi,3211,8,25688,2025,7,15,Tuesday,Headphones
7905,2025-09-09,Groceries,Bangalore,2610,8,20880,2025,9,9,Tuesday,Phone
7906,2026-02-03,Furniture,Mumbai,601,6,3606,2026,2,3,Tuesday,Tablet
7907,2025-01-16,Sports,Bangalore,1690,3,5070,2025,1,16,Thursday,TV
7908,2025-06-30,Groceries,Bangalore,4149,6,24894,2025,6,30,Monday,Keyboard
7909,2025-06-27,Sports,Hyderabad,4534,7,31738,2025,6,27,Friday,Watch
7910,2024-12-12,Clothing,Chennai,1493,9,13437,2024,12,12,Thursday,Watch
7911,2024-12-04,Electronics,Hyderabad,4520,2,9040,2024,12,4,Wednesday,Headphones
7912,2026-04-02,Groceries,Hyderabad,4820,2,9640,2026,4,2,Thursday,Laptop
7913,2024-07-07,Clothing,Hyderabad,2369,9,21321,2024,7,7,Sunday,Headphones
7914,2026-05-30,Sports,Delhi,4225,10,42250,2026,5,30,Saturday,Bag
7915,2024-07-21,Furniture,Mumbai,3724,7,26068,2024,7,21,Sunday,Watch
7916,2025-05-26,Sports,Mumbai,2198,7,15386,2025,5,26,Monday,Camera
7917,2025-07-16,Electronics,Mumbai,4163,10,41630,2025,7,16,Wednesday,Shoes
7918,2024-12-13,Groceries,Delhi,2976,5,14880,2024,12,13,Friday,Tablet
7919,2025-05-14,Furniture,Bangalore,4060,4,16240,2025,5,14,Wednesday,Bag
7920,2024-07-15,Sports,Bangalore,2726,10,27260,2024,7,15,Monday,Phone
7921,2026-05-10,Sports,Delhi,1798,7,12586,2026,5,10,Sunday,Phone
7922,2024-07-30,Sports,Mumbai,3213,9,28917,2024,7,30,Tuesday,Camera
7923,2026-05-03,Furniture,Bangalore,1430,10,14300,2026,5,3,Sunday,Phone
7924,2024-10-17,Electronics,Chennai,1133,6,6798,2024,10,17,Thursday,Headphones
7925,2025-06-02,Furniture,Mumbai,3767,1,3767,2025,6,2,Monday,TV
7926,2026-06-27,Furniture,Delhi,4420,5,22100,2026,6,27,Saturday,Keyboard
7927,2025-04-14,Furniture,Hyderabad,3778,7,26446,2025,4,14,Monday,Shoes
7928,2025-02-23,Electronics,Delhi,124,1,124,2025,2,23,Sunday,Phone
7929,2025-05-15,Groceries,Bangalore,1862,10,18620,2025,5,15,Thursday,Laptop
7930,2026-04-22,Groceries,Chennai,1704,5,8520,2026,4,22,Wednesday,Keyboard
7931,2025-06-12,Electronics,Chennai,1709,5,8545,2025,6,12,Thursday,Shoes
7932,2025-04-17,Furniture,Bangalore,1223,8,9784,2025,4,17,Thursday,TV
7933,2026-03-16,Sports,Bangalore,4635,4,18540,2026,3,16,Monday,Tablet
7934,2026-06-13,Electronics,Mumbai,2014,7,14098,2026,6,13,Saturday,Headphones
7935,2025-06-13,Electronics,Hyderabad,3630,6,21780,2025,6,13,Friday,Laptop
7936,2025-07-25,Clothing,Mumbai,3674,5,18370,2025,7,25,Friday,Bag
7937,2025-02-27,Clothing,Bangalore,1711,4,6844,2025,2,27,Thursday,Camera
7938,2024-10-18,Groceries,Delhi,3530,1,3530,2024,10,18,Friday,Watch
7939,2025-06-26,Groceries,Delhi,3502,1,3502,2025,6,26,Thursday,Keyboard
7940,2025-02-15,Furniture,Mumbai,2549,8,20392,2025,2,15,Saturday,Keyboard
7941,2025-12-12,Sports,Delhi,118,3,354,2025,12,12,Friday,Bag
7942,2024-10-07,Electronics,Delhi,3622,4,14488,2024,10,7,Monday,Phone
7943,2025-04-07,Sports,Mumbai,4251,4,17004,2025,4,7,Monday,Bag
7944,2025-04-19,Sports,Bangalore,3318,1,3318,2025,4,19,Saturday,Shoes
7945,2025-12-01,Groceries,Mumbai,966,10,9660,2025,12,1,Monday,Phone
7946,2025-01-04,Groceries,Delhi,1470,10,14700,2025,1,4,Saturday,Shoes
7947,2025-03-29,Electronics,Chennai,1123,7,7861,2025,3,29,Saturday,Phone
7948,2026-03-09,Electronics,Hyderabad,1540,1,1540,2026,3,9,Monday,TV
7949,2025-10-14,Groceries,Delhi,1497,1,1497,2025,10,14,Tuesday,Keyboard
7950,2024-09-25,Groceries,Hyderabad,3323,2,6646,2024,9,25,Wednesday,Watch
7951,2024-10-13,Groceries,Mumbai,4067,1,4067,2024,10,13,Sunday,TV
7952,2025-09-04,Sports,Bangalore,169,8,1352,2025,9,4,Thursday,Headphones
7953,2026-02-20,Electronics,Hyderabad,3996,9,35964,2026,2,20,Friday,Shoes
7954,2025-02-06,Electronics,Chennai,3496,9,31464,2025,2,6,Thursday,Bag
7955,2025-11-20,Electronics,Chennai,4563,4,18252,2025,11,20,Thursday,Watch
7956,2026-06-14,Sports,Hyderabad,1932,8,15456,2026,6,14,Sunday,Laptop
7957,2025-09-23,Furniture,Mumbai,4601,2,9202,2025,9,23,Tuesday,Phone
7958,2025-09-06,Furniture,Delhi,1713,4,6852,2025,9,6,Saturday,Watch
7959,2025-06-11,Furniture,Chennai,2070,4,8280,2025,6,11,Wednesday,Headphones
7960,2026-04-09,Sports,Chennai,2158,5,10790,2026,4,9,Thursday,Phone
7961,2025-07-21,Furniture,Chennai,2150,5,10750,2025,7,21,Monday,Shoes
7962,2025-08-28,Sports,Delhi,4905,3,14715,2025,8,28,Thursday,Headphones
7963,2025-06-22,Clothing,Delhi,3711,2,7422,2025,6,22,Sunday,Bag
7964,2026-05-09,Clothing,Delhi,431,5,2155,2026,5,9,Saturday,Watch
7965,2025-08-10,Sports,Hyderabad,1931,7,13517,2025,8,10,Sunday,Shoes
7966,2025-03-09,Groceries,Hyderabad,3768,10,37680,2025,3,9,Sunday,Phone
7967,2024-11-02,Furniture,Mumbai,1209,9,10881,2024,11,2,Saturday,Bag
7968,2026-01-23,Groceries,Bangalore,324,3,972,2026,1,23,Friday,Phone
7969,2024-11-15,Sports,Chennai,2560,6,15360,2024,11,15,Friday,Watch
7970,2025-12-20,Groceries,Chennai,2442,9,21978,2025,12,20,Saturday,Headphones
7971,2025-05-08,Furniture,Bangalore,499,9,4491,2025,5,8,Thursday,Shoes
7972,2026-06-17,Clothing,Mumbai,944,7,6608,2026,6,17,Wednesday,Bag
7973,2025-11-19,Sports,Mumbai,4550,1,4550,2025,11,19,Wednesday,Camera
7974,2026-03-07,Groceries,Bangalore,2105,7,14735,2026,3,7,Saturday,Laptop
7975,2026-04-04,Furniture,Hyderabad,1260,8,10080,2026,4,4,Saturday,Keyboard
7976,2026-03-18,Furniture,Mumbai,3423,5,17115,2026,3,18,Wednesday,Phone
7977,2024-11-15,Electronics,Delhi,790,5,3950,2024,11,15,Friday,Camera
7978,2025-06-07,Furniture,Delhi,4543,2,9086,2025,6,7,Saturday,Laptop
7979,2025-10-03,Clothing,Hyderabad,2742,8,21936,2025,10,3,Friday,Keyboard
7980,2024-11-03,Sports,Chennai,3764,10,37640,2024,11,3,Sunday,Headphones
7981,2025-05-16,Sports,Mumbai,310,1,310,2025,5,16,Friday,Shoes
7982,2025-03-30,Electronics,Delhi,3312,4,13248,2025,3,30,Sunday,Shoes
7983,2025-02-17,Groceries,Mumbai,4854,2,9708,2025,2,17,Monday,Laptop
7984,2025-01-17,Clothing,Chennai,3745,10,37450,2025,1,17,Friday,Watch
7985,2025-01-01,Electronics,Delhi,772,3,2316,2025,1,1,Wednesday,Laptop
7986,2024-07-24,Groceries,Mumbai,3352,10,33520,2024,7,24,Wednesday,Phone
7987,2025-08-13,Furniture,Hyderabad,1374,2,2748,2025,8,13,Wednesday,Shoes
7988,2025-09-03,Sports,Bangalore,581,3,1743,2025,9,3,Wednesday,Camera
7989,2025-08-01,Sports,Bangalore,4167,9,37503,2025,8,1,Friday,Phone
7990,2025-05-28,Clothing,Chennai,1816,2,3632,2025,5,28,Wednesday,Tablet
7991,2025-05-06,Furniture,Mumbai,2758,3,8274,2025,5,6,Tuesday,Camera
7992,2025-02-20,Electronics,Delhi,4611,6,27666,2025,2,20,Thursday,Keyboard
7993,2026-06-28,Clothing,Delhi,4706,7,32942,2026,6,28,Sunday,TV
7994,2025-11-12,Electronics,Mumbai,2850,1,2850,2025,11,12,Wednesday,Shoes
7995,2025-11-12,Electronics,Chennai,4100,10,41000,2025,11,12,Wednesday,Laptop
7996,2026-01-04,Groceries,Bangalore,1870,1,1870,2026,1,4,Sunday,Bag
7997,2026-05-06,Sports,Delhi,4236,7,29652,2026,5,6,Wednesday,Bag
7998,2025-08-30,Furniture,Chennai,1596,1,1596,2025,8,30,Saturday,Tablet
7999,2025-04-05,Sports,Chennai,3157,5,15785,2025,4,5,Saturday,Camera
8000,2024-08-25,Sports,Mumbai,2748,5,13740,2024,8,25,Sunday,Camera
8001,2024-11-15,Clothing,Delhi,4940,4,19760,2024,11,15,Friday,Bag
8002,2025-12-24,Sports,Delhi,1156,9,10404,2025,12,24,Wednesday,Headphones
8003,2026-02-15,Electronics,Delhi,4858,4,19432,2026,2,15,Sunday,Watch
8004,2025-01-16,Clothing,Delhi,4376,9,39384,2025,1,16,Thursday,Camera
8005,2026-02-20,Sports,Mumbai,112,3,336,2026,2,20,Friday,Watch
8006,2024-12-03,Furniture,Hyderabad,3872,4,15488,2024,12,3,Tuesday,Tablet
8007,2024-10-17,Groceries,Bangalore,1611,1,1611,2024,10,17,Thursday,Camera
8008,2026-05-26,Clothing,Chennai,2893,5,14465,2026,5,26,Tuesday,Camera
8009,2025-10-13,Electronics,Delhi,408,7,2856,2025,10,13,Monday,Bag
8010,2025-06-30,Furniture,Hyderabad,2710,9,24390,2025,6,30,Monday,Bag
8011,2026-03-19,Groceries,Delhi,3534,5,17670,2026,3,19,Thursday,Shoes
8012,2025-04-06,Electronics,Chennai,313,7,2191,2025,4,6,Sunday,Laptop
8013,2025-04-12,Clothing,Bangalore,314,5,1570,2025,4,12,Saturday,Phone
8014,2024-11-04,Groceries,Delhi,1196,2,2392,2024,11,4,Monday,Laptop
8015,2026-02-22,Clothing,Hyderabad,1966,2,3932,2026,2,22,Sunday,Tablet
8016,2024-11-02,Clothing,Chennai,4292,9,38628,2024,11,2,Saturday,Keyboard
8017,2024-08-07,Furniture,Bangalore,1589,6,9534,2024,8,7,Wednesday,Watch
8018,2026-05-29,Furniture,Mumbai,4077,8,32616,2026,5,29,Friday,Camera
8019,2025-12-17,Sports,Hyderabad,197,2,394,2025,12,17,Wednesday,Watch
8020,2025-04-05,Sports,Bangalore,3063,1,3063,2025,4,5,Saturday,Watch
8021,2025-09-29,Furniture,Mumbai,3166,8,25328,2025,9,29,Monday,Phone
8022,2025-03-02,Groceries,Hyderabad,3245,8,25960,2025,3,2,Sunday,Shoes
8023,2025-01-29,Furniture,Delhi,1262,4,5048,2025,1,29,Wednesday,Headphones
8024,2025-04-08,Sports,Hyderabad,1509,1,1509,2025,4,8,Tuesday,Shoes
8025,2025-10-17,Electronics,Bangalore,1243,10,12430,2025,10,17,Friday,Shoes
8026,2025-03-14,Clothing,Delhi,2147,4,8588,2025,3,14,Friday,TV
8027,2024-11-21,Furniture,Chennai,4150,2,8300,2024,11,21,Thursday,Tablet
8028,2024-09-23,Clothing,Mumbai,2813,10,28130,2024,9,23,Monday,Camera
8029,2025-07-25,Groceries,Mumbai,3295,3,9885,2025,7,25,Friday,Camera
8030,2025-08-23,Clothing,Bangalore,4456,6,26736,2025,8,23,Saturday,Watch
8031,2026-03-08,Sports,Delhi,886,10,8860,2026,3,8,Sunday,Camera
8032,2026-03-28,Furniture,Chennai,2988,2,5976,2026,3,28,Saturday,Phone
8033,2024-11-13,Groceries,Chennai,3459,1,3459,2024,11,13,Wednesday,Tablet
8034,2025-09-19,Clothing,Mumbai,2030,7,14210,2025,9,19,Friday,Camera
8035,2026-02-27,Clothing,Bangalore,4445,7,31115,2026,2,27,Friday,Camera
8036,2025-06-24,Groceries,Hyderabad,1214,8,9712,2025,6,24,Tuesday,Tablet
8037,2024-09-28,Groceries,Hyderabad,867,7,6069,2024,9,28,Saturday,Shoes
8038,2024-12-19,Furniture,Hyderabad,4538,1,4538,2024,12,19,Thursday,Watch
8039,2026-01-08,Furniture,Mumbai,3186,7,22302,2026,1,8,Thursday,TV
8040,2026-01-22,Sports,Bangalore,677,6,4062,2026,1,22,Thursday,Keyboard
8041,2026-03-01,Electronics,Bangalore,4685,3,14055,2026,3,1,Sunday,Shoes
8042,2025-07-06,Electronics,Delhi,751,8,6008,2025,7,6,Sunday,Laptop
8043,2026-04-29,Furniture,Hyderabad,4064,7,28448,2026,4,29,Wednesday,Keyboard
8044,2025-02-25,Sports,Mumbai,1441,8,11528,2025,2,25,Tuesday,Headphones
8045,2024-10-27,Groceries,Hyderabad,2929,3,8787,2024,10,27,Sunday,Keyboard
8046,2025-04-11,Sports,Mumbai,622,4,2488,2025,4,11,Friday,Watch
8047,2025-04-29,Furniture,Delhi,1535,6,9210,2025,4,29,Tuesday,Keyboard
8048,2024-09-13,Furniture,Mumbai,2637,1,2637,2024,9,13,Friday,Bag
8049,2026-04-21,Sports,Mumbai,2329,5,11645,2026,4,21,Tuesday,Laptop
8050,2025-06-22,Furniture,Delhi,4699,7,32893,2025,6,22,Sunday,Keyboard
8051,2026-02-13,Groceries,Bangalore,2427,9,21843,2026,2,13,Friday,Camera
8052,2025-08-07,Clothing,Delhi,773,4,3092,2025,8,7,Thursday,TV
8053,2025-05-29,Furniture,Mumbai,3795,10,37950,2025,5,29,Thursday,Tablet
8054,2025-01-15,Sports,Bangalore,625,9,5625,2025,1,15,Wednesday,Phone
8055,2025-04-25,Clothing,Delhi,1763,6,10578,2025,4,25,Friday,Headphones
8056,2024-10-29,Electronics,Delhi,647,7,4529,2024,10,29,Tuesday,Tablet
8057,2026-01-06,Sports,Chennai,4554,2,9108,2026,1,6,Tuesday,Shoes
8058,2026-03-18,Groceries,Chennai,2950,7,20650,2026,3,18,Wednesday,Headphones
8059,2026-04-20,Groceries,Hyderabad,2993,8,23944,2026,4,20,Monday,Phone
8060,2025-07-10,Groceries,Delhi,160,3,480,2025,7,10,Thursday,Laptop
8061,2026-04-26,Electronics,Hyderabad,4571,5,22855,2026,4,26,Sunday,TV
8062,2025-01-18,Clothing,Mumbai,3493,8,27944,2025,1,18,Saturday,Tablet
8063,2024-08-25,Clothing,Delhi,179,1,179,2024,8,25,Sunday,Laptop
8064,2024-11-18,Electronics,Hyderabad,2815,1,2815,2024,11,18,Monday,Phone
8065,2025-04-21,Electronics,Chennai,4992,10,49920,2025,4,21,Monday,Phone
8066,2025-04-20,Electronics,Bangalore,3598,9,32382,2025,4,20,Sunday,Laptop
8067,2026-04-26,Clothing,Hyderabad,3644,4,14576,2026,4,26,Sunday,Shoes
8068,2025-11-24,Groceries,Chennai,4986,2,9972,2025,11,24,Monday,Camera
8069,2025-07-18,Electronics,Bangalore,1012,3,3036,2025,7,18,Friday,Shoes
8070,2026-04-30,Clothing,Delhi,4267,8,34136,2026,4,30,Thursday,Tablet
8071,2025-03-16,Electronics,Bangalore,4906,7,34342,2025,3,16,Sunday,Camera
8072,2026-01-19,Sports,Mumbai,877,4,3508,2026,1,19,Monday,Phone
8073,2025-03-17,Furniture,Hyderabad,917,4,3668,2025,3,17,Monday,Camera
8074,2025-01-14,Clothing,Hyderabad,312,4,1248,2025,1,14,Tuesday,Phone
8075,2024-08-19,Groceries,Delhi,2886,2,5772,2024,8,19,Monday,Shoes
8076,2026-05-25,Clothing,Delhi,1664,3,4992,2026,5,25,Monday,Laptop
8077,2024-09-18,Sports,Hyderabad,4138,6,24828,2024,9,18,Wednesday,Watch
8078,2025-08-27,Sports,Delhi,3177,9,28593,2025,8,27,Wednesday,Phone
8079,2026-04-08,Electronics,Hyderabad,3209,7,22463,2026,4,8,Wednesday,Laptop
8080,2025-06-17,Furniture,Bangalore,578,6,3468,2025,6,17,Tuesday,Phone
8081,2025-08-08,Clothing,Bangalore,1860,1,1860,2025,8,8,Friday,Phone
8082,2025-06-17,Electronics,Hyderabad,1581,7,11067,2025,6,17,Tuesday,Bag
8083,2026-05-08,Clothing,Delhi,1020,8,8160,2026,5,8,Friday,Bag
8084,2024-09-28,Furniture,Bangalore,1011,5,5055,2024,9,28,Saturday,Bag
8085,2026-04-19,Electronics,Delhi,1800,6,10800,2026,4,19,Sunday,Shoes
8086,2025-11-26,Clothing,Bangalore,1491,4,5964,2025,11,26,Wednesday,Keyboard
8087,2026-04-02,Electronics,Hyderabad,617,5,3085,2026,4,2,Thursday,TV
8088,2024-09-18,Sports,Hyderabad,2585,1,2585,2024,9,18,Wednesday,Headphones
8089,2026-01-05,Sports,Delhi,4718,3,14154,2026,1,5,Monday,Bag
8090,2026-03-15,Electronics,Hyderabad,1890,2,3780,2026,3,15,Sunday,Phone
8091,2025-06-20,Sports,Chennai,1816,5,9080,2025,6,20,Friday,Bag
8092,2025-03-24,Furniture,Bangalore,4611,5,23055,2025,3,24,Monday,Watch
8093,2025-09-16,Furniture,Delhi,3983,9,35847,2025,9,16,Tuesday,Shoes
8094,2025-08-12,Groceries,Mumbai,1383,8,11064,2025,8,12,Tuesday,TV
8095,2025-07-15,Groceries,Mumbai,800,7,5600,2025,7,15,Tuesday,Bag
8096,2025-04-21,Sports,Mumbai,2216,5,11080,2025,4,21,Monday,Keyboard
8097,2026-05-01,Electronics,Mumbai,4601,5,23005,2026,5,1,Friday,Tablet
8098,2024-11-17,Furniture,Delhi,4566,6,27396,2024,11,17,Sunday,Tablet
8099,2026-06-15,Groceries,Delhi,3047,3,9141,2026,6,15,Monday,Camera
8100,2026-05-18,Furniture,Mumbai,1028,5,5140,2026,5,18,Monday,Keyboard
8101,2025-09-30,Sports,Delhi,3171,6,19026,2025,9,30,Tuesday,Laptop
8102,2024-12-30,Groceries,Chennai,2176,8,17408,2024,12,30,Monday,Phone
8103,2026-05-24,Sports,Hyderabad,4744,7,33208,2026,5,24,Sunday,Bag
8104,2024-08-05,Sports,Hyderabad,3589,8,28712,2024,8,5,Monday,Laptop
8105,2026-04-04,Clothing,Chennai,2502,10,25020,2026,4,4,Saturday,Keyboard
8106,2024-10-08,Sports,Bangalore,2845,10,28450,2024,10,8,Tuesday,TV
8107,2025-01-07,Electronics,Chennai,4716,5,23580,2025,1,7,Tuesday,Shoes
8108,2024-09-11,Electronics,Bangalore,214,4,856,2024,9,11,Wednesday,Keyboard
8109,2026-06-12,Furniture,Hyderabad,1096,7,7672,2026,6,12,Friday,Shoes
8110,2025-08-03,Clothing,Hyderabad,1961,3,5883,2025,8,3,Sunday,Camera
8111,2025-01-24,Electronics,Bangalore,2033,5,10165,2025,1,24,Friday,Keyboard
8112,2026-01-03,Sports,Bangalore,369,10,3690,2026,1,3,Saturday,Keyboard
8113,2024-07-17,Furniture,Mumbai,3593,10,35930,2024,7,17,Wednesday,Watch
8114,2025-05-21,Groceries,Bangalore,4674,6,28044,2025,5,21,Wednesday,Tablet
8115,2025-09-23,Electronics,Hyderabad,3693,2,7386,2025,9,23,Tuesday,Headphones
8116,2025-06-11,Groceries,Chennai,409,1,409,2025,6,11,Wednesday,Watch
8117,2024-08-16,Electronics,Mumbai,2702,2,5404,2024,8,16,Friday,Headphones
8118,2026-03-19,Furniture,Hyderabad,4604,8,36832,2026,3,19,Thursday,Tablet
8119,2024-06-30,Sports,Bangalore,3274,1,3274,2024,6,30,Sunday,TV
8120,2024-10-29,Electronics,Mumbai,1894,10,18940,2024,10,29,Tuesday,TV
8121,2025-08-09,Groceries,Bangalore,1165,3,3495,2025,8,9,Saturday,Tablet
8122,2025-04-17,Clothing,Bangalore,1117,4,4468,2025,4,17,Thursday,Camera
8123,2025-02-25,Groceries,Hyderabad,2891,10,28910,2025,2,25,Tuesday,Laptop
8124,2026-04-28,Furniture,Bangalore,1497,10,14970,2026,4,28,Tuesday,Watch
8125,2026-02-08,Electronics,Bangalore,1206,1,1206,2026,2,8,Sunday,Watch
8126,2025-03-29,Groceries,Mumbai,303,7,2121,2025,3,29,Saturday,Watch
8127,2024-09-08,Electronics,Mumbai,2513,8,20104,2024,9,8,Sunday,Shoes
8128,2025-06-20,Clothing,Hyderabad,1173,8,9384,2025,6,20,Friday,Camera
8129,2026-01-08,Clothing,Mumbai,1084,7,7588,2026,1,8,Thursday,Camera
8130,2026-06-06,Clothing,Bangalore,4227,8,33816,2026,6,6,Saturday,Shoes
8131,2024-07-06,Clothing,Hyderabad,3772,8,30176,2024,7,6,Saturday,Shoes
8132,2025-01-12,Electronics,Hyderabad,1349,8,10792,2025,1,12,Sunday,TV
8133,2026-01-04,Electronics,Hyderabad,4581,1,4581,2026,1,4,Sunday,Bag
8134,2024-12-01,Electronics,Hyderabad,4701,9,42309,2024,12,1,Sunday,Tablet
8135,2024-10-26,Clothing,Mumbai,1355,3,4065,2024,10,26,Saturday,Laptop
8136,2025-06-26,Groceries,Mumbai,2058,5,10290,2025,6,26,Thursday,Bag
8137,2025-10-10,Clothing,Bangalore,3295,2,6590,2025,10,10,Friday,TV
8138,2025-03-10,Clothing,Mumbai,1058,1,1058,2025,3,10,Monday,TV
8139,2026-03-18,Clothing,Mumbai,1419,4,5676,2026,3,18,Wednesday,Bag
8140,2026-03-12,Electronics,Mumbai,4043,3,12129,2026,3,12,Thursday,Phone
8141,2025-02-28,Electronics,Delhi,1541,2,3082,2025,2,28,Friday,Laptop
8142,2025-03-26,Electronics,Hyderabad,3535,7,24745,2025,3,26,Wednesday,Phone
8143,2026-06-24,Electronics,Delhi,1396,3,4188,2026,6,24,Wednesday,Headphones
8144,2026-06-22,Sports,Mumbai,734,2,1468,2026,6,22,Monday,TV
8145,2025-07-21,Groceries,Mumbai,368,5,1840,2025,7,21,Monday,Bag
8146,2024-08-14,Furniture,Mumbai,4161,9,37449,2024,8,14,Wednesday,Headphones
8147,2025-04-11,Furniture,Mumbai,1745,5,8725,2025,4,11,Friday,Laptop
8148,2024-10-14,Groceries,Chennai,526,3,1578,2024,10,14,Monday,Bag
8149,2024-11-22,Furniture,Hyderabad,4661,6,27966,2024,11,22,Friday,Keyboard
8150,2026-03-05,Groceries,Chennai,3821,4,15284,2026,3,5,Thursday,Watch
8151,2024-10-17,Groceries,Bangalore,1818,7,12726,2024,10,17,Thursday,Watch
8152,2026-03-24,Sports,Mumbai,3332,4,13328,2026,3,24,Tuesday,Laptop
8153,2025-04-25,Sports,Hyderabad,951,9,8559,2025,4,25,Friday,Watch
8154,2026-05-25,Electronics,Chennai,137,1,137,2026,5,25,Monday,Laptop
8155,2025-06-10,Electronics,Hyderabad,1636,2,3272,2025,6,10,Tuesday,Bag
8156,2025-07-21,Clothing,Bangalore,2337,6,14022,2025,7,21,Monday,Keyboard
8157,2024-10-23,Sports,Mumbai,3421,3,10263,2024,10,23,Wednesday,Keyboard
8158,2024-07-11,Furniture,Hyderabad,349,7,2443,2024,7,11,Thursday,Phone
8159,2025-08-18,Groceries,Hyderabad,4913,2,9826,2025,8,18,Monday,TV
8160,2025-06-14,Furniture,Chennai,664,3,1992,2025,6,14,Saturday,Tablet
8161,2024-09-10,Groceries,Chennai,3481,9,31329,2024,9,10,Tuesday,Phone
8162,2026-02-17,Sports,Mumbai,104,4,416,2026,2,17,Tuesday,Headphones
8163,2024-07-18,Clothing,Bangalore,2112,1,2112,2024,7,18,Thursday,Tablet
8164,2026-05-29,Furniture,Chennai,4679,8,37432,2026,5,29,Friday,Keyboard
8165,2024-09-23,Furniture,Bangalore,4084,9,36756,2024,9,23,Monday,Laptop
8166,2025-04-13,Electronics,Bangalore,4141,10,41410,2025,4,13,Sunday,Laptop
8167,2026-02-21,Groceries,Chennai,4056,2,8112,2026,2,21,Saturday,Watch
8168,2025-06-28,Groceries,Delhi,3064,5,15320,2025,6,28,Saturday,Phone
8169,2024-09-29,Furniture,Delhi,1568,2,3136,2024,9,29,Sunday,Keyboard
8170,2025-03-31,Furniture,Chennai,4644,6,27864,2025,3,31,Monday,Shoes
8171,2025-04-19,Furniture,Bangalore,982,8,7856,2025,4,19,Saturday,TV
8172,2026-02-03,Clothing,Bangalore,4092,7,28644,2026,2,3,Tuesday,TV
8173,2025-05-04,Clothing,Hyderabad,287,10,2870,2025,5,4,Sunday,Bag
8174,2025-08-11,Electronics,Hyderabad,1020,4,4080,2025,8,11,Monday,Tablet
8175,2026-01-02,Groceries,Delhi,1768,5,8840,2026,1,2,Friday,Laptop
8176,2025-10-31,Sports,Delhi,4030,3,12090,2025,10,31,Friday,Camera
8177,2026-06-15,Clothing,Hyderabad,2992,1,2992,2026,6,15,Monday,Camera
8178,2026-02-02,Furniture,Mumbai,3487,1,3487,2026,2,2,Monday,Headphones
8179,2024-08-01,Clothing,Chennai,4603,8,36824,2024,8,1,Thursday,TV
8180,2025-11-25,Clothing,Bangalore,4636,8,37088,2025,11,25,Tuesday,Camera
8181,2024-12-25,Furniture,Delhi,4712,9,42408,2024,12,25,Wednesday,Shoes
8182,2024-12-24,Furniture,Hyderabad,4923,3,14769,2024,12,24,Tuesday,Watch
8183,2025-06-23,Electronics,Hyderabad,300,8,2400,2025,6,23,Monday,TV
8184,2024-08-12,Sports,Chennai,2048,8,16384,2024,8,12,Monday,TV
8185,2024-07-27,Groceries,Bangalore,2209,9,19881,2024,7,27,Saturday,Shoes
8186,2025-11-20,Sports,Mumbai,903,7,6321,2025,11,20,Thursday,Phone
8187,2025-04-28,Clothing,Chennai,1336,8,10688,2025,4,28,Monday,Shoes
8188,2026-05-17,Groceries,Hyderabad,425,4,1700,2026,5,17,Sunday,Camera
8189,2024-09-01,Electronics,Mumbai,184,5,920,2024,9,1,Sunday,Phone
8190,2026-06-03,Groceries,Bangalore,162,6,972,2026,6,3,Wednesday,Shoes
8191,2024-10-18,Sports,Hyderabad,3364,3,10092,2024,10,18,Friday,Laptop
8192,2024-10-05,Sports,Hyderabad,321,9,2889,2024,10,5,Saturday,Shoes
8193,2025-07-25,Clothing,Hyderabad,2038,10,20380,2025,7,25,Friday,Camera
8194,2024-11-06,Sports,Mumbai,3457,5,17285,2024,11,6,Wednesday,Camera
8195,2024-08-15,Electronics,Chennai,4962,4,19848,2024,8,15,Thursday,Watch
8196,2025-07-11,Clothing,Chennai,3612,6,21672,2025,7,11,Friday,Tablet
8197,2024-09-11,Groceries,Delhi,2846,9,25614,2024,9,11,Wednesday,Camera
8198,2025-01-14,Groceries,Hyderabad,4036,1,4036,2025,1,14,Tuesday,Headphones
8199,2025-10-30,Groceries,Mumbai,263,10,2630,2025,10,30,Thursday,TV
8200,2025-10-15,Sports,Delhi,4671,4,18684,2025,10,15,Wednesday,Watch
8201,2024-12-01,Clothing,Bangalore,4331,7,30317,2024,12,1,Sunday,Headphones
8202,2025-08-24,Furniture,Chennai,2963,5,14815,2025,8,24,Sunday,Phone
8203,2026-05-07,Sports,Hyderabad,3560,2,7120,2026,5,7,Thursday,Bag
8204,2026-02-23,Groceries,Bangalore,281,10,2810,2026,2,23,Monday,TV
8205,2026-05-25,Sports,Chennai,2348,8,18784,2026,5,25,Monday,Shoes
8206,2024-07-14,Sports,Mumbai,4342,10,43420,2024,7,14,Sunday,TV
8207,2026-04-02,Groceries,Delhi,4312,6,25872,2026,4,2,Thursday,Laptop
8208,2026-06-09,Groceries,Bangalore,3691,8,29528,2026,6,9,Tuesday,TV
8209,2025-12-03,Groceries,Bangalore,2065,9,18585,2025,12,3,Wednesday,Bag
8210,2026-04-27,Electronics,Chennai,1172,9,10548,2026,4,27,Monday,TV
8211,2024-11-13,Clothing,Delhi,3265,9,29385,2024,11,13,Wednesday,Bag
8212,2024-09-08,Groceries,Mumbai,1137,1,1137,2024,9,8,Sunday,Bag
8213,2025-05-10,Electronics,Mumbai,3172,9,28548,2025,5,10,Saturday,Camera
8214,2024-09-28,Electronics,Mumbai,4288,10,42880,2024,9,28,Saturday,Headphones
8215,2026-06-17,Groceries,Bangalore,480,7,3360,2026,6,17,Wednesday,Keyboard
8216,2026-04-29,Clothing,Chennai,2576,10,25760,2026,4,29,Wednesday,Laptop
8217,2025-10-18,Clothing,Mumbai,161,6,966,2025,10,18,Saturday,Headphones
8218,2025-06-04,Clothing,Bangalore,1884,5,9420,2025,6,4,Wednesday,Headphones
8219,2025-08-09,Groceries,Bangalore,3136,8,25088,2025,8,9,Saturday,Keyboard
8220,2025-08-25,Electronics,Chennai,763,1,763,2025,8,25,Monday,Headphones
8221,2025-05-01,Clothing,Delhi,3090,9,27810,2025,5,1,Thursday,Laptop
8222,2025-10-18,Electronics,Mumbai,2202,4,8808,2025,10,18,Saturday,Keyboard
8223,2024-07-11,Clothing,Hyderabad,3780,2,7560,2024,7,11,Thursday,Keyboard
8224,2025-04-04,Electronics,Hyderabad,3250,6,19500,2025,4,4,Friday,Tablet
8225,2025-09-29,Furniture,Hyderabad,2189,3,6567,2025,9,29,Monday,Headphones
8226,2026-06-09,Groceries,Delhi,2606,8,20848,2026,6,9,Tuesday,Keyboard
8227,2024-08-18,Clothing,Mumbai,2563,2,5126,2024,8,18,Sunday,TV
8228,2025-07-26,Furniture,Hyderabad,1907,9,17163,2025,7,26,Saturday,Headphones
8229,2024-10-04,Sports,Delhi,3213,6,19278,2024,10,4,Friday,Camera
8230,2024-11-28,Clothing,Hyderabad,268,5,1340,2024,11,28,Thursday,Tablet
8231,2025-12-02,Furniture,Delhi,560,8,4480,2025,12,2,Tuesday,Tablet
8232,2025-09-05,Clothing,Delhi,1721,9,15489,2025,9,5,Friday,Laptop
8233,2025-08-20,Sports,Mumbai,2677,10,26770,2025,8,20,Wednesday,Shoes
8234,2025-07-14,Clothing,Mumbai,1356,8,10848,2025,7,14,Monday,Tablet
8235,2025-02-08,Electronics,Bangalore,3448,2,6896,2025,2,8,Saturday,Phone
8236,2025-08-02,Sports,Bangalore,3496,8,27968,2025,8,2,Saturday,Tablet
8237,2026-06-15,Furniture,Hyderabad,2159,10,21590,2026,6,15,Monday,Phone
8238,2024-11-14,Furniture,Delhi,2387,9,21483,2024,11,14,Thursday,Keyboard
8239,2026-05-06,Furniture,Bangalore,948,7,6636,2026,5,6,Wednesday,Camera
8240,2025-09-01,Clothing,Mumbai,2854,3,8562,2025,9,1,Monday,Bag
8241,2025-03-04,Clothing,Bangalore,468,1,468,2025,3,4,Tuesday,TV
8242,2025-10-23,Sports,Delhi,3549,4,14196,2025,10,23,Thursday,Laptop
8243,2024-08-11,Sports,Bangalore,729,4,2916,2024,8,11,Sunday,Tablet
8244,2024-09-25,Electronics,Bangalore,1288,1,1288,2024,9,25,Wednesday,Phone
8245,2025-01-05,Groceries,Mumbai,3500,6,21000,2025,1,5,Sunday,Bag
8246,2025-02-28,Clothing,Delhi,888,8,7104,2025,2,28,Friday,Bag
8247,2025-05-25,Furniture,Mumbai,4895,10,48950,2025,5,25,Sunday,Tablet
8248,2026-01-25,Furniture,Hyderabad,2887,8,23096,2026,1,25,Sunday,Keyboard
8249,2025-12-31,Clothing,Hyderabad,4232,10,42320,2025,12,31,Wednesday,Phone
8250,2024-12-15,Furniture,Hyderabad,414,10,4140,2024,12,15,Sunday,Bag
8251,2024-11-03,Sports,Bangalore,4554,8,36432,2024,11,3,Sunday,Phone
8252,2025-06-30,Groceries,Bangalore,4987,4,19948,2025,6,30,Monday,Tablet
8253,2025-12-05,Electronics,Hyderabad,3308,7,23156,2025,12,5,Friday,Phone
8254,2025-07-11,Groceries,Hyderabad,531,9,4779,2025,7,11,Friday,Headphones
8255,2025-01-31,Electronics,Delhi,3367,1,3367,2025,1,31,Friday,Tablet
8256,2026-04-24,Groceries,Bangalore,320,9,2880,2026,4,24,Friday,Watch
8257,2025-03-13,Electronics,Bangalore,2041,7,14287,2025,3,13,Thursday,Tablet
8258,2025-08-11,Electronics,Delhi,3874,1,3874,2025,8,11,Monday,Bag
8259,2025-10-18,Groceries,Delhi,4144,7,29008,2025,10,18,Saturday,Tablet
8260,2026-04-28,Clothing,Bangalore,2847,4,11388,2026,4,28,Tuesday,Bag
8261,2025-06-16,Sports,Mumbai,3618,6,21708,2025,6,16,Monday,Shoes
8262,2024-07-11,Sports,Mumbai,2389,7,16723,2024,7,11,Thursday,Watch
8263,2025-07-07,Sports,Delhi,1254,6,7524,2025,7,7,Monday,Headphones
8264,2025-05-21,Furniture,Delhi,334,3,1002,2025,5,21,Wednesday,Tablet
8265,2026-01-21,Clothing,Delhi,4665,4,18660,2026,1,21,Wednesday,Tablet
8266,2025-01-01,Electronics,Mumbai,3908,8,31264,2025,1,1,Wednesday,TV
8267,2024-10-25,Electronics,Bangalore,4384,9,39456,2024,10,25,Friday,Phone
8268,2026-04-19,Groceries,Delhi,3937,10,39370,2026,4,19,Sunday,Phone
8269,2026-05-02,Groceries,Chennai,390,2,780,2026,5,2,Saturday,Laptop
8270,2024-07-11,Electronics,Hyderabad,996,5,4980,2024,7,11,Thursday,TV
8271,2026-02-23,Furniture,Hyderabad,1570,2,3140,2026,2,23,Monday,Laptop
8272,2026-01-11,Clothing,Mumbai,518,10,5180,2026,1,11,Sunday,Phone
8273,2024-10-19,Sports,Chennai,2917,9,26253,2024,10,19,Saturday,Keyboard
8274,2025-04-14,Clothing,Chennai,2113,10,21130,2025,4,14,Monday,Bag
8275,2025-02-25,Groceries,Bangalore,1964,2,3928,2025,2,25,Tuesday,Shoes
8276,2025-01-10,Groceries,Bangalore,2115,3,6345,2025,1,10,Friday,TV
8277,2025-07-08,Clothing,Mumbai,2283,7,15981,2025,7,8,Tuesday,Watch
8278,2024-07-11,Sports,Chennai,1840,7,12880,2024,7,11,Thursday,Phone
8279,2024-07-26,Furniture,Delhi,2912,5,14560,2024,7,26,Friday,Phone
8280,2026-03-11,Sports,Bangalore,2595,3,7785,2026,3,11,Wednesday,Watch
8281,2026-03-06,Clothing,Chennai,3512,10,35120,2026,3,6,Friday,Bag
8282,2025-12-27,Groceries,Hyderabad,4888,3,14664,2025,12,27,Saturday,Camera
8283,2026-06-13,Groceries,Bangalore,4935,8,39480,2026,6,13,Saturday,Camera
8284,2026-04-30,Clothing,Mumbai,4795,7,33565,2026,4,30,Thursday,Bag
8285,2025-11-04,Clothing,Hyderabad,4368,2,8736,2025,11,4,Tuesday,Watch
8286,2025-10-03,Groceries,Chennai,2451,10,24510,2025,10,3,Friday,Camera
8287,2024-12-23,Groceries,Chennai,356,9,3204,2024,12,23,Monday,TV
8288,2025-05-06,Furniture,Delhi,2706,4,10824,2025,5,6,Tuesday,Tablet
8289,2025-07-19,Furniture,Delhi,4554,5,22770,2025,7,19,Saturday,Watch
8290,2026-01-09,Furniture,Delhi,422,1,422,2026,1,9,Friday,Camera
8291,2024-09-29,Groceries,Delhi,1980,10,19800,2024,9,29,Sunday,Camera
8292,2024-11-05,Groceries,Bangalore,1294,7,9058,2024,11,5,Tuesday,Camera
8293,2025-12-24,Furniture,Chennai,4961,5,24805,2025,12,24,Wednesday,Shoes
8294,2025-08-03,Electronics,Delhi,1739,2,3478,2025,8,3,Sunday,Camera
8295,2026-01-12,Electronics,Bangalore,1504,4,6016,2026,1,12,Monday,Phone
8296,2026-05-29,Furniture,Mumbai,2642,2,5284,2026,5,29,Friday,Shoes
8297,2026-04-07,Furniture,Bangalore,1400,6,8400,2026,4,7,Tuesday,Phone
8298,2026-02-21,Clothing,Hyderabad,4392,4,17568,2026,2,21,Saturday,Camera
8299,2025-05-14,Sports,Mumbai,3453,5,17265,2025,5,14,Wednesday,TV
8300,2024-10-08,Groceries,Mumbai,4709,5,23545,2024,10,8,Tuesday,Bag
8301,2025-05-06,Furniture,Mumbai,1296,4,5184,2025,5,6,Tuesday,Bag
8302,2025-05-14,Clothing,Hyderabad,107,3,321,2025,5,14,Wednesday,Laptop
8303,2025-07-02,Clothing,Chennai,428,6,2568,2025,7,2,Wednesday,Phone
8304,2025-02-12,Furniture,Chennai,2312,10,23120,2025,2,12,Wednesday,Tablet
8305,2025-09-21,Electronics,Bangalore,1936,5,9680,2025,9,21,Sunday,TV
8306,2025-11-04,Electronics,Delhi,3874,7,27118,2025,11,4,Tuesday,Keyboard
8307,2025-08-30,Groceries,Mumbai,1347,3,4041,2025,8,30,Saturday,Shoes
8308,2026-06-05,Sports,Bangalore,1497,2,2994,2026,6,5,Friday,Watch
8309,2024-06-28,Sports,Bangalore,3504,3,10512,2024,6,28,Friday,Keyboard
8310,2024-11-28,Clothing,Bangalore,2961,2,5922,2024,11,28,Thursday,Bag
8311,2024-12-08,Sports,Hyderabad,2114,7,14798,2024,12,8,Sunday,Bag
8312,2024-08-21,Furniture,Hyderabad,1259,10,12590,2024,8,21,Wednesday,Watch
8313,2026-02-16,Groceries,Hyderabad,971,7,6797,2026,2,16,Monday,Headphones
8314,2024-12-12,Furniture,Hyderabad,4195,4,16780,2024,12,12,Thursday,Watch
8315,2024-12-15,Groceries,Hyderabad,4754,5,23770,2024,12,15,Sunday,Camera
8316,2025-02-25,Clothing,Hyderabad,4904,9,44136,2025,2,25,Tuesday,Shoes
8317,2025-06-04,Furniture,Bangalore,2715,3,8145,2025,6,4,Wednesday,Camera
8318,2025-02-05,Groceries,Delhi,330,7,2310,2025,2,5,Wednesday,Camera
8319,2024-10-05,Groceries,Chennai,2620,3,7860,2024,10,5,Saturday,TV
8320,2025-08-16,Groceries,Hyderabad,4096,9,36864,2025,8,16,Saturday,Laptop
8321,2026-03-30,Clothing,Hyderabad,2023,3,6069,2026,3,30,Monday,Headphones
8322,2025-10-28,Clothing,Chennai,3266,10,32660,2025,10,28,Tuesday,Phone
8323,2026-05-14,Groceries,Bangalore,2434,9,21906,2026,5,14,Thursday,TV
8324,2024-07-14,Sports,Mumbai,1047,2,2094,2024,7,14,Sunday,Laptop
8325,2026-02-26,Furniture,Chennai,2606,8,20848,2026,2,26,Thursday,Watch
8326,2024-10-23,Electronics,Mumbai,2826,1,2826,2024,10,23,Wednesday,Keyboard
8327,2025-06-02,Furniture,Bangalore,665,1,665,2025,6,2,Monday,Laptop
8328,2025-06-11,Electronics,Delhi,4198,1,4198,2025,6,11,Wednesday,Shoes
8329,2026-03-01,Furniture,Chennai,1598,8,12784,2026,3,1,Sunday,Tablet
8330,2024-11-09,Sports,Hyderabad,1154,7,8078,2024,11,9,Saturday,Shoes
8331,2024-09-02,Groceries,Bangalore,2528,1,2528,2024,9,2,Monday,Tablet
8332,2025-10-06,Furniture,Bangalore,227,10,2270,2025,10,6,Monday,Headphones
8333,2026-04-27,Clothing,Bangalore,1196,6,7176,2026,4,27,Monday,Camera
8334,2025-06-18,Groceries,Hyderabad,527,5,2635,2025,6,18,Wednesday,Keyboard
8335,2025-07-07,Sports,Bangalore,111,5,555,2025,7,7,Monday,Headphones
8336,2025-05-03,Clothing,Mumbai,409,7,2863,2025,5,3,Saturday,Camera
8337,2025-05-31,Sports,Mumbai,803,2,1606,2025,5,31,Saturday,Headphones
8338,2025-01-03,Sports,Mumbai,2828,9,25452,2025,1,3,Friday,Watch
8339,2024-12-21,Furniture,Hyderabad,2390,4,9560,2024,12,21,Saturday,TV
8340,2024-08-12,Groceries,Chennai,4058,3,12174,2024,8,12,Monday,Laptop
8341,2025-04-08,Furniture,Hyderabad,4373,5,21865,2025,4,8,Tuesday,Headphones
8342,2026-01-19,Furniture,Chennai,1646,1,1646,2026,1,19,Monday,Keyboard
8343,2025-12-19,Groceries,Bangalore,1353,10,13530,2025,12,19,Friday,Laptop
8344,2025-12-24,Clothing,Delhi,4350,4,17400,2025,12,24,Wednesday,Phone
8345,2025-12-28,Sports,Hyderabad,4386,6,26316,2025,12,28,Sunday,Watch
8346,2025-01-05,Groceries,Chennai,3446,8,27568,2025,1,5,Sunday,Headphones
8347,2026-02-12,Groceries,Mumbai,1168,8,9344,2026,2,12,Thursday,Tablet
8348,2026-04-25,Clothing,Bangalore,1915,3,5745,2026,4,25,Saturday,Phone
8349,2026-03-25,Sports,Chennai,4022,1,4022,2026,3,25,Wednesday,Camera
8350,2026-02-19,Furniture,Delhi,1349,2,2698,2026,2,19,Thursday,Headphones
8351,2026-04-12,Furniture,Bangalore,1700,4,6800,2026,4,12,Sunday,Keyboard
8352,2025-10-02,Electronics,Delhi,3894,5,19470,2025,10,2,Thursday,Tablet
8353,2024-09-14,Clothing,Chennai,2709,3,8127,2024,9,14,Saturday,Phone
8354,2025-12-21,Groceries,Delhi,999,9,8991,2025,12,21,Sunday,Laptop
8355,2025-06-02,Furniture,Bangalore,1316,5,6580,2025,6,2,Monday,Tablet
8356,2025-05-14,Groceries,Bangalore,3987,3,11961,2025,5,14,Wednesday,Shoes
8357,2026-03-07,Furniture,Delhi,4307,5,21535,2026,3,7,Saturday,Laptop
8358,2025-05-30,Sports,Chennai,2934,10,29340,2025,5,30,Friday,Bag
8359,2025-11-26,Electronics,Bangalore,2902,6,17412,2025,11,26,Wednesday,Keyboard
8360,2024-12-28,Electronics,Chennai,1370,6,8220,2024,12,28,Saturday,Headphones
8361,2026-05-05,Furniture,Bangalore,3140,10,31400,2026,5,5,Tuesday,Laptop
8362,2026-04-11,Electronics,Chennai,4074,4,16296,2026,4,11,Saturday,Headphones
8363,2025-10-18,Electronics,Chennai,3685,10,36850,2025,10,18,Saturday,Keyboard
8364,2025-06-28,Clothing,Chennai,3269,7,22883,2025,6,28,Saturday,Shoes
8365,2024-08-10,Furniture,Mumbai,994,8,7952,2024,8,10,Saturday,Phone
8366,2024-08-26,Groceries,Delhi,1751,7,12257,2024,8,26,Monday,Phone
8367,2024-11-29,Furniture,Mumbai,2399,7,16793,2024,11,29,Friday,Bag
8368,2025-12-03,Electronics,Chennai,1747,8,13976,2025,12,3,Wednesday,Laptop
8369,2026-02-19,Groceries,Delhi,1990,4,7960,2026,2,19,Thursday,Watch
8370,2026-01-11,Sports,Chennai,1449,7,10143,2026,1,11,Sunday,TV
8371,2024-08-17,Furniture,Mumbai,2269,6,13614,2024,8,17,Saturday,Headphones
8372,2025-03-15,Furniture,Chennai,3051,6,18306,2025,3,15,Saturday,Keyboard
8373,2026-03-04,Clothing,Hyderabad,1235,5,6175,2026,3,4,Wednesday,Shoes
8374,2025-11-09,Clothing,Delhi,910,8,7280,2025,11,9,Sunday,Shoes
8375,2025-02-20,Furniture,Hyderabad,3181,4,12724,2025,2,20,Thursday,Laptop
8376,2025-11-06,Sports,Hyderabad,2284,5,11420,2025,11,6,Thursday,Shoes
8377,2026-02-13,Groceries,Hyderabad,3403,5,17015,2026,2,13,Friday,Tablet
8378,2025-01-15,Electronics,Delhi,3516,2,7032,2025,1,15,Wednesday,Bag
8379,2025-02-05,Sports,Chennai,800,10,8000,2025,2,5,Wednesday,Bag
8380,2024-06-28,Clothing,Delhi,521,6,3126,2024,6,28,Friday,Phone
8381,2026-02-08,Groceries,Delhi,3141,6,18846,2026,2,8,Sunday,Headphones
8382,2024-12-13,Furniture,Hyderabad,3871,10,38710,2024,12,13,Friday,TV
8383,2025-10-18,Furniture,Mumbai,258,9,2322,2025,10,18,Saturday,Bag
8384,2024-07-13,Sports,Mumbai,4313,8,34504,2024,7,13,Saturday,Bag
8385,2026-02-02,Clothing,Chennai,2376,9,21384,2026,2,2,Monday,Camera
8386,2024-09-05,Furniture,Delhi,179,10,1790,2024,9,5,Thursday,Shoes
8387,2025-05-27,Groceries,Chennai,476,10,4760,2025,5,27,Tuesday,TV
8388,2025-07-30,Sports,Mumbai,1586,7,11102,2025,7,30,Wednesday,Camera
8389,2026-05-11,Electronics,Chennai,2914,5,14570,2026,5,11,Monday,Camera
8390,2024-08-18,Groceries,Hyderabad,817,4,3268,2024,8,18,Sunday,Tablet
8391,2025-04-20,Electronics,Delhi,4396,8,35168,2025,4,20,Sunday,Camera
8392,2024-07-13,Electronics,Bangalore,2787,4,11148,2024,7,13,Saturday,Bag
8393,2025-06-18,Clothing,Chennai,2961,5,14805,2025,6,18,Wednesday,Shoes
8394,2024-07-02,Sports,Chennai,4482,5,22410,2024,7,2,Tuesday,Keyboard
8395,2024-12-02,Clothing,Chennai,2066,8,16528,2024,12,2,Monday,TV
8396,2025-11-09,Furniture,Chennai,3420,3,10260,2025,11,9,Sunday,TV
8397,2025-06-24,Groceries,Mumbai,2273,10,22730,2025,6,24,Tuesday,Phone
8398,2026-06-21,Electronics,Hyderabad,275,5,1375,2026,6,21,Sunday,Camera
8399,2024-11-09,Groceries,Hyderabad,440,7,3080,2024,11,9,Saturday,Headphones
8400,2024-07-01,Clothing,Hyderabad,2215,2,4430,2024,7,1,Monday,Headphones
8401,2025-09-19,Sports,Bangalore,812,5,4060,2025,9,19,Friday,Headphones
8402,2025-05-06,Sports,Bangalore,1801,5,9005,2025,5,6,Tuesday,Camera
8403,2025-03-15,Groceries,Chennai,3485,9,31365,2025,3,15,Saturday,Shoes
8404,2025-06-23,Clothing,Bangalore,763,9,6867,2025,6,23,Monday,Watch
8405,2025-02-05,Sports,Chennai,1093,7,7651,2025,2,5,Wednesday,Shoes
8406,2024-10-23,Clothing,Mumbai,3655,3,10965,2024,10,23,Wednesday,Shoes
8407,2025-09-19,Electronics,Mumbai,3307,6,19842,2025,9,19,Friday,Laptop
8408,2025-06-29,Groceries,Hyderabad,3504,7,24528,2025,6,29,Sunday,Keyboard
8409,2025-01-29,Furniture,Bangalore,3243,8,25944,2025,1,29,Wednesday,Bag
8410,2025-12-30,Electronics,Delhi,1560,1,1560,2025,12,30,Tuesday,Camera
8411,2025-08-31,Electronics,Bangalore,865,4,3460,2025,8,31,Sunday,TV
8412,2024-07-31,Groceries,Hyderabad,4206,4,16824,2024,7,31,Wednesday,Tablet
8413,2025-05-09,Clothing,Mumbai,1419,3,4257,2025,5,9,Friday,Shoes
8414,2025-10-18,Electronics,Chennai,2700,1,2700,2025,10,18,Saturday,Tablet
8415,2025-12-25,Furniture,Delhi,1920,3,5760,2025,12,25,Thursday,TV
8416,2026-05-16,Electronics,Bangalore,3629,2,7258,2026,5,16,Saturday,Bag
8417,2025-01-24,Clothing,Bangalore,3323,6,19938,2025,1,24,Friday,Headphones
8418,2025-09-27,Furniture,Delhi,4823,10,48230,2025,9,27,Saturday,Laptop
8419,2025-08-02,Clothing,Delhi,2986,10,29860,2025,8,2,Saturday,Keyboard
8420,2024-07-25,Furniture,Bangalore,3643,2,7286,2024,7,25,Thursday,Headphones
8421,2025-12-14,Electronics,Hyderabad,4923,6,29538,2025,12,14,Sunday,Headphones
8422,2025-01-29,Furniture,Hyderabad,1076,3,3228,2025,1,29,Wednesday,TV
8423,2025-01-12,Furniture,Delhi,660,1,660,2025,1,12,Sunday,Headphones
8424,2025-11-05,Sports,Hyderabad,3370,2,6740,2025,11,5,Wednesday,TV
8425,2025-07-22,Furniture,Chennai,1527,8,12216,2025,7,22,Tuesday,Shoes
8426,2025-02-06,Clothing,Hyderabad,3191,1,3191,2025,2,6,Thursday,Keyboard
8427,2026-01-01,Clothing,Chennai,3366,3,10098,2026,1,1,Thursday,Keyboard
8428,2024-12-25,Electronics,Mumbai,1707,5,8535,2024,12,25,Wednesday,Phone
8429,2025-05-23,Electronics,Hyderabad,1339,2,2678,2025,5,23,Friday,Camera
8430,2024-11-15,Electronics,Chennai,4730,5,23650,2024,11,15,Friday,Tablet
8431,2024-08-21,Clothing,Delhi,472,9,4248,2024,8,21,Wednesday,Shoes
8432,2025-10-08,Groceries,Hyderabad,4439,9,39951,2025,10,8,Wednesday,Tablet
8433,2026-01-31,Furniture,Bangalore,2261,2,4522,2026,1,31,Saturday,Camera
8434,2026-04-07,Furniture,Hyderabad,4654,5,23270,2026,4,7,Tuesday,Keyboard
8435,2024-12-27,Groceries,Bangalore,3909,8,31272,2024,12,27,Friday,Watch
8436,2026-01-08,Furniture,Mumbai,3886,9,34974,2026,1,8,Thursday,Tablet
8437,2024-07-25,Sports,Chennai,3699,5,18495,2024,7,25,Thursday,Phone
8438,2025-04-19,Clothing,Delhi,2787,8,22296,2025,4,19,Saturday,Bag
8439,2024-07-25,Groceries,Chennai,2554,9,22986,2024,7,25,Thursday,Phone
8440,2024-11-29,Clothing,Delhi,411,2,822,2024,11,29,Friday,Laptop
8441,2024-11-20,Furniture,Chennai,1300,8,10400,2024,11,20,Wednesday,Keyboard
8442,2025-12-17,Electronics,Bangalore,2583,9,23247,2025,12,17,Wednesday,Keyboard
8443,2024-11-06,Clothing,Delhi,1034,3,3102,2024,11,6,Wednesday,Watch
8444,2025-07-02,Groceries,Chennai,1901,10,19010,2025,7,2,Wednesday,Tablet
8445,2026-03-06,Clothing,Bangalore,2175,3,6525,2026,3,6,Friday,Phone
8446,2025-07-10,Clothing,Delhi,3030,7,21210,2025,7,10,Thursday,Phone
8447,2025-03-30,Furniture,Hyderabad,2679,4,10716,2025,3,30,Sunday,Shoes
8448,2024-11-20,Clothing,Hyderabad,518,2,1036,2024,11,20,Wednesday,Headphones
8449,2024-09-15,Groceries,Delhi,4850,10,48500,2024,9,15,Sunday,Tablet
8450,2026-05-22,Furniture,Hyderabad,2568,9,23112,2026,5,22,Friday,Phone
8451,2025-11-03,Sports,Chennai,2117,2,4234,2025,11,3,Monday,Phone
8452,2025-05-23,Electronics,Hyderabad,4728,1,4728,2025,5,23,Friday,Tablet
8453,2024-07-08,Electronics,Mumbai,504,6,3024,2024,7,8,Monday,Tablet
8454,2025-03-27,Furniture,Bangalore,1777,2,3554,2025,3,27,Thursday,Laptop
8455,2025-11-18,Clothing,Chennai,1730,6,10380,2025,11,18,Tuesday,Camera
8456,2025-03-27,Sports,Delhi,3406,2,6812,2025,3,27,Thursday,Tablet
8457,2026-01-01,Clothing,Bangalore,3568,3,10704,2026,1,1,Thursday,Laptop
8458,2026-01-06,Furniture,Hyderabad,1596,8,12768,2026,1,6,Tuesday,Shoes
8459,2025-11-18,Furniture,Chennai,1213,9,10917,2025,11,18,Tuesday,Shoes
8460,2024-07-17,Electronics,Chennai,4404,6,26424,2024,7,17,Wednesday,Headphones
8461,2025-11-16,Groceries,Chennai,4937,1,4937,2025,11,16,Sunday,Phone
8462,2025-06-04,Electronics,Bangalore,3342,8,26736,2025,6,4,Wednesday,Camera
8463,2025-10-09,Furniture,Mumbai,2063,9,18567,2025,10,9,Thursday,Keyboard
8464,2025-04-20,Groceries,Hyderabad,3692,10,36920,2025,4,20,Sunday,Laptop
8465,2025-02-27,Clothing,Mumbai,1301,8,10408,2025,2,27,Thursday,Bag
8466,2024-10-27,Groceries,Mumbai,2500,1,2500,2024,10,27,Sunday,Keyboard
8467,2024-09-23,Furniture,Mumbai,4492,8,35936,2024,9,23,Monday,Keyboard
8468,2026-03-06,Electronics,Hyderabad,2860,9,25740,2026,3,6,Friday,Keyboard
8469,2025-12-30,Electronics,Chennai,2604,10,26040,2025,12,30,Tuesday,Shoes
8470,2026-05-30,Furniture,Mumbai,2715,4,10860,2026,5,30,Saturday,Phone
8471,2025-03-03,Clothing,Hyderabad,1999,9,17991,2025,3,3,Monday,Watch
8472,2025-04-02,Sports,Bangalore,3266,2,6532,2025,4,2,Wednesday,Bag
8473,2024-11-10,Electronics,Chennai,1514,5,7570,2024,11,10,Sunday,Phone
8474,2025-09-04,Electronics,Chennai,1989,3,5967,2025,9,4,Thursday,Tablet
8475,2025-05-20,Furniture,Delhi,4013,8,32104,2025,5,20,Tuesday,Laptop
8476,2024-10-14,Groceries,Chennai,1865,2,3730,2024,10,14,Monday,Bag
8477,2024-12-08,Groceries,Chennai,3160,7,22120,2024,12,8,Sunday,Bag
8478,2026-06-26,Sports,Delhi,2501,2,5002,2026,6,26,Friday,Camera
8479,2024-10-06,Furniture,Chennai,518,6,3108,2024,10,6,Sunday,Camera
8480,2025-08-02,Sports,Delhi,3258,5,16290,2025,8,2,Saturday,Shoes
8481,2025-02-12,Furniture,Bangalore,1239,5,6195,2025,2,12,Wednesday,Headphones
8482,2024-11-19,Furniture,Bangalore,2761,1,2761,2024,11,19,Tuesday,Laptop
8483,2024-11-11,Groceries,Delhi,4225,2,8450,2024,11,11,Monday,Headphones
8484,2026-03-04,Groceries,Delhi,778,1,778,2026,3,4,Wednesday,Keyboard
8485,2026-01-19,Electronics,Chennai,3242,2,6484,2026,1,19,Monday,Headphones
8486,2024-12-25,Clothing,Chennai,1763,3,5289,2024,12,25,Wednesday,Headphones
8487,2026-06-02,Electronics,Hyderabad,4951,9,44559,2026,6,2,Tuesday,TV
8488,2025-04-07,Furniture,Hyderabad,1691,10,16910,2025,4,7,Monday,Shoes
8489,2025-10-18,Groceries,Delhi,1665,2,3330,2025,10,18,Saturday,Headphones
8490,2025-10-03,Clothing,Bangalore,3765,6,22590,2025,10,3,Friday,Headphones
8491,2024-11-17,Groceries,Mumbai,4638,4,18552,2024,11,17,Sunday,Camera
8492,2026-04-03,Clothing,Mumbai,2355,10,23550,2026,4,3,Friday,Tablet
8493,2024-09-18,Sports,Hyderabad,1643,10,16430,2024,9,18,Wednesday,Phone
8494,2025-09-13,Electronics,Delhi,3232,1,3232,2025,9,13,Saturday,TV
8495,2025-05-28,Electronics,Delhi,4382,10,43820,2025,5,28,Wednesday,Shoes
8496,2024-09-21,Electronics,Delhi,1705,9,15345,2024,9,21,Saturday,Keyboard
8497,2025-10-31,Groceries,Hyderabad,2413,8,19304,2025,10,31,Friday,Laptop
8498,2024-12-24,Electronics,Delhi,4862,1,4862,2024,12,24,Tuesday,Tablet
8499,2025-04-28,Groceries,Hyderabad,1067,4,4268,2025,4,28,Monday,Watch
8500,2026-06-15,Electronics,Bangalore,1978,6,11868,2026,6,15,Monday,Camera
8501,2025-01-12,Furniture,Hyderabad,3976,4,15904,2025,1,12,Sunday,Camera
8502,2025-04-26,Groceries,Chennai,2526,7,17682,2025,4,26,Saturday,Bag
8503,2024-10-29,Sports,Mumbai,3938,7,27566,2024,10,29,Tuesday,Camera
8504,2025-07-21,Sports,Mumbai,4069,6,24414,2025,7,21,Monday,Laptop
8505,2026-02-17,Furniture,Mumbai,3417,7,23919,2026,2,17,Tuesday,Bag
8506,2025-12-07,Furniture,Delhi,418,4,1672,2025,12,7,Sunday,Keyboard
8507,2025-02-28,Furniture,Mumbai,2721,7,19047,2025,2,28,Friday,TV
8508,2026-05-23,Electronics,Bangalore,3635,10,36350,2026,5,23,Saturday,Watch
8509,2026-03-07,Electronics,Delhi,3593,7,25151,2026,3,7,Saturday,Laptop
8510,2025-02-03,Groceries,Chennai,4489,4,17956,2025,2,3,Monday,Shoes
8511,2024-08-21,Electronics,Mumbai,4808,6,28848,2024,8,21,Wednesday,Phone
8512,2026-01-07,Furniture,Mumbai,3849,4,15396,2026,1,7,Wednesday,Keyboard
8513,2025-02-19,Sports,Delhi,893,3,2679,2025,2,19,Wednesday,Headphones
8514,2026-05-08,Furniture,Mumbai,725,2,1450,2026,5,8,Friday,Watch
8515,2025-04-07,Electronics,Chennai,2100,5,10500,2025,4,7,Monday,Camera
8516,2025-09-03,Sports,Hyderabad,1392,3,4176,2025,9,3,Wednesday,Headphones
8517,2025-01-27,Electronics,Delhi,666,3,1998,2025,1,27,Monday,Keyboard
8518,2026-02-22,Furniture,Mumbai,3010,10,30100,2026,2,22,Sunday,Keyboard
8519,2026-03-04,Electronics,Hyderabad,3739,6,22434,2026,3,4,Wednesday,Tablet
8520,2025-12-16,Clothing,Bangalore,1121,6,6726,2025,12,16,Tuesday,Keyboard
8521,2025-12-13,Electronics,Bangalore,912,7,6384,2025,12,13,Saturday,Phone
8522,2025-06-03,Electronics,Delhi,1114,8,8912,2025,6,3,Tuesday,Laptop
8523,2025-02-03,Electronics,Hyderabad,4722,5,23610,2025,2,3,Monday,Camera
8524,2025-06-25,Clothing,Mumbai,3980,7,27860,2025,6,25,Wednesday,Bag
8525,2025-08-19,Electronics,Mumbai,3614,2,7228,2025,8,19,Tuesday,Camera
8526,2026-04-11,Furniture,Chennai,4734,7,33138,2026,4,11,Saturday,Bag
8527,2025-05-01,Groceries,Hyderabad,2739,10,27390,2025,5,1,Thursday,Keyboard
8528,2024-07-03,Sports,Delhi,2779,7,19453,2024,7,3,Wednesday,Camera
8529,2025-09-28,Sports,Bangalore,3555,7,24885,2025,9,28,Sunday,Watch
8530,2024-12-06,Sports,Delhi,240,3,720,2024,12,6,Friday,Camera
8531,2026-03-14,Clothing,Delhi,4396,6,26376,2026,3,14,Saturday,Headphones
8532,2025-08-11,Sports,Hyderabad,2779,10,27790,2025,8,11,Monday,Camera
8533,2025-08-31,Furniture,Delhi,2492,7,17444,2025,8,31,Sunday,Laptop
8534,2025-11-29,Clothing,Hyderabad,4182,8,33456,2025,11,29,Saturday,Headphones
8535,2024-10-14,Groceries,Bangalore,3150,3,9450,2024,10,14,Monday,Watch
8536,2025-10-05,Furniture,Bangalore,1139,7,7973,2025,10,5,Sunday,Phone
8537,2025-06-18,Groceries,Hyderabad,2146,9,19314,2025,6,18,Wednesday,Shoes
8538,2024-12-03,Sports,Delhi,4321,3,12963,2024,12,3,Tuesday,Phone
8539,2025-01-05,Electronics,Bangalore,255,1,255,2025,1,5,Sunday,Keyboard
8540,2024-09-11,Electronics,Mumbai,4330,6,25980,2024,9,11,Wednesday,Headphones
8541,2025-05-15,Furniture,Delhi,3175,2,6350,2025,5,15,Thursday,TV
8542,2024-10-19,Electronics,Hyderabad,4618,5,23090,2024,10,19,Saturday,Camera
8543,2026-06-04,Clothing,Delhi,319,9,2871,2026,6,4,Thursday,Laptop
8544,2024-12-07,Groceries,Bangalore,2627,7,18389,2024,12,7,Saturday,Headphones
8545,2026-02-01,Groceries,Delhi,2049,4,8196,2026,2,1,Sunday,Headphones
8546,2026-06-16,Groceries,Chennai,4539,1,4539,2026,6,16,Tuesday,Headphones
8547,2025-03-08,Electronics,Bangalore,2612,7,18284,2025,3,8,Saturday,TV
8548,2025-10-06,Groceries,Bangalore,3328,1,3328,2025,10,6,Monday,Tablet
8549,2025-05-04,Groceries,Mumbai,4865,7,34055,2025,5,4,Sunday,Tablet
8550,2024-08-07,Furniture,Bangalore,901,1,901,2024,8,7,Wednesday,Headphones
8551,2026-06-15,Electronics,Hyderabad,1526,6,9156,2026,6,15,Monday,Bag
8552,2024-09-04,Electronics,Hyderabad,4541,3,13623,2024,9,4,Wednesday,Watch
8553,2025-10-11,Clothing,Delhi,1688,10,16880,2025,10,11,Saturday,TV
8554,2024-12-20,Furniture,Chennai,4625,6,27750,2024,12,20,Friday,Shoes
8555,2026-01-20,Electronics,Bangalore,329,1,329,2026,1,20,Tuesday,Shoes
8556,2025-10-26,Furniture,Mumbai,814,5,4070,2025,10,26,Sunday,Phone
8557,2025-06-23,Furniture,Hyderabad,4156,4,16624,2025,6,23,Monday,Watch
8558,2025-10-01,Sports,Hyderabad,1418,5,7090,2025,10,1,Wednesday,TV
8559,2024-11-15,Groceries,Mumbai,3308,6,19848,2024,11,15,Friday,Headphones
8560,2026-06-20,Groceries,Delhi,892,4,3568,2026,6,20,Saturday,Headphones
8561,2025-05-04,Electronics,Delhi,709,4,2836,2025,5,4,Sunday,Tablet
8562,2024-11-01,Groceries,Mumbai,1357,9,12213,2024,11,1,Friday,Laptop
8563,2026-06-26,Electronics,Delhi,1796,8,14368,2026,6,26,Friday,Bag
8564,2025-06-11,Furniture,Bangalore,3573,6,21438,2025,6,11,Wednesday,Bag
8565,2026-03-28,Clothing,Bangalore,1385,10,13850,2026,3,28,Saturday,Keyboard
8566,2025-04-26,Groceries,Delhi,4525,5,22625,2025,4,26,Saturday,Shoes
8567,2026-03-21,Electronics,Mumbai,2148,3,6444,2026,3,21,Saturday,Tablet
8568,2025-10-06,Furniture,Delhi,3150,7,22050,2025,10,6,Monday,TV
8569,2024-11-01,Electronics,Delhi,3986,8,31888,2024,11,1,Friday,Camera
8570,2026-03-18,Electronics,Hyderabad,601,2,1202,2026,3,18,Wednesday,Watch
8571,2024-08-04,Groceries,Mumbai,3998,2,7996,2024,8,4,Sunday,Camera
8572,2025-07-13,Electronics,Hyderabad,1016,4,4064,2025,7,13,Sunday,Bag
8573,2024-07-22,Groceries,Delhi,4363,10,43630,2024,7,22,Monday,Keyboard
8574,2026-03-16,Sports,Delhi,3075,8,24600,2026,3,16,Monday,Phone
8575,2025-01-11,Furniture,Delhi,4760,9,42840,2025,1,11,Saturday,Phone
8576,2026-05-02,Groceries,Chennai,1286,1,1286,2026,5,2,Saturday,Watch
8577,2024-08-02,Electronics,Chennai,236,4,944,2024,8,2,Friday,Phone
8578,2025-10-30,Furniture,Hyderabad,3538,4,14152,2025,10,30,Thursday,Headphones
8579,2025-04-03,Clothing,Delhi,1331,9,11979,2025,4,3,Thursday,Phone
8580,2026-05-29,Electronics,Hyderabad,3731,1,3731,2026,5,29,Friday,Tablet
8581,2025-02-04,Sports,Bangalore,4298,3,12894,2025,2,4,Tuesday,Laptop
8582,2026-02-06,Electronics,Bangalore,934,2,1868,2026,2,6,Friday,Laptop
8583,2025-08-19,Groceries,Hyderabad,3472,6,20832,2025,8,19,Tuesday,Shoes
8584,2025-06-21,Sports,Hyderabad,3453,10,34530,2025,6,21,Saturday,Watch
8585,2025-10-12,Clothing,Mumbai,3514,7,24598,2025,10,12,Sunday,Camera
8586,2026-05-21,Furniture,Chennai,1492,5,7460,2026,5,21,Thursday,TV
8587,2026-01-14,Sports,Mumbai,1073,2,2146,2026,1,14,Wednesday,Keyboard
8588,2025-02-10,Groceries,Bangalore,3669,7,25683,2025,2,10,Monday,Keyboard
8589,2025-05-04,Electronics,Delhi,743,6,4458,2025,5,4,Sunday,Bag
8590,2024-10-26,Clothing,Delhi,4909,10,49090,2024,10,26,Saturday,Headphones
8591,2025-03-15,Clothing,Hyderabad,683,6,4098,2025,3,15,Saturday,TV
8592,2026-05-23,Sports,Hyderabad,1858,7,13006,2026,5,23,Saturday,Bag
8593,2026-04-27,Clothing,Chennai,4991,3,14973,2026,4,27,Monday,Phone
8594,2025-02-17,Electronics,Bangalore,1462,4,5848,2025,2,17,Monday,Camera
8595,2024-09-13,Groceries,Mumbai,4170,3,12510,2024,9,13,Friday,Tablet
8596,2024-07-14,Sports,Delhi,980,2,1960,2024,7,14,Sunday,Shoes
8597,2026-05-21,Furniture,Bangalore,4098,3,12294,2026,5,21,Thursday,Keyboard
8598,2026-01-10,Sports,Bangalore,3933,7,27531,2026,1,10,Saturday,Tablet
8599,2024-10-18,Groceries,Chennai,2404,2,4808,2024,10,18,Friday,Shoes
8600,2025-01-21,Electronics,Hyderabad,1902,3,5706,2025,1,21,Tuesday,Laptop
8601,2025-09-05,Furniture,Hyderabad,3095,5,15475,2025,9,5,Friday,Laptop
8602,2024-11-06,Furniture,Bangalore,4664,1,4664,2024,11,6,Wednesday,Shoes
8603,2025-03-31,Electronics,Chennai,261,9,2349,2025,3,31,Monday,Camera
8604,2025-02-26,Furniture,Mumbai,4371,2,8742,2025,2,26,Wednesday,Headphones
8605,2025-07-24,Clothing,Mumbai,2414,10,24140,2025,7,24,Thursday,Headphones
8606,2025-03-11,Electronics,Delhi,1297,10,12970,2025,3,11,Tuesday,Watch
8607,2025-07-03,Furniture,Chennai,4353,5,21765,2025,7,3,Thursday,Phone
8608,2024-07-21,Groceries,Mumbai,4444,1,4444,2024,7,21,Sunday,Phone
8609,2026-04-07,Clothing,Mumbai,2873,9,25857,2026,4,7,Tuesday,Phone
8610,2026-06-14,Groceries,Delhi,732,4,2928,2026,6,14,Sunday,Headphones
8611,2026-03-08,Sports,Bangalore,2684,3,8052,2026,3,8,Sunday,Laptop
8612,2024-09-21,Clothing,Hyderabad,3195,4,12780,2024,9,21,Saturday,Camera
8613,2025-06-07,Furniture,Mumbai,4562,10,45620,2025,6,7,Saturday,Headphones
8614,2025-09-26,Clothing,Hyderabad,3811,2,7622,2025,9,26,Friday,Phone
8615,2025-08-21,Sports,Delhi,1948,2,3896,2025,8,21,Thursday,Keyboard
8616,2025-02-22,Sports,Delhi,1013,10,10130,2025,2,22,Saturday,TV
8617,2026-05-03,Furniture,Delhi,635,9,5715,2026,5,3,Sunday,Shoes
8618,2025-02-27,Clothing,Delhi,3003,1,3003,2025,2,27,Thursday,Watch
8619,2025-04-26,Furniture,Bangalore,771,8,6168,2025,4,26,Saturday,Watch
8620,2024-07-09,Groceries,Bangalore,4686,1,4686,2024,7,9,Tuesday,TV
8621,2025-07-19,Electronics,Delhi,256,9,2304,2025,7,19,Saturday,Shoes
8622,2025-04-01,Sports,Hyderabad,852,1,852,2025,4,1,Tuesday,Shoes
8623,2025-06-14,Clothing,Mumbai,4134,8,33072,2025,6,14,Saturday,Shoes
8624,2024-08-25,Groceries,Delhi,957,8,7656,2024,8,25,Sunday,Tablet
8625,2025-03-08,Sports,Chennai,2538,9,22842,2025,3,8,Saturday,Laptop
8626,2024-07-03,Clothing,Delhi,2201,2,4402,2024,7,3,Wednesday,Camera
8627,2025-12-19,Groceries,Bangalore,2773,2,5546,2025,12,19,Friday,Laptop
8628,2026-04-17,Electronics,Hyderabad,4200,10,42000,2026,4,17,Friday,Keyboard
8629,2026-05-04,Sports,Delhi,4432,3,13296,2026,5,4,Monday,Camera
8630,2025-09-17,Clothing,Hyderabad,4244,5,21220,2025,9,17,Wednesday,Laptop
8631,2025-01-16,Furniture,Bangalore,4953,2,9906,2025,1,16,Thursday,Laptop
8632,2026-03-20,Groceries,Hyderabad,3583,9,32247,2026,3,20,Friday,Watch
8633,2026-03-21,Electronics,Bangalore,2926,5,14630,2026,3,21,Saturday,Watch
8634,2025-11-07,Electronics,Bangalore,2069,1,2069,2025,11,7,Friday,Shoes
8635,2025-10-09,Clothing,Chennai,2541,2,5082,2025,10,9,Thursday,Bag
8636,2025-07-14,Furniture,Delhi,1954,5,9770,2025,7,14,Monday,Keyboard
8637,2026-04-30,Sports,Chennai,1212,6,7272,2026,4,30,Thursday,Headphones
8638,2026-01-19,Groceries,Chennai,4036,3,12108,2026,1,19,Monday,Watch
8639,2026-03-17,Groceries,Bangalore,2694,4,10776,2026,3,17,Tuesday,Phone
8640,2024-06-30,Electronics,Hyderabad,4537,6,27222,2024,6,30,Sunday,Camera
8641,2025-05-19,Clothing,Delhi,2485,2,4970,2025,5,19,Monday,Laptop
8642,2024-10-13,Electronics,Chennai,2982,8,23856,2024,10,13,Sunday,Bag
8643,2024-12-27,Groceries,Mumbai,3607,8,28856,2024,12,27,Friday,Keyboard
8644,2024-07-06,Sports,Bangalore,4267,3,12801,2024,7,6,Saturday,Phone
8645,2025-04-20,Sports,Bangalore,2555,6,15330,2025,4,20,Sunday,Camera
8646,2026-04-26,Clothing,Chennai,4552,5,22760,2026,4,26,Sunday,Camera
8647,2025-06-27,Clothing,Delhi,692,7,4844,2025,6,27,Friday,Headphones
8648,2026-02-10,Sports,Delhi,1215,1,1215,2026,2,10,Tuesday,Camera
8649,2025-02-23,Groceries,Hyderabad,2583,6,15498,2025,2,23,Sunday,Camera
8650,2025-09-01,Electronics,Delhi,2426,10,24260,2025,9,1,Monday,Watch
8651,2025-11-24,Electronics,Chennai,4718,10,47180,2025,11,24,Monday,Watch
8652,2026-01-26,Groceries,Mumbai,3342,6,20052,2026,1,26,Monday,Laptop
8653,2026-06-05,Clothing,Bangalore,1375,3,4125,2026,6,5,Friday,Phone
8654,2025-04-24,Electronics,Hyderabad,569,10,5690,2025,4,24,Thursday,Shoes
8655,2024-07-08,Furniture,Chennai,1758,9,15822,2024,7,8,Monday,TV
8656,2025-11-05,Sports,Chennai,565,2,1130,2025,11,5,Wednesday,Tablet
8657,2026-04-04,Furniture,Delhi,3735,7,26145,2026,4,4,Saturday,Bag
8658,2026-03-31,Electronics,Mumbai,3885,10,38850,2026,3,31,Tuesday,Shoes
8659,2025-08-08,Clothing,Chennai,2345,2,4690,2025,8,8,Friday,Camera
8660,2024-10-07,Furniture,Chennai,3279,6,19674,2024,10,7,Monday,Camera
8661,2026-01-24,Sports,Hyderabad,3625,1,3625,2026,1,24,Saturday,Keyboard
8662,2025-12-08,Sports,Mumbai,3268,4,13072,2025,12,8,Monday,Phone
8663,2025-09-05,Furniture,Bangalore,3974,4,15896,2025,9,5,Friday,Camera
8664,2024-12-14,Groceries,Bangalore,880,7,6160,2024,12,14,Saturday,Bag
8665,2025-02-03,Electronics,Mumbai,3461,2,6922,2025,2,3,Monday,TV
8666,2025-10-06,Furniture,Hyderabad,3013,10,30130,2025,10,6,Monday,Laptop
8667,2026-05-10,Clothing,Hyderabad,2110,2,4220,2026,5,10,Sunday,Watch
8668,2025-01-29,Electronics,Hyderabad,3733,3,11199,2025,1,29,Wednesday,Watch
8669,2026-02-21,Furniture,Chennai,771,10,7710,2026,2,21,Saturday,Keyboard
8670,2025-04-08,Electronics,Mumbai,4390,10,43900,2025,4,8,Tuesday,Camera
8671,2025-02-09,Electronics,Bangalore,3282,2,6564,2025,2,9,Sunday,TV
8672,2024-08-26,Clothing,Mumbai,2510,2,5020,2024,8,26,Monday,Laptop
8673,2026-02-23,Clothing,Hyderabad,1035,5,5175,2026,2,23,Monday,Bag
8674,2026-01-15,Groceries,Hyderabad,330,8,2640,2026,1,15,Thursday,Keyboard
8675,2024-06-28,Electronics,Bangalore,158,7,1106,2024,6,28,Friday,Shoes
8676,2025-07-05,Electronics,Bangalore,1048,2,2096,2025,7,5,Saturday,Tablet
8677,2025-11-21,Sports,Hyderabad,1362,2,2724,2025,11,21,Friday,Shoes
8678,2024-08-23,Clothing,Bangalore,2945,8,23560,2024,8,23,Friday,Bag
8679,2024-08-27,Sports,Delhi,1645,1,1645,2024,8,27,Tuesday,Bag
8680,2024-12-19,Groceries,Chennai,1780,6,10680,2024,12,19,Thursday,Phone
8681,2026-01-23,Groceries,Chennai,4082,4,16328,2026,1,23,Friday,Watch
8682,2024-11-13,Groceries,Delhi,4528,1,4528,2024,11,13,Wednesday,Laptop
8683,2025-07-25,Sports,Mumbai,1294,5,6470,2025,7,25,Friday,Bag
8684,2025-06-06,Furniture,Hyderabad,4356,4,17424,2025,6,6,Friday,Keyboard
8685,2025-09-02,Furniture,Bangalore,907,3,2721,2025,9,2,Tuesday,Camera
8686,2024-08-17,Clothing,Bangalore,3073,6,18438,2024,8,17,Saturday,Bag
8687,2026-05-24,Sports,Mumbai,3522,8,28176,2026,5,24,Sunday,Headphones
8688,2025-07-08,Electronics,Mumbai,2195,5,10975,2025,7,8,Tuesday,Camera
8689,2025-06-14,Sports,Hyderabad,173,3,519,2025,6,14,Saturday,Shoes
8690,2025-08-19,Groceries,Hyderabad,3004,3,9012,2025,8,19,Tuesday,Keyboard
8691,2024-09-12,Sports,Mumbai,4666,4,18664,2024,9,12,Thursday,Bag
8692,2025-02-22,Sports,Mumbai,3824,2,7648,2025,2,22,Saturday,Keyboard
8693,2025-11-03,Electronics,Delhi,4778,9,43002,2025,11,3,Monday,TV
8694,2025-01-19,Sports,Hyderabad,1301,8,10408,2025,1,19,Sunday,Bag
8695,2025-09-10,Sports,Chennai,1660,1,1660,2025,9,10,Wednesday,Keyboard
8696,2025-09-28,Clothing,Delhi,2942,9,26478,2025,9,28,Sunday,Camera
8697,2025-03-13,Clothing,Delhi,3151,10,31510,2025,3,13,Thursday,Headphones
8698,2024-11-04,Clothing,Chennai,1968,3,5904,2024,11,4,Monday,Phone
8699,2025-06-17,Electronics,Bangalore,3164,1,3164,2025,6,17,Tuesday,Camera
8700,2024-11-01,Furniture,Mumbai,4759,10,47590,2024,11,1,Friday,TV
8701,2025-08-01,Clothing,Mumbai,4198,9,37782,2025,8,1,Friday,Camera
8702,2025-10-04,Electronics,Delhi,4959,2,9918,2025,10,4,Saturday,Watch
8703,2026-03-27,Sports,Hyderabad,4627,10,46270,2026,3,27,Friday,Watch
8704,2025-10-05,Groceries,Hyderabad,3595,1,3595,2025,10,5,Sunday,Tablet
8705,2025-01-21,Groceries,Delhi,2596,4,10384,2025,1,21,Tuesday,Shoes
8706,2024-07-06,Sports,Chennai,565,5,2825,2024,7,6,Saturday,Phone
8707,2025-05-04,Groceries,Delhi,482,4,1928,2025,5,4,Sunday,Phone
8708,2026-01-11,Sports,Delhi,4210,9,37890,2026,1,11,Sunday,Tablet
8709,2025-09-30,Groceries,Delhi,1116,7,7812,2025,9,30,Tuesday,Headphones
8710,2025-08-11,Groceries,Chennai,3478,1,3478,2025,8,11,Monday,TV
8711,2025-05-26,Furniture,Bangalore,1280,3,3840,2025,5,26,Monday,Laptop
8712,2024-08-06,Sports,Mumbai,4098,6,24588,2024,8,6,Tuesday,Bag
8713,2025-12-07,Electronics,Delhi,4655,6,27930,2025,12,7,Sunday,Shoes
8714,2026-05-01,Groceries,Delhi,616,6,3696,2026,5,1,Friday,Phone
8715,2026-02-24,Groceries,Hyderabad,3126,4,12504,2026,2,24,Tuesday,Tablet
8716,2026-02-18,Electronics,Mumbai,3865,9,34785,2026,2,18,Wednesday,Keyboard
8717,2024-11-18,Groceries,Delhi,3257,5,16285,2024,11,18,Monday,Phone
8718,2025-10-27,Groceries,Bangalore,4907,8,39256,2025,10,27,Monday,Keyboard
8719,2025-11-17,Sports,Delhi,4515,3,13545,2025,11,17,Monday,Headphones
8720,2025-06-11,Furniture,Mumbai,1124,7,7868,2025,6,11,Wednesday,Camera
8721,2025-12-05,Electronics,Chennai,2776,2,5552,2025,12,5,Friday,Shoes
8722,2025-09-18,Groceries,Delhi,1454,5,7270,2025,9,18,Thursday,TV
8723,2025-11-16,Groceries,Chennai,789,4,3156,2025,11,16,Sunday,TV
8724,2024-10-26,Groceries,Delhi,4151,10,41510,2024,10,26,Saturday,Watch
8725,2026-01-14,Electronics,Bangalore,4238,5,21190,2026,1,14,Wednesday,Watch
8726,2024-07-11,Groceries,Bangalore,1019,9,9171,2024,7,11,Thursday,Watch
8727,2024-07-10,Groceries,Delhi,1889,10,18890,2024,7,10,Wednesday,Headphones
8728,2026-06-28,Groceries,Chennai,3058,4,12232,2026,6,28,Sunday,Phone
8729,2025-03-04,Electronics,Mumbai,4680,9,42120,2025,3,4,Tuesday,Bag
8730,2024-11-01,Sports,Mumbai,3312,4,13248,2024,11,1,Friday,Headphones
8731,2025-10-01,Groceries,Mumbai,776,6,4656,2025,10,1,Wednesday,Camera
8732,2026-04-22,Sports,Bangalore,672,5,3360,2026,4,22,Wednesday,Bag
8733,2026-06-24,Sports,Bangalore,398,9,3582,2026,6,24,Wednesday,Phone
8734,2025-03-19,Furniture,Bangalore,3038,2,6076,2025,3,19,Wednesday,Camera
8735,2025-01-06,Sports,Hyderabad,3512,6,21072,2025,1,6,Monday,Phone
8736,2024-08-11,Sports,Bangalore,535,7,3745,2024,8,11,Sunday,TV
8737,2026-05-29,Sports,Mumbai,724,5,3620,2026,5,29,Friday,Shoes
8738,2026-03-04,Groceries,Chennai,1269,1,1269,2026,3,4,Wednesday,Shoes
8739,2026-02-22,Sports,Mumbai,4880,6,29280,2026,2,22,Sunday,Keyboard
8740,2024-11-16,Clothing,Bangalore,2283,1,2283,2024,11,16,Saturday,Headphones
8741,2025-06-12,Clothing,Delhi,3226,2,6452,2025,6,12,Thursday,Headphones
8742,2024-07-21,Electronics,Hyderabad,2794,4,11176,2024,7,21,Sunday,Headphones
8743,2025-02-16,Clothing,Bangalore,4895,7,34265,2025,2,16,Sunday,TV
8744,2025-09-30,Groceries,Mumbai,620,7,4340,2025,9,30,Tuesday,Headphones
8745,2025-08-19,Groceries,Bangalore,2664,1,2664,2025,8,19,Tuesday,Shoes
8746,2024-08-28,Clothing,Chennai,4142,10,41420,2024,8,28,Wednesday,Keyboard
8747,2026-05-08,Sports,Mumbai,467,1,467,2026,5,8,Friday,Shoes
8748,2026-02-02,Clothing,Bangalore,2278,7,15946,2026,2,2,Monday,TV
8749,2025-07-20,Furniture,Bangalore,356,6,2136,2025,7,20,Sunday,Camera
8750,2025-06-15,Electronics,Delhi,1345,4,5380,2025,6,15,Sunday,Phone
8751,2026-02-06,Electronics,Hyderabad,900,5,4500,2026,2,6,Friday,Phone
8752,2024-11-01,Groceries,Mumbai,1477,5,7385,2024,11,1,Friday,Bag
8753,2025-04-24,Clothing,Delhi,4750,4,19000,2025,4,24,Thursday,Camera
8754,2026-01-27,Groceries,Chennai,4729,2,9458,2026,1,27,Tuesday,Phone
8755,2024-07-21,Furniture,Delhi,2875,10,28750,2024,7,21,Sunday,Watch
8756,2025-10-30,Electronics,Delhi,123,8,984,2025,10,30,Thursday,Watch
8757,2026-04-27,Groceries,Mumbai,4058,1,4058,2026,4,27,Monday,TV
8758,2025-06-16,Electronics,Chennai,4056,5,20280,2025,6,16,Monday,Laptop
8759,2025-02-23,Clothing,Chennai,1527,1,1527,2025,2,23,Sunday,Shoes
8760,2025-03-24,Groceries,Hyderabad,3180,1,3180,2025,3,24,Monday,Headphones
8761,2025-04-10,Electronics,Hyderabad,3676,10,36760,2025,4,10,Thursday,Shoes
8762,2026-05-25,Furniture,Hyderabad,3925,6,23550,2026,5,25,Monday,Headphones
8763,2026-04-02,Sports,Chennai,1641,1,1641,2026,4,2,Thursday,TV
8764,2024-07-31,Furniture,Chennai,3603,8,28824,2024,7,31,Wednesday,Keyboard
8765,2024-11-08,Clothing,Chennai,912,2,1824,2024,11,8,Friday,Camera
8766,2025-03-12,Sports,Hyderabad,2076,6,12456,2025,3,12,Wednesday,Headphones
8767,2026-02-24,Clothing,Delhi,1034,6,6204,2026,2,24,Tuesday,Laptop
8768,2025-06-27,Furniture,Mumbai,4073,10,40730,2025,6,27,Friday,Watch
8769,2025-02-16,Furniture,Mumbai,1422,10,14220,2025,2,16,Sunday,TV
8770,2026-03-21,Electronics,Hyderabad,2671,9,24039,2026,3,21,Saturday,Keyboard
8771,2026-06-03,Groceries,Hyderabad,1258,4,5032,2026,6,3,Wednesday,Camera
8772,2026-03-29,Sports,Hyderabad,4154,6,24924,2026,3,29,Sunday,Watch
8773,2024-11-05,Groceries,Chennai,3980,9,35820,2024,11,5,Tuesday,Headphones
8774,2025-09-05,Groceries,Hyderabad,1583,5,7915,2025,9,5,Friday,Phone
8775,2024-11-22,Sports,Delhi,2595,6,15570,2024,11,22,Friday,Headphones
8776,2026-05-12,Groceries,Bangalore,815,2,1630,2026,5,12,Tuesday,Shoes
8777,2024-09-04,Groceries,Delhi,3724,10,37240,2024,9,4,Wednesday,Keyboard
8778,2025-01-31,Electronics,Chennai,3744,3,11232,2025,1,31,Friday,Laptop
8779,2025-08-30,Electronics,Chennai,4119,7,28833,2025,8,30,Saturday,Keyboard
8780,2025-12-04,Electronics,Hyderabad,2102,1,2102,2025,12,4,Thursday,Bag
8781,2025-06-14,Furniture,Delhi,635,4,2540,2025,6,14,Saturday,Headphones
8782,2026-02-08,Sports,Chennai,374,1,374,2026,2,8,Sunday,Bag
8783,2026-06-14,Sports,Delhi,931,5,4655,2026,6,14,Sunday,Headphones
8784,2025-09-04,Furniture,Bangalore,4739,8,37912,2025,9,4,Thursday,TV
8785,2025-05-05,Sports,Bangalore,4003,8,32024,2025,5,5,Monday,Keyboard
8786,2024-09-02,Clothing,Chennai,3444,9,30996,2024,9,2,Monday,Shoes
8787,2024-08-22,Electronics,Mumbai,661,10,6610,2024,8,22,Thursday,Camera
8788,2026-01-01,Clothing,Hyderabad,4234,5,21170,2026,1,1,Thursday,Keyboard
8789,2026-03-09,Groceries,Chennai,1767,9,15903,2026,3,9,Monday,Camera
8790,2025-07-29,Groceries,Delhi,4122,8,32976,2025,7,29,Tuesday,Tablet
8791,2026-01-16,Electronics,Mumbai,1219,3,3657,2026,1,16,Friday,Headphones
8792,2026-02-16,Clothing,Bangalore,4085,2,8170,2026,2,16,Monday,TV
8793,2025-07-31,Sports,Bangalore,3299,3,9897,2025,7,31,Thursday,TV
8794,2025-01-24,Sports,Mumbai,4956,3,14868,2025,1,24,Friday,Phone
8795,2026-06-11,Sports,Mumbai,1167,3,3501,2026,6,11,Thursday,TV
8796,2025-05-09,Furniture,Mumbai,525,3,1575,2025,5,9,Friday,Phone
8797,2025-02-12,Clothing,Delhi,4783,9,43047,2025,2,12,Wednesday,Headphones
8798,2026-01-29,Clothing,Mumbai,139,3,417,2026,1,29,Thursday,Laptop
8799,2025-09-06,Sports,Mumbai,3998,7,27986,2025,9,6,Saturday,Keyboard
8800,2025-10-12,Groceries,Mumbai,1729,10,17290,2025,10,12,Sunday,Bag
8801,2026-04-19,Sports,Delhi,1906,5,9530,2026,4,19,Sunday,Watch
8802,2026-06-06,Groceries,Mumbai,1702,2,3404,2026,6,6,Saturday,Phone
8803,2025-01-03,Sports,Delhi,964,6,5784,2025,1,3,Friday,Watch
8804,2025-05-06,Furniture,Bangalore,2368,7,16576,2025,5,6,Tuesday,TV
8805,2024-11-13,Groceries,Bangalore,441,3,1323,2024,11,13,Wednesday,Bag
8806,2026-05-07,Groceries,Hyderabad,4859,9,43731,2026,5,7,Thursday,Shoes
8807,2025-11-12,Groceries,Bangalore,1577,8,12616,2025,11,12,Wednesday,Shoes
8808,2024-11-03,Furniture,Delhi,2245,7,15715,2024,11,3,Sunday,Laptop
8809,2026-06-19,Electronics,Bangalore,4540,4,18160,2026,6,19,Friday,Bag
8810,2024-10-21,Groceries,Hyderabad,1401,5,7005,2024,10,21,Monday,TV
8811,2024-08-27,Clothing,Mumbai,4772,4,19088,2024,8,27,Tuesday,Tablet
8812,2025-01-12,Electronics,Mumbai,4888,7,34216,2025,1,12,Sunday,TV
8813,2025-05-18,Furniture,Delhi,4291,10,42910,2025,5,18,Sunday,Shoes
8814,2026-01-23,Electronics,Bangalore,3424,1,3424,2026,1,23,Friday,Keyboard
8815,2024-08-27,Sports,Bangalore,727,5,3635,2024,8,27,Tuesday,Shoes
8816,2026-06-23,Clothing,Chennai,2822,3,8466,2026,6,23,Tuesday,Laptop
8817,2026-02-23,Clothing,Mumbai,554,6,3324,2026,2,23,Monday,Headphones
8818,2024-10-13,Clothing,Bangalore,4154,7,29078,2024,10,13,Sunday,Shoes
8819,2025-09-19,Electronics,Chennai,4596,10,45960,2025,9,19,Friday,Camera
8820,2026-04-11,Furniture,Chennai,2751,3,8253,2026,4,11,Saturday,Tablet
8821,2025-08-24,Electronics,Bangalore,368,6,2208,2025,8,24,Sunday,Laptop
8822,2026-04-17,Groceries,Mumbai,936,10,9360,2026,4,17,Friday,Phone
8823,2024-07-03,Electronics,Hyderabad,557,7,3899,2024,7,3,Wednesday,Watch
8824,2025-06-17,Furniture,Chennai,2864,4,11456,2025,6,17,Tuesday,Headphones
8825,2024-11-03,Groceries,Mumbai,871,5,4355,2024,11,3,Sunday,Watch
8826,2025-02-16,Sports,Mumbai,4013,8,32104,2025,2,16,Sunday,Watch
8827,2025-12-11,Clothing,Mumbai,4460,9,40140,2025,12,11,Thursday,Camera
8828,2024-11-25,Furniture,Chennai,3881,8,31048,2024,11,25,Monday,Keyboard
8829,2025-02-27,Groceries,Chennai,4303,8,34424,2025,2,27,Thursday,Tablet
8830,2024-09-10,Electronics,Delhi,1184,9,10656,2024,9,10,Tuesday,Bag
8831,2026-03-18,Clothing,Mumbai,2242,2,4484,2026,3,18,Wednesday,Camera
8832,2024-12-28,Clothing,Hyderabad,277,6,1662,2024,12,28,Saturday,Watch
8833,2026-02-28,Electronics,Delhi,126,4,504,2026,2,28,Saturday,Bag
8834,2024-07-18,Electronics,Chennai,782,5,3910,2024,7,18,Thursday,Shoes
8835,2026-06-19,Furniture,Hyderabad,4124,3,12372,2026,6,19,Friday,Headphones
8836,2025-02-13,Groceries,Bangalore,3623,3,10869,2025,2,13,Thursday,Phone
8837,2024-08-08,Sports,Bangalore,3999,8,31992,2024,8,8,Thursday,Shoes
8838,2025-12-03,Electronics,Delhi,1394,6,8364,2025,12,3,Wednesday,TV
8839,2026-01-17,Clothing,Delhi,136,9,1224,2026,1,17,Saturday,Bag
8840,2025-04-13,Groceries,Bangalore,3754,2,7508,2025,4,13,Sunday,Camera
8841,2024-11-24,Sports,Delhi,4948,7,34636,2024,11,24,Sunday,Tablet
8842,2026-06-25,Groceries,Delhi,2474,2,4948,2026,6,25,Thursday,Keyboard
8843,2025-02-09,Furniture,Mumbai,1931,1,1931,2025,2,9,Sunday,Watch
8844,2024-07-04,Clothing,Hyderabad,1613,6,9678,2024,7,4,Thursday,Shoes
8845,2025-12-29,Furniture,Hyderabad,4176,1,4176,2025,12,29,Monday,Keyboard
8846,2025-05-23,Clothing,Chennai,3320,7,23240,2025,5,23,Friday,Tablet
8847,2025-08-31,Sports,Hyderabad,1911,2,3822,2025,8,31,Sunday,Headphones
8848,2026-02-03,Furniture,Mumbai,3235,1,3235,2026,2,3,Tuesday,Watch
8849,2024-12-26,Electronics,Delhi,2767,2,5534,2024,12,26,Thursday,Tablet
8850,2025-10-19,Furniture,Mumbai,4753,2,9506,2025,10,19,Sunday,Keyboard
8851,2025-04-09,Sports,Delhi,736,1,736,2025,4,9,Wednesday,Shoes
8852,2024-10-15,Clothing,Bangalore,1029,10,10290,2024,10,15,Tuesday,TV
8853,2025-07-21,Sports,Chennai,4794,5,23970,2025,7,21,Monday,Bag
8854,2025-09-21,Clothing,Bangalore,2289,9,20601,2025,9,21,Sunday,Shoes
8855,2024-11-19,Electronics,Mumbai,1955,8,15640,2024,11,19,Tuesday,Tablet
8856,2026-05-12,Sports,Delhi,4523,4,18092,2026,5,12,Tuesday,Laptop
8857,2026-05-14,Furniture,Mumbai,522,9,4698,2026,5,14,Thursday,Tablet
8858,2026-03-06,Sports,Hyderabad,3102,4,12408,2026,3,6,Friday,Laptop
8859,2026-04-02,Sports,Chennai,4000,1,4000,2026,4,2,Thursday,Tablet
8860,2025-08-17,Electronics,Mumbai,3920,8,31360,2025,8,17,Sunday,Laptop
8861,2025-01-27,Furniture,Bangalore,1824,2,3648,2025,1,27,Monday,Phone
8862,2025-05-03,Sports,Bangalore,788,1,788,2025,5,3,Saturday,TV
8863,2025-12-28,Electronics,Hyderabad,2095,8,16760,2025,12,28,Sunday,Shoes
8864,2024-10-28,Furniture,Mumbai,4345,8,34760,2024,10,28,Monday,Camera
8865,2025-06-21,Electronics,Delhi,3806,6,22836,2025,6,21,Saturday,TV
8866,2025-10-13,Electronics,Hyderabad,1177,8,9416,2025,10,13,Monday,Watch
8867,2025-06-06,Furniture,Hyderabad,4441,10,44410,2025,6,6,Friday,Keyboard
8868,2025-06-17,Furniture,Hyderabad,768,9,6912,2025,6,17,Tuesday,Shoes
8869,2025-01-07,Clothing,Hyderabad,3126,2,6252,2025,1,7,Tuesday,Keyboard
8870,2024-09-18,Furniture,Bangalore,3015,6,18090,2024,9,18,Wednesday,Tablet
8871,2025-08-29,Sports,Bangalore,4824,1,4824,2025,8,29,Friday,Phone
8872,2025-01-04,Sports,Mumbai,497,10,4970,2025,1,4,Saturday,Watch
8873,2025-10-27,Sports,Hyderabad,3232,5,16160,2025,10,27,Monday,Laptop
8874,2025-08-31,Groceries,Hyderabad,4279,4,17116,2025,8,31,Sunday,Camera
8875,2025-05-25,Groceries,Mumbai,3887,7,27209,2025,5,25,Sunday,Laptop
8876,2025-10-21,Sports,Chennai,2445,4,9780,2025,10,21,Tuesday,Bag
8877,2026-02-20,Clothing,Chennai,397,6,2382,2026,2,20,Friday,Phone
8878,2024-11-28,Groceries,Hyderabad,3416,7,23912,2024,11,28,Thursday,Keyboard
8879,2025-05-07,Furniture,Mumbai,2335,10,23350,2025,5,7,Wednesday,Bag
8880,2024-08-12,Groceries,Chennai,2780,10,27800,2024,8,12,Monday,TV
8881,2025-03-28,Clothing,Hyderabad,2797,10,27970,2025,3,28,Friday,Keyboard
8882,2025-02-22,Sports,Chennai,1191,7,8337,2025,2,22,Saturday,Headphones
8883,2026-04-15,Groceries,Hyderabad,4477,9,40293,2026,4,15,Wednesday,Shoes
8884,2026-02-25,Furniture,Bangalore,4514,3,13542,2026,2,25,Wednesday,Camera
8885,2025-08-11,Electronics,Delhi,414,5,2070,2025,8,11,Monday,Shoes
8886,2024-07-04,Groceries,Chennai,1714,7,11998,2024,7,4,Thursday,TV
8887,2025-03-14,Furniture,Chennai,270,6,1620,2025,3,14,Friday,Watch
8888,2024-09-27,Groceries,Delhi,4190,3,12570,2024,9,27,Friday,Camera
8889,2026-05-17,Clothing,Bangalore,3953,9,35577,2026,5,17,Sunday,Headphones
8890,2026-01-21,Groceries,Delhi,4815,10,48150,2026,1,21,Wednesday,Shoes
8891,2024-10-22,Furniture,Hyderabad,4653,2,9306,2024,10,22,Tuesday,Headphones
8892,2025-08-26,Electronics,Delhi,254,4,1016,2025,8,26,Tuesday,Keyboard
8893,2025-08-10,Furniture,Hyderabad,4530,4,18120,2025,8,10,Sunday,Watch
8894,2026-01-08,Electronics,Delhi,2415,7,16905,2026,1,8,Thursday,Keyboard
8895,2026-06-15,Electronics,Bangalore,781,10,7810,2026,6,15,Monday,Laptop
8896,2025-10-17,Sports,Hyderabad,886,1,886,2025,10,17,Friday,TV
8897,2024-11-07,Electronics,Delhi,4391,3,13173,2024,11,7,Thursday,Phone
8898,2025-03-25,Furniture,Delhi,3779,8,30232,2025,3,25,Tuesday,Shoes
8899,2024-08-12,Furniture,Hyderabad,3485,3,10455,2024,8,12,Monday,Bag
8900,2025-08-23,Electronics,Chennai,759,9,6831,2025,8,23,Saturday,Shoes
8901,2026-05-23,Sports,Mumbai,3597,4,14388,2026,5,23,Saturday,Tablet
8902,2026-06-02,Sports,Bangalore,521,5,2605,2026,6,2,Tuesday,Shoes
8903,2025-06-03,Groceries,Bangalore,2348,7,16436,2025,6,3,Tuesday,Keyboard
8904,2025-04-27,Clothing,Delhi,416,6,2496,2025,4,27,Sunday,Bag
8905,2026-02-19,Sports,Bangalore,2009,4,8036,2026,2,19,Thursday,Camera
8906,2024-12-28,Electronics,Chennai,772,5,3860,2024,12,28,Saturday,Phone
8907,2025-06-28,Clothing,Mumbai,2248,10,22480,2025,6,28,Saturday,Shoes
8908,2025-12-14,Groceries,Mumbai,3094,6,18564,2025,12,14,Sunday,TV
8909,2024-09-11,Groceries,Delhi,1005,3,3015,2024,9,11,Wednesday,Laptop
8910,2024-09-16,Groceries,Delhi,4971,6,29826,2024,9,16,Monday,Phone
8911,2024-09-12,Furniture,Hyderabad,860,10,8600,2024,9,12,Thursday,Tablet
8912,2025-12-06,Furniture,Chennai,863,1,863,2025,12,6,Saturday,Laptop
8913,2024-08-12,Clothing,Chennai,2844,1,2844,2024,8,12,Monday,Laptop
8914,2026-05-15,Electronics,Hyderabad,2032,5,10160,2026,5,15,Friday,Keyboard
8915,2026-04-03,Electronics,Delhi,3340,7,23380,2026,4,3,Friday,Camera
8916,2026-03-10,Furniture,Chennai,541,1,541,2026,3,10,Tuesday,Watch
8917,2026-06-28,Clothing,Mumbai,1328,1,1328,2026,6,28,Sunday,TV
8918,2025-07-02,Electronics,Chennai,4687,4,18748,2025,7,2,Wednesday,Laptop
8919,2024-08-15,Sports,Chennai,4866,6,29196,2024,8,15,Thursday,Shoes
8920,2026-01-07,Clothing,Bangalore,961,5,4805,2026,1,7,Wednesday,Tablet
8921,2025-11-20,Electronics,Bangalore,4004,7,28028,2025,11,20,Thursday,Phone
8922,2025-05-02,Furniture,Chennai,355,2,710,2025,5,2,Friday,Keyboard
8923,2024-08-05,Sports,Bangalore,3212,1,3212,2024,8,5,Monday,Tablet
8924,2025-11-12,Clothing,Mumbai,2018,8,16144,2025,11,12,Wednesday,Keyboard
8925,2026-02-11,Sports,Mumbai,2472,6,14832,2026,2,11,Wednesday,Laptop
8926,2024-10-16,Groceries,Hyderabad,2459,6,14754,2024,10,16,Wednesday,Camera
8927,2025-06-09,Electronics,Delhi,1060,10,10600,2025,6,9,Monday,Laptop
8928,2025-01-23,Clothing,Mumbai,2857,3,8571,2025,1,23,Thursday,Bag
8929,2025-07-15,Sports,Chennai,2907,10,29070,2025,7,15,Tuesday,Bag
8930,2025-10-19,Electronics,Bangalore,3915,7,27405,2025,10,19,Sunday,TV
8931,2024-07-02,Sports,Chennai,1972,8,15776,2024,7,2,Tuesday,Camera
8932,2024-09-02,Sports,Bangalore,1816,3,5448,2024,9,2,Monday,Bag
8933,2025-05-11,Electronics,Mumbai,3117,1,3117,2025,5,11,Sunday,Phone
8934,2024-11-02,Groceries,Mumbai,1790,3,5370,2024,11,2,Saturday,Phone
8935,2024-08-29,Electronics,Hyderabad,1641,8,13128,2024,8,29,Thursday,Watch
8936,2025-05-23,Sports,Hyderabad,2711,7,18977,2025,5,23,Friday,Tablet
8937,2025-12-13,Sports,Delhi,2308,8,18464,2025,12,13,Saturday,Tablet
8938,2024-09-27,Clothing,Hyderabad,4217,3,12651,2024,9,27,Friday,Tablet
8939,2026-04-25,Sports,Bangalore,2267,9,20403,2026,4,25,Saturday,Tablet
8940,2025-05-01,Electronics,Hyderabad,1728,6,10368,2025,5,1,Thursday,Shoes
8941,2026-06-28,Sports,Bangalore,4076,1,4076,2026,6,28,Sunday,Shoes
8942,2024-12-23,Sports,Mumbai,336,10,3360,2024,12,23,Monday,Bag
8943,2025-03-04,Groceries,Chennai,4413,3,13239,2025,3,4,Tuesday,Laptop
8944,2025-06-06,Clothing,Hyderabad,725,9,6525,2025,6,6,Friday,Watch
8945,2026-01-28,Clothing,Mumbai,2308,5,11540,2026,1,28,Wednesday,Tablet
8946,2026-03-04,Furniture,Hyderabad,4492,3,13476,2026,3,4,Wednesday,Camera
8947,2024-10-22,Furniture,Hyderabad,4840,8,38720,2024,10,22,Tuesday,Shoes
8948,2024-07-05,Electronics,Mumbai,2224,8,17792,2024,7,5,Friday,Keyboard
8949,2025-05-13,Clothing,Mumbai,586,9,5274,2025,5,13,Tuesday,Shoes
8950,2026-03-30,Electronics,Delhi,3568,6,21408,2026,3,30,Monday,Bag
8951,2025-05-24,Groceries,Mumbai,1179,9,10611,2025,5,24,Saturday,Shoes
8952,2025-03-09,Clothing,Bangalore,3472,10,34720,2025,3,9,Sunday,Laptop
8953,2026-04-26,Electronics,Mumbai,4983,6,29898,2026,4,26,Sunday,Bag
8954,2024-07-10,Groceries,Delhi,4972,6,29832,2024,7,10,Wednesday,Watch
8955,2024-10-18,Electronics,Chennai,782,3,2346,2024,10,18,Friday,Tablet
8956,2024-09-12,Furniture,Mumbai,1861,9,16749,2024,9,12,Thursday,TV
8957,2025-01-31,Electronics,Mumbai,184,8,1472,2025,1,31,Friday,Watch
8958,2024-12-19,Electronics,Delhi,4330,2,8660,2024,12,19,Thursday,Keyboard
8959,2024-09-11,Furniture,Chennai,4501,10,45010,2024,9,11,Wednesday,Watch
8960,2024-07-25,Clothing,Delhi,4028,4,16112,2024,7,25,Thursday,Tablet
8961,2025-11-16,Sports,Hyderabad,561,2,1122,2025,11,16,Sunday,Laptop
8962,2024-11-19,Furniture,Hyderabad,3533,7,24731,2024,11,19,Tuesday,Camera
8963,2025-10-14,Furniture,Hyderabad,4298,7,30086,2025,10,14,Tuesday,Laptop
8964,2025-04-25,Groceries,Mumbai,3279,10,32790,2025,4,25,Friday,Shoes
8965,2024-07-20,Clothing,Bangalore,946,9,8514,2024,7,20,Saturday,Laptop
8966,2026-02-16,Clothing,Hyderabad,1720,10,17200,2026,2,16,Monday,Watch
8967,2025-03-17,Electronics,Mumbai,1934,2,3868,2025,3,17,Monday,Bag
8968,2025-01-27,Furniture,Hyderabad,961,5,4805,2025,1,27,Monday,TV
8969,2026-06-22,Clothing,Mumbai,1876,7,13132,2026,6,22,Monday,Shoes
8970,2025-09-28,Electronics,Bangalore,4118,6,24708,2025,9,28,Sunday,Keyboard
8971,2025-08-05,Clothing,Hyderabad,4716,3,14148,2025,8,5,Tuesday,Tablet
8972,2025-09-22,Electronics,Mumbai,2168,10,21680,2025,9,22,Monday,Headphones
8973,2024-12-13,Sports,Mumbai,2223,5,11115,2024,12,13,Friday,Camera
8974,2024-11-16,Sports,Chennai,4860,1,4860,2024,11,16,Saturday,Camera
8975,2024-09-10,Groceries,Mumbai,1503,7,10521,2024,9,10,Tuesday,Keyboard
8976,2024-11-10,Sports,Delhi,3070,3,9210,2024,11,10,Sunday,Shoes
8977,2024-12-22,Groceries,Mumbai,1102,4,4408,2024,12,22,Sunday,Headphones
8978,2024-11-29,Clothing,Chennai,2135,1,2135,2024,11,29,Friday,Laptop
8979,2025-10-08,Furniture,Mumbai,3986,2,7972,2025,10,8,Wednesday,Keyboard
8980,2026-05-28,Furniture,Delhi,3482,1,3482,2026,5,28,Thursday,Headphones
8981,2024-08-04,Clothing,Chennai,1166,3,3498,2024,8,4,Sunday,Headphones
8982,2026-01-26,Groceries,Hyderabad,213,9,1917,2026,1,26,Monday,Shoes
8983,2026-03-31,Furniture,Bangalore,3914,6,23484,2026,3,31,Tuesday,Camera
8984,2024-07-10,Clothing,Bangalore,4528,1,4528,2024,7,10,Wednesday,Phone
8985,2025-04-25,Electronics,Mumbai,4443,7,31101,2025,4,25,Friday,Camera
8986,2025-09-07,Sports,Delhi,4277,1,4277,2025,9,7,Sunday,Phone
8987,2025-12-28,Groceries,Chennai,3470,10,34700,2025,12,28,Sunday,Tablet
8988,2025-03-01,Clothing,Bangalore,4140,7,28980,2025,3,1,Saturday,Keyboard
8989,2025-04-15,Electronics,Chennai,4605,2,9210,2025,4,15,Tuesday,Watch
8990,2025-06-22,Clothing,Delhi,4247,8,33976,2025,6,22,Sunday,Headphones
8991,2025-05-29,Furniture,Delhi,3106,8,24848,2025,5,29,Thursday,Watch
8992,2025-11-01,Electronics,Chennai,3738,10,37380,2025,11,1,Saturday,Bag
8993,2025-06-05,Furniture,Hyderabad,3182,8,25456,2025,6,5,Thursday,Shoes
8994,2026-05-04,Groceries,Hyderabad,3154,6,18924,2026,5,4,Monday,TV
8995,2025-01-23,Groceries,Delhi,3932,4,15728,2025,1,23,Thursday,Watch
8996,2026-03-22,Groceries,Hyderabad,4178,5,20890,2026,3,22,Sunday,Bag
8997,2026-06-25,Furniture,Hyderabad,3058,2,6116,2026,6,25,Thursday,Tablet
8998,2025-02-13,Groceries,Bangalore,2133,6,12798,2025,2,13,Thursday,Bag
8999,2026-06-16,Groceries,Mumbai,3420,3,10260,2026,6,16,Tuesday,Shoes
9000,2025-10-25,Furniture,Hyderabad,3293,1,3293,2025,10,25,Saturday,Bag
9001,2025-01-16,Electronics,Bangalore,2052,6,12312,2025,1,16,Thursday,Bag
9002,2024-12-20,Sports,Chennai,1994,2,3988,2024,12,20,Friday,Headphones
9003,2024-07-30,Sports,Bangalore,4671,10,46710,2024,7,30,Tuesday,Tablet
9004,2026-06-16,Electronics,Hyderabad,4073,7,28511,2026,6,16,Tuesday,Tablet
9005,2025-02-27,Electronics,Delhi,2485,4,9940,2025,2,27,Thursday,Phone
9006,2024-06-28,Sports,Delhi,2159,2,4318,2024,6,28,Friday,TV
9007,2025-06-03,Groceries,Chennai,3967,2,7934,2025,6,3,Tuesday,Camera
9008,2024-09-04,Furniture,Bangalore,3086,10,30860,2024,9,4,Wednesday,Laptop
9009,2025-08-27,Groceries,Chennai,1140,5,5700,2025,8,27,Wednesday,Camera
9010,2024-12-01,Furniture,Chennai,822,1,822,2024,12,1,Sunday,Keyboard
9011,2025-05-19,Clothing,Hyderabad,1775,9,15975,2025,5,19,Monday,Watch
9012,2026-03-19,Electronics,Delhi,790,5,3950,2026,3,19,Thursday,Camera
9013,2025-02-28,Furniture,Delhi,3395,3,10185,2025,2,28,Friday,Shoes
9014,2024-06-30,Clothing,Hyderabad,1790,8,14320,2024,6,30,Sunday,Bag
9015,2025-12-22,Clothing,Chennai,4543,5,22715,2025,12,22,Monday,Tablet
9016,2024-09-01,Sports,Bangalore,4386,7,30702,2024,9,1,Sunday,Watch
9017,2025-04-04,Electronics,Chennai,333,10,3330,2025,4,4,Friday,Keyboard
9018,2025-08-24,Sports,Chennai,1924,2,3848,2025,8,24,Sunday,Watch
9019,2026-03-14,Sports,Delhi,2131,2,4262,2026,3,14,Saturday,Headphones
9020,2024-12-03,Sports,Chennai,4477,9,40293,2024,12,3,Tuesday,Phone
9021,2024-12-30,Furniture,Bangalore,1754,1,1754,2024,12,30,Monday,Bag
9022,2024-11-01,Sports,Mumbai,4686,1,4686,2024,11,1,Friday,Headphones
9023,2026-01-01,Sports,Hyderabad,4189,6,25134,2026,1,1,Thursday,TV
9024,2024-11-17,Sports,Mumbai,4810,10,48100,2024,11,17,Sunday,Bag
9025,2024-08-07,Electronics,Mumbai,3844,3,11532,2024,8,7,Wednesday,Headphones
9026,2025-07-01,Clothing,Chennai,2324,10,23240,2025,7,1,Tuesday,Tablet
9027,2025-12-04,Electronics,Chennai,3370,5,16850,2025,12,4,Thursday,Watch
9028,2024-09-15,Clothing,Delhi,3826,8,30608,2024,9,15,Sunday,Headphones
9029,2024-08-25,Sports,Delhi,3468,2,6936,2024,8,25,Sunday,TV
9030,2024-10-03,Furniture,Chennai,2255,8,18040,2024,10,3,Thursday,Camera
9031,2024-07-05,Electronics,Hyderabad,1755,3,5265,2024,7,5,Friday,Headphones
9032,2025-04-20,Sports,Chennai,4062,3,12186,2025,4,20,Sunday,Laptop
9033,2024-09-17,Clothing,Hyderabad,660,9,5940,2024,9,17,Tuesday,Keyboard
9034,2025-07-14,Clothing,Bangalore,157,9,1413,2025,7,14,Monday,Laptop
9035,2024-08-26,Clothing,Hyderabad,832,3,2496,2024,8,26,Monday,TV
9036,2025-09-23,Sports,Hyderabad,143,8,1144,2025,9,23,Tuesday,Laptop
9037,2025-08-20,Sports,Mumbai,2360,6,14160,2025,8,20,Wednesday,Camera
9038,2024-12-17,Clothing,Chennai,196,4,784,2024,12,17,Tuesday,Laptop
9039,2024-09-29,Clothing,Mumbai,257,8,2056,2024,9,29,Sunday,Bag
9040,2025-07-16,Groceries,Mumbai,1126,4,4504,2025,7,16,Wednesday,Shoes
9041,2025-06-03,Electronics,Chennai,3948,10,39480,2025,6,3,Tuesday,Tablet
9042,2026-03-26,Clothing,Bangalore,4960,4,19840,2026,3,26,Thursday,Laptop
9043,2025-11-08,Clothing,Hyderabad,4261,4,17044,2025,11,8,Saturday,Headphones
9044,2026-02-27,Furniture,Chennai,3928,1,3928,2026,2,27,Friday,Phone
9045,2025-01-10,Sports,Delhi,3811,6,22866,2025,1,10,Friday,TV
9046,2026-05-04,Groceries,Chennai,3134,10,31340,2026,5,4,Monday,Tablet
9047,2025-10-31,Sports,Chennai,4332,10,43320,2025,10,31,Friday,Headphones
9048,2026-05-06,Sports,Delhi,912,8,7296,2026,5,6,Wednesday,TV
9049,2026-06-21,Groceries,Mumbai,3314,7,23198,2026,6,21,Sunday,Laptop
9050,2025-04-02,Sports,Chennai,3169,4,12676,2025,4,2,Wednesday,Keyboard
9051,2026-04-24,Sports,Delhi,3922,5,19610,2026,4,24,Friday,Laptop
9052,2026-02-19,Electronics,Mumbai,2844,2,5688,2026,2,19,Thursday,Headphones
9053,2025-04-09,Electronics,Delhi,975,2,1950,2025,4,9,Wednesday,Keyboard
9054,2024-09-16,Groceries,Hyderabad,1036,2,2072,2024,9,16,Monday,Watch
9055,2025-10-22,Groceries,Hyderabad,3688,5,18440,2025,10,22,Wednesday,Camera
9056,2026-01-30,Sports,Delhi,714,9,6426,2026,1,30,Friday,Phone
9057,2025-02-01,Clothing,Chennai,3836,4,15344,2025,2,1,Saturday,Camera
9058,2025-12-30,Clothing,Hyderabad,2227,5,11135,2025,12,30,Tuesday,Laptop
9059,2024-11-10,Furniture,Delhi,2264,8,18112,2024,11,10,Sunday,Laptop
9060,2026-04-20,Electronics,Hyderabad,3700,9,33300,2026,4,20,Monday,Keyboard
9061,2025-10-11,Electronics,Hyderabad,2180,4,8720,2025,10,11,Saturday,Watch
9062,2025-09-10,Clothing,Delhi,3447,5,17235,2025,9,10,Wednesday,Bag
9063,2025-10-31,Furniture,Bangalore,3466,4,13864,2025,10,31,Friday,Phone
9064,2025-04-29,Furniture,Hyderabad,260,1,260,2025,4,29,Tuesday,Watch
9065,2024-08-18,Furniture,Hyderabad,238,10,2380,2024,8,18,Sunday,TV
9066,2024-09-30,Sports,Bangalore,2127,8,17016,2024,9,30,Monday,Headphones
9067,2024-07-06,Sports,Delhi,1362,1,1362,2024,7,6,Saturday,Tablet
9068,2024-08-04,Clothing,Hyderabad,1521,5,7605,2024,8,4,Sunday,Shoes
9069,2025-01-08,Furniture,Chennai,893,3,2679,2025,1,8,Wednesday,Shoes
9070,2025-05-04,Sports,Bangalore,179,6,1074,2025,5,4,Sunday,Tablet
9071,2024-10-14,Groceries,Delhi,220,8,1760,2024,10,14,Monday,Shoes
9072,2024-10-08,Clothing,Bangalore,3709,7,25963,2024,10,8,Tuesday,Camera
9073,2024-09-30,Furniture,Hyderabad,3294,1,3294,2024,9,30,Monday,Bag
9074,2026-03-07,Electronics,Delhi,3072,6,18432,2026,3,7,Saturday,Watch
9075,2025-10-22,Furniture,Mumbai,4810,4,19240,2025,10,22,Wednesday,Camera
9076,2025-02-08,Clothing,Hyderabad,2312,6,13872,2025,2,8,Saturday,Phone
9077,2026-02-14,Furniture,Hyderabad,1382,6,8292,2026,2,14,Saturday,Watch
9078,2025-05-31,Groceries,Bangalore,2453,8,19624,2025,5,31,Saturday,Bag
9079,2025-08-29,Furniture,Bangalore,3452,2,6904,2025,8,29,Friday,Bag
9080,2025-03-01,Sports,Hyderabad,4275,7,29925,2025,3,1,Saturday,Camera
9081,2024-07-08,Groceries,Hyderabad,4885,7,34195,2024,7,8,Monday,Tablet
9082,2024-11-14,Furniture,Delhi,3828,3,11484,2024,11,14,Thursday,Shoes
9083,2025-11-07,Electronics,Hyderabad,1918,8,15344,2025,11,7,Friday,Shoes
9084,2025-04-09,Groceries,Hyderabad,2481,9,22329,2025,4,9,Wednesday,Shoes
9085,2026-03-24,Electronics,Bangalore,2285,6,13710,2026,3,24,Tuesday,TV
9086,2026-05-25,Clothing,Mumbai,877,9,7893,2026,5,25,Monday,Bag
9087,2025-06-15,Groceries,Delhi,769,1,769,2025,6,15,Sunday,Headphones
9088,2026-05-06,Sports,Hyderabad,2287,1,2287,2026,5,6,Wednesday,Tablet
9089,2026-04-24,Furniture,Mumbai,1833,9,16497,2026,4,24,Friday,Tablet
9090,2026-06-27,Groceries,Hyderabad,1786,9,16074,2026,6,27,Saturday,Camera
9091,2024-09-28,Furniture,Hyderabad,1207,4,4828,2024,9,28,Saturday,Tablet
9092,2026-02-24,Clothing,Bangalore,4550,5,22750,2026,2,24,Tuesday,Camera
9093,2026-01-11,Sports,Hyderabad,3960,7,27720,2026,1,11,Sunday,Laptop
9094,2025-04-14,Electronics,Mumbai,3453,3,10359,2025,4,14,Monday,Watch
9095,2024-12-27,Sports,Mumbai,2303,1,2303,2024,12,27,Friday,Watch
9096,2024-12-22,Groceries,Delhi,1834,4,7336,2024,12,22,Sunday,Keyboard
9097,2024-11-21,Clothing,Bangalore,2318,10,23180,2024,11,21,Thursday,Phone
9098,2026-04-03,Electronics,Mumbai,1010,6,6060,2026,4,3,Friday,TV
9099,2025-05-26,Furniture,Bangalore,3317,2,6634,2025,5,26,Monday,Watch
9100,2026-04-10,Sports,Delhi,4174,6,25044,2026,4,10,Friday,Bag
9101,2026-06-10,Electronics,Delhi,4867,3,14601,2026,6,10,Wednesday,TV
9102,2025-07-19,Furniture,Mumbai,4577,7,32039,2025,7,19,Saturday,Phone
9103,2025-06-16,Furniture,Hyderabad,4673,3,14019,2025,6,16,Monday,Tablet
9104,2026-06-01,Electronics,Bangalore,3715,8,29720,2026,6,1,Monday,Headphones
9105,2024-11-21,Groceries,Delhi,3183,9,28647,2024,11,21,Thursday,Watch
9106,2024-10-12,Furniture,Hyderabad,3697,4,14788,2024,10,12,Saturday,Bag
9107,2025-11-19,Electronics,Chennai,2898,7,20286,2025,11,19,Wednesday,Bag
9108,2025-03-22,Sports,Delhi,2402,1,2402,2025,3,22,Saturday,Shoes
9109,2024-09-26,Clothing,Mumbai,2755,4,11020,2024,9,26,Thursday,TV
9110,2026-03-02,Clothing,Hyderabad,3838,2,7676,2026,3,2,Monday,Camera
9111,2026-02-14,Groceries,Chennai,4647,10,46470,2026,2,14,Saturday,TV
9112,2025-02-23,Clothing,Mumbai,111,9,999,2025,2,23,Sunday,Phone
9113,2025-02-04,Furniture,Bangalore,3565,3,10695,2025,2,4,Tuesday,Camera
9114,2024-12-06,Clothing,Mumbai,2081,5,10405,2024,12,6,Friday,Watch
9115,2026-04-21,Sports,Delhi,4107,7,28749,2026,4,21,Tuesday,Shoes
9116,2024-11-23,Electronics,Hyderabad,863,3,2589,2024,11,23,Saturday,Shoes
9117,2025-05-02,Furniture,Hyderabad,4766,4,19064,2025,5,2,Friday,Phone
9118,2024-12-09,Groceries,Hyderabad,2256,9,20304,2024,12,9,Monday,Shoes
9119,2025-07-05,Groceries,Chennai,1593,7,11151,2025,7,5,Saturday,Laptop
9120,2026-02-25,Sports,Mumbai,1532,1,1532,2026,2,25,Wednesday,Watch
9121,2026-01-14,Electronics,Delhi,3517,1,3517,2026,1,14,Wednesday,Bag
9122,2024-07-06,Clothing,Delhi,3713,7,25991,2024,7,6,Saturday,Laptop
9123,2025-10-24,Groceries,Hyderabad,4448,9,40032,2025,10,24,Friday,Phone
9124,2025-09-10,Furniture,Delhi,614,4,2456,2025,9,10,Wednesday,Tablet
9125,2025-06-16,Sports,Delhi,4672,4,18688,2025,6,16,Monday,Laptop
9126,2025-10-08,Groceries,Delhi,3946,2,7892,2025,10,8,Wednesday,Headphones
9127,2024-07-24,Furniture,Mumbai,4824,7,33768,2024,7,24,Wednesday,TV
9128,2026-04-01,Furniture,Delhi,2205,5,11025,2026,4,1,Wednesday,Tablet
9129,2026-01-27,Groceries,Bangalore,1887,1,1887,2026,1,27,Tuesday,Phone
9130,2024-12-21,Electronics,Chennai,457,9,4113,2024,12,21,Saturday,Bag
9131,2026-05-19,Electronics,Bangalore,4907,8,39256,2026,5,19,Tuesday,Bag
9132,2025-12-22,Furniture,Delhi,3126,5,15630,2025,12,22,Monday,Watch
9133,2024-07-10,Groceries,Mumbai,681,8,5448,2024,7,10,Wednesday,Bag
9134,2025-07-25,Electronics,Chennai,1888,4,7552,2025,7,25,Friday,Shoes
9135,2024-09-21,Clothing,Hyderabad,4325,10,43250,2024,9,21,Saturday,Keyboard
9136,2025-09-09,Groceries,Hyderabad,497,6,2982,2025,9,9,Tuesday,TV
9137,2025-09-14,Electronics,Hyderabad,929,1,929,2025,9,14,Sunday,Watch
9138,2026-05-19,Clothing,Hyderabad,2850,5,14250,2026,5,19,Tuesday,Tablet
9139,2024-08-17,Groceries,Delhi,1710,3,5130,2024,8,17,Saturday,Camera
9140,2025-05-28,Sports,Hyderabad,1724,5,8620,2025,5,28,Wednesday,Phone
9141,2024-11-08,Groceries,Mumbai,2167,10,21670,2024,11,8,Friday,Keyboard
9142,2025-07-02,Electronics,Mumbai,788,9,7092,2025,7,2,Wednesday,Tablet
9143,2025-12-10,Sports,Delhi,1073,2,2146,2025,12,10,Wednesday,TV
9144,2024-08-30,Sports,Delhi,3279,4,13116,2024,8,30,Friday,TV
9145,2025-02-02,Clothing,Hyderabad,733,2,1466,2025,2,2,Sunday,Phone
9146,2025-03-11,Electronics,Bangalore,915,5,4575,2025,3,11,Tuesday,Tablet
9147,2026-04-20,Electronics,Mumbai,2518,3,7554,2026,4,20,Monday,Watch
9148,2025-02-16,Groceries,Delhi,2595,10,25950,2025,2,16,Sunday,Watch
9149,2026-01-31,Electronics,Hyderabad,124,2,248,2026,1,31,Saturday,Tablet
9150,2025-07-01,Furniture,Mumbai,4314,5,21570,2025,7,1,Tuesday,Headphones
9151,2024-07-06,Groceries,Chennai,1450,6,8700,2024,7,6,Saturday,Laptop
9152,2026-01-25,Clothing,Bangalore,4287,1,4287,2026,1,25,Sunday,Shoes
9153,2026-03-02,Clothing,Chennai,2885,9,25965,2026,3,2,Monday,Tablet
9154,2026-02-10,Electronics,Chennai,3345,1,3345,2026,2,10,Tuesday,Camera
9155,2024-09-06,Sports,Delhi,529,1,529,2024,9,6,Friday,TV
9156,2024-11-26,Sports,Hyderabad,536,5,2680,2024,11,26,Tuesday,Shoes
9157,2025-06-10,Clothing,Bangalore,1590,10,15900,2025,6,10,Tuesday,Watch
9158,2025-02-20,Sports,Mumbai,3485,2,6970,2025,2,20,Thursday,Camera
9159,2026-06-14,Electronics,Hyderabad,2208,3,6624,2026,6,14,Sunday,Phone
9160,2025-08-15,Groceries,Chennai,280,1,280,2025,8,15,Friday,Tablet
9161,2024-09-22,Electronics,Bangalore,1164,2,2328,2024,9,22,Sunday,TV
9162,2025-09-07,Groceries,Delhi,2208,3,6624,2025,9,7,Sunday,Watch
9163,2025-06-21,Electronics,Hyderabad,926,2,1852,2025,6,21,Saturday,Tablet
9164,2026-06-07,Sports,Delhi,3816,6,22896,2026,6,7,Sunday,Tablet
9165,2025-09-18,Electronics,Bangalore,1429,7,10003,2025,9,18,Thursday,Phone
9166,2025-11-29,Electronics,Chennai,463,5,2315,2025,11,29,Saturday,Bag
9167,2025-10-23,Sports,Bangalore,3543,6,21258,2025,10,23,Thursday,Tablet
9168,2025-12-01,Furniture,Mumbai,2184,3,6552,2025,12,1,Monday,Watch
9169,2024-10-23,Electronics,Chennai,3003,6,18018,2024,10,23,Wednesday,Tablet
9170,2025-02-20,Furniture,Bangalore,3563,1,3563,2025,2,20,Thursday,Keyboard
9171,2026-06-26,Clothing,Mumbai,2123,10,21230,2026,6,26,Friday,Laptop
9172,2025-04-12,Groceries,Mumbai,114,6,684,2025,4,12,Saturday,Camera
9173,2026-01-09,Groceries,Mumbai,2449,7,17143,2026,1,9,Friday,Bag
9174,2025-01-03,Clothing,Chennai,3655,10,36550,2025,1,3,Friday,TV
9175,2024-12-13,Clothing,Hyderabad,4149,1,4149,2024,12,13,Friday,TV
9176,2025-05-06,Furniture,Chennai,900,3,2700,2025,5,6,Tuesday,Shoes
9177,2025-09-17,Clothing,Delhi,2693,4,10772,2025,9,17,Wednesday,Shoes
9178,2024-08-09,Clothing,Bangalore,4206,6,25236,2024,8,9,Friday,Watch
9179,2025-07-02,Electronics,Mumbai,4650,7,32550,2025,7,2,Wednesday,TV
9180,2024-11-27,Furniture,Mumbai,891,6,5346,2024,11,27,Wednesday,Headphones
9181,2024-10-19,Sports,Hyderabad,3502,8,28016,2024,10,19,Saturday,TV
9182,2026-03-11,Clothing,Delhi,559,4,2236,2026,3,11,Wednesday,Keyboard
9183,2024-09-21,Furniture,Chennai,4360,2,8720,2024,9,21,Saturday,Watch
9184,2025-05-01,Sports,Bangalore,3721,4,14884,2025,5,1,Thursday,Phone
9185,2025-11-26,Sports,Hyderabad,4594,2,9188,2025,11,26,Wednesday,Camera
9186,2025-02-06,Furniture,Chennai,2797,8,22376,2025,2,6,Thursday,Headphones
9187,2025-02-26,Clothing,Bangalore,3502,7,24514,2025,2,26,Wednesday,Keyboard
9188,2024-10-28,Clothing,Mumbai,173,6,1038,2024,10,28,Monday,Watch
9189,2025-08-29,Clothing,Mumbai,3919,8,31352,2025,8,29,Friday,Headphones
9190,2024-10-12,Sports,Delhi,313,8,2504,2024,10,12,Saturday,TV
9191,2024-09-19,Electronics,Mumbai,1142,2,2284,2024,9,19,Thursday,Tablet
9192,2024-10-08,Furniture,Hyderabad,1610,7,11270,2024,10,8,Tuesday,TV
9193,2025-01-19,Clothing,Hyderabad,2712,5,13560,2025,1,19,Sunday,Camera
9194,2025-11-04,Sports,Mumbai,4379,9,39411,2025,11,4,Tuesday,Keyboard
9195,2026-01-26,Electronics,Mumbai,1633,2,3266,2026,1,26,Monday,TV
9196,2026-02-11,Sports,Bangalore,2655,9,23895,2026,2,11,Wednesday,Tablet
9197,2026-01-24,Clothing,Chennai,3945,7,27615,2026,1,24,Saturday,Camera
9198,2025-11-08,Sports,Mumbai,3104,6,18624,2025,11,8,Saturday,Shoes
9199,2026-04-20,Sports,Hyderabad,1281,6,7686,2026,4,20,Monday,Laptop
9200,2025-10-10,Groceries,Hyderabad,3909,7,27363,2025,10,10,Friday,Bag
9201,2025-12-16,Clothing,Delhi,2223,6,13338,2025,12,16,Tuesday,Camera
9202,2024-12-15,Clothing,Mumbai,4678,4,18712,2024,12,15,Sunday,Laptop
9203,2026-06-17,Sports,Bangalore,1957,5,9785,2026,6,17,Wednesday,Camera
9204,2025-01-20,Electronics,Chennai,2888,2,5776,2025,1,20,Monday,TV
9205,2025-08-15,Clothing,Chennai,755,9,6795,2025,8,15,Friday,Watch
9206,2024-08-18,Furniture,Delhi,655,1,655,2024,8,18,Sunday,Headphones
9207,2024-07-01,Electronics,Bangalore,242,8,1936,2024,7,1,Monday,TV
9208,2025-01-17,Clothing,Hyderabad,3799,9,34191,2025,1,17,Friday,Headphones
9209,2025-08-09,Electronics,Chennai,243,1,243,2025,8,9,Saturday,Camera
9210,2025-09-18,Groceries,Hyderabad,3267,5,16335,2025,9,18,Thursday,Watch
9211,2025-12-02,Electronics,Bangalore,4360,9,39240,2025,12,2,Tuesday,Headphones
9212,2026-02-14,Furniture,Chennai,521,4,2084,2026,2,14,Saturday,Phone
9213,2025-12-01,Electronics,Bangalore,4340,5,21700,2025,12,1,Monday,Keyboard
9214,2025-03-24,Furniture,Bangalore,4378,3,13134,2025,3,24,Monday,Camera
9215,2025-04-22,Clothing,Hyderabad,1901,4,7604,2025,4,22,Tuesday,Keyboard
9216,2024-11-27,Clothing,Delhi,345,7,2415,2024,11,27,Wednesday,Camera
9217,2025-07-26,Furniture,Chennai,856,9,7704,2025,7,26,Saturday,Headphones
9218,2025-02-15,Furniture,Bangalore,2768,6,16608,2025,2,15,Saturday,Keyboard
9219,2025-09-26,Furniture,Hyderabad,3794,10,37940,2025,9,26,Friday,Shoes
9220,2024-09-01,Electronics,Mumbai,631,9,5679,2024,9,1,Sunday,TV
9221,2025-12-25,Sports,Delhi,1552,9,13968,2025,12,25,Thursday,Headphones
9222,2025-07-10,Groceries,Chennai,4604,7,32228,2025,7,10,Thursday,Phone
9223,2024-10-31,Furniture,Bangalore,1214,9,10926,2024,10,31,Thursday,Headphones
9224,2025-02-28,Electronics,Mumbai,3501,9,31509,2025,2,28,Friday,Bag
9225,2026-03-20,Electronics,Hyderabad,1387,3,4161,2026,3,20,Friday,Headphones
9226,2025-10-04,Clothing,Delhi,4691,4,18764,2025,10,4,Saturday,Bag
9227,2024-07-12,Electronics,Mumbai,498,8,3984,2024,7,12,Friday,Headphones
9228,2026-03-26,Clothing,Mumbai,4515,4,18060,2026,3,26,Thursday,Keyboard
9229,2026-02-05,Furniture,Bangalore,2054,7,14378,2026,2,5,Thursday,Shoes
9230,2024-07-31,Clothing,Chennai,2212,1,2212,2024,7,31,Wednesday,Bag
9231,2025-02-01,Clothing,Chennai,3550,9,31950,2025,2,1,Saturday,Keyboard
9232,2025-05-07,Groceries,Bangalore,2430,8,19440,2025,5,7,Wednesday,Watch
9233,2025-08-18,Clothing,Mumbai,3215,9,28935,2025,8,18,Monday,Phone
9234,2025-03-29,Electronics,Bangalore,131,6,786,2025,3,29,Saturday,TV
9235,2026-01-07,Groceries,Hyderabad,3054,7,21378,2026,1,7,Wednesday,Bag
9236,2026-01-16,Clothing,Hyderabad,4249,3,12747,2026,1,16,Friday,Tablet
9237,2026-02-18,Clothing,Delhi,264,7,1848,2026,2,18,Wednesday,Shoes
9238,2025-07-02,Furniture,Chennai,3867,6,23202,2025,7,2,Wednesday,Camera
9239,2025-02-09,Furniture,Chennai,3471,5,17355,2025,2,9,Sunday,TV
9240,2024-07-25,Electronics,Mumbai,2474,6,14844,2024,7,25,Thursday,Shoes
9241,2026-06-19,Furniture,Chennai,2194,4,8776,2026,6,19,Friday,TV
9242,2026-06-24,Clothing,Bangalore,2636,2,5272,2026,6,24,Wednesday,TV
9243,2024-07-12,Electronics,Mumbai,2727,1,2727,2024,7,12,Friday,Laptop
9244,2025-02-01,Clothing,Mumbai,3875,10,38750,2025,2,1,Saturday,Bag
9245,2024-12-28,Electronics,Mumbai,3388,7,23716,2024,12,28,Saturday,Laptop
9246,2025-03-26,Furniture,Delhi,4004,6,24024,2025,3,26,Wednesday,Tablet
9247,2025-10-24,Electronics,Bangalore,2035,1,2035,2025,10,24,Friday,Keyboard
9248,2024-12-12,Furniture,Chennai,1289,10,12890,2024,12,12,Thursday,TV
9249,2025-09-06,Groceries,Chennai,4870,8,38960,2025,9,6,Saturday,Tablet
9250,2024-12-10,Sports,Bangalore,3791,4,15164,2024,12,10,Tuesday,Tablet
9251,2025-09-08,Sports,Hyderabad,101,9,909,2025,9,8,Monday,Watch
9252,2024-12-06,Clothing,Delhi,2187,9,19683,2024,12,6,Friday,Camera
9253,2025-12-03,Electronics,Hyderabad,821,2,1642,2025,12,3,Wednesday,TV
9254,2024-12-21,Sports,Hyderabad,670,8,5360,2024,12,21,Saturday,Bag
9255,2026-03-04,Clothing,Delhi,1158,8,9264,2026,3,4,Wednesday,Bag
9256,2025-02-08,Clothing,Chennai,2996,8,23968,2025,2,8,Saturday,Phone
9257,2026-06-26,Groceries,Chennai,2194,1,2194,2026,6,26,Friday,Laptop
9258,2024-10-30,Sports,Mumbai,564,5,2820,2024,10,30,Wednesday,Headphones
9259,2026-01-17,Sports,Mumbai,4326,2,8652,2026,1,17,Saturday,Phone
9260,2025-07-18,Groceries,Chennai,4841,9,43569,2025,7,18,Friday,Headphones
9261,2024-09-20,Furniture,Chennai,1361,1,1361,2024,9,20,Friday,Bag
9262,2025-07-25,Sports,Chennai,1764,5,8820,2025,7,25,Friday,Headphones
9263,2025-09-10,Electronics,Chennai,2688,7,18816,2025,9,10,Wednesday,Headphones
9264,2026-01-11,Clothing,Mumbai,2337,7,16359,2026,1,11,Sunday,Tablet
9265,2024-11-30,Furniture,Hyderabad,451,2,902,2024,11,30,Saturday,Camera
9266,2025-05-09,Electronics,Bangalore,3074,6,18444,2025,5,9,Friday,Watch
9267,2025-02-01,Clothing,Hyderabad,1943,5,9715,2025,2,1,Saturday,Headphones
9268,2024-08-20,Groceries,Chennai,3606,8,28848,2024,8,20,Tuesday,Tablet
9269,2025-01-02,Electronics,Delhi,1554,2,3108,2025,1,2,Thursday,Shoes
9270,2025-01-19,Clothing,Delhi,3160,7,22120,2025,1,19,Sunday,Headphones
9271,2025-08-10,Clothing,Bangalore,2463,6,14778,2025,8,10,Sunday,Camera
9272,2026-04-19,Groceries,Bangalore,3238,5,16190,2026,4,19,Sunday,Shoes
9273,2026-01-07,Clothing,Hyderabad,130,6,780,2026,1,7,Wednesday,Phone
9274,2026-01-13,Electronics,Delhi,4450,9,40050,2026,1,13,Tuesday,Shoes
9275,2026-02-08,Sports,Hyderabad,2834,8,22672,2026,2,8,Sunday,Tablet
9276,2025-05-23,Groceries,Bangalore,1262,2,2524,2025,5,23,Friday,Bag
9277,2025-09-11,Furniture,Delhi,4306,2,8612,2025,9,11,Thursday,Shoes
9278,2025-04-04,Furniture,Chennai,2391,4,9564,2025,4,4,Friday,Keyboard
9279,2024-12-26,Furniture,Bangalore,2780,10,27800,2024,12,26,Thursday,Shoes
9280,2024-10-02,Groceries,Mumbai,4539,4,18156,2024,10,2,Wednesday,TV
9281,2025-05-09,Electronics,Hyderabad,690,10,6900,2025,5,9,Friday,Tablet
9282,2026-03-03,Clothing,Delhi,2141,1,2141,2026,3,3,Tuesday,Camera
9283,2025-08-04,Sports,Hyderabad,4326,1,4326,2025,8,4,Monday,Laptop
9284,2025-12-22,Furniture,Chennai,4568,6,27408,2025,12,22,Monday,Laptop
9285,2025-01-04,Groceries,Delhi,2837,3,8511,2025,1,4,Saturday,Phone
9286,2024-07-17,Clothing,Bangalore,3177,8,25416,2024,7,17,Wednesday,Camera
9287,2024-10-12,Sports,Hyderabad,743,2,1486,2024,10,12,Saturday,Watch
9288,2026-05-03,Clothing,Bangalore,2777,9,24993,2026,5,3,Sunday,Phone
9289,2025-08-06,Groceries,Bangalore,4647,1,4647,2025,8,6,Wednesday,Keyboard
9290,2025-05-21,Furniture,Mumbai,4449,5,22245,2025,5,21,Wednesday,Shoes
9291,2025-12-09,Furniture,Hyderabad,2656,5,13280,2025,12,9,Tuesday,Phone
9292,2026-03-02,Sports,Hyderabad,920,9,8280,2026,3,2,Monday,Headphones
9293,2026-05-27,Clothing,Hyderabad,723,3,2169,2026,5,27,Wednesday,Shoes
9294,2025-09-20,Furniture,Hyderabad,1443,3,4329,2025,9,20,Saturday,Headphones
9295,2026-06-17,Furniture,Bangalore,4263,3,12789,2026,6,17,Wednesday,Camera
9296,2024-08-11,Electronics,Delhi,3866,1,3866,2024,8,11,Sunday,Laptop
9297,2026-01-29,Furniture,Hyderabad,3245,10,32450,2026,1,29,Thursday,Shoes
9298,2026-06-14,Groceries,Mumbai,118,10,1180,2026,6,14,Sunday,Keyboard
9299,2025-07-14,Electronics,Delhi,2280,3,6840,2025,7,14,Monday,Laptop
9300,2025-01-31,Groceries,Mumbai,320,4,1280,2025,1,31,Friday,Tablet
9301,2026-05-13,Electronics,Chennai,1543,9,13887,2026,5,13,Wednesday,Headphones
9302,2026-04-22,Sports,Delhi,1202,5,6010,2026,4,22,Wednesday,Shoes
9303,2025-04-29,Furniture,Delhi,3216,2,6432,2025,4,29,Tuesday,Watch
9304,2024-11-16,Sports,Delhi,3209,1,3209,2024,11,16,Saturday,Keyboard
9305,2025-10-27,Electronics,Mumbai,3464,8,27712,2025,10,27,Monday,Camera
9306,2026-01-15,Electronics,Bangalore,2343,10,23430,2026,1,15,Thursday,Phone
9307,2025-06-12,Furniture,Mumbai,2384,10,23840,2025,6,12,Thursday,Phone
9308,2024-12-14,Clothing,Mumbai,4294,10,42940,2024,12,14,Saturday,Shoes
9309,2024-10-12,Furniture,Chennai,1506,10,15060,2024,10,12,Saturday,Bag
9310,2025-07-28,Electronics,Delhi,119,5,595,2025,7,28,Monday,Phone
9311,2024-08-23,Clothing,Bangalore,206,1,206,2024,8,23,Friday,Laptop
9312,2026-06-05,Electronics,Chennai,4625,6,27750,2026,6,5,Friday,Phone
9313,2026-06-14,Electronics,Chennai,1225,3,3675,2026,6,14,Sunday,Shoes
9314,2026-01-29,Sports,Mumbai,1484,10,14840,2026,1,29,Thursday,Keyboard
9315,2026-01-25,Groceries,Chennai,890,3,2670,2026,1,25,Sunday,Phone
9316,2024-08-24,Sports,Hyderabad,1441,7,10087,2024,8,24,Saturday,Tablet
9317,2024-10-26,Sports,Bangalore,4845,1,4845,2024,10,26,Saturday,Tablet
9318,2024-08-04,Sports,Mumbai,3672,6,22032,2024,8,4,Sunday,TV
9319,2025-06-02,Electronics,Mumbai,2134,8,17072,2025,6,2,Monday,Bag
9320,2026-06-19,Groceries,Bangalore,1316,9,11844,2026,6,19,Friday,Camera
9321,2025-01-06,Clothing,Chennai,3144,10,31440,2025,1,6,Monday,Bag
9322,2025-04-10,Clothing,Mumbai,4674,9,42066,2025,4,10,Thursday,Watch
9323,2024-11-09,Sports,Bangalore,1231,4,4924,2024,11,9,Saturday,TV
9324,2025-04-29,Groceries,Chennai,4363,6,26178,2025,4,29,Tuesday,Shoes
9325,2024-10-05,Clothing,Chennai,263,8,2104,2024,10,5,Saturday,Tablet
9326,2025-06-28,Clothing,Bangalore,3768,5,18840,2025,6,28,Saturday,TV
9327,2025-04-22,Electronics,Chennai,1782,9,16038,2025,4,22,Tuesday,Camera
9328,2025-05-05,Clothing,Mumbai,1591,4,6364,2025,5,5,Monday,Headphones
9329,2024-07-21,Furniture,Hyderabad,3292,10,32920,2024,7,21,Sunday,Headphones
9330,2025-07-04,Clothing,Mumbai,2978,8,23824,2025,7,4,Friday,Watch
9331,2024-11-12,Groceries,Mumbai,2761,2,5522,2024,11,12,Tuesday,Shoes
9332,2024-11-30,Electronics,Bangalore,2312,1,2312,2024,11,30,Saturday,Watch
9333,2025-11-12,Sports,Bangalore,1098,10,10980,2025,11,12,Wednesday,Keyboard
9334,2024-12-31,Electronics,Chennai,1684,2,3368,2024,12,31,Tuesday,Watch
9335,2026-04-25,Furniture,Chennai,4709,3,14127,2026,4,25,Saturday,Shoes
9336,2026-02-26,Sports,Chennai,3269,4,13076,2026,2,26,Thursday,TV
9337,2024-09-18,Furniture,Mumbai,1594,10,15940,2024,9,18,Wednesday,Camera
9338,2025-01-10,Electronics,Delhi,2088,7,14616,2025,1,10,Friday,Shoes
9339,2024-08-10,Groceries,Hyderabad,3602,1,3602,2024,8,10,Saturday,Tablet
9340,2025-07-10,Electronics,Delhi,2486,1,2486,2025,7,10,Thursday,Shoes
9341,2024-07-12,Groceries,Mumbai,1292,8,10336,2024,7,12,Friday,Phone
9342,2024-10-02,Electronics,Hyderabad,3520,4,14080,2024,10,2,Wednesday,Bag
9343,2025-06-20,Furniture,Delhi,3847,5,19235,2025,6,20,Friday,Phone
9344,2025-05-06,Clothing,Bangalore,1546,8,12368,2025,5,6,Tuesday,Keyboard
9345,2025-03-23,Furniture,Mumbai,587,7,4109,2025,3,23,Sunday,Headphones
9346,2026-05-02,Clothing,Hyderabad,460,1,460,2026,5,2,Saturday,Watch
9347,2025-08-17,Sports,Hyderabad,2823,4,11292,2025,8,17,Sunday,Watch
9348,2024-09-03,Sports,Hyderabad,2045,1,2045,2024,9,3,Tuesday,Headphones
9349,2026-02-22,Clothing,Hyderabad,4434,2,8868,2026,2,22,Sunday,Bag
9350,2026-06-10,Groceries,Chennai,2414,3,7242,2026,6,10,Wednesday,Laptop
9351,2024-10-26,Groceries,Hyderabad,872,1,872,2024,10,26,Saturday,Watch
9352,2025-12-13,Electronics,Hyderabad,1433,5,7165,2025,12,13,Saturday,Shoes
9353,2025-11-05,Groceries,Bangalore,4824,1,4824,2025,11,5,Wednesday,Bag
9354,2026-06-21,Electronics,Chennai,1756,10,17560,2026,6,21,Sunday,Phone
9355,2025-11-01,Electronics,Mumbai,4320,5,21600,2025,11,1,Saturday,Laptop
9356,2024-11-06,Groceries,Chennai,1762,4,7048,2024,11,6,Wednesday,Laptop
9357,2025-12-28,Furniture,Mumbai,3613,3,10839,2025,12,28,Sunday,Headphones
9358,2026-02-02,Clothing,Delhi,2643,7,18501,2026,2,2,Monday,Phone
9359,2025-08-01,Furniture,Delhi,3357,10,33570,2025,8,1,Friday,Tablet
9360,2026-05-02,Sports,Mumbai,979,9,8811,2026,5,2,Saturday,Keyboard
9361,2026-04-23,Electronics,Chennai,4852,10,48520,2026,4,23,Thursday,Headphones
9362,2025-08-26,Electronics,Hyderabad,4994,10,49940,2025,8,26,Tuesday,Bag
9363,2025-03-19,Groceries,Bangalore,1661,2,3322,2025,3,19,Wednesday,Shoes
9364,2025-04-21,Furniture,Mumbai,2135,8,17080,2025,4,21,Monday,Phone
9365,2025-09-17,Groceries,Bangalore,393,7,2751,2025,9,17,Wednesday,Shoes
9366,2026-04-21,Clothing,Delhi,2976,8,23808,2026,4,21,Tuesday,Tablet
9367,2024-09-08,Furniture,Mumbai,3387,4,13548,2024,9,8,Sunday,Shoes
9368,2025-06-03,Clothing,Mumbai,358,5,1790,2025,6,3,Tuesday,Tablet
9369,2024-12-05,Groceries,Hyderabad,1741,1,1741,2024,12,5,Thursday,Watch
9370,2025-07-25,Clothing,Hyderabad,3365,5,16825,2025,7,25,Friday,Laptop
9371,2025-04-01,Furniture,Mumbai,3478,5,17390,2025,4,1,Tuesday,Shoes
9372,2026-01-27,Electronics,Delhi,1589,6,9534,2026,1,27,Tuesday,Bag
9373,2026-03-14,Furniture,Chennai,148,8,1184,2026,3,14,Saturday,Shoes
9374,2025-09-18,Electronics,Mumbai,4215,7,29505,2025,9,18,Thursday,Shoes
9375,2025-01-09,Clothing,Delhi,3568,3,10704,2025,1,9,Thursday,Headphones
9376,2024-10-17,Sports,Delhi,3577,3,10731,2024,10,17,Thursday,Shoes
9377,2025-06-02,Groceries,Mumbai,3276,3,9828,2025,6,2,Monday,Bag
9378,2025-12-05,Groceries,Hyderabad,3678,7,25746,2025,12,5,Friday,Laptop
9379,2026-03-18,Groceries,Chennai,4914,4,19656,2026,3,18,Wednesday,Shoes
9380,2025-10-29,Furniture,Mumbai,984,7,6888,2025,10,29,Wednesday,Watch
9381,2026-06-11,Electronics,Chennai,3572,8,28576,2026,6,11,Thursday,Laptop
9382,2024-10-11,Groceries,Hyderabad,2682,2,5364,2024,10,11,Friday,Keyboard
9383,2025-11-19,Groceries,Delhi,2113,7,14791,2025,11,19,Wednesday,Keyboard
9384,2025-03-16,Electronics,Hyderabad,1297,7,9079,2025,3,16,Sunday,Shoes
9385,2025-04-18,Sports,Bangalore,2058,3,6174,2025,4,18,Friday,Laptop
9386,2024-11-01,Clothing,Delhi,4499,4,17996,2024,11,1,Friday,Laptop
9387,2025-02-21,Furniture,Mumbai,2299,3,6897,2025,2,21,Friday,Laptop
9388,2024-10-02,Groceries,Chennai,4097,10,40970,2024,10,2,Wednesday,Bag
9389,2025-01-10,Groceries,Bangalore,2787,7,19509,2025,1,10,Friday,Bag
9390,2024-12-24,Clothing,Hyderabad,560,1,560,2024,12,24,Tuesday,Phone
9391,2024-10-19,Furniture,Delhi,1849,9,16641,2024,10,19,Saturday,Tablet
9392,2025-06-07,Furniture,Delhi,281,1,281,2025,6,7,Saturday,Camera
9393,2026-01-09,Electronics,Bangalore,3287,2,6574,2026,1,9,Friday,TV
9394,2026-04-28,Clothing,Hyderabad,4405,8,35240,2026,4,28,Tuesday,Laptop
9395,2024-12-16,Furniture,Delhi,327,2,654,2024,12,16,Monday,Headphones
9396,2024-08-21,Furniture,Bangalore,3727,8,29816,2024,8,21,Wednesday,Shoes
9397,2025-12-21,Furniture,Chennai,1074,6,6444,2025,12,21,Sunday,Watch
9398,2025-06-19,Sports,Hyderabad,1183,8,9464,2025,6,19,Thursday,Watch
9399,2025-04-18,Groceries,Chennai,2176,5,10880,2025,4,18,Friday,Watch
9400,2025-02-21,Electronics,Bangalore,2239,8,17912,2025,2,21,Friday,Headphones
9401,2025-11-17,Electronics,Bangalore,3976,6,23856,2025,11,17,Monday,Laptop
9402,2025-05-05,Sports,Delhi,1234,8,9872,2025,5,5,Monday,Shoes
9403,2024-10-19,Electronics,Delhi,1676,2,3352,2024,10,19,Saturday,Watch
9404,2025-11-19,Sports,Hyderabad,1744,8,13952,2025,11,19,Wednesday,Phone
9405,2026-02-25,Electronics,Mumbai,1447,3,4341,2026,2,25,Wednesday,Headphones
9406,2024-12-20,Electronics,Chennai,4504,4,18016,2024,12,20,Friday,Keyboard
9407,2026-03-16,Furniture,Delhi,116,10,1160,2026,3,16,Monday,Camera
9408,2025-06-23,Sports,Chennai,1434,8,11472,2025,6,23,Monday,TV
9409,2024-09-01,Sports,Bangalore,2366,2,4732,2024,9,1,Sunday,Shoes
9410,2025-09-20,Groceries,Hyderabad,2383,3,7149,2025,9,20,Saturday,Camera
9411,2025-10-17,Sports,Delhi,1397,4,5588,2025,10,17,Friday,Phone
9412,2025-10-18,Sports,Hyderabad,3729,2,7458,2025,10,18,Saturday,Tablet
9413,2024-07-27,Sports,Mumbai,2499,4,9996,2024,7,27,Saturday,Headphones
9414,2024-10-16,Furniture,Mumbai,1818,7,12726,2024,10,16,Wednesday,Headphones
9415,2025-11-10,Groceries,Hyderabad,2845,7,19915,2025,11,10,Monday,Laptop
9416,2024-09-15,Furniture,Delhi,1295,9,11655,2024,9,15,Sunday,Shoes
9417,2024-11-06,Furniture,Chennai,3646,1,3646,2024,11,6,Wednesday,Keyboard
9418,2025-09-14,Clothing,Chennai,3299,1,3299,2025,9,14,Sunday,Bag
9419,2025-07-06,Groceries,Hyderabad,4055,4,16220,2025,7,6,Sunday,TV
9420,2025-03-20,Sports,Delhi,2650,4,10600,2025,3,20,Thursday,Camera
9421,2025-04-04,Electronics,Hyderabad,1358,10,13580,2025,4,4,Friday,Camera
9422,2026-01-31,Groceries,Hyderabad,2021,1,2021,2026,1,31,Saturday,Laptop
9423,2026-05-22,Furniture,Mumbai,4967,5,24835,2026,5,22,Friday,Camera
9424,2025-09-10,Groceries,Mumbai,700,3,2100,2025,9,10,Wednesday,Phone
9425,2026-04-15,Groceries,Hyderabad,1343,5,6715,2026,4,15,Wednesday,Phone
9426,2025-01-23,Groceries,Bangalore,3350,6,20100,2025,1,23,Thursday,Keyboard
9427,2024-09-11,Sports,Mumbai,169,1,169,2024,9,11,Wednesday,Shoes
9428,2025-03-25,Sports,Mumbai,1081,3,3243,2025,3,25,Tuesday,Watch
9429,2026-04-06,Sports,Hyderabad,1604,3,4812,2026,4,6,Monday,Camera
9430,2025-05-11,Clothing,Bangalore,3713,5,18565,2025,5,11,Sunday,Shoes
9431,2024-10-19,Groceries,Bangalore,4696,3,14088,2024,10,19,Saturday,Laptop
9432,2025-10-12,Furniture,Mumbai,1452,9,13068,2025,10,12,Sunday,Shoes
9433,2024-12-11,Groceries,Hyderabad,4386,3,13158,2024,12,11,Wednesday,Phone
9434,2026-03-03,Clothing,Hyderabad,2939,10,29390,2026,3,3,Tuesday,Laptop
9435,2025-05-30,Clothing,Bangalore,385,9,3465,2025,5,30,Friday,Laptop
9436,2026-03-18,Groceries,Delhi,1971,5,9855,2026,3,18,Wednesday,Keyboard
9437,2024-08-11,Furniture,Mumbai,4053,2,8106,2024,8,11,Sunday,Laptop
9438,2024-11-23,Electronics,Delhi,3142,3,9426,2024,11,23,Saturday,Watch
9439,2025-10-09,Electronics,Bangalore,2610,1,2610,2025,10,9,Thursday,Bag
9440,2024-07-29,Groceries,Mumbai,1801,3,5403,2024,7,29,Monday,Keyboard
9441,2025-04-05,Sports,Chennai,1658,9,14922,2025,4,5,Saturday,Phone
9442,2025-04-28,Electronics,Hyderabad,4755,2,9510,2025,4,28,Monday,Laptop
9443,2024-09-17,Electronics,Bangalore,2918,10,29180,2024,9,17,Tuesday,TV
9444,2026-02-11,Sports,Bangalore,4349,6,26094,2026,2,11,Wednesday,Watch
9445,2025-05-18,Clothing,Delhi,2230,4,8920,2025,5,18,Sunday,TV
9446,2026-05-24,Clothing,Chennai,1426,8,11408,2026,5,24,Sunday,Laptop
9447,2026-01-13,Clothing,Chennai,2688,5,13440,2026,1,13,Tuesday,Headphones
9448,2025-11-02,Electronics,Hyderabad,1167,8,9336,2025,11,2,Sunday,Tablet
9449,2025-08-06,Electronics,Bangalore,2688,10,26880,2025,8,6,Wednesday,Headphones
9450,2024-11-04,Groceries,Mumbai,4615,5,23075,2024,11,4,Monday,Watch
9451,2024-08-06,Groceries,Delhi,140,4,560,2024,8,6,Tuesday,Headphones
9452,2026-01-25,Electronics,Mumbai,1525,5,7625,2026,1,25,Sunday,Tablet
9453,2026-03-18,Clothing,Chennai,2712,9,24408,2026,3,18,Wednesday,Bag
9454,2025-05-03,Sports,Bangalore,1193,9,10737,2025,5,3,Saturday,Tablet
9455,2025-01-05,Clothing,Hyderabad,2609,6,15654,2025,1,5,Sunday,Shoes
9456,2026-03-27,Sports,Delhi,4903,3,14709,2026,3,27,Friday,Shoes
9457,2024-11-16,Furniture,Bangalore,1492,9,13428,2024,11,16,Saturday,Watch
9458,2025-12-14,Electronics,Mumbai,736,7,5152,2025,12,14,Sunday,Watch
9459,2025-10-26,Furniture,Delhi,939,5,4695,2025,10,26,Sunday,Headphones
9460,2024-08-11,Clothing,Chennai,519,1,519,2024,8,11,Sunday,Camera
9461,2025-08-31,Sports,Mumbai,1007,9,9063,2025,8,31,Sunday,Camera
9462,2025-02-04,Clothing,Chennai,4973,10,49730,2025,2,4,Tuesday,Tablet
9463,2025-02-23,Electronics,Delhi,108,8,864,2025,2,23,Sunday,Laptop
9464,2026-04-07,Electronics,Delhi,904,8,7232,2026,4,7,Tuesday,Laptop
9465,2026-03-11,Groceries,Mumbai,3081,4,12324,2026,3,11,Wednesday,Camera
9466,2025-05-30,Sports,Hyderabad,2529,2,5058,2025,5,30,Friday,Camera
9467,2026-05-21,Furniture,Chennai,2696,9,24264,2026,5,21,Thursday,Phone
9468,2025-02-14,Groceries,Bangalore,400,5,2000,2025,2,14,Friday,Bag
9469,2024-07-29,Clothing,Mumbai,3433,8,27464,2024,7,29,Monday,Laptop
9470,2025-07-18,Clothing,Hyderabad,3657,1,3657,2025,7,18,Friday,Phone
9471,2026-03-08,Sports,Delhi,4991,6,29946,2026,3,8,Sunday,Watch
9472,2024-07-18,Groceries,Delhi,823,3,2469,2024,7,18,Thursday,Phone
9473,2025-06-25,Furniture,Mumbai,2668,6,16008,2025,6,25,Wednesday,Bag
9474,2024-10-31,Sports,Mumbai,323,4,1292,2024,10,31,Thursday,Bag
9475,2025-01-11,Sports,Mumbai,3826,3,11478,2025,1,11,Saturday,TV
9476,2025-08-04,Sports,Hyderabad,2400,2,4800,2025,8,4,Monday,Watch
9477,2024-08-04,Sports,Chennai,5000,3,15000,2024,8,4,Sunday,Bag
9478,2025-06-24,Electronics,Chennai,1318,1,1318,2025,6,24,Tuesday,TV
9479,2024-07-02,Furniture,Delhi,2602,6,15612,2024,7,2,Tuesday,Bag
9480,2026-05-13,Sports,Mumbai,1181,1,1181,2026,5,13,Wednesday,Laptop
9481,2024-08-02,Furniture,Hyderabad,3308,5,16540,2024,8,2,Friday,Tablet
9482,2026-01-01,Electronics,Hyderabad,615,2,1230,2026,1,1,Thursday,Phone
9483,2026-05-27,Groceries,Bangalore,1752,10,17520,2026,5,27,Wednesday,Phone
9484,2025-02-18,Clothing,Hyderabad,682,10,6820,2025,2,18,Tuesday,Phone
9485,2026-05-12,Groceries,Hyderabad,2883,6,17298,2026,5,12,Tuesday,Bag
9486,2024-07-16,Sports,Chennai,4025,4,16100,2024,7,16,Tuesday,Watch
9487,2024-11-19,Furniture,Hyderabad,2341,8,18728,2024,11,19,Tuesday,Laptop
9488,2024-11-06,Clothing,Chennai,1091,8,8728,2024,11,6,Wednesday,Shoes
9489,2026-06-03,Groceries,Mumbai,4996,4,19984,2026,6,3,Wednesday,Camera
9490,2026-01-11,Sports,Bangalore,2356,1,2356,2026,1,11,Sunday,Shoes
9491,2025-02-17,Electronics,Hyderabad,4702,2,9404,2025,2,17,Monday,Phone
9492,2026-06-20,Groceries,Bangalore,762,9,6858,2026,6,20,Saturday,Tablet
9493,2024-11-04,Groceries,Chennai,3824,7,26768,2024,11,4,Monday,TV
9494,2026-02-04,Furniture,Hyderabad,2086,8,16688,2026,2,4,Wednesday,Laptop
9495,2025-12-13,Electronics,Delhi,571,3,1713,2025,12,13,Saturday,Camera
9496,2026-02-13,Furniture,Bangalore,4762,1,4762,2026,2,13,Friday,Phone
9497,2024-08-07,Electronics,Bangalore,439,3,1317,2024,8,7,Wednesday,Shoes
9498,2024-07-01,Furniture,Mumbai,217,1,217,2024,7,1,Monday,Keyboard
9499,2025-03-10,Groceries,Mumbai,3024,3,9072,2025,3,10,Monday,Keyboard
9500,2025-05-19,Electronics,Bangalore,4700,1,4700,2025,5,19,Monday,Tablet
9501,2025-08-21,Furniture,Bangalore,4782,9,43038,2025,8,21,Thursday,Phone
9502,2024-07-31,Clothing,Hyderabad,1035,9,9315,2024,7,31,Wednesday,Camera
9503,2025-11-08,Clothing,Delhi,2108,7,14756,2025,11,8,Saturday,Bag
9504,2025-01-30,Groceries,Hyderabad,2966,3,8898,2025,1,30,Thursday,Camera
9505,2025-06-29,Sports,Bangalore,3118,9,28062,2025,6,29,Sunday,Laptop
9506,2026-05-09,Groceries,Bangalore,383,9,3447,2026,5,9,Saturday,Phone
9507,2024-10-31,Furniture,Bangalore,3248,10,32480,2024,10,31,Thursday,Headphones
9508,2025-03-30,Electronics,Hyderabad,4219,10,42190,2025,3,30,Sunday,Phone
9509,2024-10-06,Electronics,Hyderabad,3647,9,32823,2024,10,6,Sunday,Phone
9510,2026-03-04,Sports,Hyderabad,4537,6,27222,2026,3,4,Wednesday,Camera
9511,2024-11-01,Sports,Bangalore,822,5,4110,2024,11,1,Friday,Tablet
9512,2024-07-14,Groceries,Chennai,4887,7,34209,2024,7,14,Sunday,Tablet
9513,2026-02-13,Clothing,Bangalore,2642,5,13210,2026,2,13,Friday,Keyboard
9514,2025-09-25,Electronics,Mumbai,1939,3,5817,2025,9,25,Thursday,Camera
9515,2025-12-23,Groceries,Delhi,4115,10,41150,2025,12,23,Tuesday,Laptop
9516,2025-11-01,Clothing,Hyderabad,4115,7,28805,2025,11,1,Saturday,Camera
9517,2025-08-10,Furniture,Bangalore,514,8,4112,2025,8,10,Sunday,Laptop
9518,2025-05-17,Sports,Bangalore,3555,3,10665,2025,5,17,Saturday,Keyboard
9519,2024-09-01,Sports,Hyderabad,1321,4,5284,2024,9,1,Sunday,Phone
9520,2025-09-03,Sports,Delhi,2442,10,24420,2025,9,3,Wednesday,Phone
9521,2024-11-10,Furniture,Hyderabad,4420,7,30940,2024,11,10,Sunday,Camera
9522,2025-09-16,Clothing,Delhi,2091,6,12546,2025,9,16,Tuesday,Phone
9523,2026-05-06,Clothing,Mumbai,240,5,1200,2026,5,6,Wednesday,Phone
9524,2025-03-25,Groceries,Mumbai,1930,9,17370,2025,3,25,Tuesday,Camera
9525,2026-01-05,Sports,Delhi,595,4,2380,2026,1,5,Monday,Keyboard
9526,2025-01-25,Electronics,Bangalore,1363,5,6815,2025,1,25,Saturday,Bag
9527,2025-03-15,Sports,Mumbai,1285,6,7710,2025,3,15,Saturday,Keyboard
9528,2024-11-13,Groceries,Hyderabad,691,10,6910,2024,11,13,Wednesday,Tablet
9529,2025-08-26,Groceries,Delhi,1242,3,3726,2025,8,26,Tuesday,Phone
9530,2025-09-22,Groceries,Chennai,2746,3,8238,2025,9,22,Monday,Tablet
9531,2024-11-21,Sports,Hyderabad,3805,7,26635,2024,11,21,Thursday,Watch
9532,2026-01-10,Electronics,Mumbai,1646,10,16460,2026,1,10,Saturday,Tablet
9533,2025-04-01,Furniture,Mumbai,3037,2,6074,2025,4,1,Tuesday,Camera
9534,2026-06-20,Groceries,Hyderabad,4363,4,17452,2026,6,20,Saturday,Bag
9535,2024-07-08,Clothing,Chennai,929,7,6503,2024,7,8,Monday,Keyboard
9536,2025-12-06,Groceries,Delhi,929,2,1858,2025,12,6,Saturday,Keyboard
9537,2025-09-18,Furniture,Delhi,2896,1,2896,2025,9,18,Thursday,Keyboard
9538,2026-05-19,Sports,Chennai,2114,5,10570,2026,5,19,Tuesday,Tablet
9539,2024-07-31,Electronics,Delhi,1994,9,17946,2024,7,31,Wednesday,Bag
9540,2026-02-20,Sports,Bangalore,249,5,1245,2026,2,20,Friday,Laptop
9541,2025-08-14,Sports,Hyderabad,1304,5,6520,2025,8,14,Thursday,Shoes
9542,2024-09-06,Furniture,Chennai,3474,1,3474,2024,9,6,Friday,Laptop
9543,2024-07-12,Clothing,Chennai,4774,6,28644,2024,7,12,Friday,Bag
9544,2025-11-09,Clothing,Bangalore,3509,10,35090,2025,11,9,Sunday,Watch
9545,2026-05-30,Electronics,Chennai,4979,2,9958,2026,5,30,Saturday,Camera
9546,2025-11-24,Electronics,Hyderabad,1182,7,8274,2025,11,24,Monday,Keyboard
9547,2026-02-04,Sports,Hyderabad,1385,8,11080,2026,2,4,Wednesday,Shoes
9548,2024-09-24,Clothing,Bangalore,4216,8,33728,2024,9,24,Tuesday,Tablet
9549,2025-08-12,Sports,Chennai,2413,1,2413,2025,8,12,Tuesday,Headphones
9550,2025-05-03,Sports,Delhi,4013,3,12039,2025,5,3,Saturday,Phone
9551,2024-07-20,Clothing,Chennai,4394,4,17576,2024,7,20,Saturday,Headphones
9552,2024-12-16,Clothing,Bangalore,2151,2,4302,2024,12,16,Monday,Headphones
9553,2024-08-17,Groceries,Bangalore,2870,3,8610,2024,8,17,Saturday,Shoes
9554,2024-09-11,Electronics,Bangalore,1801,6,10806,2024,9,11,Wednesday,Watch
9555,2025-08-23,Electronics,Mumbai,1681,10,16810,2025,8,23,Saturday,Watch
9556,2026-02-09,Clothing,Delhi,3097,1,3097,2026,2,9,Monday,Shoes
9557,2026-05-09,Groceries,Chennai,1670,9,15030,2026,5,9,Saturday,Shoes
9558,2025-06-04,Furniture,Delhi,4589,3,13767,2025,6,4,Wednesday,Tablet
9559,2026-01-16,Furniture,Chennai,4525,2,9050,2026,1,16,Friday,Shoes
9560,2026-03-07,Groceries,Hyderabad,1736,3,5208,2026,3,7,Saturday,Shoes
9561,2025-09-24,Sports,Chennai,4662,7,32634,2025,9,24,Wednesday,Watch
9562,2026-03-01,Clothing,Hyderabad,1709,5,8545,2026,3,1,Sunday,Bag
9563,2025-01-25,Clothing,Chennai,1590,10,15900,2025,1,25,Saturday,Shoes
9564,2026-06-23,Groceries,Hyderabad,814,6,4884,2026,6,23,Tuesday,Tablet
9565,2025-06-12,Clothing,Mumbai,2111,9,18999,2025,6,12,Thursday,Watch
9566,2024-08-07,Electronics,Delhi,1140,10,11400,2024,8,7,Wednesday,Watch
9567,2026-03-07,Furniture,Chennai,2645,4,10580,2026,3,7,Saturday,Watch
9568,2025-02-11,Furniture,Hyderabad,3690,9,33210,2025,2,11,Tuesday,Keyboard
9569,2024-11-17,Sports,Hyderabad,134,10,1340,2024,11,17,Sunday,Watch
9570,2024-12-17,Furniture,Delhi,4211,8,33688,2024,12,17,Tuesday,Laptop
9571,2025-08-05,Furniture,Bangalore,4792,2,9584,2025,8,5,Tuesday,Tablet
9572,2026-02-15,Furniture,Hyderabad,3463,4,13852,2026,2,15,Sunday,Watch
9573,2026-05-24,Furniture,Bangalore,3502,8,28016,2026,5,24,Sunday,Laptop
9574,2024-10-04,Sports,Delhi,2566,7,17962,2024,10,4,Friday,Keyboard
9575,2025-10-14,Groceries,Chennai,3263,1,3263,2025,10,14,Tuesday,Camera
9576,2025-04-17,Clothing,Hyderabad,4799,7,33593,2025,4,17,Thursday,Headphones
9577,2024-12-12,Sports,Hyderabad,2978,6,17868,2024,12,12,Thursday,Laptop
9578,2026-06-14,Groceries,Mumbai,1608,5,8040,2026,6,14,Sunday,Shoes
9579,2024-09-05,Clothing,Hyderabad,4550,7,31850,2024,9,5,Thursday,Tablet
9580,2026-06-08,Clothing,Hyderabad,4104,9,36936,2026,6,8,Monday,Tablet
9581,2024-12-31,Groceries,Bangalore,1833,7,12831,2024,12,31,Tuesday,Headphones
9582,2024-08-29,Sports,Mumbai,2853,5,14265,2024,8,29,Thursday,Keyboard
9583,2025-05-16,Electronics,Mumbai,4101,4,16404,2025,5,16,Friday,Phone
9584,2025-04-18,Sports,Bangalore,1407,7,9849,2025,4,18,Friday,Laptop
9585,2026-06-12,Electronics,Delhi,105,3,315,2026,6,12,Friday,TV
9586,2025-03-02,Sports,Mumbai,2337,4,9348,2025,3,2,Sunday,Tablet
9587,2025-02-22,Furniture,Mumbai,677,3,2031,2025,2,22,Saturday,Shoes
9588,2024-10-27,Furniture,Mumbai,2315,10,23150,2024,10,27,Sunday,Keyboard
9589,2025-12-13,Groceries,Hyderabad,4632,5,23160,2025,12,13,Saturday,Tablet
9590,2025-10-24,Groceries,Delhi,2918,6,17508,2025,10,24,Friday,Laptop
9591,2025-10-22,Groceries,Hyderabad,4605,6,27630,2025,10,22,Wednesday,Phone
9592,2025-11-05,Clothing,Bangalore,4861,10,48610,2025,11,5,Wednesday,Laptop
9593,2024-10-05,Electronics,Chennai,1701,2,3402,2024,10,5,Saturday,TV
9594,2026-04-16,Electronics,Mumbai,4972,9,44748,2026,4,16,Thursday,TV
9595,2026-05-05,Electronics,Mumbai,2708,6,16248,2026,5,5,Tuesday,Tablet
9596,2026-05-14,Groceries,Mumbai,4472,3,13416,2026,5,14,Thursday,TV
9597,2026-04-01,Groceries,Mumbai,1478,7,10346,2026,4,1,Wednesday,Tablet
9598,2025-04-07,Sports,Mumbai,1883,9,16947,2025,4,7,Monday,Watch
9599,2025-12-17,Furniture,Mumbai,4337,10,43370,2025,12,17,Wednesday,Camera
9600,2025-08-27,Clothing,Hyderabad,1350,4,5400,2025,8,27,Wednesday,Keyboard
9601,2025-09-05,Groceries,Mumbai,4213,1,4213,2025,9,5,Friday,Laptop
9602,2026-01-14,Sports,Delhi,3229,4,12916,2026,1,14,Wednesday,Camera
9603,2024-11-05,Furniture,Bangalore,2159,9,19431,2024,11,5,Tuesday,Camera
9604,2024-09-04,Clothing,Hyderabad,2601,10,26010,2024,9,4,Wednesday,TV
9605,2025-09-30,Clothing,Chennai,2794,1,2794,2025,9,30,Tuesday,Headphones
9606,2026-04-26,Groceries,Bangalore,3988,4,15952,2026,4,26,Sunday,Bag
9607,2025-09-17,Sports,Bangalore,4465,8,35720,2025,9,17,Wednesday,TV
9608,2024-09-02,Groceries,Mumbai,3921,8,31368,2024,9,2,Monday,Shoes
9609,2025-10-04,Clothing,Delhi,4853,9,43677,2025,10,4,Saturday,Headphones
9610,2025-06-11,Clothing,Mumbai,3845,5,19225,2025,6,11,Wednesday,Laptop
9611,2024-09-24,Furniture,Mumbai,3939,8,31512,2024,9,24,Tuesday,Bag
9612,2025-04-02,Clothing,Hyderabad,4683,3,14049,2025,4,2,Wednesday,Headphones
9613,2025-03-27,Groceries,Bangalore,279,5,1395,2025,3,27,Thursday,Tablet
9614,2026-06-18,Sports,Bangalore,2758,5,13790,2026,6,18,Thursday,Bag
9615,2024-09-29,Sports,Mumbai,1708,10,17080,2024,9,29,Sunday,Tablet
9616,2026-06-23,Furniture,Chennai,1060,10,10600,2026,6,23,Tuesday,Tablet
9617,2025-11-15,Electronics,Delhi,4494,5,22470,2025,11,15,Saturday,Headphones
9618,2025-11-26,Groceries,Delhi,347,2,694,2025,11,26,Wednesday,Keyboard
9619,2025-12-08,Sports,Chennai,3169,7,22183,2025,12,8,Monday,TV
9620,2026-05-15,Electronics,Chennai,1130,5,5650,2026,5,15,Friday,TV
9621,2026-01-12,Electronics,Hyderabad,4497,5,22485,2026,1,12,Monday,Camera
9622,2025-01-14,Electronics,Delhi,4466,2,8932,2025,1,14,Tuesday,Watch
9623,2025-12-25,Furniture,Chennai,2862,8,22896,2025,12,25,Thursday,Camera
9624,2025-12-18,Electronics,Hyderabad,483,3,1449,2025,12,18,Thursday,Phone
9625,2025-02-20,Sports,Hyderabad,2516,2,5032,2025,2,20,Thursday,Phone
9626,2025-10-05,Groceries,Chennai,4844,3,14532,2025,10,5,Sunday,Phone
9627,2026-03-15,Electronics,Hyderabad,4984,8,39872,2026,3,15,Sunday,Phone
9628,2024-08-27,Sports,Mumbai,4759,3,14277,2024,8,27,Tuesday,Watch
9629,2024-11-30,Sports,Hyderabad,1177,7,8239,2024,11,30,Saturday,Phone
9630,2025-01-01,Electronics,Delhi,2019,8,16152,2025,1,1,Wednesday,Phone
9631,2025-06-22,Groceries,Hyderabad,4850,6,29100,2025,6,22,Sunday,Camera
9632,2025-04-17,Electronics,Chennai,2428,9,21852,2025,4,17,Thursday,Bag
9633,2025-10-05,Groceries,Bangalore,2361,7,16527,2025,10,5,Sunday,Tablet
9634,2024-08-24,Clothing,Chennai,4738,10,47380,2024,8,24,Saturday,Laptop
9635,2024-11-02,Furniture,Mumbai,680,3,2040,2024,11,2,Saturday,Shoes
9636,2024-12-04,Electronics,Chennai,792,9,7128,2024,12,4,Wednesday,Laptop
9637,2024-07-16,Clothing,Bangalore,1210,3,3630,2024,7,16,Tuesday,TV
9638,2025-05-06,Electronics,Bangalore,575,10,5750,2025,5,6,Tuesday,Phone
9639,2024-09-14,Sports,Bangalore,4768,2,9536,2024,9,14,Saturday,Phone
9640,2026-06-04,Electronics,Mumbai,502,1,502,2026,6,4,Thursday,TV
9641,2026-03-22,Sports,Delhi,939,4,3756,2026,3,22,Sunday,Phone
9642,2024-10-21,Sports,Delhi,3018,8,24144,2024,10,21,Monday,Phone
9643,2026-05-23,Groceries,Mumbai,4063,2,8126,2026,5,23,Saturday,Headphones
9644,2024-12-05,Sports,Bangalore,1440,3,4320,2024,12,5,Thursday,Laptop
9645,2024-07-07,Clothing,Mumbai,2753,9,24777,2024,7,7,Sunday,Tablet
9646,2025-04-01,Clothing,Bangalore,1649,7,11543,2025,4,1,Tuesday,Shoes
9647,2025-03-02,Groceries,Hyderabad,4541,2,9082,2025,3,2,Sunday,Watch
9648,2026-04-17,Furniture,Hyderabad,4103,7,28721,2026,4,17,Friday,Keyboard
9649,2025-12-20,Electronics,Chennai,698,5,3490,2025,12,20,Saturday,Phone
9650,2024-11-18,Groceries,Mumbai,1394,1,1394,2024,11,18,Monday,Bag
9651,2026-05-19,Electronics,Chennai,1573,3,4719,2026,5,19,Tuesday,Laptop
9652,2025-07-10,Sports,Chennai,2761,7,19327,2025,7,10,Thursday,Camera
9653,2025-06-12,Electronics,Delhi,916,7,6412,2025,6,12,Thursday,Headphones
9654,2025-11-08,Groceries,Bangalore,185,10,1850,2025,11,8,Saturday,Camera
9655,2025-08-31,Clothing,Hyderabad,3424,5,17120,2025,8,31,Sunday,Tablet
9656,2026-03-19,Groceries,Hyderabad,2714,4,10856,2026,3,19,Thursday,Laptop
9657,2026-02-05,Electronics,Bangalore,1962,5,9810,2026,2,5,Thursday,Phone
9658,2026-02-15,Clothing,Hyderabad,2579,6,15474,2026,2,15,Sunday,Camera
9659,2024-11-03,Sports,Hyderabad,4901,9,44109,2024,11,3,Sunday,Shoes
9660,2024-08-26,Furniture,Mumbai,1285,4,5140,2024,8,26,Monday,TV
9661,2024-10-08,Furniture,Delhi,1071,4,4284,2024,10,8,Tuesday,Shoes
9662,2024-12-19,Clothing,Mumbai,3846,10,38460,2024,12,19,Thursday,Watch
9663,2025-06-11,Groceries,Bangalore,2775,1,2775,2025,6,11,Wednesday,Phone
9664,2025-10-23,Groceries,Mumbai,1583,1,1583,2025,10,23,Thursday,TV
9665,2025-09-01,Sports,Bangalore,1113,3,3339,2025,9,1,Monday,TV
9666,2025-08-15,Groceries,Hyderabad,4092,1,4092,2025,8,15,Friday,Shoes
9667,2024-08-13,Furniture,Delhi,310,8,2480,2024,8,13,Tuesday,Tablet
9668,2025-06-16,Furniture,Bangalore,1440,9,12960,2025,6,16,Monday,Phone
9669,2025-08-11,Furniture,Mumbai,1164,6,6984,2025,8,11,Monday,Keyboard
9670,2026-05-18,Furniture,Hyderabad,2545,5,12725,2026,5,18,Monday,Headphones
9671,2026-03-21,Furniture,Delhi,3678,5,18390,2026,3,21,Saturday,Phone
9672,2026-06-15,Groceries,Hyderabad,2791,3,8373,2026,6,15,Monday,Bag
9673,2025-06-21,Clothing,Bangalore,3045,3,9135,2025,6,21,Saturday,Headphones
9674,2026-04-27,Sports,Bangalore,1916,1,1916,2026,4,27,Monday,Keyboard
9675,2024-12-21,Furniture,Chennai,4688,3,14064,2024,12,21,Saturday,TV
9676,2025-05-18,Clothing,Delhi,3631,9,32679,2025,5,18,Sunday,Camera
9677,2025-01-09,Furniture,Delhi,3455,6,20730,2025,1,9,Thursday,Headphones
9678,2024-11-03,Clothing,Mumbai,2421,6,14526,2024,11,3,Sunday,Watch
9679,2024-12-09,Clothing,Mumbai,3503,9,31527,2024,12,9,Monday,Shoes
9680,2025-01-31,Furniture,Bangalore,2003,1,2003,2025,1,31,Friday,TV
9681,2025-04-21,Groceries,Delhi,336,8,2688,2025,4,21,Monday,Phone
9682,2026-03-09,Clothing,Delhi,1134,2,2268,2026,3,9,Monday,Shoes
9683,2025-01-11,Furniture,Mumbai,2769,10,27690,2025,1,11,Saturday,Bag
9684,2026-03-22,Sports,Hyderabad,1809,4,7236,2026,3,22,Sunday,Watch
9685,2025-12-20,Groceries,Mumbai,4307,4,17228,2025,12,20,Saturday,Watch
9686,2026-04-18,Electronics,Mumbai,1755,7,12285,2026,4,18,Saturday,Laptop
9687,2025-03-17,Electronics,Mumbai,3423,2,6846,2025,3,17,Monday,Laptop
9688,2024-06-28,Sports,Delhi,1373,7,9611,2024,6,28,Friday,Phone
9689,2026-05-31,Groceries,Delhi,3730,5,18650,2026,5,31,Sunday,Camera
9690,2025-07-29,Furniture,Chennai,951,5,4755,2025,7,29,Tuesday,Keyboard
9691,2025-06-26,Electronics,Hyderabad,4781,2,9562,2025,6,26,Thursday,Shoes
9692,2024-11-22,Groceries,Chennai,4367,6,26202,2024,11,22,Friday,Watch
9693,2025-08-05,Clothing,Chennai,1592,3,4776,2025,8,5,Tuesday,Tablet
9694,2025-11-30,Clothing,Delhi,3692,7,25844,2025,11,30,Sunday,Bag
9695,2024-08-07,Groceries,Chennai,845,2,1690,2024,8,7,Wednesday,Phone
9696,2024-11-13,Furniture,Hyderabad,4101,8,32808,2024,11,13,Wednesday,Headphones
9697,2026-01-14,Electronics,Hyderabad,2138,9,19242,2026,1,14,Wednesday,Bag
9698,2025-03-03,Clothing,Delhi,4204,5,21020,2025,3,3,Monday,Shoes
9699,2025-02-22,Furniture,Hyderabad,2308,4,9232,2025,2,22,Saturday,Headphones
9700,2026-01-25,Sports,Chennai,3073,6,18438,2026,1,25,Sunday,Shoes
9701,2025-02-04,Clothing,Delhi,432,2,864,2025,2,4,Tuesday,Shoes
9702,2026-01-11,Sports,Mumbai,4950,4,19800,2026,1,11,Sunday,TV
9703,2024-07-07,Electronics,Hyderabad,1790,1,1790,2024,7,7,Sunday,Shoes
9704,2026-01-18,Furniture,Bangalore,3644,10,36440,2026,1,18,Sunday,Headphones
9705,2026-06-22,Electronics,Bangalore,3537,7,24759,2026,6,22,Monday,Camera
9706,2024-08-09,Electronics,Bangalore,4864,2,9728,2024,8,9,Friday,Tablet
9707,2025-05-01,Furniture,Chennai,1255,5,6275,2025,5,1,Thursday,Tablet
9708,2026-05-30,Groceries,Delhi,2959,5,14795,2026,5,30,Saturday,Headphones
9709,2025-05-02,Furniture,Hyderabad,1799,9,16191,2025,5,2,Friday,Laptop
9710,2024-12-28,Clothing,Chennai,1404,9,12636,2024,12,28,Saturday,Tablet
9711,2026-02-20,Electronics,Mumbai,2307,2,4614,2026,2,20,Friday,Phone
9712,2024-11-17,Clothing,Mumbai,1006,1,1006,2024,11,17,Sunday,Tablet
9713,2025-01-16,Electronics,Bangalore,4482,10,44820,2025,1,16,Thursday,Camera
9714,2025-09-25,Clothing,Hyderabad,2288,1,2288,2025,9,25,Thursday,Camera
9715,2025-08-19,Groceries,Hyderabad,142,4,568,2025,8,19,Tuesday,TV
9716,2024-08-08,Electronics,Chennai,4137,7,28959,2024,8,8,Thursday,Watch
9717,2024-10-13,Furniture,Delhi,1368,2,2736,2024,10,13,Sunday,Laptop
9718,2025-09-07,Clothing,Chennai,2975,9,26775,2025,9,7,Sunday,Headphones
9719,2024-07-16,Sports,Bangalore,3463,3,10389,2024,7,16,Tuesday,TV
9720,2026-04-27,Groceries,Chennai,3518,1,3518,2026,4,27,Monday,Headphones
9721,2025-12-28,Furniture,Chennai,295,6,1770,2025,12,28,Sunday,Laptop
9722,2025-09-14,Sports,Delhi,4737,8,37896,2025,9,14,Sunday,Tablet
9723,2025-07-22,Clothing,Delhi,219,8,1752,2025,7,22,Tuesday,Camera
9724,2026-03-03,Clothing,Hyderabad,1114,7,7798,2026,3,3,Tuesday,Camera
9725,2025-07-07,Sports,Hyderabad,3886,10,38860,2025,7,7,Monday,Camera
9726,2025-03-21,Electronics,Chennai,2160,9,19440,2025,3,21,Friday,Keyboard
9727,2024-11-01,Groceries,Delhi,2588,5,12940,2024,11,1,Friday,Shoes
9728,2025-05-17,Groceries,Mumbai,3188,4,12752,2025,5,17,Saturday,Bag
9729,2024-11-18,Clothing,Delhi,4836,4,19344,2024,11,18,Monday,Tablet
9730,2024-08-02,Clothing,Chennai,3691,9,33219,2024,8,2,Friday,Headphones
9731,2025-11-08,Clothing,Delhi,4283,1,4283,2025,11,8,Saturday,Watch
9732,2025-08-27,Groceries,Bangalore,2534,8,20272,2025,8,27,Wednesday,Bag
9733,2024-11-18,Electronics,Chennai,2062,4,8248,2024,11,18,Monday,Tablet
9734,2025-05-05,Electronics,Delhi,2155,5,10775,2025,5,5,Monday,Shoes
9735,2026-05-10,Groceries,Bangalore,2830,5,14150,2026,5,10,Sunday,Phone
9736,2024-12-16,Groceries,Delhi,4548,7,31836,2024,12,16,Monday,Bag
9737,2025-07-29,Clothing,Delhi,4251,8,34008,2025,7,29,Tuesday,TV
9738,2024-07-16,Sports,Chennai,3336,6,20016,2024,7,16,Tuesday,Camera
9739,2026-03-11,Clothing,Bangalore,2921,8,23368,2026,3,11,Wednesday,Keyboard
9740,2026-03-10,Groceries,Bangalore,2807,7,19649,2026,3,10,Tuesday,Shoes
9741,2026-03-29,Groceries,Hyderabad,1227,10,12270,2026,3,29,Sunday,TV
9742,2024-10-20,Clothing,Delhi,2146,4,8584,2024,10,20,Sunday,Phone
9743,2025-08-25,Sports,Chennai,402,5,2010,2025,8,25,Monday,Keyboard
9744,2025-02-08,Clothing,Chennai,503,6,3018,2025,2,8,Saturday,Headphones
9745,2025-04-10,Electronics,Mumbai,2999,2,5998,2025,4,10,Thursday,Phone
9746,2025-11-15,Furniture,Bangalore,4345,1,4345,2025,11,15,Saturday,Tablet
9747,2025-10-22,Furniture,Mumbai,3744,1,3744,2025,10,22,Wednesday,Tablet
9748,2025-11-05,Furniture,Mumbai,4408,1,4408,2025,11,5,Wednesday,Phone
9749,2025-05-04,Furniture,Chennai,2835,8,22680,2025,5,4,Sunday,TV
9750,2025-05-22,Sports,Bangalore,4327,6,25962,2025,5,22,Thursday,Shoes
9751,2025-08-24,Clothing,Chennai,229,7,1603,2025,8,24,Sunday,Camera
9752,2025-02-05,Furniture,Hyderabad,3174,10,31740,2025,2,5,Wednesday,Laptop
9753,2025-10-29,Furniture,Chennai,351,4,1404,2025,10,29,Wednesday,Headphones
9754,2025-09-25,Clothing,Chennai,280,3,840,2025,9,25,Thursday,Tablet
9755,2024-09-10,Furniture,Mumbai,4821,1,4821,2024,9,10,Tuesday,Phone
9756,2025-09-14,Clothing,Mumbai,3874,2,7748,2025,9,14,Sunday,Laptop
9757,2025-12-20,Sports,Chennai,3825,2,7650,2025,12,20,Saturday,Tablet
9758,2026-01-14,Clothing,Bangalore,3950,1,3950,2026,1,14,Wednesday,TV
9759,2024-10-09,Sports,Bangalore,232,5,1160,2024,10,9,Wednesday,TV
9760,2025-12-14,Clothing,Hyderabad,2344,6,14064,2025,12,14,Sunday,Bag
9761,2025-11-29,Furniture,Chennai,3442,2,6884,2025,11,29,Saturday,Camera
9762,2025-07-06,Clothing,Bangalore,1551,4,6204,2025,7,6,Sunday,Camera
9763,2026-06-17,Clothing,Mumbai,3180,6,19080,2026,6,17,Wednesday,Keyboard
9764,2025-08-16,Groceries,Delhi,1594,1,1594,2025,8,16,Saturday,TV
9765,2026-02-04,Clothing,Hyderabad,127,7,889,2026,2,4,Wednesday,Tablet
9766,2025-01-04,Electronics,Hyderabad,2910,6,17460,2025,1,4,Saturday,Shoes
9767,2026-03-30,Groceries,Hyderabad,204,9,1836,2026,3,30,Monday,Phone
9768,2024-09-29,Electronics,Bangalore,171,6,1026,2024,9,29,Sunday,Tablet
9769,2025-05-06,Groceries,Hyderabad,3224,2,6448,2025,5,6,Tuesday,Shoes
9770,2024-08-18,Groceries,Mumbai,708,9,6372,2024,8,18,Sunday,Headphones
9771,2025-02-01,Electronics,Mumbai,1410,2,2820,2025,2,1,Saturday,Keyboard
9772,2024-09-18,Furniture,Delhi,525,7,3675,2024,9,18,Wednesday,Bag
9773,2026-05-14,Groceries,Hyderabad,4282,6,25692,2026,5,14,Thursday,Phone
9774,2024-09-14,Groceries,Delhi,3712,2,7424,2024,9,14,Saturday,Bag
9775,2024-07-27,Furniture,Bangalore,1647,3,4941,2024,7,27,Saturday,Laptop
9776,2026-01-21,Groceries,Delhi,2805,4,11220,2026,1,21,Wednesday,Keyboard
9777,2025-03-08,Groceries,Delhi,1050,4,4200,2025,3,8,Saturday,Headphones
9778,2026-05-04,Groceries,Mumbai,140,7,980,2026,5,4,Monday,Tablet
9779,2026-06-14,Furniture,Delhi,3898,5,19490,2026,6,14,Sunday,Keyboard
9780,2025-09-20,Clothing,Chennai,1667,5,8335,2025,9,20,Saturday,Shoes
9781,2025-05-20,Clothing,Hyderabad,4084,1,4084,2025,5,20,Tuesday,Headphones
9782,2025-12-15,Sports,Chennai,343,10,3430,2025,12,15,Monday,TV
9783,2024-12-16,Clothing,Hyderabad,4239,1,4239,2024,12,16,Monday,Bag
9784,2026-02-27,Clothing,Bangalore,1032,7,7224,2026,2,27,Friday,TV
9785,2025-09-16,Sports,Chennai,3855,3,11565,2025,9,16,Tuesday,Watch
9786,2025-07-20,Clothing,Delhi,971,5,4855,2025,7,20,Sunday,TV
9787,2024-08-12,Groceries,Mumbai,2888,9,25992,2024,8,12,Monday,Headphones
9788,2026-01-14,Electronics,Bangalore,1968,7,13776,2026,1,14,Wednesday,Bag
9789,2025-11-06,Electronics,Chennai,1650,1,1650,2025,11,6,Thursday,Laptop
9790,2026-02-16,Groceries,Delhi,1437,10,14370,2026,2,16,Monday,TV
9791,2026-03-31,Electronics,Delhi,2511,9,22599,2026,3,31,Tuesday,TV
9792,2025-06-27,Electronics,Delhi,3994,4,15976,2025,6,27,Friday,Watch
9793,2025-07-24,Clothing,Mumbai,3935,1,3935,2025,7,24,Thursday,Phone
9794,2025-05-21,Sports,Chennai,374,2,748,2025,5,21,Wednesday,Bag
9795,2025-05-28,Furniture,Delhi,3386,6,20316,2025,5,28,Wednesday,Bag
9796,2025-01-31,Groceries,Bangalore,2125,10,21250,2025,1,31,Friday,Keyboard
9797,2025-02-25,Electronics,Hyderabad,2060,3,6180,2025,2,25,Tuesday,Headphones
9798,2025-08-22,Furniture,Delhi,1412,2,2824,2025,8,22,Friday,Watch
9799,2026-01-24,Clothing,Bangalore,4874,5,24370,2026,1,24,Saturday,TV
9800,2024-11-18,Clothing,Mumbai,2956,3,8868,2024,11,18,Monday,Keyboard
9801,2024-10-30,Groceries,Delhi,884,5,4420,2024,10,30,Wednesday,Shoes
9802,2025-05-12,Clothing,Delhi,3046,2,6092,2025,5,12,Monday,Tablet
9803,2025-08-10,Furniture,Chennai,4485,7,31395,2025,8,10,Sunday,Bag
9804,2026-02-02,Sports,Bangalore,3007,1,3007,2026,2,2,Monday,Tablet
9805,2025-01-22,Electronics,Chennai,654,4,2616,2025,1,22,Wednesday,Phone
9806,2026-05-29,Groceries,Mumbai,3497,2,6994,2026,5,29,Friday,Tablet
9807,2025-07-11,Sports,Bangalore,2380,8,19040,2025,7,11,Friday,Shoes
9808,2024-11-21,Clothing,Delhi,3784,9,34056,2024,11,21,Thursday,Laptop
9809,2025-03-21,Electronics,Delhi,824,3,2472,2025,3,21,Friday,Bag
9810,2024-12-22,Sports,Chennai,3356,5,16780,2024,12,22,Sunday,Laptop
9811,2024-10-15,Groceries,Delhi,3294,6,19764,2024,10,15,Tuesday,Camera
9812,2026-03-13,Electronics,Hyderabad,4987,5,24935,2026,3,13,Friday,Shoes
9813,2025-03-31,Clothing,Chennai,1030,6,6180,2025,3,31,Monday,Tablet
9814,2026-02-14,Furniture,Mumbai,3055,3,9165,2026,2,14,Saturday,Headphones
9815,2025-08-21,Furniture,Mumbai,596,10,5960,2025,8,21,Thursday,Headphones
9816,2024-10-11,Sports,Mumbai,3248,4,12992,2024,10,11,Friday,Headphones
9817,2025-09-08,Electronics,Chennai,3548,1,3548,2025,9,8,Monday,Phone
9818,2025-05-31,Furniture,Mumbai,4313,2,8626,2025,5,31,Saturday,Tablet
9819,2025-03-16,Clothing,Chennai,516,9,4644,2025,3,16,Sunday,Phone
9820,2024-08-12,Furniture,Mumbai,1379,1,1379,2024,8,12,Monday,Phone
9821,2025-03-21,Clothing,Chennai,1382,4,5528,2025,3,21,Friday,TV
9822,2024-07-23,Furniture,Chennai,3651,10,36510,2024,7,23,Tuesday,TV
9823,2025-12-10,Clothing,Delhi,1034,10,10340,2025,12,10,Wednesday,Keyboard
9824,2025-01-14,Clothing,Chennai,1362,10,13620,2025,1,14,Tuesday,TV
9825,2025-06-22,Groceries,Hyderabad,4115,5,20575,2025,6,22,Sunday,Laptop
9826,2025-01-21,Furniture,Chennai,4423,10,44230,2025,1,21,Tuesday,Keyboard
9827,2025-11-03,Electronics,Bangalore,1979,5,9895,2025,11,3,Monday,TV
9828,2024-07-26,Clothing,Delhi,1741,7,12187,2024,7,26,Friday,Watch
9829,2024-10-07,Electronics,Bangalore,3329,7,23303,2024,10,7,Monday,Shoes
9830,2025-08-19,Sports,Hyderabad,2874,6,17244,2025,8,19,Tuesday,Laptop
9831,2025-07-28,Furniture,Bangalore,142,3,426,2025,7,28,Monday,Phone
9832,2025-11-01,Clothing,Mumbai,2146,4,8584,2025,11,1,Saturday,Camera
9833,2026-05-18,Groceries,Hyderabad,444,10,4440,2026,5,18,Monday,TV
9834,2024-11-19,Electronics,Mumbai,1206,3,3618,2024,11,19,Tuesday,Phone
9835,2025-07-12,Sports,Mumbai,3927,4,15708,2025,7,12,Saturday,Camera
9836,2024-11-28,Clothing,Mumbai,1950,4,7800,2024,11,28,Thursday,Shoes
9837,2025-05-28,Furniture,Delhi,4073,4,16292,2025,5,28,Wednesday,Headphones
9838,2025-12-07,Groceries,Mumbai,1333,7,9331,2025,12,7,Sunday,Watch
9839,2024-11-20,Groceries,Bangalore,2596,6,15576,2024,11,20,Wednesday,Phone
9840,2026-04-12,Sports,Mumbai,1105,5,5525,2026,4,12,Sunday,Bag
9841,2026-03-08,Sports,Chennai,862,1,862,2026,3,8,Sunday,Tablet
9842,2025-07-14,Groceries,Hyderabad,1435,10,14350,2025,7,14,Monday,Watch
9843,2025-02-19,Electronics,Mumbai,4326,5,21630,2025,2,19,Wednesday,TV
9844,2025-05-29,Groceries,Delhi,4193,9,37737,2025,5,29,Thursday,TV
9845,2026-02-17,Groceries,Chennai,840,10,8400,2026,2,17,Tuesday,Tablet
9846,2026-01-02,Clothing,Chennai,2723,9,24507,2026,1,2,Friday,Headphones
9847,2025-09-27,Furniture,Mumbai,278,1,278,2025,9,27,Saturday,Shoes
9848,2024-10-10,Groceries,Bangalore,3774,7,26418,2024,10,10,Thursday,Camera
9849,2025-04-09,Groceries,Delhi,3514,4,14056,2025,4,9,Wednesday,Headphones
9850,2026-03-08,Furniture,Mumbai,3708,3,11124,2026,3,8,Sunday,Camera
9851,2025-12-12,Furniture,Delhi,1168,7,8176,2025,12,12,Friday,Watch
9852,2026-06-12,Groceries,Delhi,3902,10,39020,2026,6,12,Friday,Watch
9853,2025-02-06,Furniture,Delhi,4853,10,48530,2025,2,6,Thursday,Headphones
9854,2025-11-17,Clothing,Hyderabad,2200,7,15400,2025,11,17,Monday,Shoes
9855,2024-07-31,Electronics,Chennai,2327,9,20943,2024,7,31,Wednesday,Watch
9856,2026-05-19,Furniture,Hyderabad,851,5,4255,2026,5,19,Tuesday,Bag
9857,2024-10-17,Furniture,Delhi,4655,6,27930,2024,10,17,Thursday,Headphones
9858,2026-03-24,Sports,Mumbai,4889,2,9778,2026,3,24,Tuesday,Phone
9859,2025-10-06,Electronics,Bangalore,4166,4,16664,2025,10,6,Monday,Camera
9860,2025-09-02,Furniture,Hyderabad,768,6,4608,2025,9,2,Tuesday,Keyboard
9861,2025-11-16,Groceries,Hyderabad,2389,7,16723,2025,11,16,Sunday,Laptop
9862,2026-03-04,Groceries,Chennai,1483,1,1483,2026,3,4,Wednesday,Phone
9863,2024-11-26,Groceries,Chennai,1793,4,7172,2024,11,26,Tuesday,Keyboard
9864,2025-04-09,Clothing,Mumbai,1371,5,6855,2025,4,9,Wednesday,Bag
9865,2025-03-27,Electronics,Chennai,410,5,2050,2025,3,27,Thursday,Laptop
9866,2026-01-02,Sports,Chennai,302,7,2114,2026,1,2,Friday,Bag
9867,2025-06-06,Sports,Chennai,3549,5,17745,2025,6,6,Friday,TV
9868,2024-12-29,Electronics,Chennai,1001,2,2002,2024,12,29,Sunday,Bag
9869,2026-04-23,Sports,Bangalore,1675,3,5025,2026,4,23,Thursday,Watch
9870,2024-10-12,Groceries,Chennai,1406,4,5624,2024,10,12,Saturday,Shoes
9871,2025-03-24,Furniture,Mumbai,3381,5,16905,2025,3,24,Monday,Tablet
9872,2024-09-24,Electronics,Bangalore,3825,6,22950,2024,9,24,Tuesday,Keyboard
9873,2024-07-22,Clothing,Chennai,1705,5,8525,2024,7,22,Monday,Shoes
9874,2025-06-28,Electronics,Bangalore,4980,8,39840,2025,6,28,Saturday,Shoes
9875,2025-05-28,Clothing,Hyderabad,4627,1,4627,2025,5,28,Wednesday,TV
9876,2025-01-19,Electronics,Bangalore,4465,4,17860,2025,1,19,Sunday,Watch
9877,2024-10-23,Furniture,Bangalore,546,5,2730,2024,10,23,Wednesday,Shoes
9878,2025-07-10,Electronics,Bangalore,2554,10,25540,2025,7,10,Thursday,TV
9879,2025-01-10,Electronics,Delhi,3421,10,34210,2025,1,10,Friday,Camera
9880,2025-06-01,Groceries,Hyderabad,2465,10,24650,2025,6,1,Sunday,Bag
9881,2025-01-09,Clothing,Bangalore,1006,8,8048,2025,1,9,Thursday,Phone
9882,2026-03-31,Electronics,Delhi,3551,6,21306,2026,3,31,Tuesday,Camera
9883,2025-10-01,Clothing,Chennai,2401,6,14406,2025,10,1,Wednesday,Keyboard
9884,2025-06-21,Sports,Delhi,2566,2,5132,2025,6,21,Saturday,Keyboard
9885,2025-11-18,Clothing,Chennai,2948,2,5896,2025,11,18,Tuesday,TV
9886,2026-01-15,Sports,Mumbai,3580,7,25060,2026,1,15,Thursday,Phone
9887,2025-05-25,Clothing,Chennai,225,5,1125,2025,5,25,Sunday,Camera
9888,2025-06-10,Groceries,Mumbai,2253,6,13518,2025,6,10,Tuesday,Camera
9889,2026-04-01,Groceries,Hyderabad,4923,4,19692,2026,4,1,Wednesday,Bag
9890,2026-06-25,Groceries,Delhi,3854,9,34686,2026,6,25,Thursday,TV
9891,2026-06-04,Furniture,Mumbai,3119,5,15595,2026,6,4,Thursday,Laptop
9892,2026-01-10,Furniture,Chennai,2001,8,16008,2026,1,10,Saturday,Shoes
9893,2024-07-27,Sports,Bangalore,2979,1,2979,2024,7,27,Saturday,Keyboard
9894,2026-03-26,Furniture,Mumbai,4117,6,24702,2026,3,26,Thursday,Tablet
9895,2026-02-14,Clothing,Mumbai,2024,10,20240,2026,2,14,Saturday,Laptop
9896,2025-04-04,Groceries,Hyderabad,2176,6,13056,2025,4,4,Friday,TV
9897,2026-03-24,Sports,Delhi,2922,2,5844,2026,3,24,Tuesday,Laptop
9898,2025-04-29,Furniture,Bangalore,1446,9,13014,2025,4,29,Tuesday,Shoes
9899,2025-10-09,Sports,Bangalore,758,3,2274,2025,10,9,Thursday,Tablet
9900,2025-09-07,Electronics,Mumbai,2799,8,22392,2025,9,7,Sunday,Keyboard
9901,2025-11-08,Electronics,Mumbai,1547,1,1547,2025,11,8,Saturday,Bag
9902,2025-11-19,Electronics,Bangalore,389,3,1167,2025,11,19,Wednesday,Laptop
9903,2025-02-21,Sports,Hyderabad,3605,1,3605,2025,2,21,Friday,TV
9904,2026-06-15,Clothing,Chennai,3124,6,18744,2026,6,15,Monday,Keyboard
9905,2024-10-08,Clothing,Hyderabad,3296,1,3296,2024,10,8,Tuesday,TV
9906,2025-05-02,Furniture,Mumbai,3933,1,3933,2025,5,2,Friday,TV
9907,2025-11-04,Electronics,Bangalore,816,6,4896,2025,11,4,Tuesday,Phone
9908,2024-07-09,Groceries,Chennai,2269,1,2269,2024,7,9,Tuesday,Camera
9909,2025-08-12,Clothing,Delhi,992,5,4960,2025,8,12,Tuesday,Keyboard
9910,2025-04-25,Clothing,Chennai,560,9,5040,2025,4,25,Friday,Watch
9911,2025-03-05,Electronics,Bangalore,2259,9,20331,2025,3,5,Wednesday,Bag
9912,2025-05-31,Clothing,Bangalore,2680,3,8040,2025,5,31,Saturday,Camera
9913,2025-12-24,Clothing,Bangalore,4297,6,25782,2025,12,24,Wednesday,Phone
9914,2025-04-28,Sports,Delhi,3258,4,13032,2025,4,28,Monday,Shoes
9915,2024-09-24,Electronics,Hyderabad,1293,6,7758,2024,9,24,Tuesday,Phone
9916,2025-10-30,Groceries,Bangalore,3323,7,23261,2025,10,30,Thursday,Headphones
9917,2025-10-09,Clothing,Chennai,3686,6,22116,2025,10,9,Thursday,Laptop
9918,2025-09-24,Electronics,Chennai,1866,10,18660,2025,9,24,Wednesday,Bag
9919,2025-07-19,Clothing,Bangalore,1454,2,2908,2025,7,19,Saturday,Headphones
9920,2026-05-04,Clothing,Hyderabad,3816,6,22896,2026,5,4,Monday,TV
9921,2026-04-25,Furniture,Delhi,1855,5,9275,2026,4,25,Saturday,Phone
9922,2025-01-15,Sports,Chennai,4597,1,4597,2025,1,15,Wednesday,Shoes
9923,2024-10-27,Clothing,Delhi,2866,5,14330,2024,10,27,Sunday,Laptop
9924,2025-04-02,Sports,Chennai,1094,4,4376,2025,4,2,Wednesday,Bag
9925,2026-06-24,Electronics,Hyderabad,4508,10,45080,2026,6,24,Wednesday,Phone
9926,2025-02-14,Sports,Mumbai,3125,1,3125,2025,2,14,Friday,Keyboard
9927,2025-01-12,Furniture,Hyderabad,2495,4,9980,2025,1,12,Sunday,TV
9928,2024-11-21,Sports,Hyderabad,1958,1,1958,2024,11,21,Thursday,Bag
9929,2025-02-23,Sports,Bangalore,2527,4,10108,2025,2,23,Sunday,Phone
9930,2025-11-14,Furniture,Hyderabad,3838,9,34542,2025,11,14,Friday,Keyboard
9931,2024-09-03,Groceries,Mumbai,3180,3,9540,2024,9,3,Tuesday,Camera
9932,2025-11-19,Clothing,Delhi,4131,3,12393,2025,11,19,Wednesday,Keyboard
9933,2025-02-17,Groceries,Bangalore,4204,2,8408,2025,2,17,Monday,Camera
9934,2025-06-30,Electronics,Delhi,2968,6,17808,2025,6,30,Monday,Laptop
9935,2024-10-27,Groceries,Hyderabad,2656,5,13280,2024,10,27,Sunday,Laptop
9936,2024-09-18,Groceries,Hyderabad,4513,8,36104,2024,9,18,Wednesday,Phone
9937,2025-06-23,Clothing,Hyderabad,2445,2,4890,2025,6,23,Monday,TV
9938,2025-08-26,Furniture,Mumbai,952,6,5712,2025,8,26,Tuesday,Keyboard
9939,2024-07-05,Sports,Delhi,393,2,786,2024,7,5,Friday,Tablet
9940,2025-09-30,Sports,Hyderabad,871,10,8710,2025,9,30,Tuesday,Tablet
9941,2026-04-15,Sports,Bangalore,101,3,303,2026,4,15,Wednesday,Bag
9942,2026-02-23,Groceries,Mumbai,3229,6,19374,2026,2,23,Monday,Phone
9943,2026-04-05,Clothing,Mumbai,132,3,396,2026,4,5,Sunday,Shoes
9944,2025-09-16,Groceries,Delhi,4035,2,8070,2025,9,16,Tuesday,Shoes
9945,2025-04-06,Electronics,Delhi,3923,2,7846,2025,4,6,Sunday,Shoes
9946,2025-09-01,Groceries,Bangalore,2422,4,9688,2025,9,1,Monday,Tablet
9947,2026-06-15,Furniture,Mumbai,979,6,5874,2026,6,15,Monday,Keyboard
9948,2025-03-27,Electronics,Bangalore,4944,8,39552,2025,3,27,Thursday,Camera
9949,2025-01-16,Groceries,Hyderabad,950,2,1900,2025,1,16,Thursday,Laptop
9950,2024-10-29,Sports,Bangalore,775,1,775,2024,10,29,Tuesday,Tablet
9951,2026-03-16,Clothing,Chennai,2606,4,10424,2026,3,16,Monday,Camera
9952,2025-01-30,Sports,Mumbai,4507,1,4507,2025,1,30,Thursday,Watch
9953,2025-04-14,Electronics,Hyderabad,735,7,5145,2025,4,14,Monday,Keyboard
9954,2024-09-18,Groceries,Hyderabad,3075,6,18450,2024,9,18,Wednesday,Bag
9955,2026-02-21,Furniture,Bangalore,3984,4,15936,2026,2,21,Saturday,TV
9956,2025-12-09,Electronics,Hyderabad,483,10,4830,2025,12,9,Tuesday,Phone
9957,2025-11-06,Electronics,Chennai,4977,6,29862,2025,11,6,Thursday,Phone
9958,2025-10-07,Electronics,Bangalore,3021,7,21147,2025,10,7,Tuesday,Headphones
9959,2025-09-07,Groceries,Delhi,4322,2,8644,2025,9,7,Sunday,Camera
9960,2025-10-14,Clothing,Hyderabad,1404,5,7020,2025,10,14,Tuesday,TV
9961,2025-04-28,Clothing,Mumbai,2220,8,17760,2025,4,28,Monday,Shoes
9962,2025-11-12,Clothing,Chennai,277,1,277,2025,11,12,Wednesday,TV
9963,2025-06-11,Groceries,Bangalore,1838,8,14704,2025,6,11,Wednesday,TV
9964,2025-02-28,Sports,Chennai,3149,10,31490,2025,2,28,Friday,Camera
9965,2025-11-29,Sports,Chennai,3312,7,23184,2025,11,29,Saturday,Bag
9966,2025-11-13,Furniture,Delhi,2334,6,14004,2025,11,13,Thursday,Keyboard
9967,2026-06-15,Clothing,Bangalore,2781,10,27810,2026,6,15,Monday,Watch
9968,2024-11-21,Electronics,Bangalore,4799,7,33593,2024,11,21,Thursday,Keyboard
9969,2024-10-27,Groceries,Bangalore,1033,10,10330,2024,10,27,Sunday,Shoes
9970,2026-02-28,Groceries,Bangalore,194,9,1746,2026,2,28,Saturday,Laptop
9971,2025-07-18,Clothing,Bangalore,2059,4,8236,2025,7,18,Friday,Shoes
9972,2026-01-04,Furniture,Bangalore,1839,10,18390,2026,1,4,Sunday,Laptop
9973,2025-02-23,Sports,Mumbai,2850,8,22800,2025,2,23,Sunday,Tablet
9974,2024-09-19,Electronics,Chennai,2187,1,2187,2024,9,19,Thursday,Tablet
9975,2024-12-15,Sports,Chennai,1172,4,4688,2024,12,15,Sunday,Tablet
9976,2025-04-16,Groceries,Chennai,331,2,662,2025,4,16,Wednesday,Laptop
9977,2026-01-16,Sports,Delhi,3699,3,11097,2026,1,16,Friday,Laptop
9978,2024-09-30,Furniture,Chennai,395,1,395,2024,9,30,Monday,Headphones
9979,2026-01-24,Groceries,Delhi,1756,3,5268,2026,1,24,Saturday,Tablet
9980,2026-05-02,Sports,Mumbai,229,1,229,2026,5,2,Saturday,Headphones
9981,2025-01-12,Groceries,Delhi,1378,6,8268,2025,1,12,Sunday,TV
9982,2024-11-06,Sports,Mumbai,304,7,2128,2024,11,6,Wednesday,Keyboard
9983,2025-07-18,Clothing,Delhi,4545,8,36360,2025,7,18,Friday,Bag
9984,2025-09-09,Clothing,Delhi,1183,3,3549,2025,9,9,Tuesday,Phone
9985,2024-10-27,Furniture,Bangalore,1540,1,1540,2024,10,27,Sunday,Camera
9986,2024-07-07,Sports,Bangalore,2790,3,8370,2024,7,7,Sunday,Shoes
9987,2026-06-16,Sports,Hyderabad,4127,3,12381,2026,6,16,Tuesday,TV
9988,2026-04-22,Electronics,Chennai,1843,3,5529,2026,4,22,Wednesday,Keyboard
9989,2025-12-30,Clothing,Delhi,1509,5,7545,2025,12,30,Tuesday,TV
9990,2025-11-10,Electronics,Chennai,3306,9,29754,2025,11,10,Monday,Tablet
9991,2026-06-17,Electronics,Mumbai,1639,10,16390,2026,6,17,Wednesday,Phone
9992,2025-09-06,Groceries,Chennai,3757,3,11271,2025,9,6,Saturday,Shoes
9993,2025-11-19,Clothing,Mumbai,928,7,6496,2025,11,19,Wednesday,Watch
9994,2024-07-27,Clothing,Mumbai,4943,1,4943,2024,7,27,Saturday,Tablet
9995,2024-12-07,Electronics,Hyderabad,3084,10,30840,2024,12,7,Saturday,Phone
9996,2025-04-20,Electronics,Delhi,2915,10,29150,2025,4,20,Sunday,Phone
9997,2026-02-02,Groceries,Bangalore,2203,10,22030,2026,2,2,Monday,Camera
9998,2024-10-16,Furniture,Mumbai,2043,6,12258,2024,10,16,Wednesday,TV
9999,2026-05-18,Electronics,Hyderabad,347,10,3470,2026,5,18,Monday,Tablet
10000,2024-10-25,Electronics,Delhi,604,9,5436,2024,10,25,Friday,Bag
